"date","Area_Name","Area_Type","Mortgage Affordability Index","Deposit Affordability Index","Rent Affordability Index"
2003-12-31,"Ashburton District","TA",1.0705,1.3343,1.072
2003-12-31,"Buller District","TA",1.128,1.406,1.0342
2003-12-31,"Carterton District","TA",0.9156,1.1412,0.9947
2003-12-31,"Central Hawkes Bay District","TA",0.9222,1.1494,0.944
2003-12-31,"Central Otago District","TA",0.779,0.9709,0.8494
2003-12-31,"Christchurch City","TA",0.8847,1.1027,0.9037
2003-12-31,"Clutha District","TA",1.0894,1.3579,1.0584
2003-12-31,"Dunedin City","TA",0.8725,1.0875,1.0148
2003-12-31,"Far North District","TA",0.9359,1.1665,1.0308
2003-12-31,"Gisborne District","TA",0.9897,1.2336,1.0514
2003-12-31,"Gore District","TA",1.216,1.5156,1.0917
2003-12-31,"Grey District","TA",1.0456,1.3033,0.9545
2003-12-31,"Hamilton City","TA",0.9339,1.164,0.9249
2003-12-31,"Hastings District","TA",0.8368,1.0431,0.9959
2003-12-31,"Hauraki District","TA",1.1137,1.3882,1.1371
2003-12-31,"Horowhenua District","TA",1.0434,1.3005,1.0367
2003-12-31,"Hurunui District","TA",1.0815,1.3481,1.0683
2003-12-31,"Invercargill City","TA",0.9768,1.2175,0.8576
2003-12-31,"Kaikoura District","TA",0.7359,0.9172,1.0716
2003-12-31,"Kaipara District","TA",0.9618,1.1988,1.1758
2003-12-31,"Kapiti Coast District","TA",0.907,1.1305,0.9838
2003-12-31,"Kawerau District","TA",1.2807,1.5963,1.238
2003-12-31,"Hutt City","TA",0.9341,1.1643,1.0329
2003-12-31,"MacKenzie District","TA",0.9976,1.2434,1.2511
2003-12-31,"Manawatu District","TA",1.0383,1.2942,1.0129
2003-12-31,"Marlborough District","TA",0.7603,0.9476,0.9602
2003-12-31,"Masterton District","TA",0.8954,1.116,1.0644
2003-12-31,"Matamata Piako District","TA",1.1284,1.4064,1.1745
2003-12-31,"Napier City","TA",0.7789,0.9708,0.967
2003-12-31,"Nelson City","TA",0.69,0.86,0.9275
2003-12-31,"New Plymouth District","TA",0.9423,1.1745,0.9478
2003-12-31,"New Zealand","NZ",0.8687,1.0828,0.9469
2003-12-31,"Opotiki District","TA",1.0474,1.3055,1.0783
2003-12-31,"Otorohanga District","TA",1.1269,1.4046,1.0444
2003-12-31,"Palmerston North City","TA",0.9273,1.1559,0.9587
2003-12-31,"Porirua City","TA",0.9122,1.137,1.0074
2003-12-31,"Queenstown Lakes District","TA",0.7086,0.8832,0.9274
2003-12-31,"Rangitikei District","TA",1.1603,1.4463,1.0326
2003-12-31,"Rotorua District","TA",0.9929,1.2376,1.0343
2003-12-31,"Ruapehu District","TA",1.4638,1.8245,1.1435
2003-12-31,"Selwyn District","TA",1.1911,1.4846,1.0218
2003-12-31,"South Taranaki District","TA",1.3173,1.6419,1.1757
2003-12-31,"South Waikato District","TA",1.3036,1.6248,1.054
2003-12-31,"South Wairarapa District","TA",0.9689,1.2077,1.0276
2003-12-31,"Southland District","TA",1.053,1.3124,1.0115
2003-12-31,"Stratford District","TA",1.4841,1.8498,1.2388
2003-12-31,"Tararua District","TA",1.159,1.4446,1.0776
2003-12-31,"Tasman District","TA",0.6938,0.8648,0.9287
2003-12-31,"Taupo District","TA",0.7157,0.8921,0.9959
2003-12-31,"Tauranga City","TA",0.7513,0.9364,0.9309
2003-12-31,"Thames Coromandel District","TA",0.8223,1.0249,1.0548
2003-12-31,"Timaru District","TA",1.0363,1.2916,1.0127
2003-12-31,"Upper Hutt City","TA",0.9815,1.2234,1.047
2003-12-31,"Waikato District","TA",0.958,1.1941,1.0593
2003-12-31,"Waimakariri District","TA",0.9985,1.2446,1.0016
2003-12-31,"Waimate District","TA",1.1052,1.3775,0.9414
2003-12-31,"Waipa District","TA",1.0272,1.2803,1.0555
2003-12-31,"Wairoa District","TA",1.0639,1.326,1.1159
2003-12-31,"Waitaki District","TA",0.8999,1.1216,1.0947
2003-12-31,"Waitomo District","TA",1.0286,1.2821,1.079
2003-12-31,"Wellington City","TA",0.8388,1.0455,1.0229
2003-12-31,"Western Bay of Plenty District","TA",0.8626,1.0751,1.0001
2003-12-31,"Westland District","TA",1.1431,1.4248,0.9987
2003-12-31,"Whakatane District","TA",0.9525,1.1872,1.0289
2003-12-31,"Whanganui District","TA",1.1076,1.3806,1.0202
2003-12-31,"Whangarei District","TA",0.9125,1.1374,1.022
2003-12-31,"Auckland","Reg",0.8574,1.0686,0.9214
2003-12-31,"Bay of Plenty","Reg",0.8476,1.0565,0.9759
2003-12-31,"Canterbury","Reg",0.9211,1.1481,0.914
2003-12-31,"Gisborne","Reg",0.9897,1.2336,1.0514
2003-12-31,"Hawke's Bay","Reg",0.823,1.0259,0.9863
2003-12-31,"Manawatu-Wanganui","Reg",1.0091,1.2578,0.9769
2003-12-31,"Marlborough","Reg",0.7603,0.9476,0.9602
2003-12-31,"Nelson","Reg",0.69,0.86,0.9275
2003-12-31,"Northland","Reg",0.9168,1.1427,1.0315
2003-12-31,"Otago","Reg",0.8319,1.037,0.9843
2003-12-31,"Southland","Reg",1.0253,1.278,0.9031
2003-12-31,"Taranaki","Reg",1.0333,1.2879,1.0108
2003-12-31,"Tasman","Reg",0.6938,0.8648,0.9288
2003-12-31,"Waikato","Reg",0.8906,1.11,0.9785
2003-12-31,"Wellington","Reg",0.8788,1.0954,1.0161
2003-12-31,"West Coast","Reg",1.1093,1.3827,0.9932
2004-03-31,"Ashburton District","TA",1.0371,1.2571,1.0858
2004-03-31,"Buller District","TA",1.0358,1.2555,1.0523
2004-03-31,"Carterton District","TA",0.9089,1.1017,1.0382
2004-03-31,"Central Hawkes Bay District","TA",0.9213,1.1167,0.93
2004-03-31,"Central Otago District","TA",0.7558,0.9161,0.8432
2004-03-31,"Christchurch City","TA",0.8732,1.0584,0.8936
2004-03-31,"Clutha District","TA",1.0329,1.2519,1.0366
2004-03-31,"Dunedin City","TA",0.847,1.0267,1.019
2004-03-31,"Far North District","TA",0.9065,1.0987,1.0356
2004-03-31,"Gisborne District","TA",0.963,1.1672,1.0491
2004-03-31,"Gore District","TA",1.1571,1.4025,1.0522
2004-03-31,"Grey District","TA",0.9547,1.1573,0.9629
2004-03-31,"Hamilton City","TA",0.9474,1.1484,0.918
2004-03-31,"Hastings District","TA",0.8223,0.9967,0.9993
2004-03-31,"Hauraki District","TA",1.117,1.3539,1.1179
2004-03-31,"Horowhenua District","TA",1.0246,1.242,1.0612
2004-03-31,"Hurunui District","TA",1.0472,1.2693,1.0886
2004-03-31,"Invercargill City","TA",0.9621,1.1662,0.8541
2004-03-31,"Kaikoura District","TA",0.7215,0.8745,0.9125
2004-03-31,"Kaipara District","TA",0.9249,1.1211,1.1332
2004-03-31,"Kapiti Coast District","TA",0.9073,1.0998,0.9968
2004-03-31,"Kawerau District","TA",1.2167,1.4748,1.2104
2004-03-31,"Hutt City","TA",0.9425,1.1424,1.0311
2004-03-31,"MacKenzie District","TA",0.9287,1.1257,0.9901
2004-03-31,"Manawatu District","TA",1.0217,1.2384,1.0172
2004-03-31,"Marlborough District","TA",0.7351,0.8911,0.9455
2004-03-31,"Masterton District","TA",0.9141,1.1079,1.0657
2004-03-31,"Matamata Piako District","TA",1.1241,1.3625,1.1694
2004-03-31,"Napier City","TA",0.7725,0.9364,0.9877
2004-03-31,"Nelson City","TA",0.7255,0.8794,0.9475
2004-03-31,"New Plymouth District","TA",0.901,1.0921,0.9511
2004-03-31,"New Zealand","NZ",0.8713,1.0561,0.9486
2004-03-31,"Opotiki District","TA",0.9869,1.1962,1.0458
2004-03-31,"Otorohanga District","TA",1.077,1.3055,1.013
2004-03-31,"Palmerston North City","TA",0.9367,1.1354,0.9665
2004-03-31,"Porirua City","TA",0.9295,1.1267,1.0287
2004-03-31,"Queenstown Lakes District","TA",0.7035,0.8527,0.8996
2004-03-31,"Rangitikei District","TA",1.2211,1.4801,0.9974
2004-03-31,"Rotorua District","TA",0.9976,1.2092,1.0307
2004-03-31,"Ruapehu District","TA",1.429,1.7322,1.1005
2004-03-31,"Selwyn District","TA",1.1612,1.4076,0.9445
2004-03-31,"South Taranaki District","TA",1.3033,1.5798,1.196
2004-03-31,"South Waikato District","TA",1.3085,1.5861,1.0444
2004-03-31,"South Wairarapa District","TA",0.9564,1.1593,0.9655
2004-03-31,"Southland District","TA",0.9645,1.1691,0.9547
2004-03-31,"Stratford District","TA",1.4609,1.7708,1.1905
2004-03-31,"Tararua District","TA",1.1111,1.3468,1.0654
2004-03-31,"Tasman District","TA",0.6773,0.821,0.9411
2004-03-31,"Taupo District","TA",0.7088,0.8592,0.9885
2004-03-31,"Tauranga City","TA",0.7303,0.8852,0.9459
2004-03-31,"Thames Coromandel District","TA",0.8077,0.979,1.0553
2004-03-31,"Timaru District","TA",0.9888,1.1986,0.9831
2004-03-31,"Upper Hutt City","TA",0.9656,1.1705,1.0646
2004-03-31,"Waikato District","TA",0.9708,1.1767,1.0327
2004-03-31,"Waimakariri District","TA",0.9817,1.19,0.9837
2004-03-31,"Waimate District","TA",0.9853,1.1943,0.9587
2004-03-31,"Waipa District","TA",1.0006,1.2128,1.0391
2004-03-31,"Wairoa District","TA",0.9195,1.1145,0.9411
2004-03-31,"Waitaki District","TA",0.8735,1.0587,1.088
2004-03-31,"Waitomo District","TA",1.1075,1.3425,1.0791
2004-03-31,"Wellington City","TA",0.8503,1.0307,0.9961
2004-03-31,"Western Bay of Plenty District","TA",0.7936,0.9619,0.9892
2004-03-31,"Westland District","TA",1.0849,1.315,1.0651
2004-03-31,"Whakatane District","TA",0.9218,1.1173,1.0282
2004-03-31,"Whanganui District","TA",1.0581,1.2826,1.0202
2004-03-31,"Whangarei District","TA",0.9173,1.1119,1.0332
2004-03-31,"Auckland","Reg",0.8866,1.0747,0.9329
2004-03-31,"Bay of Plenty","Reg",0.8286,1.0044,0.9826
2004-03-31,"Canterbury","Reg",0.9075,1.1,0.9021
2004-03-31,"Gisborne","Reg",0.9607,1.1644,1.0491
2004-03-31,"Hawke's Bay","Reg",0.8165,0.9897,0.9937
2004-03-31,"Manawatu-Wanganui","Reg",1.0048,1.2179,0.9837
2004-03-31,"Marlborough","Reg",0.7351,0.8911,0.9454
2004-03-31,"Nelson","Reg",0.7255,0.8794,0.9474
2004-03-31,"Northland","Reg",0.9043,1.0961,1.0382
2004-03-31,"Otago","Reg",0.8308,1.007,0.9836
2004-03-31,"Southland","Reg",0.998,1.2097,0.8945
2004-03-31,"Taranaki","Reg",1.0038,1.2167,1.0136
2004-03-31,"Tasman","Reg",0.6773,0.821,0.9412
2004-03-31,"Waikato","Reg",0.8903,1.0792,0.9694
2004-03-31,"Wellington","Reg",0.8878,1.0762,1.0007
2004-03-31,"West Coast","Reg",1.0306,1.2492,1.0141
2004-06-30,"Ashburton District","TA",1.0022,1.2377,1.0191
2004-06-30,"Buller District","TA",0.9993,1.2341,1.0137
2004-06-30,"Carterton District","TA",0.9011,1.1128,1.0093
2004-06-30,"Central Hawkes Bay District","TA",0.8823,1.0896,0.9246
2004-06-30,"Central Otago District","TA",0.7699,0.9508,0.8724
2004-06-30,"Christchurch City","TA",0.8411,1.0387,0.8985
2004-06-30,"Clutha District","TA",0.9522,1.176,1.0355
2004-06-30,"Dunedin City","TA",0.8088,0.9988,1.0475
2004-06-30,"Far North District","TA",0.8861,1.0944,1.0079
2004-06-30,"Gisborne District","TA",0.9011,1.1128,1.0461
2004-06-30,"Gore District","TA",1.0847,1.3396,1.0694
2004-06-30,"Grey District","TA",0.9009,1.1126,0.9456
2004-06-30,"Hamilton City","TA",0.9181,1.1339,0.9192
2004-06-30,"Hastings District","TA",0.7914,0.9774,0.9973
2004-06-30,"Hauraki District","TA",1.0216,1.2617,1.1273
2004-06-30,"Horowhenua District","TA",0.9418,1.1631,1.0484
2004-06-30,"Hurunui District","TA",0.9649,1.1916,1.058
2004-06-30,"Invercargill City","TA",0.9218,1.1384,0.8646
2004-06-30,"Kaikoura District","TA",0.6652,0.8215,0.9896
2004-06-30,"Kaipara District","TA",0.9208,1.1372,1.1224
2004-06-30,"Kapiti Coast District","TA",0.8768,1.0828,1.0023
2004-06-30,"Kawerau District","TA",1.1579,1.4299,1.157
2004-06-30,"Hutt City","TA",0.9146,1.1295,1.0489
2004-06-30,"MacKenzie District","TA",0.8239,1.0176,0.7399
2004-06-30,"Manawatu District","TA",0.987,1.219,1.0185
2004-06-30,"Marlborough District","TA",0.7211,0.8905,0.9257
2004-06-30,"Masterton District","TA",0.8737,1.079,1.0582
2004-06-30,"Matamata Piako District","TA",1.0685,1.3195,1.1618
2004-06-30,"Napier City","TA",0.7218,0.8914,0.977
2004-06-30,"Nelson City","TA",0.7452,0.9203,0.9842
2004-06-30,"New Plymouth District","TA",0.8505,1.0503,0.9524
2004-06-30,"New Zealand","NZ",0.8516,1.0517,0.961
2004-06-30,"Opotiki District","TA",0.9363,1.1563,0.9991
2004-06-30,"Otorohanga District","TA",1.0609,1.3102,1.0798
2004-06-30,"Palmerston North City","TA",0.8945,1.1047,0.9597
2004-06-30,"Porirua City","TA",0.9117,1.1259,1.0317
2004-06-30,"Queenstown Lakes District","TA",0.7408,0.9149,0.8441
2004-06-30,"Rangitikei District","TA",1.1148,1.3768,0.9905
2004-06-30,"Rotorua District","TA",0.9626,1.1888,1.0373
2004-06-30,"Ruapehu District","TA",1.2987,1.6039,1.0298
2004-06-30,"Selwyn District","TA",1.1201,1.3833,1.0217
2004-06-30,"South Taranaki District","TA",1.2872,1.5897,1.1579
2004-06-30,"South Waikato District","TA",1.2301,1.5191,1.0577
2004-06-30,"South Wairarapa District","TA",0.9231,1.14,0.9967
2004-06-30,"Southland District","TA",0.9557,1.1803,1.0001
2004-06-30,"Stratford District","TA",1.3599,1.6794,1.2048
2004-06-30,"Tararua District","TA",1.0361,1.2796,1.0944
2004-06-30,"Tasman District","TA",0.7297,0.9011,0.9558
2004-06-30,"Taupo District","TA",0.6839,0.8447,0.9742
2004-06-30,"Tauranga City","TA",0.7032,0.8685,0.9404
2004-06-30,"Thames Coromandel District","TA",0.7692,0.95,1.061
2004-06-30,"Timaru District","TA",0.9342,1.1538,0.9454
2004-06-30,"Upper Hutt City","TA",0.9287,1.1469,1.0614
2004-06-30,"Waikato District","TA",0.9124,1.1267,1.0554
2004-06-30,"Waimakariri District","TA",0.9296,1.1481,0.9836
2004-06-30,"Waimate District","TA",0.9149,1.1299,1.0322
2004-06-30,"Waipa District","TA",0.9603,1.1859,1.0243
2004-06-30,"Wairoa District","TA",0.9785,1.2084,1.0773
2004-06-30,"Waitaki District","TA",0.824,1.0176,1.0796
2004-06-30,"Waitomo District","TA",1.0288,1.2706,1.0696
2004-06-30,"Wellington City","TA",0.8341,1.0301,1.0268
2004-06-30,"Western Bay of Plenty District","TA",0.7357,0.9086,0.9636
2004-06-30,"Westland District","TA",0.9793,1.2094,1.0348
2004-06-30,"Whakatane District","TA",0.8906,1.0999,1.0005
2004-06-30,"Whanganui District","TA",1.0076,1.2443,1.0012
2004-06-30,"Whangarei District","TA",0.8782,1.0845,1.0299
2004-06-30,"Auckland","Reg",0.8683,1.0723,0.9522
2004-06-30,"Bay of Plenty","Reg",0.8002,0.9882,0.9728
2004-06-30,"Canterbury","Reg",0.8945,1.1047,0.9053
2004-06-30,"Gisborne","Reg",0.9124,1.1268,1.0461
2004-06-30,"Hawke's Bay","Reg",0.7758,0.9582,0.9895
2004-06-30,"Manawatu-Wanganui","Reg",0.9598,1.1854,0.9751
2004-06-30,"Marlborough","Reg",0.7211,0.8905,0.9257
2004-06-30,"Nelson","Reg",0.7452,0.9203,0.9841
2004-06-30,"Northland","Reg",0.8918,1.1014,1.0297
2004-06-30,"Otago","Reg",0.8169,1.0089,0.9544
2004-06-30,"Southland","Reg",0.9663,1.1934,0.9064
2004-06-30,"Taranaki","Reg",0.9619,1.188,1.0097
2004-06-30,"Tasman","Reg",0.7297,0.9011,0.9559
2004-06-30,"Waikato","Reg",0.8629,1.0657,0.9705
2004-06-30,"Wellington","Reg",0.8691,1.0734,1.0231
2004-06-30,"West Coast","Reg",1.0042,1.2402,0.9894
2004-09-30,"Ashburton District","TA",0.9465,1.223,1.0626
2004-09-30,"Buller District","TA",0.8945,1.1558,1.052
2004-09-30,"Carterton District","TA",0.8708,1.1252,1.0377
2004-09-30,"Central Hawkes Bay District","TA",0.8315,1.0744,0.948
2004-09-30,"Central Otago District","TA",0.7365,0.9517,0.8813
2004-09-30,"Christchurch City","TA",0.7936,1.0255,0.918
2004-09-30,"Clutha District","TA",0.8938,1.155,1.0687
2004-09-30,"Dunedin City","TA",0.7394,0.9554,1.0258
2004-09-30,"Far North District","TA",0.8106,1.0475,1.0292
2004-09-30,"Gisborne District","TA",0.8473,1.0949,1.0227
2004-09-30,"Gore District","TA",1.0681,1.3802,1.0294
2004-09-30,"Grey District","TA",0.8251,1.0662,0.9442
2004-09-30,"Hamilton City","TA",0.8539,1.1033,0.9311
2004-09-30,"Hastings District","TA",0.7358,0.9508,0.9815
2004-09-30,"Hauraki District","TA",0.9102,1.1762,1.1193
2004-09-30,"Horowhenua District","TA",0.9145,1.1817,1.0597
2004-09-30,"Hurunui District","TA",0.8729,1.1279,1.0286
2004-09-30,"Invercargill City","TA",0.9134,1.1802,0.8973
2004-09-30,"Kaikoura District","TA",0.6424,0.8301,0.9466
2004-09-30,"Kaipara District","TA",0.8672,1.1206,1.2033
2004-09-30,"Kapiti Coast District","TA",0.8392,1.0844,1.0198
2004-09-30,"Kawerau District","TA",0.9965,1.2877,1.1828
2004-09-30,"Hutt City","TA",0.8568,1.1071,1.0511
2004-09-30,"MacKenzie District","TA",0.7768,1.0037,0.9296
2004-09-30,"Manawatu District","TA",0.9296,1.2012,1.0161
2004-09-30,"Marlborough District","TA",0.7082,0.9151,0.9248
2004-09-30,"Masterton District","TA",0.8302,1.0728,1.0698
2004-09-30,"Matamata Piako District","TA",1.011,1.3063,1.1236
2004-09-30,"Napier City","TA",0.6804,0.8791,0.9666
2004-09-30,"Nelson City","TA",0.7284,0.9413,1.0052
2004-09-30,"New Plymouth District","TA",0.7964,1.029,0.9673
2004-09-30,"New Zealand","NZ",0.8082,1.0444,0.9759
2004-09-30,"Opotiki District","TA",0.8683,1.122,1.0512
2004-09-30,"Otorohanga District","TA",1.0152,1.3118,1.0315
2004-09-30,"Palmerston North City","TA",0.8382,1.083,0.9693
2004-09-30,"Porirua City","TA",0.8721,1.1269,1.0443
2004-09-30,"Queenstown Lakes District","TA",0.7008,0.9056,0.8613
2004-09-30,"Rangitikei District","TA",0.9886,1.2774,1.0152
2004-09-30,"Rotorua District","TA",0.907,1.172,1.0333
2004-09-30,"Ruapehu District","TA",1.1804,1.5252,1.0241
2004-09-30,"Selwyn District","TA",1.0208,1.3191,1.0168
2004-09-30,"South Taranaki District","TA",1.163,1.5028,1.1652
2004-09-30,"South Waikato District","TA",1.1238,1.4521,1.0025
2004-09-30,"South Wairarapa District","TA",0.8988,1.1614,1.0132
2004-09-30,"Southland District","TA",0.9262,1.1968,1.0148
2004-09-30,"Stratford District","TA",1.186,1.5325,1.1313
2004-09-30,"Tararua District","TA",1.0324,1.334,1.0922
2004-09-30,"Tasman District","TA",0.6924,0.8947,0.9864
2004-09-30,"Taupo District","TA",0.645,0.8335,0.9763
2004-09-30,"Tauranga City","TA",0.6536,0.8446,0.9596
2004-09-30,"Thames Coromandel District","TA",0.705,0.911,1.0542
2004-09-30,"Timaru District","TA",0.8595,1.1107,0.9959
2004-09-30,"Upper Hutt City","TA",0.865,1.1177,1.0578
2004-09-30,"Waikato District","TA",0.8687,1.1225,1.0204
2004-09-30,"Waimakariri District","TA",0.8798,1.1368,0.9882
2004-09-30,"Waimate District","TA",0.8428,1.0891,0.9708
2004-09-30,"Waipa District","TA",0.8972,1.1593,1.0259
2004-09-30,"Wairoa District","TA",0.9327,1.2053,1.1085
2004-09-30,"Waitaki District","TA",0.7912,1.0224,1.1134
2004-09-30,"Waitomo District","TA",0.9079,1.1732,1.0506
2004-09-30,"Wellington City","TA",0.7933,1.0251,1.0383
2004-09-30,"Western Bay of Plenty District","TA",0.7295,0.9426,1.008
2004-09-30,"Westland District","TA",0.9482,1.2253,1.0157
2004-09-30,"Whakatane District","TA",0.8214,1.0613,0.9471
2004-09-30,"Whanganui District","TA",0.9295,1.2011,1.0054
2004-09-30,"Whangarei District","TA",0.8264,1.0679,1.0317
2004-09-30,"Auckland","Reg",0.8231,1.0635,0.971
2004-09-30,"Bay of Plenty","Reg",0.7346,0.9492,0.9832
2004-09-30,"Canterbury","Reg",0.8375,1.0822,0.9257
2004-09-30,"Gisborne","Reg",0.8542,1.1038,1.0227
2004-09-30,"Hawke's Bay","Reg",0.7137,0.9223,0.9787
2004-09-30,"Manawatu-Wanganui","Reg",0.8893,1.1491,0.9825
2004-09-30,"Marlborough","Reg",0.7082,0.9151,0.9248
2004-09-30,"Nelson","Reg",0.7284,0.9413,1.0052
2004-09-30,"Northland","Reg",0.8029,1.0375,1.0405
2004-09-30,"Otago","Reg",0.7454,0.9632,0.9638
2004-09-30,"Southland","Reg",0.9501,1.2277,0.9309
2004-09-30,"Taranaki","Reg",0.8596,1.1108,1.0194
2004-09-30,"Tasman","Reg",0.6924,0.8947,0.9867
2004-09-30,"Waikato","Reg",0.7962,1.0288,0.9735
2004-09-30,"Wellington","Reg",0.8208,1.0606,1.0346
2004-09-30,"West Coast","Reg",0.8725,1.1274,0.9947
2004-12-31,"Ashburton District","TA",0.9351,1.1821,1.0865
2004-12-31,"Buller District","TA",0.8901,1.1252,1.0951
2004-12-31,"Carterton District","TA",0.8651,1.0937,1.0597
2004-12-31,"Central Hawkes Bay District","TA",0.7883,0.9965,0.8489
2004-12-31,"Central Otago District","TA",0.7506,0.9489,0.9058
2004-12-31,"Christchurch City","TA",0.7876,0.9957,0.915
2004-12-31,"Clutha District","TA",0.819,1.0353,1.0191
2004-12-31,"Dunedin City","TA",0.7237,0.9148,1.0073
2004-12-31,"Far North District","TA",0.7949,1.0048,1.0166
2004-12-31,"Gisborne District","TA",0.8115,1.0258,1.0483
2004-12-31,"Gore District","TA",1.0455,1.3217,1.0456
2004-12-31,"Grey District","TA",0.8411,1.0632,0.9288
2004-12-31,"Hamilton City","TA",0.8447,1.0678,0.9271
2004-12-31,"Hastings District","TA",0.7323,0.9258,0.9801
2004-12-31,"Hauraki District","TA",0.8768,1.1084,1.1182
2004-12-31,"Horowhenua District","TA",0.8948,1.1312,1.0612
2004-12-31,"Hurunui District","TA",0.8822,1.1152,1.0247
2004-12-31,"Invercargill City","TA",0.93,1.1757,0.9136
2004-12-31,"Kaikoura District","TA",0.5805,0.7338,1.044
2004-12-31,"Kaipara District","TA",0.8016,1.0133,1.1241
2004-12-31,"Kapiti Coast District","TA",0.8402,1.0622,1.0267
2004-12-31,"Kawerau District","TA",0.9712,1.2278,1.1706
2004-12-31,"Hutt City","TA",0.8464,1.07,1.0612
2004-12-31,"MacKenzie District","TA",0.7952,1.0053,0.9026
2004-12-31,"Manawatu District","TA",0.9164,1.1584,1.0021
2004-12-31,"Marlborough District","TA",0.7178,0.9074,0.9045
2004-12-31,"Masterton District","TA",0.8292,1.0483,1.0719
2004-12-31,"Matamata Piako District","TA",0.9574,1.2103,1.1105
2004-12-31,"Napier City","TA",0.6936,0.8768,0.9614
2004-12-31,"Nelson City","TA",0.7644,0.9664,1.0021
2004-12-31,"New Plymouth District","TA",0.7612,0.9623,0.9736
2004-12-31,"New Zealand","NZ",0.8058,1.0186,0.9781
2004-12-31,"Opotiki District","TA",0.8502,1.0748,0.999
2004-12-31,"Otorohanga District","TA",0.967,1.2224,1.0917
2004-12-31,"Palmerston North City","TA",0.8303,1.0496,0.9693
2004-12-31,"Porirua City","TA",0.8533,1.0787,1.0267
2004-12-31,"Queenstown Lakes District","TA",0.7079,0.8949,0.9199
2004-12-31,"Rangitikei District","TA",0.9388,1.1868,1.0047
2004-12-31,"Rotorua District","TA",0.9074,1.1471,1.0343
2004-12-31,"Ruapehu District","TA",1.1382,1.4388,1.0783
2004-12-31,"Selwyn District","TA",1.0505,1.328,0.997
2004-12-31,"South Taranaki District","TA",1.0919,1.3804,1.0647
2004-12-31,"South Waikato District","TA",1.0999,1.3905,1.017
2004-12-31,"South Wairarapa District","TA",0.8415,1.0638,1.0301
2004-12-31,"Southland District","TA",0.9133,1.1545,0.9167
2004-12-31,"Stratford District","TA",1.0802,1.3655,1.1422
2004-12-31,"Tararua District","TA",0.9895,1.2509,1.0828
2004-12-31,"Tasman District","TA",0.6993,0.884,0.9946
2004-12-31,"Taupo District","TA",0.6326,0.7997,0.9851
2004-12-31,"Tauranga City","TA",0.652,0.8242,0.9505
2004-12-31,"Thames Coromandel District","TA",0.7007,0.8858,1.0085
2004-12-31,"Timaru District","TA",0.86,1.0872,0.9977
2004-12-31,"Upper Hutt City","TA",0.8474,1.0712,1.0511
2004-12-31,"Waikato District","TA",0.8524,1.0776,1.0288
2004-12-31,"Waimakariri District","TA",0.8696,1.0993,0.9786
2004-12-31,"Waimate District","TA",0.835,1.0556,0.9204
2004-12-31,"Waipa District","TA",0.8706,1.1005,1.0263
2004-12-31,"Wairoa District","TA",0.9261,1.1707,1.1152
2004-12-31,"Waitaki District","TA",0.7877,0.9958,1.0812
2004-12-31,"Waitomo District","TA",0.8995,1.1371,1.0643
2004-12-31,"Wellington City","TA",0.7957,1.0059,1.047
2004-12-31,"Western Bay of Plenty District","TA",0.6953,0.879,1.0323
2004-12-31,"Westland District","TA",0.9095,1.1497,0.9929
2004-12-31,"Whakatane District","TA",0.787,0.9949,0.9981
2004-12-31,"Whanganui District","TA",0.8922,1.1279,0.9952
2004-12-31,"Whangarei District","TA",0.8095,1.0233,1.013
2004-12-31,"Auckland","Reg",0.8439,1.0669,0.9782
2004-12-31,"Bay of Plenty","Reg",0.7262,0.9181,0.9847
2004-12-31,"Canterbury","Reg",0.8121,1.0266,0.9234
2004-12-31,"Gisborne","Reg",0.8204,1.0371,1.0483
2004-12-31,"Hawke's Bay","Reg",0.7182,0.9079,0.9693
2004-12-31,"Manawatu-Wanganui","Reg",0.8707,1.1007,0.9834
2004-12-31,"Marlborough","Reg",0.7178,0.9074,0.9045
2004-12-31,"Nelson","Reg",0.7644,0.9664,1.0021
2004-12-31,"Northland","Reg",0.7841,0.9912,1.0213
2004-12-31,"Otago","Reg",0.7304,0.9234,0.97
2004-12-31,"Southland","Reg",0.9481,1.1985,0.9381
2004-12-31,"Taranaki","Reg",0.8145,1.0297,1.0144
2004-12-31,"Tasman","Reg",0.6993,0.884,0.9947
2004-12-31,"Waikato","Reg",0.7821,0.9887,0.9692
2004-12-31,"Wellington","Reg",0.8185,1.0347,1.042
2004-12-31,"West Coast","Reg",0.8685,1.098,0.9915
2005-03-31,"Ashburton District","TA",0.8693,1.1436,1.0242
2005-03-31,"Buller District","TA",0.7297,0.96,1.0699
2005-03-31,"Carterton District","TA",0.8062,1.0606,1.0101
2005-03-31,"Central Hawkes Bay District","TA",0.7038,0.9259,0.9166
2005-03-31,"Central Otago District","TA",0.6569,0.8643,0.8454
2005-03-31,"Christchurch City","TA",0.7215,0.9492,0.9036
2005-03-31,"Clutha District","TA",0.7707,1.0139,0.9532
2005-03-31,"Dunedin City","TA",0.6694,0.8807,0.9706
2005-03-31,"Far North District","TA",0.6461,0.85,1.0264
2005-03-31,"Gisborne District","TA",0.7309,0.9616,1.0287
2005-03-31,"Gore District","TA",0.9314,1.2253,1.0287
2005-03-31,"Grey District","TA",0.7578,0.9969,0.9402
2005-03-31,"Hamilton City","TA",0.7637,1.0047,0.9149
2005-03-31,"Hastings District","TA",0.661,0.8696,0.9734
2005-03-31,"Hauraki District","TA",0.7482,0.9844,1.0851
2005-03-31,"Horowhenua District","TA",0.7993,1.0516,1.0441
2005-03-31,"Hurunui District","TA",0.7225,0.9506,1.0148
2005-03-31,"Invercargill City","TA",0.8755,1.1518,0.9213
2005-03-31,"Kaikoura District","TA",0.5801,0.7632,0.8689
2005-03-31,"Kaipara District","TA",0.7574,0.9965,1.1161
2005-03-31,"Kapiti Coast District","TA",0.7804,1.0267,1.0105
2005-03-31,"Kawerau District","TA",0.8443,1.1108,1.1876
2005-03-31,"Hutt City","TA",0.8042,1.058,1.0459
2005-03-31,"MacKenzie District","TA",0.734,0.9656,1.0056
2005-03-31,"Manawatu District","TA",0.8275,1.0887,1.0202
2005-03-31,"Marlborough District","TA",0.691,0.9091,0.8949
2005-03-31,"Masterton District","TA",0.7795,1.0255,1.0884
2005-03-31,"Matamata Piako District","TA",0.8331,1.096,1.112
2005-03-31,"Napier City","TA",0.6539,0.8603,0.9686
2005-03-31,"Nelson City","TA",0.7222,0.9502,1.0066
2005-03-31,"New Plymouth District","TA",0.6708,0.8824,0.9576
2005-03-31,"New Zealand","NZ",0.7506,0.9875,0.9702
2005-03-31,"Opotiki District","TA",0.5937,0.7811,0.9896
2005-03-31,"Otorohanga District","TA",0.7364,0.9688,1.046
2005-03-31,"Palmerston North City","TA",0.7677,1.01,0.9623
2005-03-31,"Porirua City","TA",0.7761,1.0211,1.0375
2005-03-31,"Queenstown Lakes District","TA",0.6754,0.8886,0.9181
2005-03-31,"Rangitikei District","TA",0.85,1.1183,1.0265
2005-03-31,"Rotorua District","TA",0.8301,1.0921,1.0376
2005-03-31,"Ruapehu District","TA",0.9922,1.3054,1.0911
2005-03-31,"Selwyn District","TA",0.9238,1.2154,0.9488
2005-03-31,"South Taranaki District","TA",0.9175,1.207,1.1033
2005-03-31,"South Waikato District","TA",0.9671,1.2723,1.0133
2005-03-31,"South Wairarapa District","TA",0.8054,1.0596,1.0589
2005-03-31,"Southland District","TA",0.8064,1.061,0.9254
2005-03-31,"Stratford District","TA",0.9117,1.1995,1.0991
2005-03-31,"Tararua District","TA",0.8992,1.183,1.0877
2005-03-31,"Tasman District","TA",0.7064,0.9293,0.9858
2005-03-31,"Taupo District","TA",0.6038,0.7943,0.9799
2005-03-31,"Tauranga City","TA",0.6147,0.8088,0.9433
2005-03-31,"Thames Coromandel District","TA",0.6458,0.8496,1.0337
2005-03-31,"Timaru District","TA",0.7633,1.0042,0.9913
2005-03-31,"Upper Hutt City","TA",0.8065,1.061,1.0576
2005-03-31,"Waikato District","TA",0.762,1.0025,1.0088
2005-03-31,"Waimakariri District","TA",0.7866,1.0348,0.9724
2005-03-31,"Waimate District","TA",0.7787,1.0244,1.0162
2005-03-31,"Waipa District","TA",0.784,1.0315,1.0183
2005-03-31,"Wairoa District","TA",0.8416,1.1073,1.0343
2005-03-31,"Waitaki District","TA",0.7267,0.956,1.0701
2005-03-31,"Waitomo District","TA",0.8277,1.0889,1.0559
2005-03-31,"Wellington City","TA",0.7521,0.9895,1.0072
2005-03-31,"Western Bay of Plenty District","TA",0.6802,0.8949,1.0107
2005-03-31,"Westland District","TA",0.8215,1.0808,1.0388
2005-03-31,"Whakatane District","TA",0.6505,0.8558,1.0075
2005-03-31,"Whanganui District","TA",0.7637,1.0047,0.9795
2005-03-31,"Whangarei District","TA",0.7237,0.9521,1.0208
2005-03-31,"Auckland","Reg",0.7917,1.0416,0.9865
2005-03-31,"Bay of Plenty","Reg",0.6716,0.8836,0.9822
2005-03-31,"Canterbury","Reg",0.7417,0.9758,0.9109
2005-03-31,"Gisborne","Reg",0.7309,0.9616,1.0287
2005-03-31,"Hawke's Bay","Reg",0.6671,0.8776,0.9736
2005-03-31,"Manawatu-Wanganui","Reg",0.7874,1.0359,0.9762
2005-03-31,"Marlborough","Reg",0.691,0.9091,0.8949
2005-03-31,"Nelson","Reg",0.7222,0.9502,1.0066
2005-03-31,"Northland","Reg",0.6935,0.9123,1.0307
2005-03-31,"Otago","Reg",0.6785,0.8926,0.9446
2005-03-31,"Southland","Reg",0.8656,1.1388,0.9411
2005-03-31,"Taranaki","Reg",0.7254,0.9544,1.0021
2005-03-31,"Tasman","Reg",0.7064,0.9293,0.986
2005-03-31,"Waikato","Reg",0.7072,0.9304,0.9578
2005-03-31,"Wellington","Reg",0.7689,1.0115,1.0121
2005-03-31,"West Coast","Reg",0.7779,1.0234,0.9974
2005-06-30,"Ashburton District","TA",0.8061,1.0656,0.9723
2005-06-30,"Buller District","TA",0.7158,0.9462,1.0246
2005-06-30,"Carterton District","TA",0.7924,1.0474,1.0116
2005-06-30,"Central Hawkes Bay District","TA",0.6945,0.918,0.912
2005-06-30,"Central Otago District","TA",0.6583,0.8701,0.896
2005-06-30,"Christchurch City","TA",0.7018,0.9277,0.924
2005-06-30,"Clutha District","TA",0.7198,0.9515,1.005
2005-06-30,"Dunedin City","TA",0.664,0.8777,1.0339
2005-06-30,"Far North District","TA",0.6713,0.8874,1.0024
2005-06-30,"Gisborne District","TA",0.6956,0.9195,1.0354
2005-06-30,"Gore District","TA",0.9105,1.2037,1.0252
2005-06-30,"Grey District","TA",0.7515,0.9934,0.9576
2005-06-30,"Hamilton City","TA",0.7272,0.9612,0.9336
2005-06-30,"Hastings District","TA",0.6488,0.8577,0.9616
2005-06-30,"Hauraki District","TA",0.6924,0.9153,1.1024
2005-06-30,"Horowhenua District","TA",0.813,1.0747,1.0483
2005-06-30,"Hurunui District","TA",0.781,1.0324,1.0089
2005-06-30,"Invercargill City","TA",0.8638,1.1418,0.9331
2005-06-30,"Kaikoura District","TA",0.5559,0.7348,0.9792
2005-06-30,"Kaipara District","TA",0.7288,0.9634,1.1927
2005-06-30,"Kapiti Coast District","TA",0.7666,1.0134,1.0248
2005-06-30,"Kawerau District","TA",0.7691,1.0167,1.1156
2005-06-30,"Hutt City","TA",0.7786,1.0292,1.0451
2005-06-30,"MacKenzie District","TA",0.681,0.9002,0.8308
2005-06-30,"Manawatu District","TA",0.8302,1.0974,0.9951
2005-06-30,"Marlborough District","TA",0.6674,0.8822,0.8644
2005-06-30,"Masterton District","TA",0.7728,1.0215,1.0476
2005-06-30,"Matamata Piako District","TA",0.7399,0.9781,1.0419
2005-06-30,"Napier City","TA",0.6355,0.8401,0.9608
2005-06-30,"Nelson City","TA",0.7224,0.955,1.018
2005-06-30,"New Plymouth District","TA",0.64,0.846,0.9674
2005-06-30,"New Zealand","NZ",0.7375,0.9749,0.9864
2005-06-30,"Opotiki District","TA",0.5988,0.7916,1.002
2005-06-30,"Otorohanga District","TA",0.7292,0.964,1.0567
2005-06-30,"Palmerston North City","TA",0.7517,0.9937,0.9872
2005-06-30,"Porirua City","TA",0.7676,1.0147,1.0402
2005-06-30,"Queenstown Lakes District","TA",0.6438,0.8511,0.9035
2005-06-30,"Rangitikei District","TA",0.8586,1.135,1.0139
2005-06-30,"Rotorua District","TA",0.7863,1.0395,1.043
2005-06-30,"Ruapehu District","TA",0.8254,1.0911,0.9427
2005-06-30,"Selwyn District","TA",0.8713,1.1517,1.0203
2005-06-30,"South Taranaki District","TA",0.8901,1.1766,1.0718
2005-06-30,"South Waikato District","TA",0.8856,1.1707,1.028
2005-06-30,"South Wairarapa District","TA",0.8009,1.0587,1.0197
2005-06-30,"Southland District","TA",0.8261,1.092,0.9646
2005-06-30,"Stratford District","TA",0.8314,1.0991,1.0955
2005-06-30,"Tararua District","TA",0.8817,1.1655,1.0676
2005-06-30,"Tasman District","TA",0.7238,0.9568,1.0134
2005-06-30,"Taupo District","TA",0.6031,0.7973,0.9708
2005-06-30,"Tauranga City","TA",0.5904,0.7805,0.9648
2005-06-30,"Thames Coromandel District","TA",0.6525,0.8625,1.0117
2005-06-30,"Timaru District","TA",0.7609,1.0059,0.9962
2005-06-30,"Upper Hutt City","TA",0.7753,1.0248,1.0654
2005-06-30,"Waikato District","TA",0.7502,0.9917,1.0069
2005-06-30,"Waimakariri District","TA",0.7723,1.0209,0.9682
2005-06-30,"Waimate District","TA",0.7281,0.9625,0.9459
2005-06-30,"Waipa District","TA",0.7511,0.9928,1.0057
2005-06-30,"Wairoa District","TA",0.6858,0.9066,1.0795
2005-06-30,"Waitaki District","TA",0.722,0.9543,1.0647
2005-06-30,"Waitomo District","TA",0.7574,1.0012,1.007
2005-06-30,"Wellington City","TA",0.742,0.9808,1.0382
2005-06-30,"Western Bay of Plenty District","TA",0.6822,0.9019,0.9992
2005-06-30,"Westland District","TA",0.8369,1.1063,0.9797
2005-06-30,"Whakatane District","TA",0.6378,0.843,0.9871
2005-06-30,"Whanganui District","TA",0.7034,0.9298,0.9826
2005-06-30,"Whangarei District","TA",0.6937,0.9171,1.0008
2005-06-30,"Auckland","Reg",0.7855,1.0384,0.9968
2005-06-30,"Bay of Plenty","Reg",0.6478,0.8563,0.9931
2005-06-30,"Canterbury","Reg",0.7219,0.9543,0.9282
2005-06-30,"Gisborne","Reg",0.6956,0.9195,1.0354
2005-06-30,"Hawke's Bay","Reg",0.6475,0.856,0.9637
2005-06-30,"Manawatu-Wanganui","Reg",0.7651,1.0114,0.9837
2005-06-30,"Marlborough","Reg",0.6674,0.8822,0.8644
2005-06-30,"Nelson","Reg",0.7224,0.955,1.018
2005-06-30,"Northland","Reg",0.6857,0.9064,1.0135
2005-06-30,"Otago","Reg",0.666,0.8804,0.9753
2005-06-30,"Southland","Reg",0.8602,1.1371,0.9534
2005-06-30,"Taranaki","Reg",0.6908,0.9132,1.0037
2005-06-30,"Tasman","Reg",0.7238,0.9568,1.0135
2005-06-30,"Waikato","Reg",0.6865,0.9075,0.9652
2005-06-30,"Wellington","Reg",0.7543,0.9971,1.0331
2005-06-30,"West Coast","Reg",0.7749,1.0244,0.9848
2005-09-30,"Ashburton District","TA",0.8177,1.0744,0.9862
2005-09-30,"Buller District","TA",0.7151,0.9396,0.9679
2005-09-30,"Carterton District","TA",0.7564,0.9939,1.0368
2005-09-30,"Central Hawkes Bay District","TA",0.6669,0.8763,0.9029
2005-09-30,"Central Otago District","TA",0.6737,0.8851,0.903
2005-09-30,"Christchurch City","TA",0.6925,0.9099,0.9437
2005-09-30,"Clutha District","TA",0.652,0.8566,0.8854
2005-09-30,"Dunedin City","TA",0.6653,0.8742,1.0545
2005-09-30,"Far North District","TA",0.6531,0.8581,1.057
2005-09-30,"Gisborne District","TA",0.6807,0.8943,1.0122
2005-09-30,"Gore District","TA",0.9634,1.2658,1.0249
2005-09-30,"Grey District","TA",0.7067,0.9286,0.9896
2005-09-30,"Hamilton City","TA",0.7,0.9197,0.9363
2005-09-30,"Hastings District","TA",0.634,0.833,0.9866
2005-09-30,"Hauraki District","TA",0.6993,0.9189,1.0532
2005-09-30,"Horowhenua District","TA",0.7508,0.9865,1.0441
2005-09-30,"Hurunui District","TA",0.7077,0.9298,0.8842
2005-09-30,"Invercargill City","TA",0.8651,1.1366,0.9716
2005-09-30,"Kaikoura District","TA",0.5325,0.6997,0.9608
2005-09-30,"Kaipara District","TA",0.6925,0.9099,1.1109
2005-09-30,"Kapiti Coast District","TA",0.7468,0.9813,1.0368
2005-09-30,"Kawerau District","TA",0.7369,0.9683,1.102
2005-09-30,"Hutt City","TA",0.7781,1.0223,1.0508
2005-09-30,"MacKenzie District","TA",0.6765,0.8888,0.8375
2005-09-30,"Manawatu District","TA",0.7676,1.0086,0.9951
2005-09-30,"Marlborough District","TA",0.6598,0.8669,0.9214
2005-09-30,"Masterton District","TA",0.7396,0.9717,1.0769
2005-09-30,"Matamata Piako District","TA",0.7196,0.9455,1.0784
2005-09-30,"Napier City","TA",0.6314,0.8296,0.9682
2005-09-30,"Nelson City","TA",0.7314,0.961,1.0281
2005-09-30,"New Plymouth District","TA",0.6569,0.8631,0.9763
2005-09-30,"New Zealand","NZ",0.7282,0.9568,1.0004
2005-09-30,"Opotiki District","TA",0.5554,0.7298,1.0386
2005-09-30,"Otorohanga District","TA",0.6381,0.8384,1.0432
2005-09-30,"Palmerston North City","TA",0.7325,0.9624,0.9901
2005-09-30,"Porirua City","TA",0.7579,0.9958,1.0479
2005-09-30,"Queenstown Lakes District","TA",0.6697,0.88,0.9016
2005-09-30,"Rangitikei District","TA",0.7514,0.9872,1.0119
2005-09-30,"Rotorua District","TA",0.7441,0.9776,1.0446
2005-09-30,"Ruapehu District","TA",0.7615,1.0005,0.9711
2005-09-30,"Selwyn District","TA",0.8881,1.1669,0.9205
2005-09-30,"South Taranaki District","TA",0.8607,1.1309,1.078
2005-09-30,"South Waikato District","TA",0.8227,1.0809,0.981
2005-09-30,"South Wairarapa District","TA",0.8164,1.0727,0.9904
2005-09-30,"Southland District","TA",0.7914,1.0398,0.9969
2005-09-30,"Stratford District","TA",0.7992,1.0501,1.0798
2005-09-30,"Tararua District","TA",0.8627,1.1335,1.0771
2005-09-30,"Tasman District","TA",0.6974,0.9163,1.0157
2005-09-30,"Taupo District","TA",0.6094,0.8008,0.986
2005-09-30,"Tauranga City","TA",0.5967,0.784,0.9666
2005-09-30,"Thames Coromandel District","TA",0.6357,0.8352,1.0341
2005-09-30,"Timaru District","TA",0.7407,0.9732,0.9821
2005-09-30,"Upper Hutt City","TA",0.7631,1.0026,1.0648
2005-09-30,"Waikato District","TA",0.7088,0.9313,1.0382
2005-09-30,"Waimakariri District","TA",0.7522,0.9883,0.9782
2005-09-30,"Waimate District","TA",0.7381,0.9698,0.972
2005-09-30,"Waipa District","TA",0.7222,0.9489,0.9815
2005-09-30,"Wairoa District","TA",0.6711,0.8817,1.0571
2005-09-30,"Waitaki District","TA",0.7339,0.9642,1.0637
2005-09-30,"Waitomo District","TA",0.7032,0.9239,1.0378
2005-09-30,"Wellington City","TA",0.7394,0.9715,1.0568
2005-09-30,"Western Bay of Plenty District","TA",0.5947,0.7813,1.0278
2005-09-30,"Westland District","TA",0.7141,0.9382,1.0211
2005-09-30,"Whakatane District","TA",0.6212,0.8162,0.996
2005-09-30,"Whanganui District","TA",0.6978,0.9169,0.9731
2005-09-30,"Whangarei District","TA",0.6518,0.8564,1.0125
2005-09-30,"Auckland","Reg",0.7793,1.0239,1.0122
2005-09-30,"Bay of Plenty","Reg",0.634,0.833,0.9985
2005-09-30,"Canterbury","Reg",0.7122,0.9357,0.9438
2005-09-30,"Gisborne","Reg",0.6807,0.8943,1.0122
2005-09-30,"Hawke's Bay","Reg",0.637,0.837,0.9771
2005-09-30,"Manawatu-Wanganui","Reg",0.7338,0.9642,0.9854
2005-09-30,"Marlborough","Reg",0.6598,0.8669,0.9214
2005-09-30,"Nelson","Reg",0.7314,0.961,1.028
2005-09-30,"Northland","Reg",0.6536,0.8588,1.0336
2005-09-30,"Otago","Reg",0.6722,0.8832,0.9881
2005-09-30,"Southland","Reg",0.8573,1.1264,0.9857
2005-09-30,"Taranaki","Reg",0.6995,0.919,1.0106
2005-09-30,"Tasman","Reg",0.6974,0.9163,1.0159
2005-09-30,"Waikato","Reg",0.6676,0.8772,0.9665
2005-09-30,"Wellington","Reg",0.7475,0.9821,1.0474
2005-09-30,"West Coast","Reg",0.7255,0.9532,0.9885
2005-12-31,"Ashburton District","TA",0.7779,1.0857,1.0193
2005-12-31,"Buller District","TA",0.6248,0.872,1.0296
2005-12-31,"Carterton District","TA",0.6835,0.954,1.0257
2005-12-31,"Central Hawkes Bay District","TA",0.5935,0.8283,0.885
2005-12-31,"Central Otago District","TA",0.6324,0.8826,0.9438
2005-12-31,"Christchurch City","TA",0.6445,0.8995,0.9399
2005-12-31,"Clutha District","TA",0.5978,0.8343,0.9513
2005-12-31,"Dunedin City","TA",0.6193,0.8643,1.0462
2005-12-31,"Far North District","TA",0.5955,0.8311,1.0052
2005-12-31,"Gisborne District","TA",0.578,0.8066,1.0255
2005-12-31,"Gore District","TA",0.8738,1.2195,1.0562
2005-12-31,"Grey District","TA",0.667,0.9309,0.9384
2005-12-31,"Hamilton City","TA",0.6375,0.8898,0.9439
2005-12-31,"Hastings District","TA",0.5964,0.8323,0.9875
2005-12-31,"Hauraki District","TA",0.6307,0.8803,1.0673
2005-12-31,"Horowhenua District","TA",0.6762,0.9438,1.0554
2005-12-31,"Hurunui District","TA",0.6798,0.9488,1.018
2005-12-31,"Invercargill City","TA",0.8007,1.1175,0.9838
2005-12-31,"Kaikoura District","TA",0.4983,0.6955,0.9833
2005-12-31,"Kaipara District","TA",0.6112,0.8531,1.0783
2005-12-31,"Kapiti Coast District","TA",0.6802,0.9493,1.0022
2005-12-31,"Kawerau District","TA",0.7004,0.9776,1.1305
2005-12-31,"Hutt City","TA",0.7016,0.9791,1.0526
2005-12-31,"MacKenzie District","TA",0.5802,0.8098,0.9483
2005-12-31,"Manawatu District","TA",0.7012,0.9787,0.9878
2005-12-31,"Marlborough District","TA",0.6157,0.8593,0.9207
2005-12-31,"Masterton District","TA",0.6741,0.9408,1.0819
2005-12-31,"Matamata Piako District","TA",0.6431,0.8975,1.0531
2005-12-31,"Napier City","TA",0.5799,0.8093,0.9669
2005-12-31,"Nelson City","TA",0.6833,0.9536,1.014
2005-12-31,"New Plymouth District","TA",0.6057,0.8454,0.9723
2005-12-31,"New Zealand","NZ",0.67,0.9351,1.0043
2005-12-31,"Opotiki District","TA",0.5287,0.7379,1.0778
2005-12-31,"Otorohanga District","TA",0.5609,0.7828,1.0214
2005-12-31,"Palmerston North City","TA",0.6579,0.9182,0.9915
2005-12-31,"Porirua City","TA",0.6983,0.9745,1.0376
2005-12-31,"Queenstown Lakes District","TA",0.6379,0.8902,0.9515
2005-12-31,"Rangitikei District","TA",0.6887,0.9612,1.0152
2005-12-31,"Rotorua District","TA",0.6571,0.9171,1.0364
2005-12-31,"Ruapehu District","TA",0.7191,1.0037,1.1729
2005-12-31,"Selwyn District","TA",0.7914,1.1045,0.9682
2005-12-31,"South Taranaki District","TA",0.7552,1.054,1.0176
2005-12-31,"South Waikato District","TA",0.7493,1.0458,1.0007
2005-12-31,"South Wairarapa District","TA",0.7086,0.9889,1.0381
2005-12-31,"Southland District","TA",0.7697,1.0743,0.9891
2005-12-31,"Stratford District","TA",0.7238,1.0102,1.0591
2005-12-31,"Tararua District","TA",0.7421,1.0357,1.0521
2005-12-31,"Tasman District","TA",0.6529,0.9112,0.994
2005-12-31,"Taupo District","TA",0.5702,0.7958,0.9846
2005-12-31,"Tauranga City","TA",0.5614,0.7835,0.9761
2005-12-31,"Thames Coromandel District","TA",0.6013,0.8392,1.0413
2005-12-31,"Timaru District","TA",0.6717,0.9374,0.9767
2005-12-31,"Upper Hutt City","TA",0.6916,0.9652,1.07
2005-12-31,"Waikato District","TA",0.6452,0.9005,1.0073
2005-12-31,"Waimakariri District","TA",0.6915,0.9652,0.9753
2005-12-31,"Waimate District","TA",0.6443,0.8992,0.9623
2005-12-31,"Waipa District","TA",0.6372,0.8893,0.9689
2005-12-31,"Wairoa District","TA",0.645,0.9002,1.048
2005-12-31,"Waitaki District","TA",0.6883,0.9606,1.1076
2005-12-31,"Waitomo District","TA",0.6178,0.8622,1.0448
2005-12-31,"Wellington City","TA",0.6746,0.9415,1.0655
2005-12-31,"Western Bay of Plenty District","TA",0.5514,0.7696,1.0055
2005-12-31,"Westland District","TA",0.6815,0.9511,1.0147
2005-12-31,"Whakatane District","TA",0.5487,0.7658,0.998
2005-12-31,"Whanganui District","TA",0.6385,0.8912,0.983
2005-12-31,"Whangarei District","TA",0.59,0.8234,0.9975
2005-12-31,"Auckland","Reg",0.7181,1.0023,1.021
2005-12-31,"Bay of Plenty","Reg",0.5853,0.8169,1.0004
2005-12-31,"Canterbury","Reg",0.6602,0.9214,0.9426
2005-12-31,"Gisborne","Reg",0.578,0.8066,1.0255
2005-12-31,"Hawke's Bay","Reg",0.5914,0.8254,0.9763
2005-12-31,"Manawatu-Wanganui","Reg",0.6641,0.9269,0.9957
2005-12-31,"Marlborough","Reg",0.6157,0.8593,0.9207
2005-12-31,"Nelson","Reg",0.6833,0.9536,1.014
2005-12-31,"Northland","Reg",0.5919,0.8262,1.0078
2005-12-31,"Otago","Reg",0.6283,0.8768,1.0043
2005-12-31,"Southland","Reg",0.8016,1.1188,0.9946
2005-12-31,"Taranaki","Reg",0.639,0.8919,0.9953
2005-12-31,"Tasman","Reg",0.6529,0.9112,0.9941
2005-12-31,"Waikato","Reg",0.6154,0.8589,0.9689
2005-12-31,"Wellington","Reg",0.6796,0.9484,1.0515
2005-12-31,"West Coast","Reg",0.6713,0.9369,0.9832
2006-03-31,"Northland","Reg",0.5939,0.8129,1.0099
2006-03-31,"Auckland","Reg",0.7332,1.0036,1.0311
2006-03-31,"Waikato","Reg",0.6165,0.8439,0.9694
2006-03-31,"Bay of Plenty","Reg",0.6071,0.831,0.9968
2006-03-31,"Gisborne","Reg",0.5681,0.7776,1.0138
2006-03-31,"Hawke's Bay","Reg",0.6083,0.8326,0.9732
2006-03-31,"Taranaki","Reg",0.6447,0.8825,0.9766
2006-03-31,"Manawatu-Wanganui","Reg",0.6634,0.908,0.9945
2006-03-31,"Wellington","Reg",0.6834,0.9354,1.027
2006-03-31,"West Coast","Reg",0.661,0.9047,0.9683
2006-03-31,"Canterbury","Reg",0.6683,0.9148,0.9362
2006-03-31,"Otago","Reg",0.6393,0.875,0.9963
2006-03-31,"Southland","Reg",0.7854,1.075,0.9742
2006-03-31,"Tasman","Reg",0.6589,0.9019,1.0295
2006-03-31,"Nelson","Reg",0.6968,0.9537,1.0209
2006-03-31,"Marlborough","Reg",0.6433,0.8806,0.9134
2006-03-31,"New Zealand","NZ",0.6796,0.9303,0.9999
2006-03-31,"Ashburton District","TA",0.6756,0.9247,1.0008
2006-03-31,"Buller District","TA",0.6198,0.8484,1.004
2006-03-31,"Carterton District","TA",0.7043,0.964,1.0087
2006-03-31,"Central Hawkes Bay District","TA",0.6284,0.8601,0.8929
2006-03-31,"Central Otago District","TA",0.6359,0.8704,0.9
2006-03-31,"Christchurch City","TA",0.6554,0.8971,0.9331
2006-03-31,"Clutha District","TA",0.6002,0.8215,0.9543
2006-03-31,"Dunedin City","TA",0.6345,0.8684,1.0307
2006-03-31,"Far North District","TA",0.5894,0.8067,1.0128
2006-03-31,"Gisborne District","TA",0.5681,0.7776,1.0138
2006-03-31,"Gore District","TA",0.8373,1.1461,1.009
2006-03-31,"Grey District","TA",0.6709,0.9183,0.9316
2006-03-31,"Hamilton City","TA",0.6374,0.8725,0.9459
2006-03-31,"Hastings District","TA",0.6077,0.8318,0.9758
2006-03-31,"Hauraki District","TA",0.624,0.8542,1.0739
2006-03-31,"Horowhenua District","TA",0.6686,0.9152,1.0453
2006-03-31,"Hurunui District","TA",0.6634,0.908,0.9869
2006-03-31,"Invercargill City","TA",0.789,1.0799,0.9718
2006-03-31,"Kaikoura District","TA",0.5189,0.7103,0.8717
2006-03-31,"Kaipara District","TA",0.6188,0.8469,1.0772
2006-03-31,"Kapiti Coast District","TA",0.6831,0.935,1.0192
2006-03-31,"Kawerau District","TA",0.664,0.9088,1.0807
2006-03-31,"Hutt City","TA",0.6876,0.9412,1.0271
2006-03-31,"MacKenzie District","TA",0.5902,0.8078,0.9497
2006-03-31,"Manawatu District","TA",0.7154,0.9792,1.0006
2006-03-31,"Marlborough District","TA",0.6433,0.8806,0.9134
2006-03-31,"Masterton District","TA",0.6568,0.8991,1.0532
2006-03-31,"Matamata Piako District","TA",0.6399,0.8758,1.0058
2006-03-31,"Napier City","TA",0.5986,0.8193,0.9705
2006-03-31,"Nelson City","TA",0.6968,0.9537,1.0209
2006-03-31,"New Plymouth District","TA",0.6157,0.8427,0.9497
2006-03-31,"Opotiki District","TA",0.5433,0.7436,1.0599
2006-03-31,"Otorohanga District","TA",0.5551,0.7598,1.0538
2006-03-31,"Palmerston North City","TA",0.6602,0.9037,0.9966
2006-03-31,"Porirua City","TA",0.7004,0.9587,1.054
2006-03-31,"Queenstown Lakes District","TA",0.6515,0.8918,0.9483
2006-03-31,"Rangitikei District","TA",0.6736,0.922,1.0061
2006-03-31,"Rotorua District","TA",0.6499,0.8895,1.0482
2006-03-31,"Ruapehu District","TA",0.6884,0.9423,1.0746
2006-03-31,"Selwyn District","TA",0.7949,1.0881,0.9532
2006-03-31,"South Taranaki District","TA",0.7425,1.0163,1.033
2006-03-31,"South Waikato District","TA",0.7244,0.9916,1.0035
2006-03-31,"South Wairarapa District","TA",0.7245,0.9917,1.0363
2006-03-31,"Southland District","TA",0.7558,1.0345,0.9425
2006-03-31,"Stratford District","TA",0.7136,0.9767,1.0755
2006-03-31,"Tararua District","TA",0.7242,0.9912,1.0526
2006-03-31,"Tasman District","TA",0.6589,0.9019,1.0298
2006-03-31,"Taupo District","TA",0.5802,0.7942,0.9784
2006-03-31,"Tauranga City","TA",0.5909,0.8088,0.9717
2006-03-31,"Thames Coromandel District","TA",0.6108,0.8361,0.9994
2006-03-31,"Timaru District","TA",0.6855,0.9383,0.9785
2006-03-31,"Upper Hutt City","TA",0.6824,0.9341,1.0533
2006-03-31,"Waikato District","TA",0.6325,0.8658,1.0089
2006-03-31,"Waimakariri District","TA",0.7073,0.9682,0.9496
2006-03-31,"Waimate District","TA",0.6402,0.8763,0.9177
2006-03-31,"Waipa District","TA",0.6232,0.853,1.0006
2006-03-31,"Wairoa District","TA",0.6887,0.9426,1.0435
2006-03-31,"Waitaki District","TA",0.6897,0.944,1.0372
2006-03-31,"Waitomo District","TA",0.5919,0.8101,1.0121
2006-03-31,"Wellington City","TA",0.6867,0.94,1.0304
2006-03-31,"Western Bay of Plenty District","TA",0.5685,0.7781,0.9855
2006-03-31,"Westland District","TA",0.6369,0.8718,0.9731
2006-03-31,"Whakatane District","TA",0.5804,0.7944,0.9602
2006-03-31,"Whanganui District","TA",0.6351,0.8693,0.9618
2006-03-31,"Whangarei District","TA",0.5956,0.8152,0.9989
2006-06-30,"Ashburton District","TA",0.6951,0.9395,0.9584
2006-06-30,"Buller District","TA",0.6377,0.862,1.0261
2006-06-30,"Carterton District","TA",0.6696,0.9051,1.035
2006-06-30,"Central Hawkes Bay District","TA",0.6397,0.8646,0.914
2006-06-30,"Central Otago District","TA",0.6628,0.8959,0.8961
2006-06-30,"Christchurch City","TA",0.6607,0.893,0.9506
2006-06-30,"Clutha District","TA",0.6158,0.8323,0.9611
2006-06-30,"Dunedin City","TA",0.6516,0.8807,1.0783
2006-06-30,"Far North District","TA",0.5923,0.8005,1.0221
2006-06-30,"Gisborne District","TA",0.5952,0.8045,1.0257
2006-06-30,"Gore District","TA",0.8285,1.1199,1.0524
2006-06-30,"Grey District","TA",0.6528,0.8823,0.8752
2006-06-30,"Hamilton City","TA",0.6477,0.8754,0.9453
2006-06-30,"Hastings District","TA",0.6346,0.8577,0.977
2006-06-30,"Hauraki District","TA",0.6484,0.8764,1.023
2006-06-30,"Horowhenua District","TA",0.67,0.9056,1.0239
2006-06-30,"Hurunui District","TA",0.6899,0.9324,0.9635
2006-06-30,"Invercargill City","TA",0.7948,1.0743,0.9642
2006-06-30,"Kaikoura District","TA",0.6101,0.8247,0.9255
2006-06-30,"Kaipara District","TA",0.5876,0.7942,1.0791
2006-06-30,"Kapiti Coast District","TA",0.6847,0.9255,1.0037
2006-06-30,"Kawerau District","TA",0.6936,0.9375,1.1141
2006-06-30,"Hutt City","TA",0.6857,0.9269,1.0354
2006-06-30,"MacKenzie District","TA",0.7073,0.956,0.9582
2006-06-30,"Manawatu District","TA",0.7159,0.9676,0.9848
2006-06-30,"Marlborough District","TA",0.6414,0.867,0.916
2006-06-30,"Masterton District","TA",0.6779,0.9162,1.0777
2006-06-30,"Matamata Piako District","TA",0.663,0.8962,1.0295
2006-06-30,"Napier City","TA",0.618,0.8353,0.9549
2006-06-30,"Nelson City","TA",0.7244,0.9791,1.0381
2006-06-30,"New Plymouth District","TA",0.6264,0.8466,0.942
2006-06-30,"New Zealand","NZ",0.6884,0.9305,1.0058
2006-06-30,"Opotiki District","TA",0.538,0.7272,1.0437
2006-06-30,"Otorohanga District","TA",0.4992,0.6747,0.9537
2006-06-30,"Palmerston North City","TA",0.6673,0.9019,0.9894
2006-06-30,"Porirua City","TA",0.7031,0.9504,1.0541
2006-06-30,"Queenstown Lakes District","TA",0.6733,0.91,0.9634
2006-06-30,"Rangitikei District","TA",0.6779,0.9163,0.9891
2006-06-30,"Rotorua District","TA",0.6447,0.8714,1.0386
2006-06-30,"Ruapehu District","TA",0.6744,0.9116,1.0668
2006-06-30,"Selwyn District","TA",0.7918,1.0702,0.9951
2006-06-30,"South Taranaki District","TA",0.7293,0.9857,0.9996
2006-06-30,"South Waikato District","TA",0.7107,0.9606,0.9791
2006-06-30,"South Wairarapa District","TA",0.7242,0.9789,1.0076
2006-06-30,"Southland District","TA",0.7704,1.0413,0.9793
2006-06-30,"Stratford District","TA",0.6837,0.9241,1.035
2006-06-30,"Tararua District","TA",0.7162,0.968,1.0519
2006-06-30,"Tasman District","TA",0.6844,0.9251,1.0211
2006-06-30,"Taupo District","TA",0.5803,0.7843,0.9772
2006-06-30,"Tauranga City","TA",0.6039,0.8163,0.9881
2006-06-30,"Thames Coromandel District","TA",0.5886,0.7955,1.0033
2006-06-30,"Timaru District","TA",0.6903,0.933,0.9545
2006-06-30,"Upper Hutt City","TA",0.7004,0.9467,1.0479
2006-06-30,"Waikato District","TA",0.6425,0.8684,0.9961
2006-06-30,"Waimakariri District","TA",0.7088,0.958,0.974
2006-06-30,"Waimate District","TA",0.6815,0.9212,1.0187
2006-06-30,"Waipa District","TA",0.6219,0.8406,0.9631
2006-06-30,"Wairoa District","TA",0.597,0.8069,1.0454
2006-06-30,"Waitaki District","TA",0.6734,0.9101,1.0488
2006-06-30,"Waitomo District","TA",0.5929,0.8013,0.9721
2006-06-30,"Wellington City","TA",0.6957,0.9404,1.0467
2006-06-30,"Western Bay of Plenty District","TA",0.5932,0.8018,0.9947
2006-06-30,"Westland District","TA",0.649,0.8772,0.9895
2006-06-30,"Whakatane District","TA",0.5979,0.8081,0.997
2006-06-30,"Whanganui District","TA",0.6389,0.8635,0.9607
2006-06-30,"Whangarei District","TA",0.6117,0.8268,0.9832
2006-06-30,"Auckland","Reg",0.743,1.0043,1.0293
2006-06-30,"Bay of Plenty","Reg",0.6182,0.8355,1.006
2006-06-30,"Canterbury","Reg",0.676,0.9137,0.9507
2006-06-30,"Gisborne","Reg",0.5952,0.8045,1.0257
2006-06-30,"Hawke's Bay","Reg",0.6272,0.8478,0.9668
2006-06-30,"Manawatu-Wanganui","Reg",0.6665,0.9009,0.9836
2006-06-30,"Marlborough","Reg",0.6414,0.867,0.9159
2006-06-30,"Nelson","Reg",0.7244,0.9791,1.0381
2006-06-30,"Northland","Reg",0.6002,0.8112,1.0026
2006-06-30,"Otago","Reg",0.6559,0.8865,1.0216
2006-06-30,"Southland","Reg",0.7929,1.0717,0.976
2006-06-30,"Taranaki","Reg",0.6504,0.879,0.964
2006-06-30,"Tasman","Reg",0.6844,0.9251,1.0212
2006-06-30,"Waikato","Reg",0.6152,0.8315,0.9612
2006-06-30,"Wellington","Reg",0.69,0.9327,1.0388
2006-06-30,"West Coast","Reg",0.6621,0.895,0.9544
2006-09-30,"Ashburton District","TA",0.6629,0.9236,0.923
2006-09-30,"Buller District","TA",0.5864,0.8171,0.9462
2006-09-30,"Carterton District","TA",0.6564,0.9147,0.9784
2006-09-30,"Central Hawkes Bay District","TA",0.6023,0.8392,0.8917
2006-09-30,"Central Otago District","TA",0.6147,0.8565,0.8931
2006-09-30,"Christchurch City","TA",0.6299,0.8777,0.9596
2006-09-30,"Clutha District","TA",0.5911,0.8236,0.9623
2006-09-30,"Dunedin City","TA",0.6362,0.8865,1.119
2006-09-30,"Far North District","TA",0.5641,0.786,1.0312
2006-09-30,"Gisborne District","TA",0.5455,0.7601,0.9992
2006-09-30,"Gore District","TA",0.7897,1.1003,1.0455
2006-09-30,"Grey District","TA",0.5735,0.7991,0.9293
2006-09-30,"Hamilton City","TA",0.6256,0.8717,0.9498
2006-09-30,"Hastings District","TA",0.616,0.8583,0.9916
2006-09-30,"Hauraki District","TA",0.6067,0.8453,1.0391
2006-09-30,"Horowhenua District","TA",0.6242,0.8697,1.0176
2006-09-30,"Hurunui District","TA",0.6682,0.9311,1.045
2006-09-30,"Invercargill City","TA",0.7352,1.0245,0.9583
2006-09-30,"Kaikoura District","TA",0.5142,0.7164,0.9846
2006-09-30,"Kaipara District","TA",0.5645,0.7865,1.1169
2006-09-30,"Kapiti Coast District","TA",0.6469,0.9013,1.0169
2006-09-30,"Kawerau District","TA",0.6048,0.8428,1.098
2006-09-30,"Hutt City","TA",0.6543,0.9117,1.0121
2006-09-30,"MacKenzie District","TA",0.6258,0.8719,0.9583
2006-09-30,"Manawatu District","TA",0.6518,0.9081,0.9624
2006-09-30,"Marlborough District","TA",0.6103,0.8504,0.9201
2006-09-30,"Masterton District","TA",0.6443,0.8977,1.0699
2006-09-30,"Matamata Piako District","TA",0.6303,0.8783,1.0014
2006-09-30,"Napier City","TA",0.6134,0.8547,0.9695
2006-09-30,"Nelson City","TA",0.7006,0.9761,1.047
2006-09-30,"New Plymouth District","TA",0.5896,0.8216,0.9644
2006-09-30,"New Zealand","NZ",0.6594,0.9188,1.0124
2006-09-30,"Opotiki District","TA",0.5238,0.7299,1.0779
2006-09-30,"Otorohanga District","TA",0.4623,0.6441,0.9596
2006-09-30,"Palmerston North City","TA",0.6315,0.8799,0.9888
2006-09-30,"Porirua City","TA",0.6736,0.9386,1.0151
2006-09-30,"Queenstown Lakes District","TA",0.6422,0.8948,0.9646
2006-09-30,"Rangitikei District","TA",0.6264,0.8728,0.9601
2006-09-30,"Rotorua District","TA",0.6152,0.8572,1.0395
2006-09-30,"Ruapehu District","TA",0.6375,0.8883,0.9958
2006-09-30,"Selwyn District","TA",0.7194,1.0024,0.9859
2006-09-30,"South Taranaki District","TA",0.6675,0.9301,1.0091
2006-09-30,"South Waikato District","TA",0.6464,0.9006,0.9528
2006-09-30,"South Wairarapa District","TA",0.672,0.9363,0.8899
2006-09-30,"Southland District","TA",0.7297,1.0167,1.0036
2006-09-30,"Stratford District","TA",0.6461,0.9003,1.0146
2006-09-30,"Tararua District","TA",0.6929,0.9655,1.0047
2006-09-30,"Tasman District","TA",0.6461,0.9002,1.0061
2006-09-30,"Taupo District","TA",0.5663,0.7891,0.9813
2006-09-30,"Tauranga City","TA",0.5793,0.8071,0.9915
2006-09-30,"Thames Coromandel District","TA",0.5783,0.8058,1.0149
2006-09-30,"Timaru District","TA",0.6696,0.933,0.9857
2006-09-30,"Upper Hutt City","TA",0.6619,0.9222,1.0511
2006-09-30,"Waikato District","TA",0.6172,0.86,1.0147
2006-09-30,"Waimakariri District","TA",0.6828,0.9515,0.9739
2006-09-30,"Waimate District","TA",0.6421,0.8947,0.9159
2006-09-30,"Waipa District","TA",0.6063,0.8448,0.9573
2006-09-30,"Wairoa District","TA",0.5874,0.8185,0.9985
2006-09-30,"Waitaki District","TA",0.6437,0.8969,1.0594
2006-09-30,"Waitomo District","TA",0.5702,0.7945,0.984
2006-09-30,"Wellington City","TA",0.6628,0.9236,1.0555
2006-09-30,"Western Bay of Plenty District","TA",0.582,0.811,1.0152
2006-09-30,"Westland District","TA",0.6232,0.8683,0.9526
2006-09-30,"Whakatane District","TA",0.5928,0.826,0.9864
2006-09-30,"Whanganui District","TA",0.5992,0.8349,0.9578
2006-09-30,"Whangarei District","TA",0.5871,0.8181,0.9749
2006-09-30,"Auckland","Reg",0.7125,0.9927,1.0352
2006-09-30,"Bay of Plenty","Reg",0.5931,0.8264,1.007
2006-09-30,"Canterbury","Reg",0.6443,0.8978,0.9599
2006-09-30,"Gisborne","Reg",0.5455,0.7601,0.9992
2006-09-30,"Hawke's Bay","Reg",0.6147,0.8565,0.9789
2006-09-30,"Manawatu-Wanganui","Reg",0.6262,0.8725,0.9777
2006-09-30,"Marlborough","Reg",0.6103,0.8504,0.9201
2006-09-30,"Nelson","Reg",0.7006,0.9761,1.047
2006-09-30,"Northland","Reg",0.5748,0.801,1.004
2006-09-30,"Otago","Reg",0.6313,0.8797,1.0433
2006-09-30,"Southland","Reg",0.7399,1.031,0.9733
2006-09-30,"Taranaki","Reg",0.6105,0.8507,0.9825
2006-09-30,"Tasman","Reg",0.6461,0.9002,1.0061
2006-09-30,"Waikato","Reg",0.597,0.8318,0.9639
2006-09-30,"Wellington","Reg",0.6575,0.9162,1.0389
2006-09-30,"West Coast","Reg",0.6033,0.8406,0.9419
2006-12-31,"Ashburton District","TA",0.6458,0.8981,0.9913
2006-12-31,"Buller District","TA",0.5759,0.8008,0.9696
2006-12-31,"Carterton District","TA",0.611,0.8496,1.031
2006-12-31,"Central Hawkes Bay District","TA",0.5885,0.8183,0.8755
2006-12-31,"Central Otago District","TA",0.6191,0.8608,0.8951
2006-12-31,"Christchurch City","TA",0.6218,0.8646,0.9466
2006-12-31,"Clutha District","TA",0.5892,0.8193,0.9503
2006-12-31,"Dunedin City","TA",0.6176,0.8588,1.0692
2006-12-31,"Far North District","TA",0.565,0.7857,1.0169
2006-12-31,"Gisborne District","TA",0.5379,0.748,1.0159
2006-12-31,"Gore District","TA",0.7352,1.0224,1.0149
2006-12-31,"Grey District","TA",0.5675,0.7892,0.8853
2006-12-31,"Hamilton City","TA",0.5973,0.8306,0.9395
2006-12-31,"Hastings District","TA",0.606,0.8426,0.9762
2006-12-31,"Hauraki District","TA",0.5683,0.7902,1.0059
2006-12-31,"Horowhenua District","TA",0.5983,0.832,0.9908
2006-12-31,"Hurunui District","TA",0.6469,0.8995,1.0111
2006-12-31,"Invercargill City","TA",0.6903,0.9599,0.97
2006-12-31,"Kaikoura District","TA",0.5349,0.7438,1.0342
2006-12-31,"Kaipara District","TA",0.5527,0.7685,1.0851
2006-12-31,"Kapiti Coast District","TA",0.631,0.8775,0.9912
2006-12-31,"Kawerau District","TA",0.5667,0.7881,1.0484
2006-12-31,"Hutt City","TA",0.631,0.8774,1.0096
2006-12-31,"MacKenzie District","TA",0.5898,0.8201,0.9245
2006-12-31,"Manawatu District","TA",0.6243,0.8681,0.9487
2006-12-31,"Marlborough District","TA",0.5795,0.8058,0.9135
2006-12-31,"Masterton District","TA",0.6132,0.8527,1.0522
2006-12-31,"Matamata Piako District","TA",0.5963,0.8291,0.9906
2006-12-31,"Napier City","TA",0.6027,0.838,0.9596
2006-12-31,"Nelson City","TA",0.6761,0.9401,1.0296
2006-12-31,"New Plymouth District","TA",0.6,0.8343,0.9568
2006-12-31,"New Zealand","NZ",0.6458,0.898,1.0067
2006-12-31,"Opotiki District","TA",0.4942,0.6872,1.03
2006-12-31,"Otorohanga District","TA",0.4784,0.6653,0.9746
2006-12-31,"Palmerston North City","TA",0.6095,0.8476,0.9786
2006-12-31,"Porirua City","TA",0.6533,0.9084,1.0404
2006-12-31,"Queenstown Lakes District","TA",0.6269,0.8717,0.9975
2006-12-31,"Rangitikei District","TA",0.5988,0.8327,0.9737
2006-12-31,"Rotorua District","TA",0.6014,0.8363,1.0377
2006-12-31,"Ruapehu District","TA",0.6201,0.8622,1.1354
2006-12-31,"Selwyn District","TA",0.7058,0.9815,0.9771
2006-12-31,"South Taranaki District","TA",0.6291,0.8747,1.0121
2006-12-31,"South Waikato District","TA",0.6195,0.8614,0.9546
2006-12-31,"South Wairarapa District","TA",0.6406,0.8907,0.9649
2006-12-31,"Southland District","TA",0.697,0.9691,0.9678
2006-12-31,"Stratford District","TA",0.6404,0.8905,1.0488
2006-12-31,"Tararua District","TA",0.6568,0.9133,1.053
2006-12-31,"Tasman District","TA",0.6406,0.8908,1.0181
2006-12-31,"Taupo District","TA",0.565,0.7856,0.9601
2006-12-31,"Tauranga City","TA",0.5842,0.8123,0.9741
2006-12-31,"Thames Coromandel District","TA",0.58,0.8064,1.0197
2006-12-31,"Timaru District","TA",0.6563,0.9126,0.9663
2006-12-31,"Upper Hutt City","TA",0.6183,0.8598,1.0288
2006-12-31,"Waikato District","TA",0.5989,0.8327,1.0044
2006-12-31,"Waimakariri District","TA",0.6833,0.9501,0.9657
2006-12-31,"Waimate District","TA",0.6456,0.8977,0.9746
2006-12-31,"Waipa District","TA",0.5947,0.8269,0.9759
2006-12-31,"Wairoa District","TA",0.532,0.7398,1.005
2006-12-31,"Waitaki District","TA",0.6181,0.8595,1.0481
2006-12-31,"Waitomo District","TA",0.496,0.6897,0.9717
2006-12-31,"Wellington City","TA",0.639,0.8885,1.0567
2006-12-31,"Western Bay of Plenty District","TA",0.5656,0.7864,1.0266
2006-12-31,"Westland District","TA",0.5761,0.8011,0.9471
2006-12-31,"Whakatane District","TA",0.5548,0.7714,0.9569
2006-12-31,"Whanganui District","TA",0.5912,0.822,0.9678
2006-12-31,"Whangarei District","TA",0.5719,0.7953,0.9895
2006-12-31,"Auckland","Reg",0.6997,0.9729,1.0306
2006-12-31,"Bay of Plenty","Reg",0.5863,0.8152,0.9945
2006-12-31,"Canterbury","Reg",0.6358,0.8841,0.9491
2006-12-31,"Gisborne","Reg",0.5379,0.748,1.0159
2006-12-31,"Hawke's Bay","Reg",0.6022,0.8373,0.9658
2006-12-31,"Manawatu-Wanganui","Reg",0.6061,0.8428,0.9788
2006-12-31,"Marlborough","Reg",0.5795,0.8058,0.9135
2006-12-31,"Nelson","Reg",0.6761,0.9401,1.0295
2006-12-31,"Northland","Reg",0.5664,0.7876,1.0069
2006-12-31,"Otago","Reg",0.616,0.8565,1.032
2006-12-31,"Southland","Reg",0.6965,0.9685,0.975
2006-12-31,"Taranaki","Reg",0.613,0.8523,0.9784
2006-12-31,"Tasman","Reg",0.6406,0.8908,1.0182
2006-12-31,"Waikato","Reg",0.5814,0.8085,0.9569
2006-12-31,"Wellington","Reg",0.633,0.8802,1.0385
2006-12-31,"West Coast","Reg",0.5853,0.8138,0.931
2007-03-31,"Ashburton District","TA",0.5935,0.8592,0.9355
2007-03-31,"Buller District","TA",0.5299,0.7672,0.9393
2007-03-31,"Carterton District","TA",0.5541,0.8022,0.9526
2007-03-31,"Central Hawkes Bay District","TA",0.5423,0.785,0.8929
2007-03-31,"Central Otago District","TA",0.5701,0.8254,0.8652
2007-03-31,"Christchurch City","TA",0.5796,0.8391,0.9328
2007-03-31,"Clutha District","TA",0.5497,0.7957,0.9694
2007-03-31,"Dunedin City","TA",0.5749,0.8323,1.0509
2007-03-31,"Far North District","TA",0.5198,0.7525,1.0101
2007-03-31,"Gisborne District","TA",0.4786,0.6929,0.9887
2007-03-31,"Gore District","TA",0.6497,0.9405,1.0334
2007-03-31,"Grey District","TA",0.5318,0.7698,0.8971
2007-03-31,"Hamilton City","TA",0.5496,0.7957,0.9326
2007-03-31,"Hastings District","TA",0.5628,0.8148,0.9845
2007-03-31,"Hauraki District","TA",0.5944,0.8605,0.982
2007-03-31,"Horowhenua District","TA",0.5412,0.7834,0.9697
2007-03-31,"Hurunui District","TA",0.59,0.8541,1.0731
2007-03-31,"Invercargill City","TA",0.6134,0.888,0.9578
2007-03-31,"Kaikoura District","TA",0.4925,0.7129,0.9194
2007-03-31,"Kaipara District","TA",0.5595,0.81,1.1168
2007-03-31,"Kapiti Coast District","TA",0.5764,0.8344,0.9713
2007-03-31,"Kawerau District","TA",0.5005,0.7245,1.0075
2007-03-31,"Hutt City","TA",0.5746,0.8318,0.9751
2007-03-31,"MacKenzie District","TA",0.5588,0.8089,0.8548
2007-03-31,"Manawatu District","TA",0.5636,0.8159,0.9402
2007-03-31,"Marlborough District","TA",0.5288,0.7655,0.905
2007-03-31,"Masterton District","TA",0.5351,0.7746,1.024
2007-03-31,"Matamata Piako District","TA",0.5666,0.8202,0.9837
2007-03-31,"Napier City","TA",0.5663,0.8199,0.9444
2007-03-31,"Nelson City","TA",0.6272,0.9081,0.9958
2007-03-31,"New Plymouth District","TA",0.5446,0.7884,0.9251
2007-03-31,"New Zealand","NZ",0.5993,0.8676,0.9872
2007-03-31,"Opotiki District","TA",0.4659,0.6745,1.0908
2007-03-31,"Otorohanga District","TA",0.4805,0.6957,0.9349
2007-03-31,"Palmerston North City","TA",0.5629,0.8149,0.9721
2007-03-31,"Porirua City","TA",0.6074,0.8793,1.0355
2007-03-31,"Queenstown Lakes District","TA",0.5885,0.852,0.9828
2007-03-31,"Rangitikei District","TA",0.5623,0.814,0.9678
2007-03-31,"Rotorua District","TA",0.5616,0.813,1.0354
2007-03-31,"Ruapehu District","TA",0.5553,0.8039,1.0478
2007-03-31,"Selwyn District","TA",0.6457,0.9347,0.9801
2007-03-31,"South Taranaki District","TA",0.5762,0.8342,0.9767
2007-03-31,"South Waikato District","TA",0.552,0.7991,0.9563
2007-03-31,"South Wairarapa District","TA",0.5694,0.8242,0.9695
2007-03-31,"Southland District","TA",0.6369,0.922,1.0199
2007-03-31,"Stratford District","TA",0.6094,0.8822,1.0519
2007-03-31,"Tararua District","TA",0.6093,0.8821,1.0186
2007-03-31,"Tasman District","TA",0.6018,0.8712,1.003
2007-03-31,"Taupo District","TA",0.5387,0.7799,0.9606
2007-03-31,"Tauranga City","TA",0.548,0.7933,0.9655
2007-03-31,"Thames Coromandel District","TA",0.5624,0.8142,0.9921
2007-03-31,"Timaru District","TA",0.6072,0.879,0.9852
2007-03-31,"Upper Hutt City","TA",0.5655,0.8187,0.9968
2007-03-31,"Waikato District","TA",0.5627,0.8146,0.9662
2007-03-31,"Waimakariri District","TA",0.6321,0.915,0.939
2007-03-31,"Waimate District","TA",0.5593,0.8096,1.0393
2007-03-31,"Waipa District","TA",0.5532,0.8008,0.9718
2007-03-31,"Wairoa District","TA",0.5171,0.7486,0.9637
2007-03-31,"Waitaki District","TA",0.5795,0.8389,1.0355
2007-03-31,"Waitomo District","TA",0.4855,0.7028,1.0089
2007-03-31,"Wellington City","TA",0.5925,0.8577,0.9847
2007-03-31,"Western Bay of Plenty District","TA",0.5574,0.807,1.0085
2007-03-31,"Westland District","TA",0.5257,0.7611,0.8921
2007-03-31,"Whakatane District","TA",0.5501,0.7963,0.973
2007-03-31,"Whanganui District","TA",0.5463,0.7909,0.9198
2007-03-31,"Whangarei District","TA",0.5284,0.765,0.9474
2007-03-31,"Auckland","Reg",0.6488,0.9393,1.0213
2007-03-31,"Bay of Plenty","Reg",0.5537,0.8016,0.9874
2007-03-31,"Canterbury","Reg",0.591,0.8556,0.9356
2007-03-31,"Gisborne","Reg",0.4786,0.6929,0.9887
2007-03-31,"Hawke's Bay","Reg",0.5638,0.8161,0.9636
2007-03-31,"Manawatu-Wanganui","Reg",0.5567,0.8059,0.9606
2007-03-31,"Marlborough","Reg",0.5288,0.7655,0.905
2007-03-31,"Nelson","Reg",0.6272,0.9081,0.9957
2007-03-31,"Northland","Reg",0.528,0.7643,0.9767
2007-03-31,"Otago","Reg",0.5743,0.8314,1.0146
2007-03-31,"Southland","Reg",0.623,0.9019,0.9737
2007-03-31,"Taranaki","Reg",0.5577,0.8073,0.9458
2007-03-31,"Tasman","Reg",0.6018,0.8712,1.003
2007-03-31,"Waikato","Reg",0.5483,0.7938,0.95
2007-03-31,"Wellington","Reg",0.581,0.8411,0.9804
2007-03-31,"West Coast","Reg",0.5408,0.7829,0.9096
2007-06-30,"Ashburton District","TA",0.5477,0.8401,0.9377
2007-06-30,"Buller District","TA",0.5428,0.8327,1.0483
2007-06-30,"Carterton District","TA",0.4892,0.7504,0.9864
2007-06-30,"Central Hawkes Bay District","TA",0.5053,0.7752,0.8705
2007-06-30,"Central Otago District","TA",0.5341,0.8193,0.8748
2007-06-30,"Christchurch City","TA",0.5367,0.8233,0.9519
2007-06-30,"Clutha District","TA",0.4959,0.7608,0.9465
2007-06-30,"Dunedin City","TA",0.5378,0.825,1.0644
2007-06-30,"Far North District","TA",0.4766,0.7311,0.97
2007-06-30,"Gisborne District","TA",0.44,0.6749,0.9906
2007-06-30,"Gore District","TA",0.6448,0.9891,1.0545
2007-06-30,"Grey District","TA",0.4849,0.7439,0.9356
2007-06-30,"Hamilton City","TA",0.5099,0.7822,0.93
2007-06-30,"Hastings District","TA",0.5321,0.8163,0.9793
2007-06-30,"Hauraki District","TA",0.5275,0.8092,0.9906
2007-06-30,"Horowhenua District","TA",0.4856,0.745,0.9698
2007-06-30,"Hurunui District","TA",0.569,0.8729,0.9879
2007-06-30,"Invercargill City","TA",0.5422,0.8317,0.916
2007-06-30,"Kaikoura District","TA",0.4604,0.7062,0.981
2007-06-30,"Kaipara District","TA",0.5301,0.8132,1.0353
2007-06-30,"Kapiti Coast District","TA",0.5524,0.8474,0.9859
2007-06-30,"Kawerau District","TA",0.4552,0.6983,0.9786
2007-06-30,"Hutt City","TA",0.5195,0.7969,0.9826
2007-06-30,"MacKenzie District","TA",0.5236,0.8033,0.8563
2007-06-30,"Manawatu District","TA",0.5121,0.7855,0.924
2007-06-30,"Marlborough District","TA",0.4951,0.7595,0.8911
2007-06-30,"Masterton District","TA",0.5032,0.772,1.0293
2007-06-30,"Matamata Piako District","TA",0.5079,0.7791,0.9723
2007-06-30,"Napier City","TA",0.5324,0.8167,0.9375
2007-06-30,"Nelson City","TA",0.5872,0.9008,1.0136
2007-06-30,"New Plymouth District","TA",0.5261,0.8071,0.9248
2007-06-30,"New Zealand","NZ",0.5554,0.852,0.99
2007-06-30,"Opotiki District","TA",0.4517,0.6929,1.0612
2007-06-30,"Otorohanga District","TA",0.4916,0.7541,0.9265
2007-06-30,"Palmerston North City","TA",0.5264,0.8075,0.9594
2007-06-30,"Porirua City","TA",0.558,0.856,1.0158
2007-06-30,"Queenstown Lakes District","TA",0.5527,0.8478,0.9671
2007-06-30,"Rangitikei District","TA",0.5165,0.7923,0.9223
2007-06-30,"Rotorua District","TA",0.5259,0.8068,1.0211
2007-06-30,"Ruapehu District","TA",0.531,0.8146,0.9632
2007-06-30,"Selwyn District","TA",0.6025,0.9242,0.9934
2007-06-30,"South Taranaki District","TA",0.5527,0.8479,0.9783
2007-06-30,"South Waikato District","TA",0.5093,0.7812,0.9602
2007-06-30,"South Wairarapa District","TA",0.5306,0.814,0.923
2007-06-30,"Southland District","TA",0.5884,0.9027,1.0244
2007-06-30,"Stratford District","TA",0.571,0.8759,1.0183
2007-06-30,"Tararua District","TA",0.5382,0.8257,1.0132
2007-06-30,"Tasman District","TA",0.562,0.8621,1.0056
2007-06-30,"Taupo District","TA",0.5159,0.7913,0.9731
2007-06-30,"Tauranga City","TA",0.5109,0.7837,0.9707
2007-06-30,"Thames Coromandel District","TA",0.5322,0.8164,0.9821
2007-06-30,"Timaru District","TA",0.5595,0.8582,0.9696
2007-06-30,"Upper Hutt City","TA",0.5235,0.8031,0.9737
2007-06-30,"Waikato District","TA",0.513,0.7869,0.9797
2007-06-30,"Waimakariri District","TA",0.592,0.9081,0.9528
2007-06-30,"Waimate District","TA",0.5105,0.7831,0.8432
2007-06-30,"Waipa District","TA",0.5322,0.8164,0.9487
2007-06-30,"Wairoa District","TA",0.4743,0.7276,1.0332
2007-06-30,"Waitaki District","TA",0.5253,0.8059,1.0218
2007-06-30,"Waitomo District","TA",0.4175,0.6405,0.9161
2007-06-30,"Wellington City","TA",0.5541,0.85,1.0296
2007-06-30,"Western Bay of Plenty District","TA",0.5253,0.8059,0.9997
2007-06-30,"Westland District","TA",0.5218,0.8005,0.9607
2007-06-30,"Whakatane District","TA",0.5132,0.7872,0.9466
2007-06-30,"Whanganui District","TA",0.5136,0.7879,0.9156
2007-06-30,"Whangarei District","TA",0.5032,0.772,0.9603
2007-06-30,"Auckland","Reg",0.5969,0.9156,1.0134
2007-06-30,"Bay of Plenty","Reg",0.5171,0.7933,0.9837
2007-06-30,"Canterbury","Reg",0.5479,0.8405,0.9505
2007-06-30,"Gisborne","Reg",0.44,0.6749,0.9906
2007-06-30,"Hawke's Bay","Reg",0.5312,0.8148,0.9597
2007-06-30,"Manawatu-Wanganui","Reg",0.5157,0.7911,0.9452
2007-06-30,"Marlborough","Reg",0.4951,0.7595,0.8911
2007-06-30,"Nelson","Reg",0.5872,0.9008,1.0136
2007-06-30,"Northland","Reg",0.4961,0.7611,0.9705
2007-06-30,"Otago","Reg",0.5358,0.8219,1.0199
2007-06-30,"Southland","Reg",0.5637,0.8647,0.9404
2007-06-30,"Taranaki","Reg",0.5367,0.8233,0.9431
2007-06-30,"Tasman","Reg",0.562,0.8621,1.0056
2007-06-30,"Waikato","Reg",0.5124,0.786,0.9444
2007-06-30,"Wellington","Reg",0.5394,0.8274,1.0088
2007-06-30,"West Coast","Reg",0.5209,0.799,0.9764
2007-09-30,"Ashburton District","TA",0.5381,0.8469,0.9219
2007-09-30,"Buller District","TA",0.5343,0.841,0.9885
2007-09-30,"Carterton District","TA",0.4814,0.7578,0.9527
2007-09-30,"Central Hawkes Bay District","TA",0.5323,0.8378,0.8037
2007-09-30,"Central Otago District","TA",0.5254,0.8269,0.8768
2007-09-30,"Christchurch City","TA",0.5381,0.847,0.9595
2007-09-30,"Clutha District","TA",0.5028,0.7915,0.9118
2007-09-30,"Dunedin City","TA",0.5391,0.8486,1.1233
2007-09-30,"Far North District","TA",0.4946,0.7785,0.9903
2007-09-30,"Gisborne District","TA",0.4443,0.6993,0.9848
2007-09-30,"Gore District","TA",0.6263,0.9858,1.0371
2007-09-30,"Grey District","TA",0.4749,0.7475,0.9231
2007-09-30,"Hamilton City","TA",0.5042,0.7936,0.9355
2007-09-30,"Hastings District","TA",0.5318,0.8371,0.9707
2007-09-30,"Hauraki District","TA",0.5068,0.7977,0.9877
2007-09-30,"Horowhenua District","TA",0.4868,0.7663,0.9632
2007-09-30,"Hurunui District","TA",0.5281,0.8313,0.9338
2007-09-30,"Invercargill City","TA",0.4987,0.785,0.9362
2007-09-30,"Kaikoura District","TA",0.431,0.6784,0.9558
2007-09-30,"Kaipara District","TA",0.4681,0.7368,1.0451
2007-09-30,"Kapiti Coast District","TA",0.5238,0.8245,0.9995
2007-09-30,"Kawerau District","TA",0.4479,0.705,1.0112
2007-09-30,"Hutt City","TA",0.5268,0.8293,0.9767
2007-09-30,"MacKenzie District","TA",0.5303,0.8348,0.9375
2007-09-30,"Manawatu District","TA",0.5009,0.7884,0.9417
2007-09-30,"Marlborough District","TA",0.4938,0.7772,0.9096
2007-09-30,"Masterton District","TA",0.4749,0.7475,1.0064
2007-09-30,"Matamata Piako District","TA",0.509,0.8011,0.9448
2007-09-30,"Napier City","TA",0.5216,0.821,0.9309
2007-09-30,"Nelson City","TA",0.5745,0.9043,1.01
2007-09-30,"New Plymouth District","TA",0.5267,0.8291,0.9257
2007-09-30,"New Zealand","NZ",0.5454,0.8585,0.9943
2007-09-30,"Opotiki District","TA",0.488,0.7681,1.0443
2007-09-30,"Otorohanga District","TA",0.4535,0.7139,0.9614
2007-09-30,"Palmerston North City","TA",0.5217,0.8211,0.9804
2007-09-30,"Porirua City","TA",0.537,0.8452,1.0203
2007-09-30,"Queenstown Lakes District","TA",0.5152,0.811,0.9709
2007-09-30,"Rangitikei District","TA",0.5388,0.8481,0.9859
2007-09-30,"Rotorua District","TA",0.5055,0.7956,1.0009
2007-09-30,"Ruapehu District","TA",0.5086,0.8006,0.9061
2007-09-30,"Selwyn District","TA",0.5888,0.9267,1.0264
2007-09-30,"South Taranaki District","TA",0.5527,0.8699,0.9238
2007-09-30,"South Waikato District","TA",0.4829,0.7601,0.944
2007-09-30,"South Wairarapa District","TA",0.4982,0.7841,0.8598
2007-09-30,"Southland District","TA",0.544,0.8562,1.0169
2007-09-30,"Stratford District","TA",0.5127,0.807,1.0181
2007-09-30,"Tararua District","TA",0.5452,0.8581,0.9879
2007-09-30,"Tasman District","TA",0.5489,0.8641,1.0098
2007-09-30,"Taupo District","TA",0.5092,0.8015,0.9679
2007-09-30,"Tauranga City","TA",0.5044,0.7939,0.9703
2007-09-30,"Thames Coromandel District","TA",0.5256,0.8274,0.9928
2007-09-30,"Timaru District","TA",0.5488,0.8638,0.9813
2007-09-30,"Upper Hutt City","TA",0.4994,0.7861,0.9448
2007-09-30,"Waikato District","TA",0.4893,0.7702,0.9455
2007-09-30,"Waimakariri District","TA",0.5806,0.9139,0.9601
2007-09-30,"Waimate District","TA",0.515,0.8106,0.9492
2007-09-30,"Waipa District","TA",0.5154,0.8112,0.9592
2007-09-30,"Wairoa District","TA",0.3576,0.5629,1.0083
2007-09-30,"Waitaki District","TA",0.5095,0.802,1.0215
2007-09-30,"Waitomo District","TA",0.4219,0.6641,0.9335
2007-09-30,"Wellington City","TA",0.5459,0.8593,1.0344
2007-09-30,"Western Bay of Plenty District","TA",0.5155,0.8114,1.0079
2007-09-30,"Westland District","TA",0.502,0.7901,0.8464
2007-09-30,"Whakatane District","TA",0.5201,0.8187,0.9349
2007-09-30,"Whanganui District","TA",0.4984,0.7845,0.9277
2007-09-30,"Whangarei District","TA",0.4791,0.7541,0.948
2007-09-30,"Auckland","Reg",0.5852,0.9211,1.0195
2007-09-30,"Bay of Plenty","Reg",0.5096,0.8021,0.979
2007-09-30,"Canterbury","Reg",0.5464,0.8601,0.9576
2007-09-30,"Gisborne","Reg",0.4443,0.6993,0.9848
2007-09-30,"Hawke's Bay","Reg",0.5208,0.8197,0.9479
2007-09-30,"Manawatu-Wanganui","Reg",0.5104,0.8035,0.9608
2007-09-30,"Marlborough","Reg",0.4938,0.7772,0.9096
2007-09-30,"Nelson","Reg",0.5745,0.9043,1.01
2007-09-30,"Northland","Reg",0.4834,0.7608,0.9681
2007-09-30,"Otago","Reg",0.5224,0.8223,1.0508
2007-09-30,"Southland","Reg",0.5219,0.8215,0.9573
2007-09-30,"Taranaki","Reg",0.5341,0.8407,0.937
2007-09-30,"Tasman","Reg",0.5489,0.8641,1.0098
2007-09-30,"Waikato","Reg",0.5033,0.7923,0.9455
2007-09-30,"Wellington","Reg",0.5287,0.8322,1.0111
2007-09-30,"West Coast","Reg",0.5084,0.8002,0.9281
2007-12-31,"Ashburton District","TA",0.5377,0.854,0.959
2007-12-31,"Buller District","TA",0.5273,0.8375,0.9812
2007-12-31,"Carterton District","TA",0.4884,0.7757,0.9522
2007-12-31,"Central Hawkes Bay District","TA",0.4784,0.7598,0.8939
2007-12-31,"Central Otago District","TA",0.5118,0.8129,0.8586
2007-12-31,"Christchurch City","TA",0.5411,0.8595,0.9512
2007-12-31,"Clutha District","TA",0.492,0.7814,0.9719
2007-12-31,"Dunedin City","TA",0.5394,0.8568,1.0584
2007-12-31,"Far North District","TA",0.4619,0.7337,0.992
2007-12-31,"Gisborne District","TA",0.466,0.7402,0.9706
2007-12-31,"Gore District","TA",0.5879,0.9339,1.0381
2007-12-31,"Grey District","TA",0.4747,0.754,0.9708
2007-12-31,"Hamilton City","TA",0.5157,0.8191,0.9383
2007-12-31,"Hastings District","TA",0.5291,0.8405,0.9488
2007-12-31,"Hauraki District","TA",0.5073,0.8057,0.9588
2007-12-31,"Horowhenua District","TA",0.474,0.7529,0.939
2007-12-31,"Hurunui District","TA",0.5212,0.8279,1.0213
2007-12-31,"Invercargill City","TA",0.5116,0.8126,0.9375
2007-12-31,"Kaikoura District","TA",0.4403,0.6994,0.911
2007-12-31,"Kaipara District","TA",0.446,0.7084,1.0238
2007-12-31,"Kapiti Coast District","TA",0.5262,0.8358,0.994
2007-12-31,"Kawerau District","TA",0.4298,0.6827,0.9555
2007-12-31,"Hutt City","TA",0.5189,0.8242,0.9645
2007-12-31,"MacKenzie District","TA",0.542,0.8609,0.7953
2007-12-31,"Manawatu District","TA",0.509,0.8084,0.914
2007-12-31,"Marlborough District","TA",0.4945,0.7854,0.8745
2007-12-31,"Masterton District","TA",0.4754,0.755,0.9895
2007-12-31,"Matamata Piako District","TA",0.5084,0.8076,0.9933
2007-12-31,"Napier City","TA",0.5232,0.8311,0.9369
2007-12-31,"Nelson City","TA",0.5742,0.9121,1
2007-12-31,"New Plymouth District","TA",0.5288,0.8399,0.9186
2007-12-31,"New Zealand","NZ",0.5455,0.8664,0.9894
2007-12-31,"Opotiki District","TA",0.4596,0.73,1.0469
2007-12-31,"Otorohanga District","TA",0.4289,0.6813,0.9393
2007-12-31,"Palmerston North City","TA",0.5201,0.826,0.9801
2007-12-31,"Porirua City","TA",0.5335,0.8474,1.0252
2007-12-31,"Queenstown Lakes District","TA",0.5464,0.8679,0.9893
2007-12-31,"Rangitikei District","TA",0.5061,0.8038,0.9583
2007-12-31,"Rotorua District","TA",0.5056,0.8031,1.0141
2007-12-31,"Ruapehu District","TA",0.4889,0.7766,1.0264
2007-12-31,"Selwyn District","TA",0.5748,0.9129,0.8927
2007-12-31,"South Taranaki District","TA",0.5524,0.8774,0.995
2007-12-31,"South Waikato District","TA",0.4708,0.7478,0.9103
2007-12-31,"South Wairarapa District","TA",0.4886,0.776,0.9087
2007-12-31,"Southland District","TA",0.5789,0.9195,0.9519
2007-12-31,"Stratford District","TA",0.5299,0.8416,0.9944
2007-12-31,"Tararua District","TA",0.5215,0.8283,0.967
2007-12-31,"Tasman District","TA",0.5483,0.8709,0.996
2007-12-31,"Taupo District","TA",0.5104,0.8106,0.9771
2007-12-31,"Tauranga City","TA",0.5093,0.8089,0.9609
2007-12-31,"Thames Coromandel District","TA",0.5234,0.8314,1.0018
2007-12-31,"Timaru District","TA",0.5311,0.8436,0.9841
2007-12-31,"Upper Hutt City","TA",0.4944,0.7853,0.9431
2007-12-31,"Waikato District","TA",0.5098,0.8097,0.9526
2007-12-31,"Waimakariri District","TA",0.577,0.9165,0.9514
2007-12-31,"Waimate District","TA",0.4798,0.7621,0.8866
2007-12-31,"Waipa District","TA",0.5196,0.8253,0.962
2007-12-31,"Wairoa District","TA",0.5082,0.8072,0.9417
2007-12-31,"Waitaki District","TA",0.5064,0.8044,0.9941
2007-12-31,"Waitomo District","TA",0.4252,0.6753,0.9385
2007-12-31,"Wellington City","TA",0.535,0.8497,1.0205
2007-12-31,"Western Bay of Plenty District","TA",0.5316,0.8444,0.9988
2007-12-31,"Westland District","TA",0.5032,0.7992,0.8838
2007-12-31,"Whakatane District","TA",0.5237,0.8319,0.9704
2007-12-31,"Whanganui District","TA",0.5081,0.8071,0.9385
2007-12-31,"Whangarei District","TA",0.4783,0.7597,0.9372
2007-12-31,"Auckland","Reg",0.586,0.9308,1.0192
2007-12-31,"Bay of Plenty","Reg",0.5136,0.8157,0.9794
2007-12-31,"Canterbury","Reg",0.5473,0.8693,0.9507
2007-12-31,"Gisborne","Reg",0.466,0.7402,0.9706
2007-12-31,"Hawke's Bay","Reg",0.5247,0.8333,0.945
2007-12-31,"Manawatu-Wanganui","Reg",0.5069,0.8052,0.9654
2007-12-31,"Marlborough","Reg",0.4945,0.7854,0.8745
2007-12-31,"Nelson","Reg",0.5742,0.9121,1
2007-12-31,"Northland","Reg",0.4684,0.744,0.9588
2007-12-31,"Otago","Reg",0.5303,0.8424,1.0268
2007-12-31,"Southland","Reg",0.5344,0.8488,0.9523
2007-12-31,"Taranaki","Reg",0.537,0.8529,0.9395
2007-12-31,"Tasman","Reg",0.5483,0.8709,0.9961
2007-12-31,"Waikato","Reg",0.5072,0.8057,0.9483
2007-12-31,"Wellington","Reg",0.5218,0.8288,0.9998
2007-12-31,"West Coast","Reg",0.5074,0.806,0.9464
2008-03-31,"Ashburton District","TA",0.5181,0.8496,0.9334
2008-03-31,"Buller District","TA",0.5324,0.873,1.0224
2008-03-31,"Carterton District","TA",0.4853,0.7958,0.9279
2008-03-31,"Central Hawkes Bay District","TA",0.4808,0.7885,0.9031
2008-03-31,"Central Otago District","TA",0.5062,0.8301,0.876
2008-03-31,"Christchurch City","TA",0.5281,0.866,0.9442
2008-03-31,"Clutha District","TA",0.4676,0.7668,0.8983
2008-03-31,"Dunedin City","TA",0.5331,0.8742,1.0465
2008-03-31,"Far North District","TA",0.4505,0.7388,0.9787
2008-03-31,"Gisborne District","TA",0.4446,0.729,0.973
2008-03-31,"Gore District","TA",0.574,0.9413,1.0455
2008-03-31,"Grey District","TA",0.4565,0.7486,0.8899
2008-03-31,"Hamilton City","TA",0.5099,0.8362,0.9324
2008-03-31,"Hastings District","TA",0.5078,0.8327,0.9665
2008-03-31,"Hauraki District","TA",0.4891,0.802,0.9441
2008-03-31,"Horowhenua District","TA",0.4695,0.7699,0.9623
2008-03-31,"Hurunui District","TA",0.5264,0.8633,0.9869
2008-03-31,"Invercargill City","TA",0.4912,0.8054,0.9319
2008-03-31,"Kaikoura District","TA",0.4792,0.7858,0.9356
2008-03-31,"Kaipara District","TA",0.4664,0.7648,1.0024
2008-03-31,"Kapiti Coast District","TA",0.5225,0.8567,0.9775
2008-03-31,"Kawerau District","TA",0.4385,0.7191,0.9748
2008-03-31,"Hutt City","TA",0.5099,0.8361,0.9492
2008-03-31,"MacKenzie District","TA",0.4937,0.8095,0.9041
2008-03-31,"Manawatu District","TA",0.5031,0.8249,0.926
2008-03-31,"Marlborough District","TA",0.4899,0.8034,0.8716
2008-03-31,"Masterton District","TA",0.4594,0.7533,1.0165
2008-03-31,"Matamata Piako District","TA",0.4933,0.809,0.9854
2008-03-31,"Napier City","TA",0.5059,0.8296,0.9263
2008-03-31,"Nelson City","TA",0.5652,0.9267,0.9963
2008-03-31,"New Plymouth District","TA",0.5217,0.8555,0.9195
2008-03-31,"New Zealand","NZ",0.5375,0.8814,0.9783
2008-03-31,"Opotiki District","TA",0.4435,0.7272,1.0334
2008-03-31,"Otorohanga District","TA",0.4262,0.6989,0.8708
2008-03-31,"Palmerston North City","TA",0.5193,0.8516,0.9845
2008-03-31,"Porirua City","TA",0.5261,0.8627,0.9972
2008-03-31,"Queenstown Lakes District","TA",0.5335,0.8748,0.9949
2008-03-31,"Rangitikei District","TA",0.5257,0.862,0.9305
2008-03-31,"Rotorua District","TA",0.4997,0.8193,1.003
2008-03-31,"Ruapehu District","TA",0.5167,0.8473,0.9889
2008-03-31,"Selwyn District","TA",0.5706,0.9356,1.0102
2008-03-31,"South Taranaki District","TA",0.5145,0.8436,0.9319
2008-03-31,"South Waikato District","TA",0.4491,0.7365,0.9039
2008-03-31,"South Wairarapa District","TA",0.4637,0.7603,0.9265
2008-03-31,"Southland District","TA",0.5337,0.8751,0.9036
2008-03-31,"Stratford District","TA",0.5158,0.8458,0.9996
2008-03-31,"Tararua District","TA",0.4933,0.8089,0.9729
2008-03-31,"Tasman District","TA",0.5333,0.8745,0.9748
2008-03-31,"Taupo District","TA",0.4957,0.8129,0.9785
2008-03-31,"Tauranga City","TA",0.4978,0.8162,0.9562
2008-03-31,"Thames Coromandel District","TA",0.5005,0.8208,0.9954
2008-03-31,"Timaru District","TA",0.5384,0.8828,0.9871
2008-03-31,"Upper Hutt City","TA",0.4937,0.8095,0.9269
2008-03-31,"Waikato District","TA",0.4369,0.7164,0.9526
2008-03-31,"Waimakariri District","TA",0.5759,0.9443,0.9526
2008-03-31,"Waimate District","TA",0.4813,0.7892,0.92
2008-03-31,"Waipa District","TA",0.5075,0.8322,0.9512
2008-03-31,"Wairoa District","TA",0.361,0.592,1.0012
2008-03-31,"Waitaki District","TA",0.4983,0.817,0.9951
2008-03-31,"Waitomo District","TA",0.3777,0.6194,0.9186
2008-03-31,"Wellington City","TA",0.525,0.8608,0.9634
2008-03-31,"Western Bay of Plenty District","TA",0.5048,0.8277,0.988
2008-03-31,"Westland District","TA",0.4875,0.7995,0.9423
2008-03-31,"Whakatane District","TA",0.5047,0.8276,0.958
2008-03-31,"Whanganui District","TA",0.4962,0.8137,0.9299
2008-03-31,"Whangarei District","TA",0.4764,0.7811,0.9195
2008-03-31,"Auckland","Reg",0.5839,0.9574,1.0149
2008-03-31,"Bay of Plenty","Reg",0.5009,0.8213,0.9719
2008-03-31,"Canterbury","Reg",0.537,0.8805,0.9478
2008-03-31,"Gisborne","Reg",0.4446,0.729,0.973
2008-03-31,"Hawke's Bay","Reg",0.5004,0.8206,0.9477
2008-03-31,"Manawatu-Wanganui","Reg",0.5036,0.8258,0.9649
2008-03-31,"Marlborough","Reg",0.4899,0.8034,0.8716
2008-03-31,"Nelson","Reg",0.5652,0.9267,0.9963
2008-03-31,"Northland","Reg",0.4657,0.7637,0.9402
2008-03-31,"Otago","Reg",0.5212,0.8546,1.016
2008-03-31,"Southland","Reg",0.5092,0.835,0.9433
2008-03-31,"Taranaki","Reg",0.5239,0.8591,0.9309
2008-03-31,"Tasman","Reg",0.5333,0.8745,0.9746
2008-03-31,"Waikato","Reg",0.49,0.8035,0.9438
2008-03-31,"Wellington","Reg",0.5135,0.842,0.9576
2008-03-31,"West Coast","Reg",0.4961,0.8135,0.9409
2008-06-30,"Ashburton District","TA",0.5647,0.9092,0.9562
2008-06-30,"Buller District","TA",0.5556,0.8945,1.0529
2008-06-30,"Carterton District","TA",0.5123,0.8249,0.9666
2008-06-30,"Central Hawkes Bay District","TA",0.5225,0.8413,0.8637
2008-06-30,"Central Otago District","TA",0.541,0.871,0.8904
2008-06-30,"Christchurch City","TA",0.5758,0.9271,0.9677
2008-06-30,"Clutha District","TA",0.5159,0.8306,0.9619
2008-06-30,"Dunedin City","TA",0.5833,0.9391,1.1424
2008-06-30,"Far North District","TA",0.4817,0.7756,0.9803
2008-06-30,"Gisborne District","TA",0.4865,0.7833,0.9749
2008-06-30,"Gore District","TA",0.5967,0.9608,1.104
2008-06-30,"Grey District","TA",0.4845,0.78,0.9613
2008-06-30,"Hamilton City","TA",0.5494,0.8846,0.9405
2008-06-30,"Hastings District","TA",0.55,0.8855,0.9529
2008-06-30,"Hauraki District","TA",0.5006,0.806,0.9519
2008-06-30,"Horowhenua District","TA",0.5021,0.8084,0.9619
2008-06-30,"Hurunui District","TA",0.5457,0.8786,1.003
2008-06-30,"Invercargill City","TA",0.5438,0.8755,0.9356
2008-06-30,"Kaikoura District","TA",0.4686,0.7545,1.0355
2008-06-30,"Kaipara District","TA",0.4793,0.7717,1.0099
2008-06-30,"Kapiti Coast District","TA",0.5626,0.9059,0.9689
2008-06-30,"Kawerau District","TA",0.4894,0.788,0.9101
2008-06-30,"Hutt City","TA",0.5458,0.8788,0.9381
2008-06-30,"MacKenzie District","TA",0.5333,0.8586,0.8686
2008-06-30,"Manawatu District","TA",0.5459,0.8789,0.942
2008-06-30,"Marlborough District","TA",0.5295,0.8526,0.8849
2008-06-30,"Masterton District","TA",0.5184,0.8347,1.0148
2008-06-30,"Matamata Piako District","TA",0.5286,0.8511,0.9721
2008-06-30,"Napier City","TA",0.5483,0.8828,0.9444
2008-06-30,"Nelson City","TA",0.6007,0.9671,1.015
2008-06-30,"New Plymouth District","TA",0.558,0.8984,0.9316
2008-06-30,"New Zealand","NZ",0.5794,0.9329,0.9902
2008-06-30,"Opotiki District","TA",0.4927,0.7933,1.0406
2008-06-30,"Otorohanga District","TA",0.4266,0.6869,0.8928
2008-06-30,"Palmerston North City","TA",0.5725,0.9217,0.9872
2008-06-30,"Porirua City","TA",0.5667,0.9124,0.9923
2008-06-30,"Queenstown Lakes District","TA",0.5729,0.9224,0.9494
2008-06-30,"Rangitikei District","TA",0.5275,0.8493,0.971
2008-06-30,"Rotorua District","TA",0.534,0.8597,1.0067
2008-06-30,"Ruapehu District","TA",0.5103,0.8217,0.9013
2008-06-30,"Selwyn District","TA",0.6075,0.9781,0.9926
2008-06-30,"South Taranaki District","TA",0.5637,0.9076,0.9065
2008-06-30,"South Waikato District","TA",0.4858,0.7822,0.8958
2008-06-30,"South Wairarapa District","TA",0.4772,0.7684,0.8942
2008-06-30,"Southland District","TA",0.5146,0.8286,0.9419
2008-06-30,"Stratford District","TA",0.5736,0.9235,1.0012
2008-06-30,"Tararua District","TA",0.5632,0.9067,0.9996
2008-06-30,"Tasman District","TA",0.565,0.9098,0.9902
2008-06-30,"Taupo District","TA",0.5308,0.8546,0.9662
2008-06-30,"Tauranga City","TA",0.542,0.8727,0.9657
2008-06-30,"Thames Coromandel District","TA",0.5362,0.8633,1.0217
2008-06-30,"Timaru District","TA",0.5726,0.922,0.9878
2008-06-30,"Upper Hutt City","TA",0.5415,0.8718,0.9298
2008-06-30,"Waikato District","TA",0.5314,0.8556,0.9657
2008-06-30,"Waimakariri District","TA",0.6196,0.9976,0.9552
2008-06-30,"Waimate District","TA",0.5083,0.8184,0.9689
2008-06-30,"Waipa District","TA",0.5356,0.8623,0.9363
2008-06-30,"Wairoa District","TA",0.4209,0.6777,1.0108
2008-06-30,"Waitaki District","TA",0.5191,0.8358,0.9776
2008-06-30,"Waitomo District","TA",0.3928,0.6324,0.9578
2008-06-30,"Wellington City","TA",0.5753,0.9262,1.0137
2008-06-30,"Western Bay of Plenty District","TA",0.542,0.8726,0.9862
2008-06-30,"Westland District","TA",0.5188,0.8353,0.9572
2008-06-30,"Whakatane District","TA",0.5311,0.8552,0.9985
2008-06-30,"Whanganui District","TA",0.5241,0.8438,0.9478
2008-06-30,"Whangarei District","TA",0.5129,0.8258,0.9274
2008-06-30,"Auckland","Reg",0.6266,1.0089,1.0164
2008-06-30,"Bay of Plenty","Reg",0.5415,0.8718,0.9813
2008-06-30,"Canterbury","Reg",0.5826,0.938,0.9688
2008-06-30,"Gisborne","Reg",0.4865,0.7833,0.9749
2008-06-30,"Hawke's Bay","Reg",0.5435,0.875,0.9489
2008-06-30,"Manawatu-Wanganui","Reg",0.5432,0.8747,0.967
2008-06-30,"Marlborough","Reg",0.5295,0.8526,0.8849
2008-06-30,"Nelson","Reg",0.6007,0.9671,1.015
2008-06-30,"Northland","Reg",0.4975,0.8009,0.948
2008-06-30,"Otago","Reg",0.5644,0.9087,1.0505
2008-06-30,"Southland","Reg",0.5415,0.8719,0.9531
2008-06-30,"Taranaki","Reg",0.5626,0.9057,0.9353
2008-06-30,"Tasman","Reg",0.565,0.9098,0.9903
2008-06-30,"Waikato","Reg",0.5274,0.8491,0.9452
2008-06-30,"Wellington","Reg",0.5587,0.8995,0.9881
2008-06-30,"West Coast","Reg",0.524,0.8437,0.9854
2008-09-30,"Ashburton District","TA",0.6131,0.9328,0.9567
2008-09-30,"Buller District","TA",0.5691,0.8658,0.9652
2008-09-30,"Carterton District","TA",0.5594,0.8512,0.9618
2008-09-30,"Central Hawkes Bay District","TA",0.5912,0.8994,0.9084
2008-09-30,"Central Otago District","TA",0.5939,0.9035,0.9192
2008-09-30,"Christchurch City","TA",0.6367,0.9686,0.9985
2008-09-30,"Clutha District","TA",0.5527,0.8409,0.9997
2008-09-30,"Dunedin City","TA",0.6315,0.9608,1.1355
2008-09-30,"Far North District","TA",0.5321,0.8096,1.0058
2008-09-30,"Gisborne District","TA",0.5201,0.7914,0.9845
2008-09-30,"Gore District","TA",0.6602,1.0044,1.0965
2008-09-30,"Grey District","TA",0.5172,0.7869,0.9544
2008-09-30,"Hamilton City","TA",0.5972,0.9086,0.9595
2008-09-30,"Hastings District","TA",0.6035,0.9181,0.9802
2008-09-30,"Hauraki District","TA",0.5677,0.8638,0.9702
2008-09-30,"Horowhenua District","TA",0.5609,0.8534,0.9623
2008-09-30,"Hurunui District","TA",0.6269,0.9538,0.9272
2008-09-30,"Invercargill City","TA",0.5951,0.9054,0.9466
2008-09-30,"Kaikoura District","TA",0.5074,0.772,0.9404
2008-09-30,"Kaipara District","TA",0.5641,0.8582,1.0401
2008-09-30,"Kapiti Coast District","TA",0.6219,0.9461,1.0178
2008-09-30,"Kawerau District","TA",0.5311,0.8081,0.9788
2008-09-30,"Hutt City","TA",0.6051,0.9207,0.9622
2008-09-30,"MacKenzie District","TA",0.6013,0.9148,0.8814
2008-09-30,"Manawatu District","TA",0.6133,0.9331,0.9717
2008-09-30,"Marlborough District","TA",0.5817,0.885,0.8972
2008-09-30,"Masterton District","TA",0.5794,0.8815,1.0173
2008-09-30,"Matamata Piako District","TA",0.5548,0.8442,0.9839
2008-09-30,"Napier City","TA",0.6002,0.9132,0.9692
2008-09-30,"Nelson City","TA",0.6603,1.0047,1.0168
2008-09-30,"New Plymouth District","TA",0.6199,0.9432,0.9416
2008-09-30,"New Zealand","NZ",0.6327,0.9626,1.0145
2008-09-30,"Opotiki District","TA",0.5331,0.8111,1.0584
2008-09-30,"Otorohanga District","TA",0.5195,0.7904,0.9364
2008-09-30,"Palmerston North City","TA",0.6225,0.9471,0.9963
2008-09-30,"Porirua City","TA",0.6287,0.9565,1.0291
2008-09-30,"Queenstown Lakes District","TA",0.6197,0.9428,0.9739
2008-09-30,"Rangitikei District","TA",0.594,0.9037,0.962
2008-09-30,"Rotorua District","TA",0.5957,0.9064,1.0121
2008-09-30,"Ruapehu District","TA",0.5663,0.8616,1.0166
2008-09-30,"Selwyn District","TA",0.6681,1.0165,1.0524
2008-09-30,"South Taranaki District","TA",0.6122,0.9314,0.8967
2008-09-30,"South Waikato District","TA",0.5475,0.8329,0.9288
2008-09-30,"South Wairarapa District","TA",0.5848,0.8897,0.9193
2008-09-30,"Southland District","TA",0.5986,0.9107,0.9617
2008-09-30,"Stratford District","TA",0.6247,0.9504,1.0072
2008-09-30,"Tararua District","TA",0.6103,0.9286,0.9916
2008-09-30,"Tasman District","TA",0.6324,0.9622,1.0191
2008-09-30,"Taupo District","TA",0.5572,0.8478,0.9985
2008-09-30,"Tauranga City","TA",0.5929,0.9021,0.9977
2008-09-30,"Thames Coromandel District","TA",0.6004,0.9135,1.0325
2008-09-30,"Timaru District","TA",0.6331,0.9632,1.0025
2008-09-30,"Upper Hutt City","TA",0.5891,0.8963,0.9685
2008-09-30,"Waikato District","TA",0.6148,0.9354,0.9866
2008-09-30,"Waimakariri District","TA",0.6818,1.0373,1.027
2008-09-30,"Waimate District","TA",0.55,0.8368,0.9282
2008-09-30,"Waipa District","TA",0.5838,0.8882,0.9389
2008-09-30,"Wairoa District","TA",0.4126,0.6277,1.0272
2008-09-30,"Waitaki District","TA",0.5784,0.8801,0.9777
2008-09-30,"Waitomo District","TA",0.4985,0.7584,0.8807
2008-09-30,"Wellington City","TA",0.6204,0.944,1.0356
2008-09-30,"Western Bay of Plenty District","TA",0.5653,0.86,1.01
2008-09-30,"Westland District","TA",0.5546,0.8439,0.9445
2008-09-30,"Whakatane District","TA",0.5903,0.8981,0.969
2008-09-30,"Whanganui District","TA",0.5699,0.8671,0.9808
2008-09-30,"Whangarei District","TA",0.5632,0.8569,0.956
2008-09-30,"Auckland","Reg",0.6797,1.0341,1.0446
2008-09-30,"Bay of Plenty","Reg",0.5932,0.9025,1.0012
2008-09-30,"Canterbury","Reg",0.6437,0.9793,0.9991
2008-09-30,"Gisborne","Reg",0.5201,0.7914,0.9845
2008-09-30,"Hawke's Bay","Reg",0.5936,0.9031,0.9762
2008-09-30,"Manawatu-Wanganui","Reg",0.5969,0.9081,0.9837
2008-09-30,"Marlborough","Reg",0.5817,0.885,0.8971
2008-09-30,"Nelson","Reg",0.6603,1.0047,1.0168
2008-09-30,"Northland","Reg",0.552,0.8398,0.9767
2008-09-30,"Otago","Reg",0.613,0.9326,1.0676
2008-09-30,"Southland","Reg",0.6022,0.9162,0.964
2008-09-30,"Taranaki","Reg",0.6214,0.9454,0.9399
2008-09-30,"Tasman","Reg",0.6324,0.9622,1.0195
2008-09-30,"Waikato","Reg",0.5776,0.8789,0.9638
2008-09-30,"Wellington","Reg",0.6115,0.9303,1.0131
2008-09-30,"West Coast","Reg",0.5526,0.8408,0.9351
2008-12-31,"Ashburton District","TA",0.7454,0.9718,0.9981
2008-12-31,"Buller District","TA",0.6961,0.9074,0.9615
2008-12-31,"Carterton District","TA",0.7051,0.9192,0.9328
2008-12-31,"Central Hawkes Bay District","TA",0.6824,0.8896,0.9597
2008-12-31,"Central Otago District","TA",0.6935,0.904,0.929
2008-12-31,"Christchurch City","TA",0.7644,0.9964,1.0035
2008-12-31,"Clutha District","TA",0.651,0.8486,0.9726
2008-12-31,"Dunedin City","TA",0.7506,0.9785,1.0921
2008-12-31,"Far North District","TA",0.6331,0.8253,1.013
2008-12-31,"Gisborne District","TA",0.6793,0.8855,1.0087
2008-12-31,"Gore District","TA",0.787,1.0259,1.0965
2008-12-31,"Grey District","TA",0.6539,0.8524,0.9362
2008-12-31,"Hamilton City","TA",0.7268,0.9475,0.9682
2008-12-31,"Hastings District","TA",0.7319,0.9541,0.9811
2008-12-31,"Hauraki District","TA",0.6659,0.8681,0.9759
2008-12-31,"Horowhenua District","TA",0.6684,0.8713,0.9602
2008-12-31,"Hurunui District","TA",0.7503,0.9781,1.0781
2008-12-31,"Invercargill City","TA",0.7154,0.9326,0.9583
2008-12-31,"Kaikoura District","TA",0.6667,0.8691,0.9948
2008-12-31,"Kaipara District","TA",0.6862,0.8945,1.0688
2008-12-31,"Kapiti Coast District","TA",0.7546,0.9837,1.0054
2008-12-31,"Kawerau District","TA",0.7861,1.0248,0.9756
2008-12-31,"Hutt City","TA",0.7304,0.9521,0.9734
2008-12-31,"MacKenzie District","TA",0.6021,0.7849,1.0657
2008-12-31,"Manawatu District","TA",0.7545,0.9836,0.9835
2008-12-31,"Marlborough District","TA",0.6935,0.904,0.9092
2008-12-31,"Masterton District","TA",0.7183,0.9363,1.0505
2008-12-31,"Matamata Piako District","TA",0.6738,0.8784,0.9934
2008-12-31,"Napier City","TA",0.7423,0.9676,0.9875
2008-12-31,"Nelson City","TA",0.7888,1.0283,1.0128
2008-12-31,"New Plymouth District","TA",0.73,0.9516,0.952
2008-12-31,"New Zealand","NZ",0.765,0.9972,1.023
2008-12-31,"Opotiki District","TA",0.6374,0.8309,1.098
2008-12-31,"Otorohanga District","TA",0.6128,0.7988,0.97
2008-12-31,"Palmerston North City","TA",0.7534,0.9822,1.0059
2008-12-31,"Porirua City","TA",0.7482,0.9754,1.0276
2008-12-31,"Queenstown Lakes District","TA",0.7565,0.9862,1.0372
2008-12-31,"Rangitikei District","TA",0.7032,0.9167,1.0142
2008-12-31,"Rotorua District","TA",0.7178,0.9358,1.021
2008-12-31,"Ruapehu District","TA",0.72,0.9385,1.0571
2008-12-31,"Selwyn District","TA",0.82,1.069,1.0203
2008-12-31,"South Taranaki District","TA",0.7274,0.9482,0.9238
2008-12-31,"South Waikato District","TA",0.647,0.8435,0.9356
2008-12-31,"South Wairarapa District","TA",0.6685,0.8715,0.9003
2008-12-31,"Southland District","TA",0.6834,0.8909,0.9734
2008-12-31,"Stratford District","TA",0.7376,0.9615,0.9976
2008-12-31,"Tararua District","TA",0.6936,0.9042,1.0284
2008-12-31,"Tasman District","TA",0.7484,0.9756,1.0045
2008-12-31,"Taupo District","TA",0.7014,0.9143,1.0215
2008-12-31,"Tauranga City","TA",0.7091,0.9244,0.9949
2008-12-31,"Thames Coromandel District","TA",0.7024,0.9156,1.0079
2008-12-31,"Timaru District","TA",0.7497,0.9773,1.0145
2008-12-31,"Upper Hutt City","TA",0.7142,0.931,0.97
2008-12-31,"Waikato District","TA",0.753,0.9817,0.9808
2008-12-31,"Waimakariri District","TA",0.8275,1.0787,1.0263
2008-12-31,"Waimate District","TA",0.6963,0.9077,0.9547
2008-12-31,"Waipa District","TA",0.69,0.8995,0.9512
2008-12-31,"Wairoa District","TA",0.5265,0.6864,1.0719
2008-12-31,"Waitaki District","TA",0.6934,0.9039,1.02
2008-12-31,"Waitomo District","TA",0.5306,0.6916,0.9546
2008-12-31,"Wellington City","TA",0.7496,0.9772,1.0243
2008-12-31,"Western Bay of Plenty District","TA",0.7106,0.9264,1.0197
2008-12-31,"Westland District","TA",0.6402,0.8345,0.9708
2008-12-31,"Whakatane District","TA",0.6882,0.8971,1.0118
2008-12-31,"Whanganui District","TA",0.6811,0.8878,0.991
2008-12-31,"Whangarei District","TA",0.693,0.9034,0.9698
2008-12-31,"Auckland","Reg",0.8252,1.0757,1.0572
2008-12-31,"Bay of Plenty","Reg",0.7144,0.9313,1.008
2008-12-31,"Canterbury","Reg",0.7731,1.0078,1.0067
2008-12-31,"Gisborne","Reg",0.6793,0.8855,1.0087
2008-12-31,"Hawke's Bay","Reg",0.7257,0.946,0.9883
2008-12-31,"Manawatu-Wanganui","Reg",0.7197,0.9383,0.9997
2008-12-31,"Marlborough","Reg",0.6935,0.904,0.9091
2008-12-31,"Nelson","Reg",0.7888,1.0283,1.013
2008-12-31,"Northland","Reg",0.6704,0.8739,0.9904
2008-12-31,"Otago","Reg",0.7335,0.9563,1.0716
2008-12-31,"Southland","Reg",0.7148,0.9318,0.9749
2008-12-31,"Taranaki","Reg",0.7313,0.9534,0.9492
2008-12-31,"Tasman","Reg",0.7484,0.9756,1.0038
2008-12-31,"Waikato","Reg",0.6961,0.9075,0.9725
2008-12-31,"Wellington","Reg",0.7391,0.9635,1.009
2008-12-31,"West Coast","Reg",0.6758,0.881,0.9492
2009-03-31,"Ashburton District","TA",0.9393,0.9887,1.0012
2009-03-31,"Buller District","TA",0.969,1.02,0.9776
2009-03-31,"Carterton District","TA",0.8861,0.9327,0.9513
2009-03-31,"Central Hawkes Bay District","TA",0.9076,0.9553,0.9061
2009-03-31,"Central Otago District","TA",0.8855,0.9321,0.9177
2009-03-31,"Christchurch City","TA",0.9506,1.0006,0.9973
2009-03-31,"Clutha District","TA",0.8231,0.8663,0.9536
2009-03-31,"Dunedin City","TA",0.9475,0.9973,1.0535
2009-03-31,"Far North District","TA",0.8391,0.8832,1.0233
2009-03-31,"Gisborne District","TA",0.8472,0.8918,0.9949
2009-03-31,"Gore District","TA",1.0149,1.0683,1.0507
2009-03-31,"Grey District","TA",0.8224,0.8657,0.9263
2009-03-31,"Hamilton City","TA",0.905,0.9527,0.9723
2009-03-31,"Hastings District","TA",0.915,0.9632,0.969
2009-03-31,"Hauraki District","TA",0.8524,0.8972,0.9841
2009-03-31,"Horowhenua District","TA",0.841,0.8852,0.9856
2009-03-31,"Hurunui District","TA",0.9244,0.973,1.0463
2009-03-31,"Invercargill City","TA",0.9181,0.9664,0.976
2009-03-31,"Kaikoura District","TA",0.7943,0.8361,1.009
2009-03-31,"Kaipara District","TA",0.8733,0.9193,1.0491
2009-03-31,"Kapiti Coast District","TA",0.9432,0.9928,1.011
2009-03-31,"Kawerau District","TA",0.8506,0.8953,1.0227
2009-03-31,"Hutt City","TA",0.9125,0.9605,0.9559
2009-03-31,"MacKenzie District","TA",0.8831,0.9295,1.2752
2009-03-31,"Manawatu District","TA",0.9163,0.9645,1.0006
2009-03-31,"Marlborough District","TA",0.8772,0.9234,0.8796
2009-03-31,"Masterton District","TA",0.8781,0.9243,1.0416
2009-03-31,"Matamata Piako District","TA",0.8847,0.9312,1.0047
2009-03-31,"Napier City","TA",0.917,0.9652,0.9873
2009-03-31,"Nelson City","TA",0.9967,1.0491,1.0196
2009-03-31,"New Plymouth District","TA",0.9027,0.9502,0.9711
2009-03-31,"New Zealand","NZ",0.9587,1.0091,1.0171
2009-03-31,"Opotiki District","TA",0.7727,0.8133,1.0725
2009-03-31,"Otorohanga District","TA",0.7693,0.8098,0.9586
2009-03-31,"Palmerston North City","TA",0.9419,0.9914,1.033
2009-03-31,"Porirua City","TA",0.9222,0.9707,1.0209
2009-03-31,"Queenstown Lakes District","TA",0.9531,1.0033,1.0778
2009-03-31,"Rangitikei District","TA",0.9126,0.9606,1.0191
2009-03-31,"Rotorua District","TA",0.8821,0.9285,1.0216
2009-03-31,"Ruapehu District","TA",0.8942,0.9412,1.0264
2009-03-31,"Selwyn District","TA",0.9951,1.0475,1.06
2009-03-31,"South Taranaki District","TA",0.8927,0.9396,0.9303
2009-03-31,"South Waikato District","TA",0.8176,0.8607,0.9343
2009-03-31,"South Wairarapa District","TA",0.8925,0.9394,0.9557
2009-03-31,"Southland District","TA",0.9152,0.9634,1.0022
2009-03-31,"Stratford District","TA",0.9288,0.9777,1.0238
2009-03-31,"Tararua District","TA",0.8568,0.9018,0.9478
2009-03-31,"Tasman District","TA",0.9517,1.0017,1.0205
2009-03-31,"Taupo District","TA",0.8877,0.9344,0.9858
2009-03-31,"Tauranga City","TA",0.8855,0.932,1.0018
2009-03-31,"Thames Coromandel District","TA",0.8945,0.9415,1.0198
2009-03-31,"Timaru District","TA",0.933,0.9821,1.0078
2009-03-31,"Upper Hutt City","TA",0.8897,0.9365,0.953
2009-03-31,"Waikato District","TA",0.9384,0.9877,0.9814
2009-03-31,"Waimakariri District","TA",1.0368,1.0913,1.0399
2009-03-31,"Waimate District","TA",0.8866,0.9332,1.0183
2009-03-31,"Waipa District","TA",0.878,0.9242,0.9636
2009-03-31,"Wairoa District","TA",0.6496,0.6838,1.0301
2009-03-31,"Waitaki District","TA",0.9229,0.9715,0.9976
2009-03-31,"Waitomo District","TA",0.843,0.8874,0.9302
2009-03-31,"Wellington City","TA",0.9314,0.9804,0.986
2009-03-31,"Western Bay of Plenty District","TA",0.9097,0.9576,1.0322
2009-03-31,"Westland District","TA",0.7793,0.8203,0.948
2009-03-31,"Whakatane District","TA",0.8706,0.9164,1.0054
2009-03-31,"Whanganui District","TA",0.8598,0.9051,0.985
2009-03-31,"Whangarei District","TA",0.891,0.9379,0.976
2009-03-31,"Auckland","Reg",1.0306,1.0848,1.0602
2009-03-31,"Bay of Plenty","Reg",0.8907,0.9375,1.0126
2009-03-31,"Canterbury","Reg",0.9624,1.013,1.0042
2009-03-31,"Gisborne","Reg",0.8472,0.8918,0.9949
2009-03-31,"Hawke's Bay","Reg",0.9041,0.9517,0.9783
2009-03-31,"Manawatu-Wanganui","Reg",0.9009,0.9483,1.014
2009-03-31,"Marlborough","Reg",0.8772,0.9234,0.8796
2009-03-31,"Nelson","Reg",0.9967,1.0491,1.0196
2009-03-31,"Northland","Reg",0.8715,0.9174,0.9957
2009-03-31,"Otago","Reg",0.9301,0.979,1.0359
2009-03-31,"Southland","Reg",0.9277,0.9765,0.9894
2009-03-31,"Taranaki","Reg",0.9044,0.9519,0.9687
2009-03-31,"Tasman","Reg",0.9517,1.0017,1.0206
2009-03-31,"Waikato","Reg",0.8821,0.9285,0.9778
2009-03-31,"Wellington","Reg",0.92,0.9684,0.98
2009-03-31,"West Coast","Reg",0.8657,0.9112,0.9406
2009-06-30,"Ashburton District","TA",0.9208,0.986,0.9651
2009-06-30,"Buller District","TA",0.9506,1.018,1.0775
2009-06-30,"Carterton District","TA",0.8442,0.9041,0.9433
2009-06-30,"Central Hawkes Bay District","TA",0.8988,0.9625,0.9327
2009-06-30,"Central Otago District","TA",0.8901,0.9532,0.9524
2009-06-30,"Christchurch City","TA",0.9157,0.9806,1.0332
2009-06-30,"Clutha District","TA",0.8197,0.8778,0.9592
2009-06-30,"Dunedin City","TA",0.9128,0.9775,1.1337
2009-06-30,"Far North District","TA",0.8111,0.8686,1.0272
2009-06-30,"Gisborne District","TA",0.8355,0.8948,1.003
2009-06-30,"Gore District","TA",0.989,1.0591,1.0402
2009-06-30,"Grey District","TA",0.7981,0.8547,0.9087
2009-06-30,"Hamilton City","TA",0.8723,0.9342,0.9757
2009-06-30,"Hastings District","TA",0.8895,0.9526,0.9789
2009-06-30,"Hauraki District","TA",0.8586,0.9195,0.9904
2009-06-30,"Horowhenua District","TA",0.8292,0.8879,0.9821
2009-06-30,"Hurunui District","TA",0.9117,0.9763,1.1011
2009-06-30,"Invercargill City","TA",0.8782,0.9404,0.9514
2009-06-30,"Kaikoura District","TA",0.8518,0.9122,1.0785
2009-06-30,"Kaipara District","TA",0.8735,0.9354,1.019
2009-06-30,"Kapiti Coast District","TA",0.9185,0.9836,1.0102
2009-06-30,"Kawerau District","TA",0.8025,0.8594,1.05
2009-06-30,"Hutt City","TA",0.9025,0.9665,0.9663
2009-06-30,"MacKenzie District","TA",0.8693,0.9309,1.5065
2009-06-30,"Manawatu District","TA",0.9067,0.971,0.9948
2009-06-30,"Marlborough District","TA",0.8633,0.9245,0.8976
2009-06-30,"Masterton District","TA",0.8669,0.9283,1.0283
2009-06-30,"Matamata Piako District","TA",0.8685,0.9301,1.0042
2009-06-30,"Napier City","TA",0.8932,0.9565,1.0012
2009-06-30,"Nelson City","TA",0.9545,1.0222,1.0567
2009-06-30,"New Plymouth District","TA",0.881,0.9434,0.9553
2009-06-30,"New Zealand","NZ",0.9293,0.9952,1.0343
2009-06-30,"Opotiki District","TA",0.8469,0.9069,1.0183
2009-06-30,"Otorohanga District","TA",0.8228,0.8812,0.9679
2009-06-30,"Palmerston North City","TA",0.9039,0.968,1.0255
2009-06-30,"Porirua City","TA",0.9086,0.973,1.0208
2009-06-30,"Queenstown Lakes District","TA",0.9325,0.9987,1.016
2009-06-30,"Rangitikei District","TA",0.9163,0.9812,1.0296
2009-06-30,"Rotorua District","TA",0.8666,0.928,1.0398
2009-06-30,"Ruapehu District","TA",0.8418,0.9015,0.958
2009-06-30,"Selwyn District","TA",0.9981,1.0689,1.0905
2009-06-30,"South Taranaki District","TA",0.8883,0.9512,0.894
2009-06-30,"South Waikato District","TA",0.8518,0.9122,0.9547
2009-06-30,"South Wairarapa District","TA",0.8953,0.9588,0.9769
2009-06-30,"Southland District","TA",0.876,0.9381,0.9596
2009-06-30,"Stratford District","TA",0.8689,0.9305,0.9971
2009-06-30,"Tararua District","TA",0.8448,0.9047,0.9835
2009-06-30,"Tasman District","TA",0.9205,0.9858,1.013
2009-06-30,"Taupo District","TA",0.8718,0.9336,0.9999
2009-06-30,"Tauranga City","TA",0.8606,0.9217,0.9976
2009-06-30,"Thames Coromandel District","TA",0.8806,0.943,1.0301
2009-06-30,"Timaru District","TA",0.9087,0.9731,1.0115
2009-06-30,"Upper Hutt City","TA",0.8674,0.9289,0.9729
2009-06-30,"Waikato District","TA",0.8963,0.9598,1.0107
2009-06-30,"Waimakariri District","TA",1.0191,1.0914,1.067
2009-06-30,"Waimate District","TA",0.8637,0.925,0.9851
2009-06-30,"Waipa District","TA",0.8461,0.9061,0.9731
2009-06-30,"Wairoa District","TA",0.9728,1.0418,1.1015
2009-06-30,"Waitaki District","TA",0.8837,0.9463,1.0079
2009-06-30,"Waitomo District","TA",0.871,0.9328,0.9411
2009-06-30,"Wellington City","TA",0.8977,0.9613,1.0317
2009-06-30,"Western Bay of Plenty District","TA",0.8717,0.9335,1.0228
2009-06-30,"Westland District","TA",0.8323,0.8913,0.9746
2009-06-30,"Whakatane District","TA",0.8619,0.923,1.0071
2009-06-30,"Whanganui District","TA",0.8543,0.9149,0.9938
2009-06-30,"Whangarei District","TA",0.8496,0.9098,0.9872
2009-06-30,"Auckland","Reg",0.9935,1.064,1.0669
2009-06-30,"Bay of Plenty","Reg",0.8686,0.9302,1.0139
2009-06-30,"Canterbury","Reg",0.9319,0.998,1.0343
2009-06-30,"Gisborne","Reg",0.8355,0.8948,1.003
2009-06-30,"Hawke's Bay","Reg",0.8949,0.9584,0.9924
2009-06-30,"Manawatu-Wanganui","Reg",0.8795,0.9418,1.0079
2009-06-30,"Marlborough","Reg",0.8633,0.9245,0.8976
2009-06-30,"Nelson","Reg",0.9545,1.0222,1.0567
2009-06-30,"Northland","Reg",0.839,0.8985,1.0048
2009-06-30,"Otago","Reg",0.9052,0.9694,1.0918
2009-06-30,"Southland","Reg",0.8889,0.952,0.9631
2009-06-30,"Taranaki","Reg",0.8839,0.9466,0.9477
2009-06-30,"Tasman","Reg",0.9205,0.9858,1.013
2009-06-30,"Waikato","Reg",0.8628,0.924,0.9817
2009-06-30,"Wellington","Reg",0.8951,0.9586,1.0123
2009-06-30,"West Coast","Reg",0.8647,0.9261,0.9704
2009-09-30,"Ashburton District","TA",0.8899,0.9891,0.9991
2009-09-30,"Buller District","TA",0.9498,1.0557,0.9954
2009-09-30,"Carterton District","TA",0.8207,0.9122,0.963
2009-09-30,"Central Hawkes Bay District","TA",0.8437,0.9378,0.9202
2009-09-30,"Central Otago District","TA",0.8808,0.979,0.9637
2009-09-30,"Christchurch City","TA",0.8737,0.9711,1.0471
2009-09-30,"Clutha District","TA",0.786,0.8737,1.0156
2009-09-30,"Dunedin City","TA",0.8531,0.9482,1.1837
2009-09-30,"Far North District","TA",0.791,0.8792,1.0544
2009-09-30,"Gisborne District","TA",0.7958,0.8845,1.0093
2009-09-30,"Gore District","TA",0.9645,1.072,1.0559
2009-09-30,"Grey District","TA",0.7992,0.8883,0.9017
2009-09-30,"Hamilton City","TA",0.844,0.9381,0.9813
2009-09-30,"Hastings District","TA",0.8414,0.9352,0.9886
2009-09-30,"Hauraki District","TA",0.8292,0.9216,1.0012
2009-09-30,"Horowhenua District","TA",0.7953,0.8839,0.9908
2009-09-30,"Hurunui District","TA",0.8977,0.9978,1.1144
2009-09-30,"Invercargill City","TA",0.8394,0.933,0.9679
2009-09-30,"Kaikoura District","TA",0.7991,0.8882,0.9816
2009-09-30,"Kaipara District","TA",0.8678,0.9646,1.0937
2009-09-30,"Kapiti Coast District","TA",0.8665,0.9631,1.0073
2009-09-30,"Kawerau District","TA",0.7714,0.8574,1.0463
2009-09-30,"Hutt City","TA",0.8372,0.9305,0.9846
2009-09-30,"MacKenzie District","TA",0.8299,0.9224,1.0963
2009-09-30,"Manawatu District","TA",0.8498,0.9446,0.9951
2009-09-30,"Marlborough District","TA",0.8063,0.8962,0.9229
2009-09-30,"Masterton District","TA",0.8162,0.9072,1.0359
2009-09-30,"Matamata Piako District","TA",0.8301,0.9226,1.0041
2009-09-30,"Napier City","TA",0.8365,0.9297,0.9852
2009-09-30,"Nelson City","TA",0.9183,1.0207,1.035
2009-09-30,"New Plymouth District","TA",0.8234,0.9152,0.982
2009-09-30,"New Zealand","NZ",0.8816,0.9799,1.0436
2009-09-30,"Opotiki District","TA",0.7936,0.882,1.0545
2009-09-30,"Otorohanga District","TA",0.7501,0.8338,0.9727
2009-09-30,"Palmerston North City","TA",0.8691,0.966,1.0266
2009-09-30,"Porirua City","TA",0.8592,0.955,1.0157
2009-09-30,"Queenstown Lakes District","TA",0.9145,1.0165,1.0493
2009-09-30,"Rangitikei District","TA",0.8252,0.9172,1.0153
2009-09-30,"Rotorua District","TA",0.8497,0.9444,1.0413
2009-09-30,"Ruapehu District","TA",0.8624,0.9585,1.0243
2009-09-30,"Selwyn District","TA",0.9756,1.0844,1.105
2009-09-30,"South Taranaki District","TA",0.8444,0.9385,0.9229
2009-09-30,"South Waikato District","TA",0.8207,0.9122,0.9479
2009-09-30,"South Wairarapa District","TA",0.8789,0.9769,0.9828
2009-09-30,"Southland District","TA",0.8846,0.9833,0.983
2009-09-30,"Stratford District","TA",0.8171,0.9082,1.0159
2009-09-30,"Tararua District","TA",0.7931,0.8816,0.9906
2009-09-30,"Tasman District","TA",0.865,0.9614,1.0237
2009-09-30,"Taupo District","TA",0.8337,0.9267,1.018
2009-09-30,"Tauranga City","TA",0.8362,0.9294,1.013
2009-09-30,"Thames Coromandel District","TA",0.8591,0.9548,1.0242
2009-09-30,"Timaru District","TA",0.8699,0.9669,1.0047
2009-09-30,"Upper Hutt City","TA",0.8355,0.9286,0.9789
2009-09-30,"Waikato District","TA",0.8967,0.9967,1.0227
2009-09-30,"Waimakariri District","TA",0.961,1.0681,1.0693
2009-09-30,"Waimate District","TA",0.8347,0.9278,0.9914
2009-09-30,"Waipa District","TA",0.8166,0.9077,0.9926
2009-09-30,"Wairoa District","TA",0.8984,0.9986,1.0235
2009-09-30,"Waitaki District","TA",0.8784,0.9763,0.9956
2009-09-30,"Waitomo District","TA",0.7623,0.8473,0.9638
2009-09-30,"Wellington City","TA",0.8642,0.9606,1.0538
2009-09-30,"Western Bay of Plenty District","TA",0.8099,0.9002,1.0349
2009-09-30,"Westland District","TA",0.7606,0.8454,0.9941
2009-09-30,"Whakatane District","TA",0.8207,0.9122,1.0078
2009-09-30,"Whanganui District","TA",0.8129,0.9036,1.0322
2009-09-30,"Whangarei District","TA",0.8463,0.9406,0.9925
2009-09-30,"Auckland","Reg",0.9277,1.0311,1.0709
2009-09-30,"Bay of Plenty","Reg",0.84,0.9336,1.0239
2009-09-30,"Canterbury","Reg",0.8904,0.9897,1.0472
2009-09-30,"Gisborne","Reg",0.7958,0.8845,1.0093
2009-09-30,"Hawke's Bay","Reg",0.8418,0.9356,0.9868
2009-09-30,"Manawatu-Wanganui","Reg",0.841,0.9347,1.0187
2009-09-30,"Marlborough","Reg",0.8063,0.8962,0.9229
2009-09-30,"Nelson","Reg",0.9183,1.0207,1.035
2009-09-30,"Northland","Reg",0.8295,0.922,1.0185
2009-09-30,"Otago","Reg",0.8675,0.9643,1.1269
2009-09-30,"Southland","Reg",0.8624,0.9586,0.9816
2009-09-30,"Taranaki","Reg",0.8273,0.9195,0.9736
2009-09-30,"Tasman","Reg",0.865,0.9614,1.0237
2009-09-30,"Waikato","Reg",0.837,0.9303,0.9899
2009-09-30,"Wellington","Reg",0.8526,0.9476,1.0281
2009-09-30,"West Coast","Reg",0.845,0.9392,0.942
2009-12-31,"Ashburton District","TA",0.8021,0.9823,1.0131
2009-12-31,"Buller District","TA",0.8209,1.0054,1.0056
2009-12-31,"Carterton District","TA",0.6995,0.8567,0.9721
2009-12-31,"Central Hawkes Bay District","TA",0.7673,0.9398,0.9434
2009-12-31,"Central Otago District","TA",0.7635,0.9351,0.9771
2009-12-31,"Christchurch City","TA",0.7761,0.9505,1.0226
2009-12-31,"Clutha District","TA",0.7142,0.8747,1.0105
2009-12-31,"Dunedin City","TA",0.7672,0.9396,1.1087
2009-12-31,"Far North District","TA",0.7036,0.8617,1.0278
2009-12-31,"Gisborne District","TA",0.7071,0.866,1.0014
2009-12-31,"Gore District","TA",0.8494,1.0402,1.0026
2009-12-31,"Grey District","TA",0.7442,0.9114,0.9335
2009-12-31,"Hamilton City","TA",0.7523,0.9213,0.973
2009-12-31,"Hastings District","TA",0.7548,0.9244,0.983
2009-12-31,"Hauraki District","TA",0.8121,0.9945,0.9605
2009-12-31,"Horowhenua District","TA",0.7328,0.8974,0.9821
2009-12-31,"Hurunui District","TA",0.7973,0.9765,1.1012
2009-12-31,"Invercargill City","TA",0.7412,0.9078,0.9546
2009-12-31,"Kaikoura District","TA",0.7163,0.8773,0.9933
2009-12-31,"Kaipara District","TA",0.7284,0.8921,1.0468
2009-12-31,"Kapiti Coast District","TA",0.7705,0.9436,1.0016
2009-12-31,"Kawerau District","TA",0.7504,0.919,1.089
2009-12-31,"Hutt City","TA",0.7434,0.9104,0.9779
2009-12-31,"MacKenzie District","TA",0.7609,0.9319,1.1708
2009-12-31,"Manawatu District","TA",0.7773,0.952,1.0065
2009-12-31,"Marlborough District","TA",0.7411,0.9076,0.9281
2009-12-31,"Masterton District","TA",0.731,0.8953,1.0096
2009-12-31,"Matamata Piako District","TA",0.7392,0.9052,0.9721
2009-12-31,"Napier City","TA",0.7467,0.9145,0.9788
2009-12-31,"Nelson City","TA",0.8091,0.9909,1.0272
2009-12-31,"New Plymouth District","TA",0.7357,0.901,0.9626
2009-12-31,"New Zealand","NZ",0.7818,0.9574,1.0261
2009-12-31,"Opotiki District","TA",0.6817,0.8348,1.0733
2009-12-31,"Otorohanga District","TA",0.6629,0.8119,0.9533
2009-12-31,"Palmerston North City","TA",0.7632,0.9347,1.0036
2009-12-31,"Porirua City","TA",0.7672,0.9396,1.0149
2009-12-31,"Queenstown Lakes District","TA",0.799,0.9785,1.0559
2009-12-31,"Rangitikei District","TA",0.7688,0.9416,0.983
2009-12-31,"Rotorua District","TA",0.7502,0.9188,1.031
2009-12-31,"Ruapehu District","TA",0.8077,0.9891,1.074
2009-12-31,"Selwyn District","TA",0.8573,1.05,1.074
2009-12-31,"South Taranaki District","TA",0.7601,0.9309,0.9554
2009-12-31,"South Waikato District","TA",0.736,0.9014,0.9554
2009-12-31,"South Wairarapa District","TA",0.7637,0.9353,1.0098
2009-12-31,"Southland District","TA",0.7916,0.9695,0.9884
2009-12-31,"Stratford District","TA",0.7247,0.8875,0.9821
2009-12-31,"Tararua District","TA",0.7375,0.9032,0.9797
2009-12-31,"Tasman District","TA",0.7683,0.941,0.9993
2009-12-31,"Taupo District","TA",0.7513,0.9201,1.0118
2009-12-31,"Tauranga City","TA",0.7511,0.9198,0.9849
2009-12-31,"Thames Coromandel District","TA",0.76,0.9307,1.004
2009-12-31,"Timaru District","TA",0.7698,0.9428,1.0041
2009-12-31,"Upper Hutt City","TA",0.7376,0.9034,0.9501
2009-12-31,"Waikato District","TA",0.7856,0.9622,1.0028
2009-12-31,"Waimakariri District","TA",0.8533,1.0451,1.0344
2009-12-31,"Waimate District","TA",0.7427,0.9096,1.0261
2009-12-31,"Waipa District","TA",0.7395,0.9056,0.9869
2009-12-31,"Wairoa District","TA",0.7484,0.9166,0.9724
2009-12-31,"Waitaki District","TA",0.7782,0.953,1.033
2009-12-31,"Waitomo District","TA",0.6312,0.7731,0.9431
2009-12-31,"Wellington City","TA",0.757,0.9271,1.0235
2009-12-31,"Western Bay of Plenty District","TA",0.7269,0.8902,1.007
2009-12-31,"Westland District","TA",0.7555,0.9253,0.9781
2009-12-31,"Whakatane District","TA",0.7348,0.8999,0.9819
2009-12-31,"Whanganui District","TA",0.725,0.8879,1.0048
2009-12-31,"Whangarei District","TA",0.7544,0.9239,0.9861
2009-12-31,"Auckland","Reg",0.8195,1.0037,1.0534
2009-12-31,"Bay of Plenty","Reg",0.7506,0.9193,1.0013
2009-12-31,"Canterbury","Reg",0.7911,0.9689,1.026
2009-12-31,"Gisborne","Reg",0.7071,0.866,1.0014
2009-12-31,"Hawke's Bay","Reg",0.7524,0.9215,0.9805
2009-12-31,"Manawatu-Wanganui","Reg",0.7546,0.9241,1.0028
2009-12-31,"Marlborough","Reg",0.7411,0.9076,0.9281
2009-12-31,"Nelson","Reg",0.8091,0.9909,1.027
2009-12-31,"Northland","Reg",0.7341,0.8991,1.0043
2009-12-31,"Otago","Reg",0.7708,0.944,1.1008
2009-12-31,"Southland","Reg",0.7636,0.9352,0.964
2009-12-31,"Taranaki","Reg",0.7401,0.9064,0.9642
2009-12-31,"Tasman","Reg",0.7683,0.941,0.9999
2009-12-31,"Waikato","Reg",0.749,0.9173,0.9802
2009-12-31,"Wellington","Reg",0.751,0.9197,1.0066
2009-12-31,"West Coast","Reg",0.7831,0.9591,0.9539
2010-03-31,"Ashburton District","TA",0.8155,1.0048,1.0105
2010-03-31,"Buller District","TA",0.8022,0.9884,1.0092
2010-03-31,"Carterton District","TA",0.6958,0.8573,0.9437
2010-03-31,"Central Hawkes Bay District","TA",0.8019,0.988,0.9271
2010-03-31,"Central Otago District","TA",0.7619,0.9388,0.9667
2010-03-31,"Christchurch City","TA",0.7749,0.9547,1.0138
2010-03-31,"Clutha District","TA",0.7317,0.9015,1.0322
2010-03-31,"Dunedin City","TA",0.7676,0.9458,1.0458
2010-03-31,"Far North District","TA",0.7102,0.8751,1.0072
2010-03-31,"Gisborne District","TA",0.7271,0.8959,0.9861
2010-03-31,"Gore District","TA",0.819,1.0092,1.0434
2010-03-31,"Grey District","TA",0.7096,0.8743,0.928
2010-03-31,"Hamilton City","TA",0.7583,0.9343,0.9679
2010-03-31,"Hastings District","TA",0.7606,0.9372,0.9769
2010-03-31,"Hauraki District","TA",0.7812,0.9625,0.9801
2010-03-31,"Horowhenua District","TA",0.7253,0.8936,0.9396
2010-03-31,"Hurunui District","TA",0.7682,0.9465,1.0004
2010-03-31,"Invercargill City","TA",0.7582,0.9342,0.9685
2010-03-31,"Kaikoura District","TA",0.7323,0.9023,0.9673
2010-03-31,"Kaipara District","TA",0.7298,0.8992,1.0319
2010-03-31,"Kapiti Coast District","TA",0.763,0.9401,0.9901
2010-03-31,"Kawerau District","TA",0.7591,0.9353,1.0866
2010-03-31,"Hutt City","TA",0.7281,0.8971,0.9814
2010-03-31,"MacKenzie District","TA",0.7693,0.9479,1.2248
2010-03-31,"Manawatu District","TA",0.7528,0.9275,1.0048
2010-03-31,"Marlborough District","TA",0.7479,0.9215,0.9558
2010-03-31,"Masterton District","TA",0.7328,0.9029,0.9959
2010-03-31,"Matamata Piako District","TA",0.7509,0.9252,0.995
2010-03-31,"Napier City","TA",0.7404,0.9123,0.976
2010-03-31,"Nelson City","TA",0.8021,0.9883,1.0056
2010-03-31,"New Plymouth District","TA",0.7388,0.9103,0.9452
2010-03-31,"New Zealand","NZ",0.7816,0.9631,1.0102
2010-03-31,"Opotiki District","TA",0.6471,0.7973,1.0875
2010-03-31,"Otorohanga District","TA",0.7229,0.8908,0.9326
2010-03-31,"Palmerston North City","TA",0.7685,0.9469,1.0069
2010-03-31,"Porirua City","TA",0.7616,0.9384,1.0053
2010-03-31,"Queenstown Lakes District","TA",0.8004,0.9862,1.0443
2010-03-31,"Rangitikei District","TA",0.78,0.9611,0.9856
2010-03-31,"Rotorua District","TA",0.7656,0.9433,1.011
2010-03-31,"Ruapehu District","TA",0.745,0.918,1.0105
2010-03-31,"Selwyn District","TA",0.8595,1.0591,1.0948
2010-03-31,"South Taranaki District","TA",0.7499,0.9239,0.9618
2010-03-31,"South Waikato District","TA",0.7249,0.8932,0.9392
2010-03-31,"South Wairarapa District","TA",0.7438,0.9164,0.9842
2010-03-31,"Southland District","TA",0.7961,0.9809,0.9943
2010-03-31,"Stratford District","TA",0.756,0.9315,0.9641
2010-03-31,"Tararua District","TA",0.7076,0.8718,0.9857
2010-03-31,"Tasman District","TA",0.7654,0.943,0.9926
2010-03-31,"Taupo District","TA",0.7505,0.9247,1.0083
2010-03-31,"Tauranga City","TA",0.7579,0.9338,0.981
2010-03-31,"Thames Coromandel District","TA",0.751,0.9254,0.9818
2010-03-31,"Timaru District","TA",0.7732,0.9526,1.0045
2010-03-31,"Upper Hutt City","TA",0.726,0.8945,0.956
2010-03-31,"Waikato District","TA",0.7826,0.9643,1.0034
2010-03-31,"Waimakariri District","TA",0.8412,1.0364,1.0304
2010-03-31,"Waimate District","TA",0.715,0.881,0.9663
2010-03-31,"Waipa District","TA",0.7327,0.9028,0.9885
2010-03-31,"Wairoa District","TA",0.7948,0.9793,0.8865
2010-03-31,"Waitaki District","TA",0.7894,0.9727,1.0184
2010-03-31,"Waitomo District","TA",0.6568,0.8093,0.9477
2010-03-31,"Wellington City","TA",0.7691,0.9477,0.9775
2010-03-31,"Western Bay of Plenty District","TA",0.729,0.8982,0.9887
2010-03-31,"Westland District","TA",0.7135,0.8791,0.9742
2010-03-31,"Whakatane District","TA",0.7602,0.9367,0.9842
2010-03-31,"Whanganui District","TA",0.7295,0.8988,0.9991
2010-03-31,"Whangarei District","TA",0.7613,0.9381,0.987
2010-03-31,"Auckland","Reg",0.8176,1.0074,1.0483
2010-03-31,"Bay of Plenty","Reg",0.7588,0.9349,0.9925
2010-03-31,"Canterbury","Reg",0.7899,0.9733,1.0185
2010-03-31,"Gisborne","Reg",0.7271,0.8959,0.9861
2010-03-31,"Hawke's Bay","Reg",0.7547,0.9298,0.9739
2010-03-31,"Manawatu-Wanganui","Reg",0.7509,0.9252,0.9976
2010-03-31,"Marlborough","Reg",0.7479,0.9215,0.9558
2010-03-31,"Nelson","Reg",0.8021,0.9883,1.0057
2010-03-31,"Northland","Reg",0.7399,0.9117,0.9986
2010-03-31,"Otago","Reg",0.773,0.9524,1.0335
2010-03-31,"Southland","Reg",0.7726,0.952,0.9758
2010-03-31,"Taranaki","Reg",0.743,0.9155,0.9505
2010-03-31,"Tasman","Reg",0.7654,0.943,0.9926
2010-03-31,"Waikato","Reg",0.7501,0.9242,0.9776
2010-03-31,"Wellington","Reg",0.7516,0.9261,0.9721
2010-03-31,"West Coast","Reg",0.752,0.9266,0.9558
2010-06-30,"Ashburton District","TA",0.8317,1.0172,0.9763
2010-06-30,"Buller District","TA",0.7871,0.9626,1.0186
2010-06-30,"Carterton District","TA",0.7385,0.9032,0.9648
2010-06-30,"Central Hawkes Bay District","TA",0.7572,0.9261,0.9102
2010-06-30,"Central Otago District","TA",0.789,0.965,0.935
2010-06-30,"Christchurch City","TA",0.7916,0.9681,1.0402
2010-06-30,"Clutha District","TA",0.6946,0.8494,0.9535
2010-06-30,"Dunedin City","TA",0.7798,0.9537,1.136
2010-06-30,"Far North District","TA",0.7369,0.9012,1.03
2010-06-30,"Gisborne District","TA",0.7483,0.9151,1.0146
2010-06-30,"Gore District","TA",0.8529,1.0431,0.9788
2010-06-30,"Grey District","TA",0.7382,0.9028,0.9535
2010-06-30,"Hamilton City","TA",0.7715,0.9435,0.9769
2010-06-30,"Hastings District","TA",0.7821,0.9566,0.9894
2010-06-30,"Hauraki District","TA",0.8525,1.0426,0.9909
2010-06-30,"Horowhenua District","TA",0.7244,0.8859,0.9803
2010-06-30,"Hurunui District","TA",0.8174,0.9997,1.1211
2010-06-30,"Invercargill City","TA",0.7534,0.9213,0.9677
2010-06-30,"Kaikoura District","TA",0.6999,0.856,0.9921
2010-06-30,"Kaipara District","TA",0.6834,0.8358,1.0168
2010-06-30,"Kapiti Coast District","TA",0.7764,0.9495,0.9988
2010-06-30,"Kawerau District","TA",0.7971,0.9749,1.058
2010-06-30,"Hutt City","TA",0.7574,0.9263,0.9691
2010-06-30,"MacKenzie District","TA",0.7707,0.9426,1.1753
2010-06-30,"Manawatu District","TA",0.8041,0.9834,1.0312
2010-06-30,"Marlborough District","TA",0.7702,0.942,0.9614
2010-06-30,"Masterton District","TA",0.7519,0.9196,0.9977
2010-06-30,"Matamata Piako District","TA",0.7301,0.8929,1.0031
2010-06-30,"Napier City","TA",0.7551,0.9235,0.9815
2010-06-30,"Nelson City","TA",0.8186,1.0011,1.0161
2010-06-30,"New Plymouth District","TA",0.7617,0.9316,0.9662
2010-06-30,"New Zealand","NZ",0.8013,0.9799,1.0243
2010-06-30,"Opotiki District","TA",0.6605,0.8078,1.0305
2010-06-30,"Otorohanga District","TA",0.6749,0.8254,0.9392
2010-06-30,"Palmerston North City","TA",0.7995,0.9777,1.0205
2010-06-30,"Porirua City","TA",0.7809,0.955,1.0086
2010-06-30,"Queenstown Lakes District","TA",0.8148,0.9965,1.0253
2010-06-30,"Rangitikei District","TA",0.8066,0.9865,0.9852
2010-06-30,"Rotorua District","TA",0.7667,0.9376,1.0053
2010-06-30,"Ruapehu District","TA",0.8364,1.0229,0.9515
2010-06-30,"Selwyn District","TA",0.8735,1.0683,1.0851
2010-06-30,"South Taranaki District","TA",0.7877,0.9633,0.9817
2010-06-30,"South Waikato District","TA",0.7684,0.9397,0.973
2010-06-30,"South Wairarapa District","TA",0.7844,0.9593,0.9626
2010-06-30,"Southland District","TA",0.7641,0.9344,0.9669
2010-06-30,"Stratford District","TA",0.7887,0.9646,0.9867
2010-06-30,"Tararua District","TA",0.7898,0.9659,0.965
2010-06-30,"Tasman District","TA",0.7831,0.9578,1.0037
2010-06-30,"Taupo District","TA",0.7567,0.9254,1.0027
2010-06-30,"Tauranga City","TA",0.7731,0.9455,0.9952
2010-06-30,"Thames Coromandel District","TA",0.7499,0.9171,0.9987
2010-06-30,"Timaru District","TA",0.7969,0.9746,1.0086
2010-06-30,"Upper Hutt City","TA",0.7712,0.9432,0.9702
2010-06-30,"Waikato District","TA",0.7525,0.9203,0.9972
2010-06-30,"Waimakariri District","TA",0.8612,1.0533,1.0357
2010-06-30,"Waimate District","TA",0.7963,0.9739,1.0166
2010-06-30,"Waipa District","TA",0.7773,0.9506,0.9801
2010-06-30,"Wairoa District","TA",0.7722,0.9444,0.9667
2010-06-30,"Waitaki District","TA",0.8083,0.9886,1.0216
2010-06-30,"Waitomo District","TA",0.6501,0.795,0.9368
2010-06-30,"Wellington City","TA",0.7921,0.9687,1.0319
2010-06-30,"Western Bay of Plenty District","TA",0.7401,0.9051,0.9766
2010-06-30,"Westland District","TA",0.7193,0.8797,0.9983
2010-06-30,"Whakatane District","TA",0.7682,0.9395,0.9728
2010-06-30,"Whanganui District","TA",0.7444,0.9104,1.0124
2010-06-30,"Whangarei District","TA",0.7795,0.9534,0.9976
2010-06-30,"Auckland","Reg",0.8411,1.0286,1.0426
2010-06-30,"Bay of Plenty","Reg",0.7702,0.9419,0.9954
2010-06-30,"Canterbury","Reg",0.8075,0.9876,1.0394
2010-06-30,"Gisborne","Reg",0.7483,0.9151,1.0146
2010-06-30,"Hawke's Bay","Reg",0.7671,0.9381,0.9816
2010-06-30,"Manawatu-Wanganui","Reg",0.7799,0.9538,1.0098
2010-06-30,"Marlborough","Reg",0.7702,0.942,0.9614
2010-06-30,"Nelson","Reg",0.8186,1.0011,1.016
2010-06-30,"Northland","Reg",0.7538,0.9219,1.0104
2010-06-30,"Otago","Reg",0.787,0.9625,1.1059
2010-06-30,"Southland","Reg",0.7655,0.9361,0.9666
2010-06-30,"Taranaki","Reg",0.7699,0.9416,0.9729
2010-06-30,"Tasman","Reg",0.7831,0.9578,1.0037
2010-06-30,"Waikato","Reg",0.7599,0.9293,0.981
2010-06-30,"Wellington","Reg",0.7762,0.9493,1.011
2010-06-30,"West Coast","Reg",0.7637,0.934,0.9751
2010-09-30,"Ashburton District","TA",0.8659,1.0129,0.9864
2010-09-30,"Buller District","TA",0.8713,1.0193,1.0143
2010-09-30,"Carterton District","TA",0.784,0.9172,0.9671
2010-09-30,"Central Hawkes Bay District","TA",0.8612,1.0074,0.9331
2010-09-30,"Central Otago District","TA",0.8238,0.9637,0.9941
2010-09-30,"Christchurch City","TA",0.84,0.9826,1.0492
2010-09-30,"Clutha District","TA",0.7633,0.893,0.9877
2010-09-30,"Dunedin City","TA",0.8243,0.9643,1.1748
2010-09-30,"Far North District","TA",0.8019,0.9381,1.0234
2010-09-30,"Gisborne District","TA",0.779,0.9113,0.9985
2010-09-30,"Gore District","TA",0.8795,1.0288,0.9901
2010-09-30,"Grey District","TA",0.7832,0.9161,0.9341
2010-09-30,"Hamilton City","TA",0.8243,0.9643,0.9773
2010-09-30,"Hastings District","TA",0.8018,0.938,0.9875
2010-09-30,"Hauraki District","TA",0.8344,0.976,0.9787
2010-09-30,"Horowhenua District","TA",0.7954,0.9305,0.9745
2010-09-30,"Hurunui District","TA",0.8348,0.9766,1.0863
2010-09-30,"Invercargill City","TA",0.8217,0.9613,0.9886
2010-09-30,"Kaikoura District","TA",0.7765,0.9084,0.9918
2010-09-30,"Kaipara District","TA",0.7783,0.9104,1.0163
2010-09-30,"Kapiti Coast District","TA",0.8375,0.9797,0.991
2010-09-30,"Kawerau District","TA",0.8405,0.9832,1.0529
2010-09-30,"Hutt City","TA",0.8108,0.9485,0.9714
2010-09-30,"MacKenzie District","TA",0.8316,0.9728,1.1746
2010-09-30,"Manawatu District","TA",0.8285,0.9691,1.0132
2010-09-30,"Marlborough District","TA",0.826,0.9663,0.9864
2010-09-30,"Masterton District","TA",0.8106,0.9483,0.999
2010-09-30,"Matamata Piako District","TA",0.7847,0.918,0.9759
2010-09-30,"Napier City","TA",0.7928,0.9274,0.9645
2010-09-30,"Nelson City","TA",0.8594,1.0054,1.0227
2010-09-30,"New Plymouth District","TA",0.7948,0.9298,0.9793
2010-09-30,"New Zealand","NZ",0.8447,0.9881,1.0297
2010-09-30,"Opotiki District","TA",0.7854,0.9188,1.0603
2010-09-30,"Otorohanga District","TA",0.7682,0.8986,0.9758
2010-09-30,"Palmerston North City","TA",0.8456,0.9892,1.0172
2010-09-30,"Porirua City","TA",0.8315,0.9727,1.0246
2010-09-30,"Queenstown Lakes District","TA",0.8502,0.9946,1.0088
2010-09-30,"Rangitikei District","TA",0.8409,0.9837,0.972
2010-09-30,"Rotorua District","TA",0.802,0.9382,1.0038
2010-09-30,"Ruapehu District","TA",0.8145,0.9528,0.9929
2010-09-30,"Selwyn District","TA",0.9127,1.0677,1.0867
2010-09-30,"South Taranaki District","TA",0.8574,1.003,1.0359
2010-09-30,"South Waikato District","TA",0.8168,0.9554,0.9514
2010-09-30,"South Wairarapa District","TA",0.8548,1,0.9423
2010-09-30,"Southland District","TA",0.841,0.9838,0.9914
2010-09-30,"Stratford District","TA",0.7996,0.9354,0.9673
2010-09-30,"Tararua District","TA",0.8143,0.9526,0.9964
2010-09-30,"Tasman District","TA",0.8158,0.9543,1.0035
2010-09-30,"Taupo District","TA",0.8133,0.9514,1.0175
2010-09-30,"Tauranga City","TA",0.8196,0.9588,1.0007
2010-09-30,"Thames Coromandel District","TA",0.8092,0.9466,0.9814
2010-09-30,"Timaru District","TA",0.8536,0.9985,1.0252
2010-09-30,"Upper Hutt City","TA",0.81,0.9475,0.9835
2010-09-30,"Waikato District","TA",0.7697,0.9004,1.0163
2010-09-30,"Waimakariri District","TA",0.9063,1.0602,1.0394
2010-09-30,"Waimate District","TA",0.8004,0.9363,0.9904
2010-09-30,"Waipa District","TA",0.807,0.944,0.9832
2010-09-30,"Wairoa District","TA",0.8298,0.9707,0.9789
2010-09-30,"Waitaki District","TA",0.8494,0.9937,1.0427
2010-09-30,"Waitomo District","TA",0.7066,0.8266,0.943
2010-09-30,"Wellington City","TA",0.8427,0.9858,1.0595
2010-09-30,"Western Bay of Plenty District","TA",0.7672,0.8974,0.9939
2010-09-30,"Westland District","TA",0.8142,0.9525,1.001
2010-09-30,"Whakatane District","TA",0.7941,0.9289,0.9861
2010-09-30,"Whanganui District","TA",0.7864,0.9199,1.0173
2010-09-30,"Whangarei District","TA",0.8136,0.9518,1.0004
2010-09-30,"Auckland","Reg",0.8786,1.0278,1.0473
2010-09-30,"Bay of Plenty","Reg",0.8109,0.9486,1.0001
2010-09-30,"Canterbury","Reg",0.8558,1.0011,1.0482
2010-09-30,"Gisborne","Reg",0.779,0.9113,0.9985
2010-09-30,"Hawke's Bay","Reg",0.8008,0.9368,0.973
2010-09-30,"Manawatu-Wanganui","Reg",0.823,0.9628,1.009
2010-09-30,"Marlborough","Reg",0.826,0.9663,0.9864
2010-09-30,"Nelson","Reg",0.8594,1.0054,1.0227
2010-09-30,"Northland","Reg",0.8071,0.9442,1.0103
2010-09-30,"Otago","Reg",0.8301,0.9711,1.1217
2010-09-30,"Southland","Reg",0.8324,0.9738,0.9889
2010-09-30,"Taranaki","Reg",0.8078,0.945,0.9914
2010-09-30,"Tasman","Reg",0.8158,0.9543,1.0035
2010-09-30,"Waikato","Reg",0.8123,0.9502,0.9816
2010-09-30,"Wellington","Reg",0.8282,0.9688,1.0287
2010-09-30,"West Coast","Reg",0.8349,0.9766,0.9633
2010-12-31,"Ashburton District","TA",0.917,1.0522,1.0038
2010-12-31,"Buller District","TA",0.922,1.058,1.0282
2010-12-31,"Carterton District","TA",0.7952,0.9125,0.9547
2010-12-31,"Central Hawkes Bay District","TA",0.8564,0.9827,0.9666
2010-12-31,"Central Otago District","TA",0.8532,0.979,0.9858
2010-12-31,"Christchurch City","TA",0.8553,0.9815,1.0235
2010-12-31,"Clutha District","TA",0.8038,0.9224,1.0378
2010-12-31,"Dunedin City","TA",0.8564,0.9827,1.1053
2010-12-31,"Far North District","TA",0.8463,0.9711,1.0183
2010-12-31,"Gisborne District","TA",0.8101,0.9296,1.0064
2010-12-31,"Gore District","TA",0.8824,1.0125,0.9585
2010-12-31,"Grey District","TA",0.8032,0.9217,0.9356
2010-12-31,"Hamilton City","TA",0.8591,0.9858,0.9972
2010-12-31,"Hastings District","TA",0.8442,0.9687,0.9902
2010-12-31,"Hauraki District","TA",0.8873,1.0182,1.0003
2010-12-31,"Horowhenua District","TA",0.8139,0.9339,0.9636
2010-12-31,"Hurunui District","TA",0.8874,1.0183,1.057
2010-12-31,"Invercargill City","TA",0.8518,0.9774,0.9582
2010-12-31,"Kaikoura District","TA",0.7714,0.8851,0.956
2010-12-31,"Kaipara District","TA",0.781,0.8962,1.0351
2010-12-31,"Kapiti Coast District","TA",0.852,0.9776,0.9993
2010-12-31,"Kawerau District","TA",0.7768,0.8913,1.0332
2010-12-31,"Hutt City","TA",0.8227,0.944,0.9804
2010-12-31,"MacKenzie District","TA",0.8553,0.9815,1.1218
2010-12-31,"Manawatu District","TA",0.8737,1.0026,1.0118
2010-12-31,"Marlborough District","TA",0.8521,0.9777,1.0003
2010-12-31,"Masterton District","TA",0.8206,0.9416,0.9984
2010-12-31,"Matamata Piako District","TA",0.8192,0.9401,1.0282
2010-12-31,"Napier City","TA",0.8213,0.9425,0.989
2010-12-31,"Nelson City","TA",0.8762,1.0055,1.0172
2010-12-31,"New Plymouth District","TA",0.8306,0.9532,0.9759
2010-12-31,"New Zealand","NZ",0.8688,0.9969,1.0268
2010-12-31,"Opotiki District","TA",0.7535,0.8646,1.0191
2010-12-31,"Otorohanga District","TA",0.7915,0.9083,0.9361
2010-12-31,"Palmerston North City","TA",0.8659,0.9937,0.9939
2010-12-31,"Porirua City","TA",0.8562,0.9825,1.0349
2010-12-31,"Queenstown Lakes District","TA",0.8521,0.9778,1.0182
2010-12-31,"Rangitikei District","TA",0.8355,0.9588,0.9999
2010-12-31,"Rotorua District","TA",0.8372,0.9607,1.0042
2010-12-31,"Ruapehu District","TA",0.8895,1.0208,1.0218
2010-12-31,"Selwyn District","TA",0.9539,1.0946,1.0862
2010-12-31,"South Taranaki District","TA",0.9109,1.0453,1.0548
2010-12-31,"South Waikato District","TA",0.8202,0.9412,0.9932
2010-12-31,"South Wairarapa District","TA",0.8432,0.9676,0.9553
2010-12-31,"Southland District","TA",0.8778,1.0073,1.0195
2010-12-31,"Stratford District","TA",0.8657,0.9934,0.9729
2010-12-31,"Tararua District","TA",0.8239,0.9454,0.9874
2010-12-31,"Tasman District","TA",0.8445,0.9691,1.0122
2010-12-31,"Taupo District","TA",0.8548,0.9809,1.003
2010-12-31,"Tauranga City","TA",0.8469,0.9718,0.995
2010-12-31,"Thames Coromandel District","TA",0.8179,0.9385,0.9655
2010-12-31,"Timaru District","TA",0.8826,1.0128,1.0279
2010-12-31,"Upper Hutt City","TA",0.8459,0.9707,0.9942
2010-12-31,"Waikato District","TA",0.8201,0.9411,0.9983
2010-12-31,"Waimakariri District","TA",0.9454,1.0848,1.048
2010-12-31,"Waimate District","TA",0.8205,0.9415,0.9965
2010-12-31,"Waipa District","TA",0.8565,0.9828,1.0017
2010-12-31,"Wairoa District","TA",0.8448,0.9694,1.0102
2010-12-31,"Waitaki District","TA",0.8894,1.0207,1.014
2010-12-31,"Waitomo District","TA",0.8315,0.9542,0.9643
2010-12-31,"Wellington City","TA",0.8583,0.9849,1.0516
2010-12-31,"Western Bay of Plenty District","TA",0.8252,0.947,0.9909
2010-12-31,"Westland District","TA",0.8126,0.9325,0.9614
2010-12-31,"Whakatane District","TA",0.8301,0.9526,0.9686
2010-12-31,"Whanganui District","TA",0.8128,0.9327,1.0205
2010-12-31,"Whangarei District","TA",0.8609,0.9879,0.9882
2010-12-31,"Auckland","Reg",0.8992,1.0318,1.045
2010-12-31,"Bay of Plenty","Reg",0.8422,0.9664,0.9951
2010-12-31,"Canterbury","Reg",0.8761,1.0054,1.0284
2010-12-31,"Gisborne","Reg",0.8101,0.9296,1.0064
2010-12-31,"Hawke's Bay","Reg",0.8331,0.956,0.9871
2010-12-31,"Manawatu-Wanganui","Reg",0.8472,0.9722,0.9966
2010-12-31,"Marlborough","Reg",0.8521,0.9777,1.0003
2010-12-31,"Nelson","Reg",0.8762,1.0055,1.0172
2010-12-31,"Northland","Reg",0.8483,0.9734,1.0022
2010-12-31,"Otago","Reg",0.8541,0.9801,1.0917
2010-12-31,"Southland","Reg",0.8611,0.9881,0.9646
2010-12-31,"Taranaki","Reg",0.8479,0.9729,0.9921
2010-12-31,"Tasman","Reg",0.8445,0.9691,1.0122
2010-12-31,"Waikato","Reg",0.8455,0.9702,0.9967
2010-12-31,"Wellington","Reg",0.8444,0.9689,1.0287
2010-12-31,"West Coast","Reg",0.858,0.9846,0.9678
2011-03-31,"Ashburton District","TA",0.9259,1.0424,1.0248
2011-03-31,"Buller District","TA",0.9581,1.0786,1.0005
2011-03-31,"Carterton District","TA",0.8781,0.9886,0.9653
2011-03-31,"Central Hawkes Bay District","TA",0.8482,0.9549,0.8984
2011-03-31,"Central Otago District","TA",0.8906,1.0026,0.9968
2011-03-31,"Christchurch City","TA",0.8859,0.9973,1.0029
2011-03-31,"Clutha District","TA",0.7966,0.8968,1.018
2011-03-31,"Dunedin City","TA",0.8771,0.9874,0.9906
2011-03-31,"Far North District","TA",0.8706,0.9801,1.008
2011-03-31,"Gisborne District","TA",0.8423,0.9483,1.0068
2011-03-31,"Gore District","TA",0.9256,1.042,1.0096
2011-03-31,"Grey District","TA",0.8325,0.9372,0.97
2011-03-31,"Hamilton City","TA",0.8842,0.9954,0.9855
2011-03-31,"Hastings District","TA",0.8692,0.9785,0.9854
2011-03-31,"Hauraki District","TA",0.8762,0.9864,0.9754
2011-03-31,"Horowhenua District","TA",0.8407,0.9465,0.9864
2011-03-31,"Hurunui District","TA",0.9433,1.062,1.0664
2011-03-31,"Invercargill City","TA",0.8621,0.9705,0.9896
2011-03-31,"Kaikoura District","TA",0.8279,0.9321,0.9592
2011-03-31,"Kaipara District","TA",0.816,0.9186,1.0042
2011-03-31,"Kapiti Coast District","TA",0.8916,1.0037,0.996
2011-03-31,"Kawerau District","TA",0.7344,0.8268,1.0245
2011-03-31,"Hutt City","TA",0.8692,0.9785,0.9969
2011-03-31,"MacKenzie District","TA",0.9139,1.0289,1.1553
2011-03-31,"Manawatu District","TA",0.9126,1.0274,1.0223
2011-03-31,"Marlborough District","TA",0.8804,0.9912,0.9811
2011-03-31,"Masterton District","TA",0.8567,0.9645,0.9979
2011-03-31,"Matamata Piako District","TA",0.8522,0.9594,1.0145
2011-03-31,"Napier City","TA",0.858,0.9659,0.9858
2011-03-31,"Nelson City","TA",0.9129,1.0278,1.0076
2011-03-31,"New Plymouth District","TA",0.8621,0.9706,0.9791
2011-03-31,"New Zealand","NZ",0.8918,1.0039,1.0069
2011-03-31,"Opotiki District","TA",0.7985,0.8989,0.9725
2011-03-31,"Otorohanga District","TA",0.8527,0.9599,0.9675
2011-03-31,"Palmerston North City","TA",0.8941,1.0066,1.0008
2011-03-31,"Porirua City","TA",0.8912,1.0033,1.0233
2011-03-31,"Queenstown Lakes District","TA",0.8614,0.9698,1.0023
2011-03-31,"Rangitikei District","TA",0.9116,1.0263,1.0081
2011-03-31,"Rotorua District","TA",0.8644,0.9732,1.0014
2011-03-31,"Ruapehu District","TA",0.91,1.0245,1.0254
2011-03-31,"Selwyn District","TA",0.9601,1.0808,1.0875
2011-03-31,"South Taranaki District","TA",0.899,1.0121,1.0372
2011-03-31,"South Waikato District","TA",0.8488,0.9555,0.9812
2011-03-31,"South Wairarapa District","TA",0.8807,0.9914,0.957
2011-03-31,"Southland District","TA",0.9306,1.0477,0.9984
2011-03-31,"Stratford District","TA",0.8462,0.9526,0.9792
2011-03-31,"Tararua District","TA",0.8313,0.9359,1.0097
2011-03-31,"Tasman District","TA",0.8665,0.9755,1.0043
2011-03-31,"Taupo District","TA",0.8711,0.9807,1.0143
2011-03-31,"Tauranga City","TA",0.8717,0.9813,0.9928
2011-03-31,"Thames Coromandel District","TA",0.8681,0.9773,0.9973
2011-03-31,"Timaru District","TA",0.8907,1.0027,1.0338
2011-03-31,"Upper Hutt City","TA",0.8766,0.9869,0.997
2011-03-31,"Waikato District","TA",0.8085,0.9102,0.9992
2011-03-31,"Waimakariri District","TA",0.9567,1.077,1.0586
2011-03-31,"Waimate District","TA",0.8892,1.0011,0.9903
2011-03-31,"Waipa District","TA",0.8825,0.9935,1.0134
2011-03-31,"Wairoa District","TA",0.9208,1.0366,0.9796
2011-03-31,"Waitaki District","TA",0.9007,1.014,1.0215
2011-03-31,"Waitomo District","TA",0.8055,0.9068,0.9327
2011-03-31,"Wellington City","TA",0.8868,0.9983,1.0015
2011-03-31,"Western Bay of Plenty District","TA",0.8208,0.924,0.9538
2011-03-31,"Westland District","TA",0.8255,0.9294,1.0281
2011-03-31,"Whakatane District","TA",0.8545,0.9619,0.9261
2011-03-31,"Whanganui District","TA",0.8461,0.9525,1.0168
2011-03-31,"Whangarei District","TA",0.8987,1.0118,0.9967
2011-03-31,"Auckland","Reg",0.9143,1.0293,1.0322
2011-03-31,"Bay of Plenty","Reg",0.8637,0.9723,0.9857
2011-03-31,"Canterbury","Reg",0.9042,1.0179,1.0119
2011-03-31,"Gisborne","Reg",0.8423,0.9483,1.0068
2011-03-31,"Hawke's Bay","Reg",0.8629,0.9715,0.9811
2011-03-31,"Manawatu-Wanganui","Reg",0.8782,0.9887,1.0043
2011-03-31,"Marlborough","Reg",0.8804,0.9912,0.981
2011-03-31,"Nelson","Reg",0.9129,1.0278,1.0076
2011-03-31,"Northland","Reg",0.8809,0.9917,1.0026
2011-03-31,"Otago","Reg",0.8724,0.9822,0.9904
2011-03-31,"Southland","Reg",0.8837,0.9949,0.9897
2011-03-31,"Taranaki","Reg",0.8706,0.9801,0.9908
2011-03-31,"Tasman","Reg",0.8665,0.9755,1.0042
2011-03-31,"Waikato","Reg",0.873,0.9828,0.992
2011-03-31,"Wellington","Reg",0.8797,0.9903,0.9971
2011-03-31,"West Coast","Reg",0.8854,0.9968,0.9864
2011-06-30,"Ashburton District","TA",0.9341,1.0297,0.9829
2011-06-30,"Buller District","TA",0.944,1.0406,0.9819
2011-06-30,"Carterton District","TA",0.856,0.9436,0.9823
2011-06-30,"Central Hawkes Bay District","TA",0.9509,1.0482,0.9416
2011-06-30,"Central Otago District","TA",0.9144,1.008,1.0218
2011-06-30,"Christchurch City","TA",0.9059,0.9986,1.0393
2011-06-30,"Clutha District","TA",0.8597,0.9476,1.012
2011-06-30,"Dunedin City","TA",0.9129,1.0064,1.129
2011-06-30,"Far North District","TA",0.8985,0.9904,1.0092
2011-06-30,"Gisborne District","TA",0.8799,0.9699,0.9963
2011-06-30,"Gore District","TA",0.929,1.0241,0.9903
2011-06-30,"Grey District","TA",0.8296,0.9145,0.9697
2011-06-30,"Hamilton City","TA",0.9155,1.0092,1.0015
2011-06-30,"Hastings District","TA",0.9089,1.0019,0.9985
2011-06-30,"Hauraki District","TA",0.918,1.012,1.0107
2011-06-30,"Horowhenua District","TA",0.8729,0.9622,0.9854
2011-06-30,"Hurunui District","TA",0.9099,1.003,1.0704
2011-06-30,"Invercargill City","TA",0.8921,0.9834,0.9831
2011-06-30,"Kaikoura District","TA",0.862,0.9502,1.0534
2011-06-30,"Kaipara District","TA",0.8641,0.9525,1.0534
2011-06-30,"Kapiti Coast District","TA",0.9051,0.9977,1.0163
2011-06-30,"Kawerau District","TA",0.7776,0.8572,0.989
2011-06-30,"Hutt City","TA",0.9109,1.0041,0.9885
2011-06-30,"MacKenzie District","TA",0.8677,0.9565,1.0902
2011-06-30,"Manawatu District","TA",0.9516,1.049,1.0124
2011-06-30,"Marlborough District","TA",0.9012,0.9934,0.983
2011-06-30,"Masterton District","TA",0.8941,0.9856,0.9774
2011-06-30,"Matamata Piako District","TA",0.898,0.99,1.0056
2011-06-30,"Napier City","TA",0.8777,0.9675,1.0066
2011-06-30,"Nelson City","TA",0.925,1.0197,1.0199
2011-06-30,"New Plymouth District","TA",0.8927,0.984,0.9893
2011-06-30,"New Zealand","NZ",0.9136,1.0071,1.0206
2011-06-30,"Opotiki District","TA",0.8964,0.9882,1.0786
2011-06-30,"Otorohanga District","TA",0.815,0.8984,1.0111
2011-06-30,"Palmerston North City","TA",0.9137,1.0073,1.0073
2011-06-30,"Porirua City","TA",0.9171,1.011,1.0075
2011-06-30,"Queenstown Lakes District","TA",0.8872,0.9781,0.9864
2011-06-30,"Rangitikei District","TA",0.8787,0.9686,0.9869
2011-06-30,"Rotorua District","TA",0.8869,0.9777,0.9971
2011-06-30,"Ruapehu District","TA",0.8925,0.9839,0.9484
2011-06-30,"Selwyn District","TA",0.9572,1.0552,1.0452
2011-06-30,"South Taranaki District","TA",0.9276,1.0226,1.0463
2011-06-30,"South Waikato District","TA",0.89,0.9811,0.9901
2011-06-30,"South Wairarapa District","TA",0.9086,1.0016,0.9531
2011-06-30,"Southland District","TA",0.9195,1.0136,1.0256
2011-06-30,"Stratford District","TA",0.8747,0.9642,0.9614
2011-06-30,"Tararua District","TA",0.861,0.9491,0.9787
2011-06-30,"Tasman District","TA",0.8912,0.9824,1.0118
2011-06-30,"Taupo District","TA",0.9036,0.9961,0.9976
2011-06-30,"Tauranga City","TA",0.9015,0.9938,0.998
2011-06-30,"Thames Coromandel District","TA",0.9119,1.0052,1.0052
2011-06-30,"Timaru District","TA",0.9156,1.0093,1.0008
2011-06-30,"Upper Hutt City","TA",0.9071,1,0.9919
2011-06-30,"Waikato District","TA",0.8542,0.9417,1.0033
2011-06-30,"Waimakariri District","TA",0.966,1.0648,1.0355
2011-06-30,"Waimate District","TA",0.8719,0.9612,0.9874
2011-06-30,"Waipa District","TA",0.8885,0.9794,0.9965
2011-06-30,"Wairoa District","TA",0.8388,0.9247,0.9873
2011-06-30,"Waitaki District","TA",0.9262,1.021,0.9939
2011-06-30,"Waitomo District","TA",0.9758,1.0756,0.9554
2011-06-30,"Wellington City","TA",0.9271,1.022,1.0604
2011-06-30,"Western Bay of Plenty District","TA",0.8323,0.9175,0.9711
2011-06-30,"Westland District","TA",0.8605,0.9486,1.002
2011-06-30,"Whakatane District","TA",0.9119,1.0053,1.0048
2011-06-30,"Whanganui District","TA",0.8913,0.9825,1.0325
2011-06-30,"Whangarei District","TA",0.904,0.9965,1.0049
2011-06-30,"Auckland","Reg",0.9279,1.0229,1.0168
2011-06-30,"Bay of Plenty","Reg",0.8887,0.9797,0.9968
2011-06-30,"Canterbury","Reg",0.9127,1.0061,1.038
2011-06-30,"Gisborne","Reg",0.8799,0.9699,0.9963
2011-06-30,"Hawke's Bay","Reg",0.8946,0.9862,1.0005
2011-06-30,"Manawatu-Wanganui","Reg",0.8967,0.9885,1.0071
2011-06-30,"Marlborough","Reg",0.9012,0.9934,0.983
2011-06-30,"Nelson","Reg",0.925,1.0197,1.0199
2011-06-30,"Northland","Reg",0.8966,0.9883,1.0112
2011-06-30,"Otago","Reg",0.9007,0.9929,1.0969
2011-06-30,"Southland","Reg",0.903,0.9954,0.988
2011-06-30,"Taranaki","Reg",0.8993,0.9914,0.9976
2011-06-30,"Tasman","Reg",0.8912,0.9824,1.0118
2011-06-30,"Waikato","Reg",0.9044,0.9969,1.0003
2011-06-30,"Wellington","Reg",0.9147,1.0083,1.0358
2011-06-30,"West Coast","Reg",0.8825,0.9728,0.9703
2011-09-30,"Ashburton District","TA",0.9542,1.0453,0.9996
2011-09-30,"Buller District","TA",0.9266,1.0151,0.955
2011-09-30,"Carterton District","TA",0.899,0.9848,1.014
2011-09-30,"Central Hawkes Bay District","TA",0.9432,1.0332,0.9288
2011-09-30,"Central Otago District","TA",0.933,1.0221,0.9903
2011-09-30,"Christchurch City","TA",0.9067,0.9933,1.0538
2011-09-30,"Clutha District","TA",0.8457,0.9265,1.0129
2011-09-30,"Dunedin City","TA",0.9114,0.9985,1.1357
2011-09-30,"Far North District","TA",0.9151,1.0025,1.0238
2011-09-30,"Gisborne District","TA",0.846,0.9268,1.0025
2011-09-30,"Gore District","TA",0.9462,1.0366,0.9753
2011-09-30,"Grey District","TA",0.8659,0.9486,0.9832
2011-09-30,"Hamilton City","TA",0.9089,0.9957,1.0085
2011-09-30,"Hastings District","TA",0.9139,1.0011,0.9973
2011-09-30,"Hauraki District","TA",0.9205,1.0084,1.0022
2011-09-30,"Horowhenua District","TA",0.896,0.9815,1.0144
2011-09-30,"Hurunui District","TA",0.9029,0.9891,1.1084
2011-09-30,"Invercargill City","TA",0.9128,1,0.9864
2011-09-30,"Kaikoura District","TA",0.882,0.9662,1.0218
2011-09-30,"Kaipara District","TA",0.8505,0.9317,1.0691
2011-09-30,"Kapiti Coast District","TA",0.9204,1.0083,1.0262
2011-09-30,"Kawerau District","TA",0.8755,0.9591,1.0515
2011-09-30,"Hutt City","TA",0.9084,0.9952,0.9877
2011-09-30,"MacKenzie District","TA",0.8646,0.9472,1.0588
2011-09-30,"Manawatu District","TA",0.9389,1.0286,1.0108
2011-09-30,"Marlborough District","TA",0.8976,0.9833,0.9874
2011-09-30,"Masterton District","TA",0.876,0.9597,0.9802
2011-09-30,"Matamata Piako District","TA",0.9242,1.0125,1.0386
2011-09-30,"Napier City","TA",0.8914,0.9766,1.0071
2011-09-30,"Nelson City","TA",0.9192,1.007,1.025
2011-09-30,"New Plymouth District","TA",0.9024,0.9886,1.0065
2011-09-30,"New Zealand","NZ",0.9126,0.9998,1.0234
2011-09-30,"Opotiki District","TA",0.8596,0.9417,1.0445
2011-09-30,"Otorohanga District","TA",0.8683,0.9512,0.9601
2011-09-30,"Palmerston North City","TA",0.9118,0.9988,0.9952
2011-09-30,"Porirua City","TA",0.9174,1.005,1.0174
2011-09-30,"Queenstown Lakes District","TA",0.8941,0.9795,1.0223
2011-09-30,"Rangitikei District","TA",0.9369,1.0264,1.0072
2011-09-30,"Rotorua District","TA",0.8869,0.9716,1.005
2011-09-30,"Ruapehu District","TA",0.9063,0.9928,0.9938
2011-09-30,"Selwyn District","TA",0.9451,1.0354,1.0201
2011-09-30,"South Taranaki District","TA",0.9502,1.041,1.0237
2011-09-30,"South Waikato District","TA",0.8454,0.9261,1.009
2011-09-30,"South Wairarapa District","TA",0.9451,1.0354,0.9672
2011-09-30,"Southland District","TA",0.9102,0.9971,1.0058
2011-09-30,"Stratford District","TA",0.8681,0.951,0.95
2011-09-30,"Tararua District","TA",0.9004,0.9864,1.0389
2011-09-30,"Tasman District","TA",0.8999,0.9859,1.0011
2011-09-30,"Taupo District","TA",0.9084,0.9951,1.0004
2011-09-30,"Tauranga City","TA",0.899,0.9849,1.0053
2011-09-30,"Thames Coromandel District","TA",0.9203,1.0082,1.0179
2011-09-30,"Timaru District","TA",0.914,1.0013,1.0103
2011-09-30,"Upper Hutt City","TA",0.9033,0.9895,0.9801
2011-09-30,"Waikato District","TA",0.8748,0.9583,0.9964
2011-09-30,"Waimakariri District","TA",0.9643,1.0564,1.0286
2011-09-30,"Waimate District","TA",0.8974,0.9831,1.0195
2011-09-30,"Waipa District","TA",0.9012,0.9872,1.0093
2011-09-30,"Wairoa District","TA",0.9705,1.0632,0.97
2011-09-30,"Waitaki District","TA",0.9064,0.9929,0.9967
2011-09-30,"Waitomo District","TA",0.8942,0.9796,0.9874
2011-09-30,"Wellington City","TA",0.9227,1.0108,1.0656
2011-09-30,"Western Bay of Plenty District","TA",0.8646,0.9472,1.0028
2011-09-30,"Westland District","TA",0.8694,0.9524,1.0141
2011-09-30,"Whakatane District","TA",0.8946,0.9801,0.9949
2011-09-30,"Whanganui District","TA",0.9011,0.9871,1.0327
2011-09-30,"Whangarei District","TA",0.906,0.9925,1.0052
2011-09-30,"Auckland","Reg",0.9212,1.0092,1.0128
2011-09-30,"Bay of Plenty","Reg",0.8909,0.976,1.0054
2011-09-30,"Canterbury","Reg",0.9147,1.0021,1.0496
2011-09-30,"Gisborne","Reg",0.846,0.9268,1.0025
2011-09-30,"Hawke's Bay","Reg",0.9045,0.9909,0.9989
2011-09-30,"Manawatu-Wanganui","Reg",0.9077,0.9944,1.0099
2011-09-30,"Marlborough","Reg",0.8976,0.9833,0.9874
2011-09-30,"Nelson","Reg",0.9192,1.007,1.0248
2011-09-30,"Northland","Reg",0.9021,0.9883,1.0158
2011-09-30,"Otago","Reg",0.901,0.987,1.1084
2011-09-30,"Southland","Reg",0.9185,1.0062,0.9871
2011-09-30,"Taranaki","Reg",0.9093,0.9961,1.0062
2011-09-30,"Tasman","Reg",0.8999,0.9859,1.0013
2011-09-30,"Waikato","Reg",0.9091,0.9959,1.0077
2011-09-30,"Wellington","Reg",0.9158,1.0032,1.0398
2011-09-30,"West Coast","Reg",0.8902,0.9752,0.9657
2011-12-31,"Ashburton District","TA",0.9961,1.0314,0.9973
2011-12-31,"Buller District","TA",0.9761,1.0107,0.9763
2011-12-31,"Carterton District","TA",0.93,0.963,0.9847
2011-12-31,"Central Hawkes Bay District","TA",1.0063,1.042,0.951
2011-12-31,"Central Otago District","TA",0.9614,0.9954,1.0252
2011-12-31,"Christchurch City","TA",0.9617,0.9958,1.0448
2011-12-31,"Clutha District","TA",0.9259,0.9588,1.0435
2011-12-31,"Dunedin City","TA",0.9522,0.9859,1.1169
2011-12-31,"Far North District","TA",0.9796,1.0143,1.0121
2011-12-31,"Gisborne District","TA",0.9489,0.9826,1.0003
2011-12-31,"Gore District","TA",1.0125,1.0484,0.9371
2011-12-31,"Grey District","TA",0.9696,1.0039,0.9864
2011-12-31,"Hamilton City","TA",0.9762,1.0108,1.0106
2011-12-31,"Hastings District","TA",0.9583,0.9923,0.9888
2011-12-31,"Hauraki District","TA",0.979,1.0137,0.9574
2011-12-31,"Horowhenua District","TA",0.9348,0.9679,1.0109
2011-12-31,"Hurunui District","TA",0.9549,0.9887,1.0999
2011-12-31,"Invercargill City","TA",0.9703,1.0047,1.0167
2011-12-31,"Kaikoura District","TA",0.9243,0.9571,0.9915
2011-12-31,"Kaipara District","TA",0.9139,0.9463,1.0203
2011-12-31,"Kapiti Coast District","TA",0.9793,1.014,1.0055
2011-12-31,"Kawerau District","TA",0.9504,0.9841,1.0025
2011-12-31,"Hutt City","TA",0.9748,1.0094,1.0053
2011-12-31,"MacKenzie District","TA",0.9638,0.998,1.0739
2011-12-31,"Manawatu District","TA",0.9898,1.0249,0.9855
2011-12-31,"Marlborough District","TA",0.975,1.0095,1.0064
2011-12-31,"Masterton District","TA",0.9474,0.981,1.0088
2011-12-31,"Matamata Piako District","TA",0.9744,1.0089,1.0216
2011-12-31,"Napier City","TA",0.9644,0.9986,0.9969
2011-12-31,"Nelson City","TA",0.9662,1.0004,1.0109
2011-12-31,"New Plymouth District","TA",0.9606,0.9946,0.9934
2011-12-31,"New Zealand","NZ",0.9692,1.0035,1.0194
2011-12-31,"Opotiki District","TA",0.9782,1.0128,1.0929
2011-12-31,"Otorohanga District","TA",0.9217,0.9544,0.9532
2011-12-31,"Palmerston North City","TA",0.9628,0.997,0.9899
2011-12-31,"Porirua City","TA",0.9477,0.9813,0.9939
2011-12-31,"Queenstown Lakes District","TA",0.9653,0.9995,1.0186
2011-12-31,"Rangitikei District","TA",0.9777,1.0123,0.9723
2011-12-31,"Rotorua District","TA",0.9565,0.9904,1.0202
2011-12-31,"Ruapehu District","TA",1.0344,1.0711,0.976
2011-12-31,"Selwyn District","TA",0.9711,1.0056,1.0117
2011-12-31,"South Taranaki District","TA",0.9694,1.0038,1.0245
2011-12-31,"South Waikato District","TA",0.9557,0.9896,0.986
2011-12-31,"South Wairarapa District","TA",1.0327,1.0693,0.9448
2011-12-31,"Southland District","TA",0.9705,1.0049,1.0329
2011-12-31,"Stratford District","TA",1.0004,1.0358,0.9639
2011-12-31,"Tararua District","TA",0.9573,0.9913,1.0344
2011-12-31,"Tasman District","TA",0.9584,0.9924,0.993
2011-12-31,"Taupo District","TA",0.9681,1.0024,0.9794
2011-12-31,"Tauranga City","TA",0.956,0.9898,0.989
2011-12-31,"Thames Coromandel District","TA",0.9702,1.0046,0.9997
2011-12-31,"Timaru District","TA",0.9543,0.9882,1.0019
2011-12-31,"Upper Hutt City","TA",0.953,0.9867,0.9853
2011-12-31,"Waikato District","TA",0.9502,0.9838,0.9927
2011-12-31,"Waimakariri District","TA",0.994,1.0292,1.0492
2011-12-31,"Waimate District","TA",1.0014,1.0369,1.0108
2011-12-31,"Waipa District","TA",0.9723,1.0068,1.0075
2011-12-31,"Wairoa District","TA",0.9453,0.9788,0.9629
2011-12-31,"Waitaki District","TA",0.9472,0.9808,1.0139
2011-12-31,"Waitomo District","TA",0.9428,0.9762,1.0096
2011-12-31,"Wellington City","TA",0.9669,1.0012,1.0357
2011-12-31,"Western Bay of Plenty District","TA",0.9628,0.9969,0.9869
2011-12-31,"Westland District","TA",0.9358,0.9689,1.0605
2011-12-31,"Whakatane District","TA",0.9947,1.03,0.9981
2011-12-31,"Whanganui District","TA",0.9602,0.9943,1.0155
2011-12-31,"Whangarei District","TA",0.9634,0.9976,1.0042
2011-12-31,"Auckland","Reg",0.9763,1.0109,1.0144
2011-12-31,"Bay of Plenty","Reg",0.961,0.9951,0.9995
2011-12-31,"Canterbury","Reg",0.9674,1.0017,1.0413
2011-12-31,"Gisborne","Reg",0.9489,0.9826,1.0003
2011-12-31,"Hawke's Bay","Reg",0.9626,0.9967,0.9898
2011-12-31,"Manawatu-Wanganui","Reg",0.9645,0.9987,0.9978
2011-12-31,"Marlborough","Reg",0.975,1.0095,1.0066
2011-12-31,"Nelson","Reg",0.9662,1.0004,1.0109
2011-12-31,"Northland","Reg",0.9638,0.998,1.0088
2011-12-31,"Otago","Reg",0.9543,0.9882,1.1071
2011-12-31,"Southland","Reg",0.9746,1.0092,1.0117
2011-12-31,"Taranaki","Reg",0.9634,0.9976,0.997
2011-12-31,"Tasman","Reg",0.9584,0.9924,0.9929
2011-12-31,"Waikato","Reg",0.9723,1.0068,1.0041
2011-12-31,"Wellington","Reg",0.9676,1.0019,1.0237
2011-12-31,"West Coast","Reg",0.9735,1.008,0.9869
2012-03-31,"Ashburton District","TA",1,1,1
2012-03-31,"Buller District","TA",1,1,1
2012-03-31,"Carterton District","TA",1,1,1
2012-03-31,"Central Hawkes Bay District","TA",1,1,1
2012-03-31,"Central Otago District","TA",1,1,1
2012-03-31,"Christchurch City","TA",1,1,1
2012-03-31,"Clutha District","TA",1,1,1
2012-03-31,"Dunedin City","TA",1,1,1
2012-03-31,"Far North District","TA",1,1,1
2012-03-31,"Gisborne District","TA",1,1,1
2012-03-31,"Gore District","TA",1,1,1
2012-03-31,"Grey District","TA",1,1,1
2012-03-31,"Hamilton City","TA",1,1,1
2012-03-31,"Hastings District","TA",1,1,1
2012-03-31,"Hauraki District","TA",1,1,1
2012-03-31,"Horowhenua District","TA",1,1,1
2012-03-31,"Hurunui District","TA",1,1,1
2012-03-31,"Invercargill City","TA",1,1,1
2012-03-31,"Kaikoura District","TA",1,1,1
2012-03-31,"Kaipara District","TA",1,1,1
2012-03-31,"Kapiti Coast District","TA",1,1,1
2012-03-31,"Kawerau District","TA",1,1,1
2012-03-31,"Hutt City","TA",1,1,1
2012-03-31,"MacKenzie District","TA",1,1,1
2012-03-31,"Manawatu District","TA",1,1,1
2012-03-31,"Marlborough District","TA",1,1,1
2012-03-31,"Masterton District","TA",1,1,1
2012-03-31,"Matamata Piako District","TA",1,1,1
2012-03-31,"Napier City","TA",1,1,1
2012-03-31,"Nelson City","TA",1,1,1
2012-03-31,"New Plymouth District","TA",1,1,1
2012-03-31,"New Zealand","NZ",1,1,1
2012-03-31,"Opotiki District","TA",1,1,1
2012-03-31,"Otorohanga District","TA",1,1,1
2012-03-31,"Palmerston North City","TA",1,1,1
2012-03-31,"Porirua City","TA",1,1,1
2012-03-31,"Queenstown Lakes District","TA",1,1,1
2012-03-31,"Rangitikei District","TA",1,1,1
2012-03-31,"Rotorua District","TA",1,1,1
2012-03-31,"Ruapehu District","TA",1,1,1
2012-03-31,"Selwyn District","TA",1,1,1
2012-03-31,"South Taranaki District","TA",1,1,1
2012-03-31,"South Waikato District","TA",1,1,1
2012-03-31,"South Wairarapa District","TA",1,1,1
2012-03-31,"Southland District","TA",1,1,1
2012-03-31,"Stratford District","TA",1,1,1
2012-03-31,"Tararua District","TA",1,1,1
2012-03-31,"Tasman District","TA",1,1,1
2012-03-31,"Taupo District","TA",1,1,1
2012-03-31,"Tauranga City","TA",1,1,1
2012-03-31,"Thames Coromandel District","TA",1,1,1
2012-03-31,"Timaru District","TA",1,1,1
2012-03-31,"Upper Hutt City","TA",1,1,1
2012-03-31,"Waikato District","TA",1,1,1
2012-03-31,"Waimakariri District","TA",1,1,1
2012-03-31,"Waimate District","TA",1,1,1
2012-03-31,"Waipa District","TA",1,1,1
2012-03-31,"Wairoa District","TA",1,1,1
2012-03-31,"Waitaki District","TA",1,1,1
2012-03-31,"Waitomo District","TA",1,1,1
2012-03-31,"Wellington City","TA",1,1,1
2012-03-31,"Western Bay of Plenty District","TA",1,1,1
2012-03-31,"Westland District","TA",1,1,1
2012-03-31,"Whakatane District","TA",1,1,1
2012-03-31,"Whanganui District","TA",1,1,1
2012-03-31,"Whangarei District","TA",1,1,1
2012-03-31,"Auckland","Reg",1,1,1
2012-03-31,"Bay of Plenty","Reg",1,1,1
2012-03-31,"Canterbury","Reg",1,1,1
2012-03-31,"Gisborne","Reg",1,1,1
2012-03-31,"Hawke's Bay","Reg",1,1,1
2012-03-31,"Manawatu-Wanganui","Reg",1,1,1
2012-03-31,"Marlborough","Reg",1,1,1
2012-03-31,"Nelson","Reg",1,1,1
2012-03-31,"Northland","Reg",1,1,1
2012-03-31,"Otago","Reg",1,1,1
2012-03-31,"Southland","Reg",1,1,1
2012-03-31,"Taranaki","Reg",1,1,1
2012-03-31,"Tasman","Reg",1,1,1
2012-03-31,"Waikato","Reg",1,1,1
2012-03-31,"Wellington","Reg",1,1,1
2012-03-31,"West Coast","Reg",1,1,1
2012-06-30,"Ashburton District","TA",1.0561,1.0217,0.9649
2012-06-30,"Buller District","TA",1.0204,0.9872,0.9896
2012-06-30,"Carterton District","TA",1.0137,0.9807,1.0016
2012-06-30,"Central Hawkes Bay District","TA",1.0315,0.9979,0.9487
2012-06-30,"Central Otago District","TA",1.0397,1.0058,0.983
2012-06-30,"Christchurch City","TA",1.0321,0.9985,0.9944
2012-06-30,"Clutha District","TA",1.0055,0.9727,1.007
2012-06-30,"Dunedin City","TA",1.0277,0.9942,1.1628
2012-06-30,"Far North District","TA",1.063,1.0284,1.0027
2012-06-30,"Gisborne District","TA",1.0569,1.0224,1.0129
2012-06-30,"Gore District","TA",1.0866,1.0512,1.005
2012-06-30,"Grey District","TA",0.996,0.9636,0.9811
2012-06-30,"Hamilton City","TA",1.0302,0.9967,1.0066
2012-06-30,"Hastings District","TA",1.0265,0.993,0.9975
2012-06-30,"Hauraki District","TA",1.0312,0.9976,0.9605
2012-06-30,"Horowhenua District","TA",1.054,1.0196,1.0023
2012-06-30,"Hurunui District","TA",1.0097,0.9768,1.0027
2012-06-30,"Invercargill City","TA",1.0553,1.0209,1.0179
2012-06-30,"Kaikoura District","TA",0.9445,0.9137,1.0186
2012-06-30,"Kaipara District","TA",1.0263,0.9928,1.0362
2012-06-30,"Kapiti Coast District","TA",1.0512,1.017,1.0051
2012-06-30,"Kawerau District","TA",1.0452,1.0112,0.9588
2012-06-30,"Hutt City","TA",1.0547,1.0203,1.0119
2012-06-30,"MacKenzie District","TA",0.9977,0.9652,1.1195
2012-06-30,"Manawatu District","TA",1.0433,1.0093,0.9797
2012-06-30,"Marlborough District","TA",1.0409,1.007,0.9744
2012-06-30,"Masterton District","TA",1.046,1.0119,0.9961
2012-06-30,"Matamata Piako District","TA",1.051,1.0167,1.0178
2012-06-30,"Napier City","TA",1.0329,0.9992,1.0033
2012-06-30,"Nelson City","TA",1.0572,1.0227,1.0103
2012-06-30,"New Plymouth District","TA",1.0447,1.0107,1.0137
2012-06-30,"New Zealand","NZ",1.0284,0.9949,1.0126
2012-06-30,"Opotiki District","TA",1.0785,1.0434,0.9691
2012-06-30,"Otorohanga District","TA",0.9768,0.945,0.9827
2012-06-30,"Palmerston North City","TA",1.0352,1.0015,1.0042
2012-06-30,"Porirua City","TA",1.0401,1.0062,1.0278
2012-06-30,"Queenstown Lakes District","TA",1.0107,0.9778,0.9829
2012-06-30,"Rangitikei District","TA",1.0584,1.0239,0.9938
2012-06-30,"Rotorua District","TA",1.0429,1.0089,1.0009
2012-06-30,"Ruapehu District","TA",1.0508,1.0166,0.8995
2012-06-30,"Selwyn District","TA",0.9878,0.9556,0.9784
2012-06-30,"South Taranaki District","TA",1.0375,1.0037,1.0216
2012-06-30,"South Waikato District","TA",1.0349,1.0012,1.01
2012-06-30,"South Wairarapa District","TA",1.0423,1.0083,0.9717
2012-06-30,"Southland District","TA",1.0577,1.0232,1.0237
2012-06-30,"Stratford District","TA",1.0035,0.9708,0.9955
2012-06-30,"Tararua District","TA",1.0775,1.0424,1.0583
2012-06-30,"Tasman District","TA",1.0404,1.0065,0.9939
2012-06-30,"Taupo District","TA",1.0444,1.0103,0.9972
2012-06-30,"Tauranga City","TA",1.032,0.9983,1.0065
2012-06-30,"Thames Coromandel District","TA",1.0287,0.9952,0.997
2012-06-30,"Timaru District","TA",1.0259,0.9925,0.9815
2012-06-30,"Upper Hutt City","TA",1.0408,1.0069,1.0217
2012-06-30,"Waikato District","TA",1.0277,0.9942,0.9815
2012-06-30,"Waimakariri District","TA",1.0366,1.0028,0.9849
2012-06-30,"Waimate District","TA",0.9956,0.9631,0.9432
2012-06-30,"Waipa District","TA",1.0253,0.9919,1.0002
2012-06-30,"Wairoa District","TA",1.048,1.0139,0.9461
2012-06-30,"Waitaki District","TA",1.0447,1.0106,0.9944
2012-06-30,"Waitomo District","TA",0.9743,0.9425,0.9806
2012-06-30,"Wellington City","TA",1.0467,1.0126,1.0619
2012-06-30,"Western Bay of Plenty District","TA",1.065,1.0303,0.9881
2012-06-30,"Westland District","TA",1.0297,0.9961,1.0486
2012-06-30,"Whakatane District","TA",1.0838,1.0485,1.0121
2012-06-30,"Whanganui District","TA",1.023,0.9896,1.0087
2012-06-30,"Whangarei District","TA",1.0458,1.0117,0.9975
2012-06-30,"Auckland","Reg",1.0151,0.982,0.9965
2012-06-30,"Bay of Plenty","Reg",1.0418,1.0078,1.0042
2012-06-30,"Canterbury","Reg",1.032,0.9984,0.9931
2012-06-30,"Gisborne","Reg",1.0569,1.0224,1.0129
2012-06-30,"Hawke's Bay","Reg",1.0294,0.9959,0.9966
2012-06-30,"Manawatu-Wanganui","Reg",1.0365,1.0027,1.0015
2012-06-30,"Marlborough","Reg",1.0409,1.007,0.9744
2012-06-30,"Nelson","Reg",1.0572,1.0227,1.0102
2012-06-30,"Northland","Reg",1.0457,1.0116,1.0011
2012-06-30,"Otago","Reg",1.0224,0.9891,1.1097
2012-06-30,"Southland","Reg",1.0594,1.0249,1.0192
2012-06-30,"Taranaki","Reg",1.0415,1.0075,1.0115
2012-06-30,"Tasman","Reg",1.0404,1.0065,0.994
2012-06-30,"Waikato","Reg",1.0303,0.9967,1.0024
2012-06-30,"Wellington","Reg",1.0476,1.0135,1.0465
2012-06-30,"West Coast","Reg",1.0161,0.983,0.9866
2012-09-30,"Ashburton District","TA",1.0487,0.9935,0.9876
2012-09-30,"Buller District","TA",1.0995,1.0417,1.0118
2012-09-30,"Carterton District","TA",1.0532,0.9978,0.9919
2012-09-30,"Central Hawkes Bay District","TA",1.0799,1.0231,0.9754
2012-09-30,"Central Otago District","TA",1.059,1.0033,1.0449
2012-09-30,"Christchurch City","TA",1.0451,0.9901,1.0013
2012-09-30,"Clutha District","TA",1.0477,0.9926,1.0124
2012-09-30,"Dunedin City","TA",1.0525,0.9972,1.1473
2012-09-30,"Far North District","TA",1.0459,0.9909,1.0051
2012-09-30,"Gisborne District","TA",1.0556,1.0001,1.0233
2012-09-30,"Gore District","TA",1.1099,1.0515,1.002
2012-09-30,"Grey District","TA",1.0617,1.0059,1.0263
2012-09-30,"Hamilton City","TA",1.0422,0.9874,1.0072
2012-09-30,"Hastings District","TA",1.0533,0.9979,1.0071
2012-09-30,"Hauraki District","TA",1.0651,1.009,0.9998
2012-09-30,"Horowhenua District","TA",1.0908,1.0334,1.0103
2012-09-30,"Hurunui District","TA",1.0199,0.9663,1.0696
2012-09-30,"Invercargill City","TA",1.0709,1.0146,1.0349
2012-09-30,"Kaikoura District","TA",1.0044,0.9516,1.0555
2012-09-30,"Kaipara District","TA",1.0344,0.98,1.0077
2012-09-30,"Kapiti Coast District","TA",1.0708,1.0145,1.0144
2012-09-30,"Kawerau District","TA",1.0455,0.9905,1.0413
2012-09-30,"Hutt City","TA",1.0766,1.0199,1.0242
2012-09-30,"MacKenzie District","TA",1.0945,1.0369,1.1445
2012-09-30,"Manawatu District","TA",1.0892,1.0319,0.9879
2012-09-30,"Marlborough District","TA",1.0697,1.0134,1.0011
2012-09-30,"Masterton District","TA",1.0703,1.014,0.9805
2012-09-30,"Matamata Piako District","TA",1.0575,1.0019,1.0216
2012-09-30,"Napier City","TA",1.0559,1.0004,1.0129
2012-09-30,"Nelson City","TA",1.0759,1.0193,1.0176
2012-09-30,"New Plymouth District","TA",1.0655,1.0095,1.0222
2012-09-30,"New Zealand","NZ",1.0361,0.9816,1.0201
2012-09-30,"Opotiki District","TA",1.0631,1.0072,1.0162
2012-09-30,"Otorohanga District","TA",1.0051,0.9522,1.0139
2012-09-30,"Palmerston North City","TA",1.0562,1.0006,1.0014
2012-09-30,"Porirua City","TA",1.0656,1.0095,1.0221
2012-09-30,"Queenstown Lakes District","TA",1.052,0.9966,1.0188
2012-09-30,"Rangitikei District","TA",1.1212,1.0623,0.9978
2012-09-30,"Rotorua District","TA",1.0654,1.0094,0.9948
2012-09-30,"Ruapehu District","TA",1.0786,1.0219,0.9739
2012-09-30,"Selwyn District","TA",1.0221,0.9683,1.0197
2012-09-30,"South Taranaki District","TA",1.1121,1.0536,1.0107
2012-09-30,"South Waikato District","TA",1.0454,0.9904,1.0129
2012-09-30,"South Wairarapa District","TA",1.1829,1.1207,1.0354
2012-09-30,"Southland District","TA",1.1298,1.0704,1.0332
2012-09-30,"Stratford District","TA",1.0392,0.9845,0.9808
2012-09-30,"Tararua District","TA",1.0971,1.0393,1.0595
2012-09-30,"Tasman District","TA",1.0639,1.0079,1.0061
2012-09-30,"Taupo District","TA",1.0851,1.028,1.0045
2012-09-30,"Tauranga City","TA",1.0543,0.9988,1.015
2012-09-30,"Thames Coromandel District","TA",1.05,0.9948,1.015
2012-09-30,"Timaru District","TA",1.038,0.9834,0.9869
2012-09-30,"Upper Hutt City","TA",1.0707,1.0143,1.0094
2012-09-30,"Waikato District","TA",1.0543,0.9989,0.9785
2012-09-30,"Waimakariri District","TA",1.0537,0.9983,0.9822
2012-09-30,"Waimate District","TA",1.062,1.0061,0.9908
2012-09-30,"Waipa District","TA",1.0505,0.9952,1.0037
2012-09-30,"Wairoa District","TA",1.0899,1.0325,0.9638
2012-09-30,"Waitaki District","TA",1.0537,0.9983,1.0171
2012-09-30,"Waitomo District","TA",1.0144,0.961,0.9728
2012-09-30,"Wellington City","TA",1.064,1.008,1.0692
2012-09-30,"Western Bay of Plenty District","TA",1.0441,0.9891,0.9916
2012-09-30,"Westland District","TA",1.1113,1.0528,1.1042
2012-09-30,"Whakatane District","TA",1.0959,1.0382,1.0317
2012-09-30,"Whanganui District","TA",1.0719,1.0155,1.0417
2012-09-30,"Whangarei District","TA",1.0726,1.0162,1.0037
2012-09-30,"Auckland","Reg",1.0058,0.9529,1.0049
2012-09-30,"Bay of Plenty","Reg",1.0607,1.0049,1.0121
2012-09-30,"Canterbury","Reg",1.0512,0.9959,1.0017
2012-09-30,"Gisborne","Reg",1.0556,1.0001,1.0233
2012-09-30,"Hawke's Bay","Reg",1.0544,0.9989,1.0068
2012-09-30,"Manawatu-Wanganui","Reg",1.0686,1.0124,1.0112
2012-09-30,"Marlborough","Reg",1.0697,1.0134,1.0012
2012-09-30,"Nelson","Reg",1.0759,1.0193,1.0176
2012-09-30,"Northland","Reg",1.0571,1.0015,1.0044
2012-09-30,"Otago","Reg",1.053,0.9976,1.1208
2012-09-30,"Southland","Reg",1.0877,1.0305,1.0357
2012-09-30,"Taranaki","Reg",1.0677,1.0116,1.0172
2012-09-30,"Tasman","Reg",1.0639,1.0079,1.0061
2012-09-30,"Waikato","Reg",1.0479,0.9927,1.0054
2012-09-30,"Wellington","Reg",1.0709,1.0145,1.0537
2012-09-30,"West Coast","Reg",1.1193,1.0604,1.0309
2012-12-31,"Ashburton District","TA",1.0563,0.9863,0.9875
2012-12-31,"Buller District","TA",1.0562,0.9862,1.0537
2012-12-31,"Carterton District","TA",1.0235,0.9556,0.9946
2012-12-31,"Central Hawkes Bay District","TA",1.0844,1.0124,0.9827
2012-12-31,"Central Otago District","TA",1.0952,1.0226,1.0254
2012-12-31,"Christchurch City","TA",1.0401,0.9711,0.9761
2012-12-31,"Clutha District","TA",1.0996,1.0266,1.0359
2012-12-31,"Dunedin City","TA",1.0641,0.9935,1.1349
2012-12-31,"Far North District","TA",1.0743,1.0031,1.0111
2012-12-31,"Gisborne District","TA",1.1316,1.0565,1.0195
2012-12-31,"Gore District","TA",1.1492,1.073,1.0652
2012-12-31,"Grey District","TA",1.1046,1.0313,1.0615
2012-12-31,"Hamilton City","TA",1.054,0.9841,1.0052
2012-12-31,"Hastings District","TA",1.0712,1.0001,1.0218
2012-12-31,"Hauraki District","TA",1.1169,1.0428,1.0082
2012-12-31,"Horowhenua District","TA",1.1008,1.0278,1.0192
2012-12-31,"Hurunui District","TA",1.0251,0.9571,1.0138
2012-12-31,"Invercargill City","TA",1.0998,1.0268,1.0282
2012-12-31,"Kaikoura District","TA",1.0163,0.9489,0.9305
2012-12-31,"Kaipara District","TA",1.0469,0.9775,1.041
2012-12-31,"Kapiti Coast District","TA",1.0741,1.0028,1.0063
2012-12-31,"Kawerau District","TA",1.2031,1.1233,1.0428
2012-12-31,"Hutt City","TA",1.0906,1.0183,1.0418
2012-12-31,"MacKenzie District","TA",1.0908,1.0185,1.1385
2012-12-31,"Manawatu District","TA",1.0987,1.0259,1.0061
2012-12-31,"Marlborough District","TA",1.0886,1.0164,1.0166
2012-12-31,"Masterton District","TA",1.1237,1.0492,0.9916
2012-12-31,"Matamata Piako District","TA",1.0963,1.0236,0.9973
2012-12-31,"Napier City","TA",1.0732,1.002,1.0223
2012-12-31,"Nelson City","TA",1.0785,1.007,1.0078
2012-12-31,"New Plymouth District","TA",1.0968,1.0241,1.0234
2012-12-31,"New Zealand","NZ",1.0408,0.9718,1.0186
2012-12-31,"Opotiki District","TA",1.1021,1.029,1.0771
2012-12-31,"Otorohanga District","TA",1.1439,1.068,0.9821
2012-12-31,"Palmerston North City","TA",1.0667,0.996,0.9787
2012-12-31,"Porirua City","TA",1.0898,1.0175,1.0254
2012-12-31,"Queenstown Lakes District","TA",1.0696,0.9987,1.0335
2012-12-31,"Rangitikei District","TA",1.124,1.0494,1.0176
2012-12-31,"Rotorua District","TA",1.108,1.0345,1.0129
2012-12-31,"Ruapehu District","TA",1.1218,1.0474,1.0159
2012-12-31,"Selwyn District","TA",1.0122,0.945,0.972
2012-12-31,"South Taranaki District","TA",1.1172,1.0431,1.0605
2012-12-31,"South Waikato District","TA",1.0813,1.0096,1.0101
2012-12-31,"South Wairarapa District","TA",1.1638,1.0866,1.054
2012-12-31,"Southland District","TA",1.1574,1.0806,1.0646
2012-12-31,"Stratford District","TA",1.1225,1.0481,1.0125
2012-12-31,"Tararua District","TA",1.0674,0.9967,1.0719
2012-12-31,"Tasman District","TA",1.0846,1.0127,1.0114
2012-12-31,"Taupo District","TA",1.0948,1.0222,0.9866
2012-12-31,"Tauranga City","TA",1.0941,1.0215,1.0092
2012-12-31,"Thames Coromandel District","TA",1.094,1.0215,1.0118
2012-12-31,"Timaru District","TA",1.0613,0.9909,1.0032
2012-12-31,"Upper Hutt City","TA",1.0848,1.0128,1.0142
2012-12-31,"Waikato District","TA",1.0457,0.9764,0.9914
2012-12-31,"Waimakariri District","TA",1.0549,0.985,0.9858
2012-12-31,"Waimate District","TA",1.0852,1.0132,0.9574
2012-12-31,"Waipa District","TA",1.0579,0.9877,1.0075
2012-12-31,"Wairoa District","TA",1.0966,1.0239,0.9427
2012-12-31,"Waitaki District","TA",1.1061,1.0327,0.9839
2012-12-31,"Waitomo District","TA",1.0732,1.0021,0.9967
2012-12-31,"Wellington City","TA",1.06,0.9897,1.0568
2012-12-31,"Western Bay of Plenty District","TA",1.066,0.9953,1.0127
2012-12-31,"Westland District","TA",1.1328,1.0576,1.0333
2012-12-31,"Whakatane District","TA",1.1166,1.0426,1.0258
2012-12-31,"Whanganui District","TA",1.0755,1.0042,1.0311
2012-12-31,"Whangarei District","TA",1.0988,1.0259,1.0013
2012-12-31,"Auckland","Reg",0.9974,0.9313,1.0033
2012-12-31,"Bay of Plenty","Reg",1.0988,1.0259,1.0145
2012-12-31,"Canterbury","Reg",1.0508,0.9811,0.98
2012-12-31,"Gisborne","Reg",1.1316,1.0565,1.0195
2012-12-31,"Hawke's Bay","Reg",1.0734,1.0022,1.0183
2012-12-31,"Manawatu-Wanganui","Reg",1.0771,1.0057,0.9958
2012-12-31,"Marlborough","Reg",1.0886,1.0164,1.0166
2012-12-31,"Nelson","Reg",1.0785,1.007,1.0077
2012-12-31,"Northland","Reg",1.0827,1.0109,1.0065
2012-12-31,"Otago","Reg",1.0718,1.0007,1.1256
2012-12-31,"Southland","Reg",1.1202,1.0459,1.0396
2012-12-31,"Taranaki","Reg",1.0985,1.0256,1.0282
2012-12-31,"Tasman","Reg",1.0846,1.0127,1.0114
2012-12-31,"Waikato","Reg",1.0722,1.0011,1.0032
2012-12-31,"Wellington","Reg",1.0753,1.004,1.05
2012-12-31,"West Coast","Reg",1.1077,1.0342,1.0437
2013-03-31,"Northland","Reg",1.0549,0.9994,1.0111
2013-03-31,"Auckland","Reg",0.9562,0.9059,0.988
2013-03-31,"Waikato","Reg",1.0524,0.997,0.9968
2013-03-31,"Bay of Plenty","Reg",1.0855,1.0284,1.0149
2013-03-31,"Gisborne","Reg",1.0834,1.0265,1.0134
2013-03-31,"Hawke's Bay","Reg",1.0519,0.9965,1.0138
2013-03-31,"Taranaki","Reg",1.0659,1.0098,1.0281
2013-03-31,"Manawatu-Wanganui","Reg",1.0581,1.0025,1.0102
2013-03-31,"Wellington","Reg",1.0574,1.0018,1.012
2013-03-31,"West Coast","Reg",1.1159,1.0572,1.0694
2013-03-31,"Canterbury","Reg",1.0093,0.9563,0.9528
2013-03-31,"Otago","Reg",1.0476,0.9925,1.0095
2013-03-31,"Southland","Reg",1.1189,1.06,1.024
2013-03-31,"Tasman","Reg",1.0481,0.993,1.0022
2013-03-31,"Nelson","Reg",1.0759,1.0193,1.0218
2013-03-31,"Marlborough","Reg",1.06,1.0042,1.0024
2013-03-31,"New Zealand","NZ",1.0072,0.9543,0.9982
2013-03-31,"Ashburton District","TA",1.0273,0.9733,0.9821
2013-03-31,"Buller District","TA",1.0818,1.0249,1.0972
2013-03-31,"Carterton District","TA",1.0227,0.9689,0.9787
2013-03-31,"Central Hawkes Bay District","TA",1.1395,1.0796,0.993
2013-03-31,"Central Otago District","TA",1.0651,1.0091,1.0105
2013-03-31,"Christchurch City","TA",0.9914,0.9393,0.9461
2013-03-31,"Clutha District","TA",1.0494,0.9942,1.0128
2013-03-31,"Dunedin City","TA",1.046,0.991,1.0022
2013-03-31,"Far North District","TA",1.073,1.0165,1.0104
2013-03-31,"Gisborne District","TA",1.0834,1.0265,1.0134
2013-03-31,"Gore District","TA",1.1351,1.0754,1.0445
2013-03-31,"Grey District","TA",1.0755,1.0189,1.1089
2013-03-31,"Hamilton City","TA",1.0276,0.9735,0.9889
2013-03-31,"Hastings District","TA",1.0458,0.9908,1.0163
2013-03-31,"Hauraki District","TA",1.0779,1.0212,1.0449
2013-03-31,"Horowhenua District","TA",1.0685,1.0123,1.0123
2013-03-31,"Hurunui District","TA",1.0564,1.0009,1.0271
2013-03-31,"Invercargill City","TA",1.0942,1.0366,1.0125
2013-03-31,"Kaikoura District","TA",0.9604,0.9099,1.0073
2013-03-31,"Kaipara District","TA",1.0212,0.9675,1.046
2013-03-31,"Kapiti Coast District","TA",1.0626,1.0067,1.0098
2013-03-31,"Kawerau District","TA",1.1538,1.0931,1.0208
2013-03-31,"Hutt City","TA",1.0552,0.9997,1.0205
2013-03-31,"MacKenzie District","TA",1.0356,0.9811,1.1043
2013-03-31,"Manawatu District","TA",1.0675,1.0114,0.9953
2013-03-31,"Marlborough District","TA",1.06,1.0042,1.0023
2013-03-31,"Masterton District","TA",1.0875,1.0303,1.0096
2013-03-31,"Matamata Piako District","TA",1.0935,1.036,1.0154
2013-03-31,"Napier City","TA",1.0456,0.9906,1.0132
2013-03-31,"Nelson City","TA",1.0759,1.0193,1.0225
2013-03-31,"New Plymouth District","TA",1.0511,0.9958,1.0219
2013-03-31,"Opotiki District","TA",1.0852,1.0281,1.0914
2013-03-31,"Otorohanga District","TA",1.097,1.0393,1.0273
2013-03-31,"Palmerston North City","TA",1.0452,0.9903,0.9943
2013-03-31,"Porirua City","TA",1.0509,0.9956,1.0312
2013-03-31,"Queenstown Lakes District","TA",1.0311,0.9769,1.014
2013-03-31,"Rangitikei District","TA",1.1474,1.0871,1.0001
2013-03-31,"Rotorua District","TA",1.0749,1.0183,1.0085
2013-03-31,"Ruapehu District","TA",1.1804,1.1183,1.0469
2013-03-31,"Selwyn District","TA",0.9878,0.9359,0.9778
2013-03-31,"South Taranaki District","TA",1.1686,1.1072,1.066
2013-03-31,"South Waikato District","TA",1.0759,1.0193,1.0284
2013-03-31,"South Wairarapa District","TA",1.1863,1.1239,1.0959
2013-03-31,"Southland District","TA",1.1852,1.1229,1.0582
2013-03-31,"Stratford District","TA",1.074,1.0175,0.9938
2013-03-31,"Tararua District","TA",1.0769,1.0203,1.0732
2013-03-31,"Tasman District","TA",1.0481,0.993,1.0007
2013-03-31,"Taupo District","TA",1.0826,1.0257,0.997
2013-03-31,"Tauranga City","TA",1.0781,1.0214,1.0109
2013-03-31,"Thames Coromandel District","TA",1.0695,1.0133,0.9822
2013-03-31,"Timaru District","TA",1.0354,0.9809,0.9759
2013-03-31,"Upper Hutt City","TA",1.0634,1.0075,1.0085
2013-03-31,"Waikato District","TA",1.018,0.9644,0.9987
2013-03-31,"Waimakariri District","TA",1.0273,0.9732,0.9891
2013-03-31,"Waimate District","TA",1.0037,0.9509,0.9255
2013-03-31,"Waipa District","TA",1.04,0.9853,1.017
2013-03-31,"Wairoa District","TA",1.0978,1.0401,0.9868
2013-03-31,"Waitaki District","TA",1.0823,1.0254,1.0233
2013-03-31,"Waitomo District","TA",1.0577,1.002,0.971
2013-03-31,"Wellington City","TA",1.0505,0.9953,1.0057
2013-03-31,"Western Bay of Plenty District","TA",1.0807,1.0239,0.991
2013-03-31,"Westland District","TA",1.12,1.0611,1.067
2013-03-31,"Whakatane District","TA",1.1358,1.0761,1.0397
2013-03-31,"Whanganui District","TA",1.0627,1.0068,1.0554
2013-03-31,"Whangarei District","TA",1.0648,1.0088,1.0054
2013-06-30,"Ashburton District","TA",1.013,0.9556,0.9819
2013-06-30,"Buller District","TA",1.0909,1.0292,1.1561
2013-06-30,"Carterton District","TA",1.0343,0.9757,0.9719
2013-06-30,"Central Hawkes Bay District","TA",1.1941,1.1265,1.0229
2013-06-30,"Central Otago District","TA",1.0517,0.9922,1.0287
2013-06-30,"Christchurch City","TA",0.9736,0.9185,0.9358
2013-06-30,"Clutha District","TA",1.0964,1.0343,1.0238
2013-06-30,"Dunedin City","TA",1.0562,0.9965,1.155
2013-06-30,"Far North District","TA",1.0792,1.0181,1.0379
2013-06-30,"Gisborne District","TA",1.0847,1.0233,1.0212
2013-06-30,"Gore District","TA",1.1532,1.088,1.0235
2013-06-30,"Grey District","TA",1.0977,1.0356,1.0777
2013-06-30,"Hamilton City","TA",1.0337,0.9752,1.0064
2013-06-30,"Hastings District","TA",1.0453,0.9862,1.037
2013-06-30,"Hauraki District","TA",1.0835,1.0222,1.0361
2013-06-30,"Horowhenua District","TA",1.0809,1.0197,1.0302
2013-06-30,"Hurunui District","TA",1.0379,0.9792,1.0436
2013-06-30,"Invercargill City","TA",1.0929,1.0311,1.007
2013-06-30,"Kaikoura District","TA",0.9412,0.888,1.0016
2013-06-30,"Kaipara District","TA",1.0332,0.9748,1.0334
2013-06-30,"Kapiti Coast District","TA",1.0754,1.0145,0.999
2013-06-30,"Kawerau District","TA",1.1679,1.1018,1.0155
2013-06-30,"Hutt City","TA",1.0584,0.9985,1.0306
2013-06-30,"MacKenzie District","TA",1.0811,1.0199,0.9974
2013-06-30,"Manawatu District","TA",1.0839,1.0225,0.9878
2013-06-30,"Marlborough District","TA",1.0559,0.9961,1.0178
2013-06-30,"Masterton District","TA",1.1133,1.0503,1.0107
2013-06-30,"Matamata Piako District","TA",1.0792,1.0181,1.0147
2013-06-30,"Napier City","TA",1.0542,0.9945,1.0215
2013-06-30,"Nelson City","TA",1.0706,1.01,1.0338
2013-06-30,"New Plymouth District","TA",1.0532,0.9936,1.0321
2013-06-30,"New Zealand","NZ",0.9984,0.9419,1.016
2013-06-30,"Opotiki District","TA",1.1364,1.072,1.0791
2013-06-30,"Otorohanga District","TA",1.1668,1.1008,0.983
2013-06-30,"Palmerston North City","TA",1.0609,1.0008,0.9997
2013-06-30,"Porirua City","TA",1.089,1.0274,1.0604
2013-06-30,"Queenstown Lakes District","TA",1.032,0.9736,0.9958
2013-06-30,"Rangitikei District","TA",1.0855,1.024,0.9882
2013-06-30,"Rotorua District","TA",1.0818,1.0206,1.0268
2013-06-30,"Ruapehu District","TA",1.1336,1.0694,0.9979
2013-06-30,"Selwyn District","TA",0.9866,0.9307,0.9756
2013-06-30,"South Taranaki District","TA",1.1359,1.0716,1.0904
2013-06-30,"South Waikato District","TA",1.1423,1.0776,1.025
2013-06-30,"South Wairarapa District","TA",1.187,1.1198,1.0857
2013-06-30,"Southland District","TA",1.1827,1.1157,1.126
2013-06-30,"Stratford District","TA",1.0473,0.988,0.9706
2013-06-30,"Tararua District","TA",1.0582,0.9983,1.0756
2013-06-30,"Tasman District","TA",1.0752,1.0143,1.0193
2013-06-30,"Taupo District","TA",1.0859,1.0244,1.0086
2013-06-30,"Tauranga City","TA",1.0808,1.0196,1.0136
2013-06-30,"Thames Coromandel District","TA",1.0789,1.0179,1.0168
2013-06-30,"Timaru District","TA",1.0329,0.9744,0.9732
2013-06-30,"Upper Hutt City","TA",1.0665,1.0061,1.0233
2013-06-30,"Waikato District","TA",1.0621,1.002,1.0092
2013-06-30,"Waimakariri District","TA",1.0212,0.9634,0.9971
2013-06-30,"Waimate District","TA",1.0068,0.9498,0.9659
2013-06-30,"Waipa District","TA",1.0387,0.9799,1.0168
2013-06-30,"Wairoa District","TA",1.1515,1.0863,1.0012
2013-06-30,"Waitaki District","TA",1.1184,1.0551,1.0069
2013-06-30,"Waitomo District","TA",1.101,1.0387,0.9783
2013-06-30,"Wellington City","TA",1.0568,0.997,1.0532
2013-06-30,"Western Bay of Plenty District","TA",1.0885,1.0268,1.0098
2013-06-30,"Westland District","TA",1.07,1.0094,1.0507
2013-06-30,"Whakatane District","TA",1.1153,1.0522,1.0575
2013-06-30,"Whanganui District","TA",1.0683,1.0078,1.0555
2013-06-30,"Whangarei District","TA",1.0848,1.0234,1.0207
2013-06-30,"Auckland","Reg",0.9373,0.8842,0.997
2013-06-30,"Bay of Plenty","Reg",1.0843,1.0229,1.0228
2013-06-30,"Canterbury","Reg",0.9962,0.9398,0.947
2013-06-30,"Gisborne","Reg",1.0847,1.0233,1.0212
2013-06-30,"Hawke's Bay","Reg",1.0594,0.9995,1.0307
2013-06-30,"Manawatu-Wanganui","Reg",1.0668,1.0064,1.0174
2013-06-30,"Marlborough","Reg",1.0559,0.9961,1.0178
2013-06-30,"Nelson","Reg",1.0706,1.01,1.0336
2013-06-30,"Northland","Reg",1.072,1.0113,1.0285
2013-06-30,"Otago","Reg",1.0525,0.9929,1.1183
2013-06-30,"Southland","Reg",1.1195,1.0561,1.0272
2013-06-30,"Taranaki","Reg",1.0625,1.0023,1.0371
2013-06-30,"Tasman","Reg",1.0752,1.0143,1.0197
2013-06-30,"Waikato","Reg",1.0569,0.997,1.0105
2013-06-30,"Wellington","Reg",1.0669,1.0065,1.0495
2013-06-30,"West Coast","Reg",1.1061,1.0435,1.0869
2013-09-30,"Ashburton District","TA",0.9531,0.939,0.99
2013-09-30,"Buller District","TA",1.0888,1.0726,1.1795
2013-09-30,"Carterton District","TA",0.979,0.9645,1.0012
2013-09-30,"Central Hawkes Bay District","TA",1.1752,1.1577,1.0622
2013-09-30,"Central Otago District","TA",1.002,0.9871,1.0418
2013-09-30,"Christchurch City","TA",0.9065,0.893,0.9218
2013-09-30,"Clutha District","TA",0.9762,0.9617,1.0558
2013-09-30,"Dunedin City","TA",1.0087,0.9938,1.1699
2013-09-30,"Far North District","TA",1.0856,1.0695,1.0435
2013-09-30,"Gisborne District","TA",1.0226,1.0074,1.0441
2013-09-30,"Gore District","TA",1.1229,1.1062,0.9956
2013-09-30,"Grey District","TA",1.0285,1.0132,1.053
2013-09-30,"Hamilton City","TA",0.975,0.9605,1.0057
2013-09-30,"Hastings District","TA",1.0055,0.9905,1.0437
2013-09-30,"Hauraki District","TA",1.0501,1.0345,1.0272
2013-09-30,"Horowhenua District","TA",1.0591,1.0434,1.0235
2013-09-30,"Hurunui District","TA",0.949,0.9349,0.9956
2013-09-30,"Invercargill City","TA",1.0631,1.0473,1.0216
2013-09-30,"Kaikoura District","TA",1.0173,1.0021,1.0315
2013-09-30,"Kaipara District","TA",0.984,0.9694,1.0485
2013-09-30,"Kapiti Coast District","TA",1.0231,1.0079,0.9952
2013-09-30,"Kawerau District","TA",1.1482,1.1311,1.0252
2013-09-30,"Hutt City","TA",1.0214,1.0062,1.0288
2013-09-30,"MacKenzie District","TA",0.9961,0.9813,1.0432
2013-09-30,"Manawatu District","TA",1.0504,1.0348,1.0034
2013-09-30,"Marlborough District","TA",1.0268,1.0115,1.0078
2013-09-30,"Masterton District","TA",1.0651,1.0493,1.0134
2013-09-30,"Matamata Piako District","TA",1.0399,1.0245,1.0237
2013-09-30,"Napier City","TA",1.0163,1.0012,1.0338
2013-09-30,"Nelson City","TA",1.0278,1.0125,1.0482
2013-09-30,"New Plymouth District","TA",1.009,0.994,1.0126
2013-09-30,"New Zealand","NZ",0.9342,0.9203,1.0174
2013-09-30,"Opotiki District","TA",1.086,1.0699,1.1159
2013-09-30,"Otorohanga District","TA",0.9197,0.906,1.0346
2013-09-30,"Palmerston North City","TA",1.0123,0.9972,1.0009
2013-09-30,"Porirua City","TA",1.0331,1.0177,1.0614
2013-09-30,"Queenstown Lakes District","TA",1.0132,0.9981,1.0299
2013-09-30,"Rangitikei District","TA",1.1125,1.096,1.0566
2013-09-30,"Rotorua District","TA",1.0586,1.0429,1.02
2013-09-30,"Ruapehu District","TA",1.109,1.0925,0.999
2013-09-30,"Selwyn District","TA",0.9296,0.9158,0.9674
2013-09-30,"South Taranaki District","TA",1.0456,1.0301,1.0625
2013-09-30,"South Waikato District","TA",1.083,1.0669,1.0014
2013-09-30,"South Wairarapa District","TA",1.1091,1.0926,1.0638
2013-09-30,"Southland District","TA",1.1612,1.1439,1.1266
2013-09-30,"Stratford District","TA",0.9983,0.9834,0.9962
2013-09-30,"Tararua District","TA",1.0499,1.0343,1.0837
2013-09-30,"Tasman District","TA",1.0014,0.9865,1.0194
2013-09-30,"Taupo District","TA",1.0311,1.0158,1.0236
2013-09-30,"Tauranga City","TA",1.0332,1.0178,1.024
2013-09-30,"Thames Coromandel District","TA",1.0238,1.0086,1.0139
2013-09-30,"Timaru District","TA",0.9743,0.9598,1.0009
2013-09-30,"Upper Hutt City","TA",1.0389,1.0234,1.0383
2013-09-30,"Waikato District","TA",0.9862,0.9716,1.0194
2013-09-30,"Waimakariri District","TA",0.9812,0.9666,0.9652
2013-09-30,"Waimate District","TA",0.9619,0.9476,0.8676
2013-09-30,"Waipa District","TA",0.9792,0.9647,1.0202
2013-09-30,"Wairoa District","TA",1.1385,1.1216,0.9667
2013-09-30,"Waitaki District","TA",1.0846,1.0685,1.0022
2013-09-30,"Waitomo District","TA",1.0326,1.0172,0.9654
2013-09-30,"Wellington City","TA",1.0139,0.9988,1.0594
2013-09-30,"Western Bay of Plenty District","TA",1.0531,1.0375,1.0243
2013-09-30,"Westland District","TA",1.0454,1.0299,1.0579
2013-09-30,"Whakatane District","TA",1.0911,1.0749,1.034
2013-09-30,"Whanganui District","TA",1.0172,1.002,1.0314
2013-09-30,"Whangarei District","TA",1.0372,1.0218,1.0276
2013-09-30,"Auckland","Reg",0.8588,0.846,1.0022
2013-09-30,"Bay of Plenty","Reg",1.0432,1.0277,1.0272
2013-09-30,"Canterbury","Reg",0.9341,0.9202,0.9353
2013-09-30,"Gisborne","Reg",1.0226,1.0074,1.0441
2013-09-30,"Hawke's Bay","Reg",1.0213,1.0061,1.041
2013-09-30,"Manawatu-Wanganui","Reg",1.0261,1.0109,1.0136
2013-09-30,"Marlborough","Reg",1.0268,1.0115,1.0078
2013-09-30,"Nelson","Reg",1.0278,1.0125,1.0482
2013-09-30,"Northland","Reg",1.0512,1.0356,1.0372
2013-09-30,"Otago","Reg",1.0124,0.9973,1.1364
2013-09-30,"Southland","Reg",1.0927,1.0765,1.0375
2013-09-30,"Taranaki","Reg",1.0115,0.9965,1.0186
2013-09-30,"Tasman","Reg",1.0014,0.9865,1.0198
2013-09-30,"Waikato","Reg",0.9984,0.9835,1.0129
2013-09-30,"Wellington","Reg",1.0238,1.0086,1.0527
2013-09-30,"West Coast","Reg",1.0835,1.0673,1.0888
2013-12-31,"Ashburton District","TA",0.9248,0.9359,0.963
2013-12-31,"Buller District","TA",1.1112,1.1246,1.1765
2013-12-31,"Carterton District","TA",0.978,0.9897,0.9758
2013-12-31,"Central Hawkes Bay District","TA",1.1237,1.1372,1.0562
2013-12-31,"Central Otago District","TA",0.9923,1.0042,0.9799
2013-12-31,"Christchurch City","TA",0.88,0.8906,0.9212
2013-12-31,"Clutha District","TA",1.0052,1.0173,1.0345
2013-12-31,"Dunedin City","TA",0.9849,0.9968,1.1199
2013-12-31,"Far North District","TA",1.0564,1.0691,1.0409
2013-12-31,"Gisborne District","TA",1.0045,1.0166,1.0393
2013-12-31,"Gore District","TA",1.0725,1.0854,1.0373
2013-12-31,"Grey District","TA",0.9823,0.994,0.9932
2013-12-31,"Hamilton City","TA",0.9429,0.9542,1.0091
2013-12-31,"Hastings District","TA",1.0009,1.0129,1.0362
2013-12-31,"Hauraki District","TA",1.0328,1.0452,1.0287
2013-12-31,"Horowhenua District","TA",1.0379,1.0503,1.0186
2013-12-31,"Hurunui District","TA",0.9364,0.9477,0.9628
2013-12-31,"Invercargill City","TA",1.0406,1.0531,1.0073
2013-12-31,"Kaikoura District","TA",0.9326,0.9438,0.9818
2013-12-31,"Kaipara District","TA",0.9581,0.9696,1.0572
2013-12-31,"Kapiti Coast District","TA",0.9923,1.0042,0.9968
2013-12-31,"Kawerau District","TA",1.1156,1.129,1.0216
2013-12-31,"Hutt City","TA",0.9878,0.9996,1.0342
2013-12-31,"MacKenzie District","TA",0.928,0.9392,1.062
2013-12-31,"Manawatu District","TA",1.033,1.0454,1.0042
2013-12-31,"Marlborough District","TA",1.0095,1.0216,1.0155
2013-12-31,"Masterton District","TA",1.023,1.0353,1.0041
2013-12-31,"Matamata Piako District","TA",1.0023,1.0144,1.0225
2013-12-31,"Napier City","TA",0.9996,1.0116,1.0285
2013-12-31,"Nelson City","TA",0.994,1.0059,1.0425
2013-12-31,"New Plymouth District","TA",0.9797,0.9914,1.0135
2013-12-31,"New Zealand","NZ",0.9092,0.9201,1.0162
2013-12-31,"Opotiki District","TA",1.0902,1.1033,1.1406
2013-12-31,"Otorohanga District","TA",1.0439,1.0564,1.0154
2013-12-31,"Palmerston North City","TA",0.9991,1.0111,0.992
2013-12-31,"Porirua City","TA",1.0267,1.0391,1.0582
2013-12-31,"Queenstown Lakes District","TA",0.948,0.9594,1.0267
2013-12-31,"Rangitikei District","TA",1.0902,1.1033,1.0541
2013-12-31,"Rotorua District","TA",1.0248,1.0371,1.0191
2013-12-31,"Ruapehu District","TA",1.0387,1.0511,1.1066
2013-12-31,"Selwyn District","TA",0.9062,0.9171,0.9392
2013-12-31,"South Taranaki District","TA",1.0616,1.0744,1.0663
2013-12-31,"South Waikato District","TA",1.0304,1.0428,1.0237
2013-12-31,"South Wairarapa District","TA",1.0531,1.0657,1.0283
2013-12-31,"Southland District","TA",1.1575,1.1714,1.1065
2013-12-31,"Stratford District","TA",1.0351,1.0476,1.0341
2013-12-31,"Tararua District","TA",1.0274,1.0397,1.0739
2013-12-31,"Tasman District","TA",0.9964,1.0083,1.0187
2013-12-31,"Taupo District","TA",1.0727,1.0856,1.0229
2013-12-31,"Tauranga City","TA",1.0164,1.0286,1.0102
2013-12-31,"Thames Coromandel District","TA",1.0086,1.0207,1.0175
2013-12-31,"Timaru District","TA",0.9588,0.9703,1.0027
2013-12-31,"Upper Hutt City","TA",1.0051,1.0171,1.0515
2013-12-31,"Waikato District","TA",0.9594,0.9709,1.042
2013-12-31,"Waimakariri District","TA",0.9404,0.9517,0.9822
2013-12-31,"Waimate District","TA",0.922,0.9331,0.94
2013-12-31,"Waipa District","TA",0.947,0.9584,1.0303
2013-12-31,"Wairoa District","TA",1.0945,1.1077,1.0087
2013-12-31,"Waitaki District","TA",1.0517,1.0643,1.0061
2013-12-31,"Waitomo District","TA",0.9568,0.9682,1.0085
2013-12-31,"Wellington City","TA",0.9819,0.9937,1.0529
2013-12-31,"Western Bay of Plenty District","TA",1.0156,1.0278,1.0408
2013-12-31,"Westland District","TA",0.983,0.9948,1.0532
2013-12-31,"Whakatane District","TA",1.0698,1.0826,1.0467
2013-12-31,"Whanganui District","TA",1.033,1.0454,1.0674
2013-12-31,"Whangarei District","TA",1.0181,1.0303,1.0277
2013-12-31,"Auckland","Reg",0.8353,0.8453,1.0061
2013-12-31,"Bay of Plenty","Reg",1.0241,1.0364,1.0226
2013-12-31,"Canterbury","Reg",0.909,0.9199,0.9331
2013-12-31,"Gisborne","Reg",1.0045,1.0166,1.0393
2013-12-31,"Hawke's Bay","Reg",1.0086,1.0207,1.0335
2013-12-31,"Manawatu-Wanganui","Reg",1.0194,1.0317,1.0132
2013-12-31,"Marlborough","Reg",1.0095,1.0216,1.0155
2013-12-31,"Nelson","Reg",0.994,1.0059,1.0425
2013-12-31,"Northland","Reg",1.0281,1.0404,1.0375
2013-12-31,"Otago","Reg",0.972,0.9837,1.1092
2013-12-31,"Southland","Reg",1.0706,1.0834,1.0277
2013-12-31,"Taranaki","Reg",0.9878,0.9997,1.0218
2013-12-31,"Tasman","Reg",0.9964,1.0083,1.0191
2013-12-31,"Waikato","Reg",0.9827,0.9945,1.0193
2013-12-31,"Wellington","Reg",0.9921,1.004,1.0489
2013-12-31,"West Coast","Reg",1.0387,1.0512,1.049
2014-03-31,"Ashburton District","TA",0.8913,0.9341,0.967
2014-03-31,"Buller District","TA",0.9907,1.0382,1.1567
2014-03-31,"Carterton District","TA",0.9568,1.0028,0.9986
2014-03-31,"Central Hawkes Bay District","TA",1.0469,1.0972,1.0302
2014-03-31,"Central Otago District","TA",0.9603,1.0064,0.9954
2014-03-31,"Christchurch City","TA",0.8608,0.9022,0.9011
2014-03-31,"Clutha District","TA",0.9952,1.043,1.0247
2014-03-31,"Dunedin City","TA",0.9515,0.9972,1.0004
2014-03-31,"Far North District","TA",1.0599,1.1108,1.0456
2014-03-31,"Gisborne District","TA",1.0149,1.0637,1.0455
2014-03-31,"Gore District","TA",1.0576,1.1084,1.0229
2014-03-31,"Grey District","TA",0.9222,0.9665,1.0347
2014-03-31,"Hamilton City","TA",0.9069,0.9504,0.9952
2014-03-31,"Hastings District","TA",0.9704,1.017,1.0286
2014-03-31,"Hauraki District","TA",1.007,1.0554,1.0565
2014-03-31,"Horowhenua District","TA",0.9728,1.0195,1.0309
2014-03-31,"Hurunui District","TA",0.9369,0.9819,1.0125
2014-03-31,"Invercargill City","TA",0.9715,1.0182,1.037
2014-03-31,"Kaikoura District","TA",0.9007,0.9439,1.0143
2014-03-31,"Kaipara District","TA",0.9129,0.9567,1.048
2014-03-31,"Kapiti Coast District","TA",0.9487,0.9942,0.9916
2014-03-31,"Kawerau District","TA",1.013,1.0617,1.043
2014-03-31,"Hutt City","TA",0.9631,1.0094,1.0297
2014-03-31,"MacKenzie District","TA",0.9008,0.9441,0.9584
2014-03-31,"Manawatu District","TA",1.002,1.0501,0.9971
2014-03-31,"Marlborough District","TA",0.9753,1.0222,1.0167
2014-03-31,"Masterton District","TA",1.017,1.0658,0.9953
2014-03-31,"Matamata Piako District","TA",0.9837,1.031,1.0162
2014-03-31,"Napier City","TA",0.9559,1.0018,1.0169
2014-03-31,"Nelson City","TA",0.9717,1.0183,1.0496
2014-03-31,"New Plymouth District","TA",0.9455,0.9909,1.0089
2014-03-31,"New Zealand","NZ",0.8736,0.9155,0.9984
2014-03-31,"Opotiki District","TA",1.0262,1.0755,1.1462
2014-03-31,"Otorohanga District","TA",1.0076,1.056,1.0221
2014-03-31,"Palmerston North City","TA",0.9685,1.015,0.9978
2014-03-31,"Porirua City","TA",1.0171,1.0659,1.0782
2014-03-31,"Queenstown Lakes District","TA",0.9245,0.9689,1.0014
2014-03-31,"Rangitikei District","TA",1.0952,1.1478,1.0325
2014-03-31,"Rotorua District","TA",0.9975,1.0454,1.0328
2014-03-31,"Ruapehu District","TA",1.0418,1.0918,1.0889
2014-03-31,"Selwyn District","TA",0.8642,0.9057,0.9563
2014-03-31,"South Taranaki District","TA",1.0263,1.0756,1.0509
2014-03-31,"South Waikato District","TA",1.0413,1.0913,1.0381
2014-03-31,"South Wairarapa District","TA",1.0139,1.0625,1.0432
2014-03-31,"Southland District","TA",1.0956,1.1483,1.1163
2014-03-31,"Stratford District","TA",0.9777,1.0247,0.9855
2014-03-31,"Tararua District","TA",0.9972,1.0451,1.0955
2014-03-31,"Tasman District","TA",0.9424,0.9877,1.0136
2014-03-31,"Taupo District","TA",1.0349,1.0846,1.0249
2014-03-31,"Tauranga City","TA",0.9673,1.0137,1.0109
2014-03-31,"Thames Coromandel District","TA",0.9767,1.0236,1.0156
2014-03-31,"Timaru District","TA",0.9239,0.9683,0.9905
2014-03-31,"Upper Hutt City","TA",0.995,1.0428,1.0458
2014-03-31,"Waikato District","TA",0.9274,0.9719,1.0333
2014-03-31,"Waimakariri District","TA",0.9107,0.9545,0.9443
2014-03-31,"Waimate District","TA",0.8954,0.9384,0.8911
2014-03-31,"Waipa District","TA",0.9176,0.9617,1.0166
2014-03-31,"Wairoa District","TA",1.0479,1.0982,0.8875
2014-03-31,"Waitaki District","TA",1.0089,1.0573,1.0152
2014-03-31,"Waitomo District","TA",0.9959,1.0437,1.0114
2014-03-31,"Wellington City","TA",0.9601,1.0062,1.0131
2014-03-31,"Western Bay of Plenty District","TA",0.9717,1.0184,1.0297
2014-03-31,"Westland District","TA",0.9667,1.0131,1.0055
2014-03-31,"Whakatane District","TA",1.0318,1.0814,1.0339
2014-03-31,"Whanganui District","TA",1.0212,1.0703,1.045
2014-03-31,"Whangarei District","TA",0.9761,1.023,1.0325
2014-03-31,"Auckland","Reg",0.7959,0.8341,0.9935
2014-03-31,"Bay of Plenty","Reg",0.9742,1.021,1.0233
2014-03-31,"Canterbury","Reg",0.881,0.9233,0.9145
2014-03-31,"Gisborne","Reg",1.0149,1.0637,1.0455
2014-03-31,"Hawke's Bay","Reg",0.9699,1.0165,1.0211
2014-03-31,"Manawatu-Wanganui","Reg",0.988,1.0355,1.0159
2014-03-31,"Marlborough","Reg",0.9753,1.0222,1.0167
2014-03-31,"Nelson","Reg",0.9717,1.0183,1.0495
2014-03-31,"Northland","Reg",0.996,1.0438,1.0406
2014-03-31,"Otago","Reg",0.9385,0.9836,1.0118
2014-03-31,"Southland","Reg",1.0083,1.0567,1.0505
2014-03-31,"Taranaki","Reg",0.9516,0.9973,1.013
2014-03-31,"Tasman","Reg",0.9424,0.9877,1.0138
2014-03-31,"Waikato","Reg",0.9528,0.9986,1.0098
2014-03-31,"Wellington","Reg",0.9694,1.016,1.02
2014-03-31,"West Coast","Reg",0.975,1.0218,1.0605
2014-06-30,"Ashburton District","TA",0.8626,0.9218,0.9533
2014-06-30,"Buller District","TA",1.0762,1.15,1.2511
2014-06-30,"Carterton District","TA",0.8617,0.9208,1.0195
2014-06-30,"Central Hawkes Bay District","TA",1.0702,1.1436,1.0554
2014-06-30,"Central Otago District","TA",0.9322,0.9962,0.994
2014-06-30,"Christchurch City","TA",0.8502,0.9085,0.9004
2014-06-30,"Clutha District","TA",0.9183,0.9813,1.052
2014-06-30,"Dunedin City","TA",0.9396,1.0041,1.1773
2014-06-30,"Far North District","TA",1.0506,1.1227,1.0557
2014-06-30,"Gisborne District","TA",1.0049,1.0738,1.0536
2014-06-30,"Gore District","TA",1.0352,1.1062,1.0018
2014-06-30,"Grey District","TA",0.9782,1.0453,1.0412
2014-06-30,"Hamilton City","TA",0.8997,0.9614,1.0081
2014-06-30,"Hastings District","TA",0.9757,1.0426,1.0527
2014-06-30,"Hauraki District","TA",1.0205,1.0905,1.07
2014-06-30,"Horowhenua District","TA",0.9947,1.063,1.0445
2014-06-30,"Hurunui District","TA",0.9471,1.0121,1.0111
2014-06-30,"Invercargill City","TA",0.9631,1.0291,1.0173
2014-06-30,"Kaikoura District","TA",0.8959,0.9574,0.9982
2014-06-30,"Kaipara District","TA",0.9166,0.9795,1.039
2014-06-30,"Kapiti Coast District","TA",0.9406,1.0051,0.9937
2014-06-30,"Kawerau District","TA",1.0279,1.0984,1.0117
2014-06-30,"Hutt City","TA",0.9691,1.0356,1.0333
2014-06-30,"MacKenzie District","TA",0.9551,1.0206,1.0336
2014-06-30,"Manawatu District","TA",0.9841,1.0517,1.0199
2014-06-30,"Marlborough District","TA",0.9601,1.026,1.0202
2014-06-30,"Masterton District","TA",1.0378,1.109,1.0032
2014-06-30,"Matamata Piako District","TA",0.9329,0.9969,1.0079
2014-06-30,"Napier City","TA",0.9448,1.0096,1.0347
2014-06-30,"Nelson City","TA",0.9527,1.0181,1.0539
2014-06-30,"New Plymouth District","TA",0.9281,0.9917,1.0252
2014-06-30,"New Zealand","NZ",0.8564,0.9151,1.0128
2014-06-30,"Opotiki District","TA",1.005,1.074,1.0964
2014-06-30,"Otorohanga District","TA",1.0793,1.1534,1.0406
2014-06-30,"Palmerston North City","TA",0.9677,1.034,1.0155
2014-06-30,"Porirua City","TA",1.0029,1.0717,1.0742
2014-06-30,"Queenstown Lakes District","TA",0.9133,0.976,0.9814
2014-06-30,"Rangitikei District","TA",1.0342,1.1052,1.0721
2014-06-30,"Rotorua District","TA",0.997,1.0654,1.0359
2014-06-30,"Ruapehu District","TA",1.0744,1.1481,0.9642
2014-06-30,"Selwyn District","TA",0.8402,0.8978,0.9721
2014-06-30,"South Taranaki District","TA",1.0076,1.0768,1.0544
2014-06-30,"South Waikato District","TA",1.0484,1.1203,1.0204
2014-06-30,"South Wairarapa District","TA",1.0091,1.0783,1.0635
2014-06-30,"Southland District","TA",1.0802,1.1544,1.0988
2014-06-30,"Stratford District","TA",0.9645,1.0307,1.0351
2014-06-30,"Tararua District","TA",1.0016,1.0703,1.0764
2014-06-30,"Tasman District","TA",0.9354,0.9996,1.0101
2014-06-30,"Taupo District","TA",1.037,1.1082,1.0285
2014-06-30,"Tauranga City","TA",0.9602,1.026,1.0176
2014-06-30,"Thames Coromandel District","TA",0.9446,1.0094,1.0209
2014-06-30,"Timaru District","TA",0.8932,0.9544,0.9638
2014-06-30,"Upper Hutt City","TA",0.9824,1.0498,1.0385
2014-06-30,"Waikato District","TA",0.9319,0.9958,1.0338
2014-06-30,"Waimakariri District","TA",0.8924,0.9537,0.9587
2014-06-30,"Waimate District","TA",0.8964,0.9579,0.9243
2014-06-30,"Waipa District","TA",0.9085,0.9708,1.0205
2014-06-30,"Wairoa District","TA",1.0453,1.1171,0.9687
2014-06-30,"Waitaki District","TA",0.9699,1.0364,0.9985
2014-06-30,"Waitomo District","TA",0.9503,1.0155,0.984
2014-06-30,"Wellington City","TA",0.9501,1.0152,1.0595
2014-06-30,"Western Bay of Plenty District","TA",0.9501,1.0152,1.0082
2014-06-30,"Westland District","TA",0.9735,1.0403,1.0437
2014-06-30,"Whakatane District","TA",1.0041,1.073,1.0386
2014-06-30,"Whanganui District","TA",1.0108,1.0801,1.0561
2014-06-30,"Whangarei District","TA",0.9616,1.0276,1.0413
2014-06-30,"Auckland","Reg",0.774,0.8271,1.0008
2014-06-30,"Bay of Plenty","Reg",0.9639,1.0301,1.0254
2014-06-30,"Canterbury","Reg",0.8653,0.9246,0.9152
2014-06-30,"Gisborne","Reg",1.0049,1.0738,1.0536
2014-06-30,"Hawke's Bay","Reg",0.9677,1.0341,1.0444
2014-06-30,"Manawatu-Wanganui","Reg",0.9847,1.0522,1.0303
2014-06-30,"Marlborough","Reg",0.9601,1.026,1.0203
2014-06-30,"Nelson","Reg",0.9527,1.0181,1.0538
2014-06-30,"Northland","Reg",0.987,1.0547,1.0493
2014-06-30,"Otago","Reg",0.9203,0.9835,1.1004
2014-06-30,"Southland","Reg",0.9983,1.0667,1.0319
2014-06-30,"Taranaki","Reg",0.9338,0.9979,1.0287
2014-06-30,"Tasman","Reg",0.9354,0.9996,1.0103
2014-06-30,"Waikato","Reg",0.9389,1.0033,1.0201
2014-06-30,"Wellington","Reg",0.9611,1.027,1.0538
2014-06-30,"West Coast","Reg",1.0185,1.0884,1.1021
2014-09-30,"Ashburton District","TA",0.8603,0.9277,0.9685
2014-09-30,"Buller District","TA",1.0505,1.1328,1.2884
2014-09-30,"Carterton District","TA",0.9323,1.0053,1.0699
2014-09-30,"Central Hawkes Bay District","TA",1.0683,1.152,1.0376
2014-09-30,"Central Otago District","TA",0.9422,1.016,1.0381
2014-09-30,"Christchurch City","TA",0.8358,0.9013,0.9141
2014-09-30,"Clutha District","TA",0.9181,0.9901,1.0222
2014-09-30,"Dunedin City","TA",0.9444,1.0184,1.1679
2014-09-30,"Far North District","TA",1.0318,1.1126,1.0577
2014-09-30,"Gisborne District","TA",0.9994,1.0777,1.0645
2014-09-30,"Gore District","TA",1.0289,1.1095,1.0271
2014-09-30,"Grey District","TA",0.9572,1.0322,1.0534
2014-09-30,"Hamilton City","TA",0.8959,0.9661,1.0068
2014-09-30,"Hastings District","TA",0.9691,1.045,1.0475
2014-09-30,"Hauraki District","TA",1.045,1.1269,1.0184
2014-09-30,"Horowhenua District","TA",0.9967,1.0748,1.055
2014-09-30,"Hurunui District","TA",0.9405,1.0142,0.9872
2014-09-30,"Invercargill City","TA",0.9677,1.0435,1.0306
2014-09-30,"Kaikoura District","TA",0.8632,0.9308,0.9871
2014-09-30,"Kaipara District","TA",0.9228,0.9951,1.0347
2014-09-30,"Kapiti Coast District","TA",0.9316,1.0045,1.0085
2014-09-30,"Kawerau District","TA",1.0143,1.0937,1.0813
2014-09-30,"Hutt City","TA",0.9731,1.0493,1.0385
2014-09-30,"MacKenzie District","TA",0.9809,1.0577,1.0792
2014-09-30,"Manawatu District","TA",0.9874,1.0648,0.9733
2014-09-30,"Marlborough District","TA",0.9696,1.0455,1.0179
2014-09-30,"Masterton District","TA",0.9816,1.0585,1.0306
2014-09-30,"Matamata Piako District","TA",0.9524,1.027,1.0125
2014-09-30,"Napier City","TA",0.9437,1.0176,1.0416
2014-09-30,"Nelson City","TA",0.95,1.0244,1.0625
2014-09-30,"New Plymouth District","TA",0.9275,1.0002,1.0376
2014-09-30,"New Zealand","NZ",0.8456,0.9118,1.0206
2014-09-30,"Opotiki District","TA",1.0105,1.0896,1.0455
2014-09-30,"Otorohanga District","TA",0.9103,0.9816,1.0395
2014-09-30,"Palmerston North City","TA",0.9639,1.0394,1.016
2014-09-30,"Porirua City","TA",1.0173,1.097,1.0907
2014-09-30,"Queenstown Lakes District","TA",0.9047,0.9756,1.0245
2014-09-30,"Rangitikei District","TA",1.1018,1.1881,1.0478
2014-09-30,"Rotorua District","TA",0.9788,1.0555,1.0295
2014-09-30,"Ruapehu District","TA",1.0716,1.1556,1.02
2014-09-30,"Selwyn District","TA",0.83,0.895,0.9891
2014-09-30,"South Taranaki District","TA",1.0074,1.0863,1.0367
2014-09-30,"South Waikato District","TA",1.0326,1.1135,1.0374
2014-09-30,"South Wairarapa District","TA",1.0208,1.1007,1.0885
2014-09-30,"Southland District","TA",1.0447,1.1265,1.1118
2014-09-30,"Stratford District","TA",1.0107,1.0899,1.0246
2014-09-30,"Tararua District","TA",0.9819,1.0588,1.0871
2014-09-30,"Tasman District","TA",0.9347,1.0079,1.032
2014-09-30,"Taupo District","TA",1.0462,1.1282,1.0465
2014-09-30,"Tauranga City","TA",0.9472,1.0214,1.0327
2014-09-30,"Thames Coromandel District","TA",0.9711,1.0471,1.0196
2014-09-30,"Timaru District","TA",0.8753,0.9439,0.9635
2014-09-30,"Upper Hutt City","TA",0.9789,1.0556,1.0549
2014-09-30,"Waikato District","TA",0.8775,0.9463,1.0505
2014-09-30,"Waimakariri District","TA",0.89,0.9597,0.9879
2014-09-30,"Waimate District","TA",0.8709,0.9392,0.8963
2014-09-30,"Waipa District","TA",0.8957,0.9659,1.01
2014-09-30,"Wairoa District","TA",1.1396,1.2289,1.001
2014-09-30,"Waitaki District","TA",0.9729,1.0492,1.0015
2014-09-30,"Waitomo District","TA",1.0051,1.0838,1.0226
2014-09-30,"Wellington City","TA",0.9555,1.0304,1.0769
2014-09-30,"Western Bay of Plenty District","TA",0.9455,1.0196,1.0438
2014-09-30,"Westland District","TA",0.9322,1.0052,1.0283
2014-09-30,"Whakatane District","TA",1.0089,1.088,1.0308
2014-09-30,"Whanganui District","TA",1.0195,1.0994,1.0554
2014-09-30,"Whangarei District","TA",0.9744,1.0508,1.0379
2014-09-30,"Auckland","Reg",0.7572,0.8165,1.0071
2014-09-30,"Bay of Plenty","Reg",0.9522,1.0268,1.033
2014-09-30,"Canterbury","Reg",0.8545,0.9215,0.9292
2014-09-30,"Gisborne","Reg",0.9994,1.0777,1.0645
2014-09-30,"Hawke's Bay","Reg",0.9666,1.0423,1.0453
2014-09-30,"Manawatu-Wanganui","Reg",0.9878,1.0652,1.0286
2014-09-30,"Marlborough","Reg",0.9696,1.0455,1.0179
2014-09-30,"Nelson","Reg",0.95,1.0244,1.062
2014-09-30,"Northland","Reg",0.9893,1.0668,1.0478
2014-09-30,"Otago","Reg",0.9198,0.9919,1.1259
2014-09-30,"Southland","Reg",0.9964,1.0745,1.0487
2014-09-30,"Taranaki","Reg",0.9361,1.0094,1.0355
2014-09-30,"Tasman","Reg",0.9347,1.0079,1.033
2014-09-30,"Waikato","Reg",0.9369,1.0103,1.0222
2014-09-30,"Wellington","Reg",0.9653,1.0409,1.07
2014-09-30,"West Coast","Reg",0.9877,1.0651,1.124
2014-12-31,"Ashburton District","TA",0.8642,0.9195,0.9786
2014-12-31,"Buller District","TA",1.0178,1.0829,1.2794
2014-12-31,"Carterton District","TA",0.9432,1.0036,0.9724
2014-12-31,"Central Hawkes Bay District","TA",1.0502,1.1174,1.0331
2014-12-31,"Central Otago District","TA",0.9621,1.0237,0.985
2014-12-31,"Christchurch City","TA",0.8485,0.9028,0.9228
2014-12-31,"Clutha District","TA",0.9846,1.0476,0.9644
2014-12-31,"Dunedin City","TA",0.9694,1.0315,1.1409
2014-12-31,"Far North District","TA",1.043,1.1098,1.0609
2014-12-31,"Gisborne District","TA",1.0146,1.0796,1.0546
2014-12-31,"Gore District","TA",1.0486,1.1157,1.0196
2014-12-31,"Grey District","TA",0.9736,1.036,1.0739
2014-12-31,"Hamilton City","TA",0.8933,0.9505,1.0086
2014-12-31,"Hastings District","TA",0.9795,1.0422,1.0443
2014-12-31,"Hauraki District","TA",1.0171,1.0822,1.0528
2014-12-31,"Horowhenua District","TA",1.0106,1.0753,1.0473
2014-12-31,"Hurunui District","TA",0.9504,1.0113,1.0175
2014-12-31,"Invercargill City","TA",1.0016,1.0658,1.0391
2014-12-31,"Kaikoura District","TA",0.9292,0.9887,0.9967
2014-12-31,"Kaipara District","TA",0.923,0.9821,1.0387
2014-12-31,"Kapiti Coast District","TA",0.9478,1.0085,1.0041
2014-12-31,"Kawerau District","TA",1.1043,1.1751,1.0424
2014-12-31,"Hutt City","TA",0.981,1.0439,1.0534
2014-12-31,"MacKenzie District","TA",0.8935,0.9507,1.0416
2014-12-31,"Manawatu District","TA",1.0086,1.0732,0.9516
2014-12-31,"Marlborough District","TA",0.9817,1.0446,1.0065
2014-12-31,"Masterton District","TA",1.0317,1.0978,1.0319
2014-12-31,"Matamata Piako District","TA",0.951,1.0119,1.0313
2014-12-31,"Napier City","TA",0.9615,1.0231,1.0298
2014-12-31,"Nelson City","TA",0.9658,1.0277,1.0676
2014-12-31,"New Plymouth District","TA",0.9238,0.983,1.0267
2014-12-31,"New Zealand","NZ",0.8361,0.8897,1.0159
2014-12-31,"Opotiki District","TA",1.0487,1.1159,1.0407
2014-12-31,"Otorohanga District","TA",1.0726,1.1413,1.0724
2014-12-31,"Palmerston North City","TA",0.9682,1.0302,0.9957
2014-12-31,"Porirua City","TA",1.0205,1.0859,1.1037
2014-12-31,"Queenstown Lakes District","TA",0.9089,0.9671,1.0295
2014-12-31,"Rangitikei District","TA",1.0651,1.1333,1.0486
2014-12-31,"Rotorua District","TA",1.0128,1.0777,1.0188
2014-12-31,"Ruapehu District","TA",1.1489,1.2224,1.0659
2014-12-31,"Selwyn District","TA",0.8586,0.9136,0.959
2014-12-31,"South Taranaki District","TA",1.0224,1.0878,1.0506
2014-12-31,"South Waikato District","TA",1.0567,1.1244,1.0168
2014-12-31,"South Wairarapa District","TA",1.0578,1.1255,1.0978
2014-12-31,"Southland District","TA",1.1091,1.1801,1.1009
2014-12-31,"Stratford District","TA",1.0331,1.0992,1.0315
2014-12-31,"Tararua District","TA",1.0104,1.0751,1.078
2014-12-31,"Tasman District","TA",0.9457,1.0063,1.0336
2014-12-31,"Taupo District","TA",1.0333,1.0994,1.0395
2014-12-31,"Tauranga City","TA",0.9601,1.0216,1.0079
2014-12-31,"Thames Coromandel District","TA",0.9655,1.0273,1.0274
2014-12-31,"Timaru District","TA",0.8895,0.9465,0.9626
2014-12-31,"Upper Hutt City","TA",1.018,1.0832,1.0563
2014-12-31,"Waikato District","TA",0.9357,0.9956,1.0557
2014-12-31,"Waimakariri District","TA",0.8974,0.9548,1.0003
2014-12-31,"Waimate District","TA",0.8563,0.9111,0.9075
2014-12-31,"Waipa District","TA",0.8992,0.9568,1.0164
2014-12-31,"Wairoa District","TA",1.1132,1.1845,0.9413
2014-12-31,"Waitaki District","TA",1.0074,1.0719,1.0266
2014-12-31,"Waitomo District","TA",1.0223,1.0878,1.0066
2014-12-31,"Wellington City","TA",0.9569,1.0181,1.0698
2014-12-31,"Western Bay of Plenty District","TA",0.9628,1.0244,1.044
2014-12-31,"Westland District","TA",0.9912,1.0547,0.9572
2014-12-31,"Whakatane District","TA",1.0148,1.0798,1.0323
2014-12-31,"Whanganui District","TA",1.0274,1.0931,1.0636
2014-12-31,"Whangarei District","TA",0.9711,1.0333,1.0342
2014-12-31,"Auckland","Reg",0.7318,0.7787,1.0007
2014-12-31,"Bay of Plenty","Reg",0.9652,1.027,1.0169
2014-12-31,"Canterbury","Reg",0.8699,0.9256,0.937
2014-12-31,"Gisborne","Reg",1.0146,1.0796,1.0546
2014-12-31,"Hawke's Bay","Reg",0.9794,1.0421,1.0382
2014-12-31,"Manawatu-Wanganui","Reg",0.9955,1.0592,1.0148
2014-12-31,"Marlborough","Reg",0.9817,1.0446,1.0065
2014-12-31,"Nelson","Reg",0.9658,1.0277,1.0675
2014-12-31,"Northland","Reg",0.9911,1.0546,1.0459
2014-12-31,"Otago","Reg",0.9362,0.9962,1.1096
2014-12-31,"Southland","Reg",1.0361,1.1024,1.0553
2014-12-31,"Taranaki","Reg",0.936,0.9959,1.03
2014-12-31,"Tasman","Reg",0.9457,1.0063,1.0338
2014-12-31,"Waikato","Reg",0.9412,1.0014,1.0248
2014-12-31,"Wellington","Reg",0.9757,1.0382,1.0686
2014-12-31,"West Coast","Reg",0.9987,1.0626,1.1088
2015-03-31,"Ashburton District","TA",0.889,0.9206,0.9644
2015-03-31,"Buller District","TA",1.0596,1.0971,1.2892
2015-03-31,"Carterton District","TA",0.9412,0.9746,1.0276
2015-03-31,"Central Hawkes Bay District","TA",1.0551,1.0925,1.0121
2015-03-31,"Central Otago District","TA",0.9788,1.0135,0.9844
2015-03-31,"Christchurch City","TA",0.8794,0.9106,0.914
2015-03-31,"Clutha District","TA",1.007,1.0427,1.0284
2015-03-31,"Dunedin City","TA",0.9919,1.027,1.0312
2015-03-31,"Far North District","TA",1.0533,1.0907,1.0683
2015-03-31,"Gisborne District","TA",1.0702,1.1082,1.0669
2015-03-31,"Gore District","TA",1.0954,1.1342,1.0259
2015-03-31,"Grey District","TA",1.0103,1.0461,1.0742
2015-03-31,"Hamilton City","TA",0.9088,0.9411,1.0016
2015-03-31,"Hastings District","TA",0.9919,1.0271,1.0315
2015-03-31,"Hauraki District","TA",1.0539,1.0912,1.0691
2015-03-31,"Horowhenua District","TA",1.0329,1.0695,1.0499
2015-03-31,"Hurunui District","TA",0.9724,1.0068,0.9901
2015-03-31,"Invercargill City","TA",1.0421,1.079,1.058
2015-03-31,"Kaikoura District","TA",0.9393,0.9726,0.9975
2015-03-31,"Kaipara District","TA",0.9473,0.9809,1.0099
2015-03-31,"Kapiti Coast District","TA",0.9809,1.0156,0.991
2015-03-31,"Kawerau District","TA",1.1235,1.1633,1.0441
2015-03-31,"Hutt City","TA",1.0125,1.0484,1.0503
2015-03-31,"MacKenzie District","TA",0.9432,0.9766,1.0479
2015-03-31,"Manawatu District","TA",1.048,1.0852,1.0152
2015-03-31,"Marlborough District","TA",1.0171,1.0531,1.0131
2015-03-31,"Masterton District","TA",1.0494,1.0866,1.0091
2015-03-31,"Matamata Piako District","TA",0.959,0.993,1.0174
2015-03-31,"Napier City","TA",0.997,1.0323,1.0449
2015-03-31,"Nelson City","TA",0.9912,1.0263,1.0498
2015-03-31,"New Plymouth District","TA",0.9505,0.9842,1.016
2015-03-31,"New Zealand","NZ",0.84,0.8698,0.9998
2015-03-31,"Opotiki District","TA",1.0775,1.1157,1.1071
2015-03-31,"Otorohanga District","TA",1.0214,1.0577,1.0165
2015-03-31,"Palmerston North City","TA",0.9992,1.0347,1.0044
2015-03-31,"Porirua City","TA",1.0364,1.0731,1.0747
2015-03-31,"Queenstown Lakes District","TA",0.9452,0.9787,1.0329
2015-03-31,"Rangitikei District","TA",1.1657,1.2071,1.0608
2015-03-31,"Rotorua District","TA",1.0349,1.0716,1.0216
2015-03-31,"Ruapehu District","TA",1.1684,1.2098,1.0998
2015-03-31,"Selwyn District","TA",0.8729,0.9038,1
2015-03-31,"South Taranaki District","TA",1.0234,1.0597,1.0513
2015-03-31,"South Waikato District","TA",1.0978,1.1367,1.0304
2015-03-31,"South Wairarapa District","TA",1.0836,1.122,1.1178
2015-03-31,"Southland District","TA",1.1153,1.1548,1.1347
2015-03-31,"Stratford District","TA",0.9948,1.0301,1.0285
2015-03-31,"Tararua District","TA",1.0487,1.0859,1.0781
2015-03-31,"Tasman District","TA",0.9847,1.0196,1.0253
2015-03-31,"Taupo District","TA",1.0606,1.0982,1.0296
2015-03-31,"Tauranga City","TA",0.959,0.993,0.9905
2015-03-31,"Thames Coromandel District","TA",1.0036,1.0392,1.0299
2015-03-31,"Timaru District","TA",0.903,0.935,0.9569
2015-03-31,"Upper Hutt City","TA",1.033,1.0696,1.0568
2015-03-31,"Waikato District","TA",0.9414,0.9747,1.0545
2015-03-31,"Waimakariri District","TA",0.9293,0.9622,1.0095
2015-03-31,"Waimate District","TA",0.886,0.9175,0.902
2015-03-31,"Waipa District","TA",0.9194,0.952,1.0072
2015-03-31,"Wairoa District","TA",1.1571,1.1981,0.9707
2015-03-31,"Waitaki District","TA",1.0219,1.0581,1.0137
2015-03-31,"Waitomo District","TA",0.9226,0.9553,1.0308
2015-03-31,"Wellington City","TA",0.9876,1.0226,1.0223
2015-03-31,"Western Bay of Plenty District","TA",0.9917,1.0269,1.0068
2015-03-31,"Westland District","TA",1.0056,1.0412,0.9788
2015-03-31,"Whakatane District","TA",1.0473,1.0844,1.0205
2015-03-31,"Whanganui District","TA",1.0602,1.0978,1.0586
2015-03-31,"Whangarei District","TA",0.9954,1.0307,1.0332
2015-03-31,"Auckland","Reg",0.7218,0.7474,0.9845
2015-03-31,"Bay of Plenty","Reg",0.971,1.0055,1.0048
2015-03-31,"Canterbury","Reg",0.8977,0.9295,0.9301
2015-03-31,"Gisborne","Reg",1.0702,1.1082,1.0669
2015-03-31,"Hawke's Bay","Reg",1.0017,1.0372,1.0369
2015-03-31,"Manawatu-Wanganui","Reg",1.03,1.0665,1.0258
2015-03-31,"Marlborough","Reg",1.0171,1.0531,1.013
2015-03-31,"Nelson","Reg",0.9912,1.0263,1.0497
2015-03-31,"Northland","Reg",1.0108,1.0467,1.0451
2015-03-31,"Otago","Reg",0.9553,0.9891,1.0409
2015-03-31,"Southland","Reg",1.0702,1.1082,1.073
2015-03-31,"Taranaki","Reg",0.957,0.9909,1.0208
2015-03-31,"Tasman","Reg",0.9847,1.0196,1.0256
2015-03-31,"Waikato","Reg",0.9625,0.9967,1.0203
2015-03-31,"Wellington","Reg",1.0048,1.0404,1.0295
2015-03-31,"West Coast","Reg",1.0292,1.0656,1.1171
2015-06-30,"Ashburton District","TA",0.9401,0.9309,0.9459
2015-06-30,"Buller District","TA",1.1411,1.1301,1.3597
2015-06-30,"Carterton District","TA",1.0206,1.0107,0.992
2015-06-30,"Central Hawkes Bay District","TA",1.1128,1.102,0.9998
2015-06-30,"Central Otago District","TA",1.0193,1.0094,1.0047
2015-06-30,"Christchurch City","TA",0.9092,0.9003,0.9459
2015-06-30,"Clutha District","TA",1.0228,1.0128,1.0006
2015-06-30,"Dunedin City","TA",1.0145,1.0046,1.2068
2015-06-30,"Far North District","TA",1.1275,1.1166,1.05
2015-06-30,"Gisborne District","TA",1.1081,1.0973,1.0613
2015-06-30,"Gore District","TA",1.0963,1.0856,1.0188
2015-06-30,"Grey District","TA",1.0476,1.0374,1.0671
2015-06-30,"Hamilton City","TA",0.9093,0.9004,1.0093
2015-06-30,"Hastings District","TA",1.0361,1.026,1.0545
2015-06-30,"Hauraki District","TA",1.0432,1.033,1.0689
2015-06-30,"Horowhenua District","TA",1.1037,1.0929,1.0631
2015-06-30,"Hurunui District","TA",0.9895,0.9799,0.905
2015-06-30,"Invercargill City","TA",1.0876,1.077,1.0262
2015-06-30,"Kaikoura District","TA",1.0167,1.0068,1.0177
2015-06-30,"Kaipara District","TA",0.9606,0.9513,1.0671
2015-06-30,"Kapiti Coast District","TA",1.0205,1.0106,1.0194
2015-06-30,"Kawerau District","TA",1.143,1.1319,0.9252
2015-06-30,"Hutt City","TA",1.0711,1.0607,1.0435
2015-06-30,"MacKenzie District","TA",0.9641,0.9547,1.0712
2015-06-30,"Manawatu District","TA",1.0988,1.0881,0.9577
2015-06-30,"Marlborough District","TA",1.0455,1.0353,1.0272
2015-06-30,"Masterton District","TA",1.1181,1.1072,1.0195
2015-06-30,"Matamata Piako District","TA",1.0315,1.0215,1.0076
2015-06-30,"Napier City","TA",1.0429,1.0328,1.069
2015-06-30,"Nelson City","TA",1.0349,1.0249,1.0622
2015-06-30,"New Plymouth District","TA",0.9839,0.9743,1.0389
2015-06-30,"New Zealand","NZ",0.8554,0.847,1.0132
2015-06-30,"Opotiki District","TA",1.1369,1.1259,0.9755
2015-06-30,"Otorohanga District","TA",1.1597,1.1484,1.0113
2015-06-30,"Palmerston North City","TA",1.0452,1.0351,1.0236
2015-06-30,"Porirua City","TA",1.0793,1.0688,1.0745
2015-06-30,"Queenstown Lakes District","TA",0.9818,0.9723,0.9844
2015-06-30,"Rangitikei District","TA",1.1915,1.1799,1.0302
2015-06-30,"Rotorua District","TA",1.0833,1.0728,1.027
2015-06-30,"Ruapehu District","TA",1.2922,1.2796,0.9906
2015-06-30,"Selwyn District","TA",0.9384,0.9292,1.0063
2015-06-30,"South Taranaki District","TA",1.073,1.0626,1.0519
2015-06-30,"South Waikato District","TA",1.1079,1.0972,1.0081
2015-06-30,"South Wairarapa District","TA",1.1531,1.1419,1.0977
2015-06-30,"Southland District","TA",1.1456,1.1344,1.1415
2015-06-30,"Stratford District","TA",1.0933,1.0827,1.022
2015-06-30,"Tararua District","TA",1.0966,1.086,1.0713
2015-06-30,"Tasman District","TA",1.0422,1.0321,1.0414
2015-06-30,"Taupo District","TA",1.1066,1.0959,1.0321
2015-06-30,"Tauranga City","TA",0.9762,0.9668,0.9969
2015-06-30,"Thames Coromandel District","TA",1.0352,1.0252,1.0167
2015-06-30,"Timaru District","TA",0.9291,0.9201,0.9835
2015-06-30,"Upper Hutt City","TA",1.0768,1.0663,1.0376
2015-06-30,"Waikato District","TA",0.9611,0.9517,1.0273
2015-06-30,"Waimakariri District","TA",0.9746,0.9652,1.0084
2015-06-30,"Waimate District","TA",0.9649,0.9556,0.8067
2015-06-30,"Waipa District","TA",0.9534,0.9442,1.0156
2015-06-30,"Wairoa District","TA",1.2016,1.19,0.9829
2015-06-30,"Waitaki District","TA",1.0404,1.0303,1.0119
2015-06-30,"Waitomo District","TA",1.0276,1.0176,1.064
2015-06-30,"Wellington City","TA",1.0392,1.0291,1.0867
2015-06-30,"Western Bay of Plenty District","TA",1.0154,1.0055,1.028
2015-06-30,"Westland District","TA",1.0456,1.0354,0.8983
2015-06-30,"Whakatane District","TA",1.1064,1.0957,1.0075
2015-06-30,"Whanganui District","TA",1.1264,1.1154,1.0605
2015-06-30,"Whangarei District","TA",1.03,1.02,1.0327
2015-06-30,"Auckland","Reg",0.7219,0.7149,0.9862
2015-06-30,"Bay of Plenty","Reg",0.9981,0.9884,1.0073
2015-06-30,"Canterbury","Reg",0.9335,0.9245,0.9591
2015-06-30,"Gisborne","Reg",1.1081,1.0973,1.0613
2015-06-30,"Hawke's Bay","Reg",1.0455,1.0354,1.0573
2015-06-30,"Manawatu-Wanganui","Reg",1.084,1.0735,1.03
2015-06-30,"Marlborough","Reg",1.0455,1.0353,1.0272
2015-06-30,"Nelson","Reg",1.0349,1.0249,1.0621
2015-06-30,"Northland","Reg",1.0543,1.044,1.0447
2015-06-30,"Otago","Reg",0.9779,0.9684,1.1026
2015-06-30,"Southland","Reg",1.1076,1.0969,1.0476
2015-06-30,"Taranaki","Reg",0.9969,0.9873,1.0395
2015-06-30,"Tasman","Reg",1.0422,1.0321,1.0416
2015-06-30,"Waikato","Reg",0.986,0.9764,1.0229
2015-06-30,"Wellington","Reg",1.0579,1.0476,1.0753
2015-06-30,"West Coast","Reg",1.0682,1.0578,1.1437
2015-09-30,"Ashburton District","TA",0.9955,0.9284,0.985
2015-09-30,"Buller District","TA",1.1585,1.0804,1.3302
2015-09-30,"Carterton District","TA",1.0695,0.9974,1.01
2015-09-30,"Central Hawkes Bay District","TA",1.178,1.0985,1.0229
2015-09-30,"Central Otago District","TA",1.0628,0.9911,1.0534
2015-09-30,"Christchurch City","TA",0.9698,0.9043,0.9767
2015-09-30,"Clutha District","TA",1.0769,1.0043,1.0081
2015-09-30,"Dunedin City","TA",1.0622,0.9905,1.1815
2015-09-30,"Far North District","TA",1.1501,1.0725,1.0451
2015-09-30,"Gisborne District","TA",1.1676,1.0889,1.0725
2015-09-30,"Gore District","TA",1.182,1.1023,1.0283
2015-09-30,"Grey District","TA",1.142,1.0649,1.0849
2015-09-30,"Hamilton City","TA",0.8927,0.8325,1.0019
2015-09-30,"Hastings District","TA",1.0777,1.005,1.0522
2015-09-30,"Hauraki District","TA",1.1263,1.0503,1.034
2015-09-30,"Horowhenua District","TA",1.167,1.0882,1.0707
2015-09-30,"Hurunui District","TA",1.0599,0.9884,0.9924
2015-09-30,"Invercargill City","TA",1.1393,1.0625,1.0369
2015-09-30,"Kaikoura District","TA",1.1019,1.0275,1.0735
2015-09-30,"Kaipara District","TA",1.0222,0.9533,1.0058
2015-09-30,"Kapiti Coast District","TA",1.1006,1.0263,1.04
2015-09-30,"Kawerau District","TA",1.1358,1.0592,1.0548
2015-09-30,"Hutt City","TA",1.1291,1.0529,1.0667
2015-09-30,"MacKenzie District","TA",1.0185,0.9498,1.0521
2015-09-30,"Manawatu District","TA",1.1393,1.0625,0.9764
2015-09-30,"Marlborough District","TA",1.1095,1.0346,1.0293
2015-09-30,"Masterton District","TA",1.1877,1.1076,1.0045
2015-09-30,"Matamata Piako District","TA",1.0435,0.9731,1.0155
2015-09-30,"Napier City","TA",1.1006,1.0263,1.057
2015-09-30,"Nelson City","TA",1.0826,1.0095,1.0762
2015-09-30,"New Plymouth District","TA",1.0351,0.9653,1.0429
2015-09-30,"New Zealand","NZ",0.8784,0.8191,1.0197
2015-09-30,"Opotiki District","TA",1.1297,1.0535,1.0759
2015-09-30,"Otorohanga District","TA",1.0937,1.0199,1.0163
2015-09-30,"Palmerston North City","TA",1.1017,1.0273,1.013
2015-09-30,"Porirua City","TA",1.1451,1.0679,1.0874
2015-09-30,"Queenstown Lakes District","TA",1.035,0.9651,1.0127
2015-09-30,"Rangitikei District","TA",1.2918,1.2047,1.0685
2015-09-30,"Rotorua District","TA",1.1021,1.0278,1.0129
2015-09-30,"Ruapehu District","TA",1.3133,1.2247,1.0698
2015-09-30,"Selwyn District","TA",1.0098,0.9417,1.0539
2015-09-30,"South Taranaki District","TA",1.1466,1.0692,1.0745
2015-09-30,"South Waikato District","TA",1.0974,1.0234,0.9865
2015-09-30,"South Wairarapa District","TA",1.2133,1.1314,1.0933
2015-09-30,"Southland District","TA",1.2468,1.1627,1.1133
2015-09-30,"Stratford District","TA",1.1207,1.0451,1.0444
2015-09-30,"Tararua District","TA",1.1624,1.0839,1.0861
2015-09-30,"Tasman District","TA",1.089,1.0155,1.0626
2015-09-30,"Taupo District","TA",1.1568,1.0788,1.0315
2015-09-30,"Tauranga City","TA",0.9779,0.9119,0.9897
2015-09-30,"Thames Coromandel District","TA",1.0719,0.9996,1.01
2015-09-30,"Timaru District","TA",0.9866,0.9201,0.978
2015-09-30,"Upper Hutt City","TA",1.1599,1.0816,1.0647
2015-09-30,"Waikato District","TA",0.9592,0.8945,1.0252
2015-09-30,"Waimakariri District","TA",1.0472,0.9766,1.046
2015-09-30,"Waimate District","TA",0.9798,0.9137,0.9014
2015-09-30,"Waipa District","TA",0.9713,0.9058,1.0102
2015-09-30,"Wairoa District","TA",1.2814,1.195,1.0291
2015-09-30,"Waitaki District","TA",1.1037,1.0292,1.0038
2015-09-30,"Waitomo District","TA",1.0887,1.0153,1.0238
2015-09-30,"Wellington City","TA",1.0988,1.0246,1.1025
2015-09-30,"Western Bay of Plenty District","TA",1.0602,0.9887,1.0109
2015-09-30,"Westland District","TA",1.138,1.0612,1.0421
2015-09-30,"Whakatane District","TA",1.1325,1.0561,1.0276
2015-09-30,"Whanganui District","TA",1.1868,1.1068,1.0555
2015-09-30,"Whangarei District","TA",1.0464,0.9758,1.0202
2015-09-30,"Auckland","Reg",0.729,0.6798,0.9912
2015-09-30,"Bay of Plenty","Reg",1.0119,0.9436,1.0034
2015-09-30,"Canterbury","Reg",0.9972,0.93,0.9911
2015-09-30,"Gisborne","Reg",1.1676,1.0889,1.0725
2015-09-30,"Hawke's Bay","Reg",1.098,1.0239,1.0531
2015-09-30,"Manawatu-Wanganui","Reg",1.1416,1.0646,1.0307
2015-09-30,"Marlborough","Reg",1.1095,1.0346,1.0293
2015-09-30,"Nelson","Reg",1.0826,1.0095,1.0761
2015-09-30,"Northland","Reg",1.0817,1.0088,1.0311
2015-09-30,"Otago","Reg",1.0254,0.9562,1.1203
2015-09-30,"Southland","Reg",1.1688,1.0899,1.0533
2015-09-30,"Taranaki","Reg",1.0496,0.9787,1.0468
2015-09-30,"Tasman","Reg",1.089,1.0155,1.0627
2015-09-30,"Waikato","Reg",0.9851,0.9186,1.0173
2015-09-30,"Wellington","Reg",1.1235,1.0477,1.0916
2015-09-30,"West Coast","Reg",1.1552,1.0773,1.1552
2015-12-31,"Ashburton District","TA",1.0173,0.9149,1.0019
2015-12-31,"Buller District","TA",1.2459,1.1206,1.3345
2015-12-31,"Carterton District","TA",1.06,0.9534,0.9763
2015-12-31,"Central Hawkes Bay District","TA",1.1719,1.054,1.0058
2015-12-31,"Central Otago District","TA",1.0796,0.971,0.9767
2015-12-31,"Christchurch City","TA",0.9974,0.897,0.9743
2015-12-31,"Clutha District","TA",1.1009,0.9901,0.9884
2015-12-31,"Dunedin City","TA",1.075,0.9668,1.1351
2015-12-31,"Far North District","TA",1.1822,1.0632,1.0331
2015-12-31,"Gisborne District","TA",1.2145,1.0923,1.0513
2015-12-31,"Gore District","TA",1.2105,1.0887,0.983
2015-12-31,"Grey District","TA",1.2734,1.1453,1.0744
2015-12-31,"Hamilton City","TA",0.8874,0.7981,0.9814
2015-12-31,"Hastings District","TA",1.0907,0.9809,1.0242
2015-12-31,"Hauraki District","TA",1.0842,0.9751,1.0415
2015-12-31,"Horowhenua District","TA",1.1829,1.0639,1.0594
2015-12-31,"Hurunui District","TA",1.0697,0.962,1.0231
2015-12-31,"Invercargill City","TA",1.1583,1.0417,1.0299
2015-12-31,"Kaikoura District","TA",1.1113,0.9995,1.1235
2015-12-31,"Kaipara District","TA",1.0021,0.9013,1.0236
2015-12-31,"Kapiti Coast District","TA",1.1229,1.0099,1.0277
2015-12-31,"Kawerau District","TA",1.1804,1.0616,1.0643
2015-12-31,"Hutt City","TA",1.1405,1.0257,1.0511
2015-12-31,"MacKenzie District","TA",1.0359,0.9317,1.0932
2015-12-31,"Manawatu District","TA",1.1463,1.031,1.0356
2015-12-31,"Marlborough District","TA",1.1286,1.015,1.0106
2015-12-31,"Masterton District","TA",1.2036,1.0825,0.9715
2015-12-31,"Matamata Piako District","TA",1.0167,0.9144,0.9838
2015-12-31,"Napier City","TA",1.1006,0.9899,1.0512
2015-12-31,"Nelson City","TA",1.0876,0.9781,1.0601
2015-12-31,"New Plymouth District","TA",1.0393,0.9348,1.0232
2015-12-31,"New Zealand","NZ",0.9065,0.8153,1.0097
2015-12-31,"Opotiki District","TA",1.1938,1.0737,1.015
2015-12-31,"Otorohanga District","TA",1.1223,1.0094,1.0091
2015-12-31,"Palmerston North City","TA",1.1216,1.0087,1.0003
2015-12-31,"Porirua City","TA",1.1419,1.027,1.0679
2015-12-31,"Queenstown Lakes District","TA",1.0171,0.9148,0.9911
2015-12-31,"Rangitikei District","TA",1.2859,1.1565,1.0794
2015-12-31,"Rotorua District","TA",1.1091,0.9975,0.9917
2015-12-31,"Ruapehu District","TA",1.3689,1.2312,1.0674
2015-12-31,"Selwyn District","TA",1.0379,0.9334,1.0799
2015-12-31,"South Taranaki District","TA",1.1899,1.0702,1.0829
2015-12-31,"South Waikato District","TA",1.1299,1.0162,0.9628
2015-12-31,"South Wairarapa District","TA",1.2705,1.1426,1.0985
2015-12-31,"Southland District","TA",1.2792,1.1504,1.1078
2015-12-31,"Stratford District","TA",1.1338,1.0197,1.0092
2015-12-31,"Tararua District","TA",1.1707,1.0529,1.0949
2015-12-31,"Tasman District","TA",1.1165,1.0041,1.0393
2015-12-31,"Taupo District","TA",1.1543,1.0382,1.0159
2015-12-31,"Tauranga City","TA",0.9594,0.8629,0.9629
2015-12-31,"Thames Coromandel District","TA",1.0836,0.9745,0.9767
2015-12-31,"Timaru District","TA",1.0134,0.9114,1.0011
2015-12-31,"Upper Hutt City","TA",1.1678,1.0503,1.0744
2015-12-31,"Waikato District","TA",0.9246,0.8316,1.0287
2015-12-31,"Waimakariri District","TA",1.0658,0.9585,1.0575
2015-12-31,"Waimate District","TA",1.0296,0.926,0.9034
2015-12-31,"Waipa District","TA",0.9633,0.8663,1.0111
2015-12-31,"Wairoa District","TA",1.3856,1.2462,0.9631
2015-12-31,"Waitaki District","TA",1.1373,1.0229,1.0249
2015-12-31,"Waitomo District","TA",1.1455,1.0302,1.0109
2015-12-31,"Wellington City","TA",1.0916,0.9818,1.079
2015-12-31,"Western Bay of Plenty District","TA",1.0361,0.9318,1.0026
2015-12-31,"Westland District","TA",1.1959,1.0755,0.9909
2015-12-31,"Whakatane District","TA",1.1432,1.0281,1.0155
2015-12-31,"Whanganui District","TA",1.1952,1.0749,1.0396
2015-12-31,"Whangarei District","TA",1.0552,0.9491,0.9897
2015-12-31,"Auckland","Reg",0.7695,0.6921,0.9842
2015-12-31,"Bay of Plenty","Reg",1.0043,0.9033,0.9815
2015-12-31,"Canterbury","Reg",1.03,0.9264,0.9942
2015-12-31,"Gisborne","Reg",1.2145,1.0923,1.0513
2015-12-31,"Hawke's Bay","Reg",1.1049,0.9937,1.0352
2015-12-31,"Manawatu-Wanganui","Reg",1.1599,1.0432,1.0225
2015-12-31,"Marlborough","Reg",1.1286,1.015,1.0106
2015-12-31,"Nelson","Reg",1.0876,0.9781,1.06
2015-12-31,"Northland","Reg",1.092,0.9821,1.0104
2015-12-31,"Otago","Reg",1.0258,0.9226,1.0705
2015-12-31,"Southland","Reg",1.197,1.0766,1.0427
2015-12-31,"Taranaki","Reg",1.0573,0.9509,1.0334
2015-12-31,"Tasman","Reg",1.1165,1.0041,1.0395
2015-12-31,"Waikato","Reg",0.993,0.8931,1.0014
2015-12-31,"Wellington","Reg",1.1221,1.0092,1.0716
2015-12-31,"West Coast","Reg",1.2446,1.1194,1.1338
2016-03-31,"Ashburton District","TA",1.0278,0.9115,1.0025
2016-03-31,"Buller District","TA",1.1055,0.9804,1.3348
2016-03-31,"Carterton District","TA",1.0676,0.9468,0.9824
2016-03-31,"Central Hawkes Bay District","TA",1.1923,1.0573,1.0004
2016-03-31,"Central Otago District","TA",1.016,0.901,0.9863
2016-03-31,"Christchurch City","TA",1.0047,0.891,0.9686
2016-03-31,"Clutha District","TA",1.0826,0.9601,1.0158
2016-03-31,"Dunedin City","TA",1.068,0.9471,1.0418
2016-03-31,"Far North District","TA",1.1433,1.0139,1.0372
2016-03-31,"Gisborne District","TA",1.2068,1.0702,1.0549
2016-03-31,"Gore District","TA",1.1896,1.055,1.0173
2016-03-31,"Grey District","TA",1.2224,1.0841,1.0669
2016-03-31,"Hamilton City","TA",0.8675,0.7693,0.9903
2016-03-31,"Hastings District","TA",1.0904,0.967,1.0357
2016-03-31,"Hauraki District","TA",1.0376,0.9201,1.0157
2016-03-31,"Horowhenua District","TA",1.1845,1.0504,1.0854
2016-03-31,"Hurunui District","TA",1.1289,1.0011,0.9444
2016-03-31,"Invercargill City","TA",1.1849,1.0508,1.0596
2016-03-31,"Kaikoura District","TA",1.1449,1.0153,1.1132
2016-03-31,"Kaipara District","TA",0.9588,0.8503,1.0197
2016-03-31,"Kapiti Coast District","TA",1.1041,0.9791,1.0269
2016-03-31,"Kawerau District","TA",1.1128,0.9868,1.0147
2016-03-31,"Hutt City","TA",1.131,1.003,1.0567
2016-03-31,"MacKenzie District","TA",1.0063,0.8924,1.0123
2016-03-31,"Manawatu District","TA",1.1619,1.0304,0.9962
2016-03-31,"Marlborough District","TA",1.1262,0.9987,1.0138
2016-03-31,"Masterton District","TA",1.2398,1.0994,1.0161
2016-03-31,"Matamata Piako District","TA",1.0113,0.8968,0.9747
2016-03-31,"Napier City","TA",1.0844,0.9617,1.0569
2016-03-31,"Nelson City","TA",1.0755,0.9538,1.059
2016-03-31,"New Plymouth District","TA",1.0413,0.9234,1.0463
2016-03-31,"New Zealand","NZ",0.9008,0.7988,1.0082
2016-03-31,"Opotiki District","TA",1.1687,1.0364,1.0385
2016-03-31,"Otorohanga District","TA",1.1187,0.9921,0.9967
2016-03-31,"Palmerston North City","TA",1.1313,1.0032,1.012
2016-03-31,"Porirua City","TA",1.1403,1.0112,1.0813
2016-03-31,"Queenstown Lakes District","TA",0.9963,0.8835,0.9794
2016-03-31,"Rangitikei District","TA",1.2897,1.1437,1.0464
2016-03-31,"Rotorua District","TA",1.0879,0.9647,0.9811
2016-03-31,"Ruapehu District","TA",1.3299,1.1794,1.0763
2016-03-31,"Selwyn District","TA",1.0582,0.9384,1.0879
2016-03-31,"South Taranaki District","TA",1.2172,1.0794,1.0385
2016-03-31,"South Waikato District","TA",1.1,0.9755,0.9592
2016-03-31,"South Wairarapa District","TA",1.2756,1.1312,1.0969
2016-03-31,"Southland District","TA",1.2645,1.1214,1.1357
2016-03-31,"Stratford District","TA",1.1248,0.9974,1.0054
2016-03-31,"Tararua District","TA",1.1916,1.0567,1.0691
2016-03-31,"Tasman District","TA",1.1077,0.9823,1.0243
2016-03-31,"Taupo District","TA",1.1586,1.0275,1.012
2016-03-31,"Tauranga City","TA",0.9485,0.8411,0.9532
2016-03-31,"Thames Coromandel District","TA",1.1056,0.9804,0.9636
2016-03-31,"Timaru District","TA",1.0096,0.8953,1.0236
2016-03-31,"Upper Hutt City","TA",1.1698,1.0373,1.0745
2016-03-31,"Waikato District","TA",0.9093,0.8064,1.036
2016-03-31,"Waimakariri District","TA",1.0853,0.9625,1.0561
2016-03-31,"Waimate District","TA",0.9872,0.8755,0.9607
2016-03-31,"Waipa District","TA",0.9353,0.8294,1.0214
2016-03-31,"Wairoa District","TA",1.3466,1.1942,1.0043
2016-03-31,"Waitaki District","TA",1.1639,1.0322,1.0305
2016-03-31,"Waitomo District","TA",1.1562,1.0253,1.0207
2016-03-31,"Wellington City","TA",1.0685,0.9475,1.0398
2016-03-31,"Western Bay of Plenty District","TA",1.0329,0.916,1.0261
2016-03-31,"Westland District","TA",1.2038,1.0675,0.9834
2016-03-31,"Whakatane District","TA",1.1046,0.9796,0.986
2016-03-31,"Whanganui District","TA",1.2036,1.0674,1.0579
2016-03-31,"Whangarei District","TA",1.0439,0.9257,1.0159
2016-03-31,"Auckland","Reg",0.7659,0.6792,0.9861
2016-03-31,"Bay of Plenty","Reg",0.9901,0.878,0.9694
2016-03-31,"Canterbury","Reg",1.0383,0.9208,0.9903
2016-03-31,"Gisborne","Reg",1.2068,1.0702,1.0549
2016-03-31,"Hawke's Bay","Reg",1.0978,0.9735,1.0442
2016-03-31,"Manawatu-Wanganui","Reg",1.167,1.0349,1.0304
2016-03-31,"Marlborough","Reg",1.1262,0.9987,1.014
2016-03-31,"Nelson","Reg",1.0755,0.9538,1.0587
2016-03-31,"Northland","Reg",1.0714,0.9501,1.0292
2016-03-31,"Otago","Reg",1.0058,0.8919,1.0469
2016-03-31,"Southland","Reg",1.2086,1.0718,1.074
2016-03-31,"Taranaki","Reg",1.062,0.9417,1.0431
2016-03-31,"Tasman","Reg",1.1077,0.9823,1.0244
2016-03-31,"Waikato","Reg",0.9792,0.8684,1.009
2016-03-31,"Wellington","Reg",1.1069,0.9816,1.0432
2016-03-31,"West Coast","Reg",1.1971,1.0615,1.1607
2016-06-30,"Ashburton District","TA",1.0414,0.9039,0.9923
2016-06-30,"Buller District","TA",1.1472,0.9957,1.3305
2016-06-30,"Carterton District","TA",1.0432,0.9054,0.9106
2016-06-30,"Central Hawkes Bay District","TA",1.1979,1.0397,0.9539
2016-06-30,"Central Otago District","TA",1.0048,0.8721,0.9635
2016-06-30,"Christchurch City","TA",1.0192,0.8846,1.0178
2016-06-30,"Clutha District","TA",1.1004,0.9551,0.9636
2016-06-30,"Dunedin City","TA",1.067,0.9261,1.1973
2016-06-30,"Far North District","TA",1.133,0.9834,1.0386
2016-06-30,"Gisborne District","TA",1.1832,1.0269,1.0518
2016-06-30,"Gore District","TA",1.2221,1.0607,0.9746
2016-06-30,"Grey District","TA",1.2442,1.0798,1.0882
2016-06-30,"Hamilton City","TA",0.8232,0.7145,0.9896
2016-06-30,"Hastings District","TA",1.0601,0.9201,1.0644
2016-06-30,"Hauraki District","TA",1.0388,0.9016,1.0126
2016-06-30,"Horowhenua District","TA",1.1532,1.0009,1.0433
2016-06-30,"Hurunui District","TA",1.1014,0.9559,0.987
2016-06-30,"Invercargill City","TA",1.1612,1.0078,1.0265
2016-06-30,"Kaikoura District","TA",1.1971,1.039,1.1537
2016-06-30,"Kaipara District","TA",0.9567,0.8304,1.0128
2016-06-30,"Kapiti Coast District","TA",1.0863,0.9428,1.0274
2016-06-30,"Kawerau District","TA",0.984,0.8541,1.006
2016-06-30,"Hutt City","TA",1.1012,0.9557,1.057
2016-06-30,"MacKenzie District","TA",1.0387,0.9015,1.1016
2016-06-30,"Manawatu District","TA",1.1613,1.0079,0.977
2016-06-30,"Marlborough District","TA",1.1077,0.9614,1.0042
2016-06-30,"Masterton District","TA",1.2311,1.0685,0.9973
2016-06-30,"Matamata Piako District","TA",0.9641,0.8367,1.0014
2016-06-30,"Napier City","TA",1.0577,0.918,1.0488
2016-06-30,"Nelson City","TA",1.0611,0.9209,1.075
2016-06-30,"New Plymouth District","TA",1.0517,0.9128,1.0456
2016-06-30,"New Zealand","NZ",0.8813,0.7649,1.0136
2016-06-30,"Opotiki District","TA",1.1173,0.9698,1.02
2016-06-30,"Otorohanga District","TA",1.0151,0.8811,1.0185
2016-06-30,"Palmerston North City","TA",1.1255,0.9768,1.0167
2016-06-30,"Porirua City","TA",1.1281,0.9791,1.07
2016-06-30,"Queenstown Lakes District","TA",0.9719,0.8435,0.9135
2016-06-30,"Rangitikei District","TA",1.2715,1.1035,1.0326
2016-06-30,"Rotorua District","TA",1.025,0.8896,0.9565
2016-06-30,"Ruapehu District","TA",1.3586,1.1791,0.9807
2016-06-30,"Selwyn District","TA",1.0816,0.9387,1.1043
2016-06-30,"South Taranaki District","TA",1.2071,1.0477,1.0495
2016-06-30,"South Waikato District","TA",1.057,0.9174,0.9374
2016-06-30,"South Wairarapa District","TA",1.2606,1.0941,1.1298
2016-06-30,"Southland District","TA",1.3241,1.1492,1.0859
2016-06-30,"Stratford District","TA",1.1087,0.9622,0.9958
2016-06-30,"Tararua District","TA",1.2385,1.0749,1.0826
2016-06-30,"Tasman District","TA",1.1009,0.9555,1.0422
2016-06-30,"Taupo District","TA",1.1271,0.9783,1.0108
2016-06-30,"Tauranga City","TA",0.9194,0.798,0.9397
2016-06-30,"Thames Coromandel District","TA",1.0821,0.9392,1.0008
2016-06-30,"Timaru District","TA",1.0302,0.8941,0.9778
2016-06-30,"Upper Hutt City","TA",1.1337,0.984,1.077
2016-06-30,"Waikato District","TA",0.9,0.7812,1.0117
2016-06-30,"Waimakariri District","TA",1.1035,0.9577,1.0688
2016-06-30,"Waimate District","TA",1.0545,0.9152,0.9127
2016-06-30,"Waipa District","TA",0.9115,0.7911,1.0105
2016-06-30,"Wairoa District","TA",1.4037,1.2183,0.9493
2016-06-30,"Waitaki District","TA",1.1504,0.9984,0.9874
2016-06-30,"Waitomo District","TA",1.1326,0.9831,1.0086
2016-06-30,"Wellington City","TA",1.0602,0.9202,1.096
2016-06-30,"Western Bay of Plenty District","TA",0.9678,0.84,0.9977
2016-06-30,"Westland District","TA",1.2393,1.0756,0.9637
2016-06-30,"Whakatane District","TA",1.0858,0.9424,0.9784
2016-06-30,"Whanganui District","TA",1.1879,1.031,1.0488
2016-06-30,"Whangarei District","TA",1.0101,0.8767,0.9999
2016-06-30,"Auckland","Reg",0.7449,0.6465,0.9878
2016-06-30,"Bay of Plenty","Reg",0.9515,0.8258,0.9539
2016-06-30,"Canterbury","Reg",1.0566,0.9171,1.0317
2016-06-30,"Gisborne","Reg",1.1832,1.0269,1.0518
2016-06-30,"Hawke's Bay","Reg",1.0727,0.931,1.0504
2016-06-30,"Manawatu-Wanganui","Reg",1.1582,1.0052,1.0234
2016-06-30,"Marlborough","Reg",1.1077,0.9614,1.0042
2016-06-30,"Nelson","Reg",1.0611,0.9209,1.0749
2016-06-30,"Northland","Reg",1.048,0.9096,1.0191
2016-06-30,"Otago","Reg",0.9852,0.8551,1.0387
2016-06-30,"Southland","Reg",1.2079,1.0484,1.0369
2016-06-30,"Taranaki","Reg",1.0686,0.9274,1.041
2016-06-30,"Tasman","Reg",1.1009,0.9555,1.0418
2016-06-30,"Waikato","Reg",0.94,0.8159,1.0058
2016-06-30,"Wellington","Reg",1.0927,0.9484,1.083
2016-06-30,"West Coast","Reg",1.2218,1.0605,1.1383
2016-09-30,"Ashburton District","TA",1.0432,0.9048,0.9847
2016-09-30,"Buller District","TA",1.1533,1.0003,1.2338
2016-09-30,"Carterton District","TA",1.0158,0.881,0.9187
2016-09-30,"Central Hawkes Bay District","TA",1.1209,0.9722,0.9381
2016-09-30,"Central Otago District","TA",0.9903,0.859,0.9334
2016-09-30,"Christchurch City","TA",1.0129,0.8785,1.035
2016-09-30,"Clutha District","TA",1.0727,0.9304,0.9676
2016-09-30,"Dunedin City","TA",1.0226,0.8869,1.199
2016-09-30,"Far North District","TA",1.1042,0.9577,1.0431
2016-09-30,"Gisborne District","TA",1.1038,0.9574,1.0057
2016-09-30,"Gore District","TA",1.1833,1.0263,0.9804
2016-09-30,"Grey District","TA",1.2449,1.0798,1.0047
2016-09-30,"Hamilton City","TA",0.7915,0.6866,0.9773
2016-09-30,"Hastings District","TA",1.0087,0.8749,1.0376
2016-09-30,"Hauraki District","TA",0.9437,0.8186,0.9355
2016-09-30,"Horowhenua District","TA",1.0705,0.9285,1.0167
2016-09-30,"Hurunui District","TA",1.1012,0.9551,0.9932
2016-09-30,"Invercargill City","TA",1.1422,0.9907,1.0104
2016-09-30,"Kaikoura District","TA",1.1767,1.0206,1.137
2016-09-30,"Kaipara District","TA",0.9353,0.8112,0.9922
2016-09-30,"Kapiti Coast District","TA",1.0337,0.8966,1.0161
2016-09-30,"Kawerau District","TA",0.9373,0.813,1.006
2016-09-30,"Hutt City","TA",1.0106,0.8766,1.034
2016-09-30,"MacKenzie District","TA",0.9322,0.8085,1.1976
2016-09-30,"Manawatu District","TA",1.1324,0.9822,1.0004
2016-09-30,"Marlborough District","TA",1.0738,0.9314,0.9862
2016-09-30,"Masterton District","TA",1.1974,1.0385,1.0051
2016-09-30,"Matamata Piako District","TA",0.9078,0.7874,0.9671
2016-09-30,"Napier City","TA",1.0049,0.8716,1.0442
2016-09-30,"Nelson City","TA",1.0295,0.893,1.0751
2016-09-30,"New Plymouth District","TA",1.0341,0.8969,1.0521
2016-09-30,"New Zealand","NZ",0.8535,0.7403,1.0136
2016-09-30,"Opotiki District","TA",1.1446,0.9928,1.0264
2016-09-30,"Otorohanga District","TA",1.0997,0.9538,0.9355
2016-09-30,"Palmerston North City","TA",1.0648,0.9236,1.0065
2016-09-30,"Porirua City","TA",1.0411,0.903,1.0512
2016-09-30,"Queenstown Lakes District","TA",0.8893,0.7713,0.9122
2016-09-30,"Rangitikei District","TA",1.2917,1.1204,1.0216
2016-09-30,"Rotorua District","TA",0.9596,0.8323,0.9311
2016-09-30,"Ruapehu District","TA",1.2736,1.1046,1.018
2016-09-30,"Selwyn District","TA",1.0737,0.9313,1.1169
2016-09-30,"South Taranaki District","TA",1.1547,1.0016,1.0423
2016-09-30,"South Waikato District","TA",0.9726,0.8436,0.9081
2016-09-30,"South Wairarapa District","TA",1.2431,1.0782,1.0527
2016-09-30,"Southland District","TA",1.2904,1.1192,1.0976
2016-09-30,"Stratford District","TA",1.0683,0.9266,0.9662
2016-09-30,"Tararua District","TA",1.1663,1.0116,1.0402
2016-09-30,"Tasman District","TA",1.056,0.9159,1.0489
2016-09-30,"Taupo District","TA",1.0726,0.9303,0.9899
2016-09-30,"Tauranga City","TA",0.8804,0.7636,0.9369
2016-09-30,"Thames Coromandel District","TA",1.0517,0.9122,0.9862
2016-09-30,"Timaru District","TA",0.9792,0.8494,0.9972
2016-09-30,"Upper Hutt City","TA",1.0489,0.9098,1.0645
2016-09-30,"Waikato District","TA",0.8481,0.7356,0.9877
2016-09-30,"Waimakariri District","TA",1.1081,0.9611,1.0747
2016-09-30,"Waimate District","TA",1.016,0.8813,0.9694
2016-09-30,"Waipa District","TA",0.8639,0.7493,0.9855
2016-09-30,"Wairoa District","TA",1.3063,1.133,0.9403
2016-09-30,"Waitaki District","TA",1.1349,0.9844,1.0025
2016-09-30,"Waitomo District","TA",1.0879,0.9436,1.049
2016-09-30,"Wellington City","TA",1.0078,0.8741,1.1062
2016-09-30,"Western Bay of Plenty District","TA",0.9359,0.8118,0.98
2016-09-30,"Westland District","TA",1.1986,1.0396,1.0389
2016-09-30,"Whakatane District","TA",1.0381,0.9004,0.9819
2016-09-30,"Whanganui District","TA",1.1563,1.003,1.0191
2016-09-30,"Whangarei District","TA",0.9481,0.8223,0.9843
2016-09-30,"Auckland","Reg",0.726,0.6297,0.992
2016-09-30,"Bay of Plenty","Reg",0.9086,0.788,0.9451
2016-09-30,"Canterbury","Reg",1.0473,0.9083,1.0476
2016-09-30,"Gisborne","Reg",1.1038,0.9574,1.0057
2016-09-30,"Hawke's Bay","Reg",1.0187,0.8835,1.0349
2016-09-30,"Manawatu-Wanganui","Reg",1.1062,0.9594,1.0124
2016-09-30,"Marlborough","Reg",1.0738,0.9314,0.9862
2016-09-30,"Nelson","Reg",1.0295,0.893,1.075
2016-09-30,"Northland","Reg",1.0003,0.8676,1.0073
2016-09-30,"Otago","Reg",0.9336,0.8098,1.0604
2016-09-30,"Southland","Reg",1.1794,1.023,1.0258
2016-09-30,"Taranaki","Reg",1.0434,0.905,1.0435
2016-09-30,"Tasman","Reg",1.056,0.9159,1.0491
2016-09-30,"Waikato","Reg",0.8999,0.7805,0.9884
2016-09-30,"Wellington","Reg",1.0268,0.8906,1.0832
2016-09-30,"West Coast","Reg",1.2178,1.0562,1.1076
2016-12-31,"Ashburton District","TA",1.0497,0.9177,0.999
2016-12-31,"Buller District","TA",1.1962,1.0458,1.2423
2016-12-31,"Carterton District","TA",0.9274,0.8108,0.9726
2016-12-31,"Central Hawkes Bay District","TA",1.0307,0.901,0.8586
2016-12-31,"Central Otago District","TA",0.9694,0.8475,0.905
2016-12-31,"Christchurch City","TA",1.0193,0.8911,1.0242
2016-12-31,"Clutha District","TA",0.9944,0.8693,0.9465
2016-12-31,"Dunedin City","TA",0.9941,0.8691,1.1353
2016-12-31,"Far North District","TA",1.0585,0.9253,1.0068
2016-12-31,"Gisborne District","TA",1.0678,0.9334,1.0289
2016-12-31,"Gore District","TA",1.1827,1.034,0.9633
2016-12-31,"Grey District","TA",1.2504,1.0931,1.0666
2016-12-31,"Hamilton City","TA",0.8046,0.7034,0.9769
2016-12-31,"Hastings District","TA",0.9634,0.8422,0.9722
2016-12-31,"Hauraki District","TA",0.8953,0.7827,0.9464
2016-12-31,"Horowhenua District","TA",1.0469,0.9152,1.0094
2016-12-31,"Hurunui District","TA",1.1233,0.982,1.0172
2016-12-31,"Invercargill City","TA",1.1097,0.9701,1.0104
2016-12-31,"Kaikoura District","TA",1.0972,0.9592,1.0735
2016-12-31,"Kaipara District","TA",0.8772,0.7668,0.928
2016-12-31,"Kapiti Coast District","TA",0.9723,0.85,1.0325
2016-12-31,"Kawerau District","TA",0.8683,0.7591,0.9609
2016-12-31,"Hutt City","TA",0.9754,0.8527,1.033
2016-12-31,"MacKenzie District","TA",0.8833,0.7722,1.1851
2016-12-31,"Manawatu District","TA",1.0783,0.9427,1.0199
2016-12-31,"Marlborough District","TA",1.0294,0.8999,0.9851
2016-12-31,"Masterton District","TA",1.1092,0.9696,0.9768
2016-12-31,"Matamata Piako District","TA",0.8682,0.759,0.9567
2016-12-31,"Napier City","TA",0.9716,0.8494,1.0109
2016-12-31,"Nelson City","TA",0.9783,0.8552,1.0405
2016-12-31,"New Plymouth District","TA",0.9871,0.863,1.0356
2016-12-31,"New Zealand","NZ",0.8449,0.7386,1.0052
2016-12-31,"Opotiki District","TA",1.0987,0.9605,0.9951
2016-12-31,"Otorohanga District","TA",0.9776,0.8546,0.9045
2016-12-31,"Palmerston North City","TA",1.0308,0.9012,0.9786
2016-12-31,"Porirua City","TA",1.0076,0.8808,1.0531
2016-12-31,"Queenstown Lakes District","TA",0.8798,0.7692,0.9119
2016-12-31,"Rangitikei District","TA",1.1778,1.0297,1.0159
2016-12-31,"Rotorua District","TA",0.9195,0.8038,0.9202
2016-12-31,"Ruapehu District","TA",1.2005,1.0495,0.9626
2016-12-31,"Selwyn District","TA",1.0608,0.9274,1.1041
2016-12-31,"South Taranaki District","TA",1.1536,1.0085,1.0648
2016-12-31,"South Waikato District","TA",0.9124,0.7976,0.9097
2016-12-31,"South Wairarapa District","TA",1.155,1.0097,1.0536
2016-12-31,"Southland District","TA",1.1916,1.0417,1.0838
2016-12-31,"Stratford District","TA",1.0139,0.8864,1.0041
2016-12-31,"Tararua District","TA",1.1382,0.995,1.0392
2016-12-31,"Tasman District","TA",1.0323,0.9024,1.0316
2016-12-31,"Taupo District","TA",1.0581,0.925,0.9891
2016-12-31,"Tauranga City","TA",0.8793,0.7687,0.9312
2016-12-31,"Thames Coromandel District","TA",1.0043,0.878,0.9488
2016-12-31,"Timaru District","TA",0.9751,0.8524,0.9753
2016-12-31,"Upper Hutt City","TA",1.0115,0.8843,1.0322
2016-12-31,"Waikato District","TA",0.8042,0.7031,1.0066
2016-12-31,"Waimakariri District","TA",1.0916,0.9543,1.0752
2016-12-31,"Waimate District","TA",0.9955,0.8702,0.9216
2016-12-31,"Waipa District","TA",0.8265,0.7225,0.9847
2016-12-31,"Wairoa District","TA",1.2628,1.104,0.9472
2016-12-31,"Waitaki District","TA",1.0834,0.9471,0.9881
2016-12-31,"Waitomo District","TA",1.0175,0.8895,0.9683
2016-12-31,"Wellington City","TA",0.9714,0.8492,1.0694
2016-12-31,"Western Bay of Plenty District","TA",0.9482,0.8289,0.9845
2016-12-31,"Westland District","TA",1.2283,1.0738,1.0374
2016-12-31,"Whakatane District","TA",0.9916,0.8669,0.9657
2016-12-31,"Whanganui District","TA",1.1465,1.0023,0.9744
2016-12-31,"Whangarei District","TA",0.9295,0.8126,0.9602
2016-12-31,"Auckland","Reg",0.729,0.6373,0.99
2016-12-31,"Bay of Plenty","Reg",0.8993,0.7862,0.9375
2016-12-31,"Canterbury","Reg",1.0428,0.9116,1.0386
2016-12-31,"Gisborne","Reg",1.0678,0.9334,1.0289
2016-12-31,"Hawke's Bay","Reg",0.9832,0.8595,0.9855
2016-12-31,"Manawatu-Wanganui","Reg",1.0712,0.9365,0.9887
2016-12-31,"Marlborough","Reg",1.0294,0.8999,0.9851
2016-12-31,"Nelson","Reg",0.9783,0.8552,1.0404
2016-12-31,"Northland","Reg",0.9674,0.8457,0.978
2016-12-31,"Otago","Reg",0.9207,0.8049,1.021
2016-12-31,"Southland","Reg",1.1424,0.9987,1.0225
2016-12-31,"Taranaki","Reg",0.9987,0.8731,1.0345
2016-12-31,"Tasman","Reg",1.0323,0.9024,1.0317
2016-12-31,"Waikato","Reg",0.8898,0.7779,0.9878
2016-12-31,"Wellington","Reg",0.9889,0.8645,1.0595
2016-12-31,"West Coast","Reg",1.2597,1.1012,1.1328
2017-03-31,"Ashburton District","TA",1.0492,0.9108,1.0065
2017-03-31,"Buller District","TA",1.1593,1.0064,1.2402
2017-03-31,"Carterton District","TA",0.9211,0.7996,0.9106
2017-03-31,"Central Hawkes Bay District","TA",1.0442,0.9065,0.8844
2017-03-31,"Central Otago District","TA",0.9131,0.7927,0.8923
2017-03-31,"Christchurch City","TA",1.0329,0.8967,1.0057
2017-03-31,"Clutha District","TA",1.0587,0.9191,0.98
2017-03-31,"Dunedin City","TA",0.9737,0.8453,1.0394
2017-03-31,"Far North District","TA",1.0554,0.9162,1.0089
2017-03-31,"Gisborne District","TA",1.0496,0.9112,0.9967
2017-03-31,"Gore District","TA",1.1367,0.9868,0.9455
2017-03-31,"Grey District","TA",1.1743,1.0195,1.0802
2017-03-31,"Hamilton City","TA",0.8011,0.6954,0.9557
2017-03-31,"Hastings District","TA",0.9441,0.8196,0.9849
2017-03-31,"Hauraki District","TA",0.8965,0.7783,0.9281
2017-03-31,"Horowhenua District","TA",1.0103,0.8771,0.9892
2017-03-31,"Hurunui District","TA",1.107,0.961,1.0237
2017-03-31,"Invercargill City","TA",1.0904,0.9467,1.0199
2017-03-31,"Kaikoura District","TA",1.1265,0.978,1.0353
2017-03-31,"Kaipara District","TA",0.8436,0.7324,0.9517
2017-03-31,"Kapiti Coast District","TA",0.9713,0.8432,1.0039
2017-03-31,"Kawerau District","TA",0.8573,0.7443,0.9832
2017-03-31,"Hutt City","TA",0.9597,0.8331,0.9986
2017-03-31,"MacKenzie District","TA",0.7863,0.6826,1.1289
2017-03-31,"Manawatu District","TA",1.0453,0.9074,0.9883
2017-03-31,"Marlborough District","TA",1.0407,0.9035,0.9786
2017-03-31,"Masterton District","TA",1.0889,0.9453,0.9718
2017-03-31,"Matamata Piako District","TA",0.8437,0.7324,0.9659
2017-03-31,"Napier City","TA",0.9535,0.8278,0.9967
2017-03-31,"Nelson City","TA",0.9659,0.8385,1.0526
2017-03-31,"New Plymouth District","TA",0.9909,0.8602,1.0339
2017-03-31,"New Zealand","NZ",0.8415,0.7306,0.9913
2017-03-31,"Opotiki District","TA",0.997,0.8655,0.9483
2017-03-31,"Otorohanga District","TA",0.9594,0.8329,0.941
2017-03-31,"Palmerston North City","TA",1.027,0.8916,0.9909
2017-03-31,"Porirua City","TA",0.9777,0.8488,1.0228
2017-03-31,"Queenstown Lakes District","TA",0.8681,0.7536,0.9159
2017-03-31,"Rangitikei District","TA",1.0926,0.9485,0.9604
2017-03-31,"Rotorua District","TA",0.9071,0.7875,0.8947
2017-03-31,"Ruapehu District","TA",1.1986,1.0406,0.9604
2017-03-31,"Selwyn District","TA",1.0695,0.9285,1.1131
2017-03-31,"South Taranaki District","TA",1.1269,0.9783,1.0245
2017-03-31,"South Waikato District","TA",0.8786,0.7628,0.889
2017-03-31,"South Wairarapa District","TA",1.0911,0.9472,0.996
2017-03-31,"Southland District","TA",1.1295,0.9806,1.0716
2017-03-31,"Stratford District","TA",1.0658,0.9253,0.903
2017-03-31,"Tararua District","TA",1.1223,0.9743,1.0178
2017-03-31,"Tasman District","TA",1.0021,0.87,1.045
2017-03-31,"Taupo District","TA",1.0351,0.8986,0.9646
2017-03-31,"Tauranga City","TA",0.8702,0.7555,0.9305
2017-03-31,"Thames Coromandel District","TA",0.9606,0.8339,0.9481
2017-03-31,"Timaru District","TA",0.9777,0.8488,0.9644
2017-03-31,"Upper Hutt City","TA",0.9984,0.8667,1.024
2017-03-31,"Waikato District","TA",0.7972,0.6921,0.9718
2017-03-31,"Waimakariri District","TA",1.0909,0.9471,1.0911
2017-03-31,"Waimate District","TA",1.0082,0.8753,0.8956
2017-03-31,"Waipa District","TA",0.8361,0.7259,0.978
2017-03-31,"Wairoa District","TA",1.2208,1.0598,0.9089
2017-03-31,"Waitaki District","TA",1.0607,0.9208,0.9529
2017-03-31,"Waitomo District","TA",1.0233,0.8884,0.9691
2017-03-31,"Wellington City","TA",0.9504,0.8251,1.0112
2017-03-31,"Western Bay of Plenty District","TA",0.9207,0.7993,0.9501
2017-03-31,"Westland District","TA",1.1209,0.9731,0.997
2017-03-31,"Whakatane District","TA",0.9836,0.8539,0.9414
2017-03-31,"Whanganui District","TA",1.0798,0.9374,0.961
2017-03-31,"Whangarei District","TA",0.9151,0.7944,0.9467
2017-03-31,"Auckland","Reg",0.7346,0.6377,0.9757
2017-03-31,"Bay of Plenty","Reg",0.884,0.7674,0.926
2017-03-31,"Canterbury","Reg",1.0509,0.9123,1.0251
2017-03-31,"Gisborne","Reg",1.0496,0.9112,0.9967
2017-03-31,"Hawke's Bay","Reg",0.9569,0.8307,0.9849
2017-03-31,"Manawatu-Wanganui","Reg",1.0488,0.9105,0.9898
2017-03-31,"Marlborough","Reg",1.0407,0.9035,0.9786
2017-03-31,"Nelson","Reg",0.9659,0.8385,1.0526
2017-03-31,"Northland","Reg",0.9544,0.8286,0.9714
2017-03-31,"Otago","Reg",0.8952,0.7772,1.0324
2017-03-31,"Southland","Reg",1.1114,0.9649,1.0239
2017-03-31,"Taranaki","Reg",0.9993,0.8676,1.0198
2017-03-31,"Tasman","Reg",1.0021,0.87,1.045
2017-03-31,"Waikato","Reg",0.8782,0.7624,0.9706
2017-03-31,"Wellington","Reg",0.9714,0.8433,1.0095
2017-03-31,"West Coast","Reg",1.1894,1.0326,1.1202
2017-06-30,"Ashburton District","TA",1.0618,0.9251,1.0006
2017-06-30,"Buller District","TA",1.1164,0.9726,1.1416
2017-06-30,"Carterton District","TA",0.8774,0.7644,0.9225
2017-06-30,"Central Hawkes Bay District","TA",0.9819,0.8555,0.8613
2017-06-30,"Central Otago District","TA",0.9023,0.786,0.8947
2017-06-30,"Christchurch City","TA",1.0429,0.9086,1.0635
2017-06-30,"Clutha District","TA",1.0333,0.9002,0.9511
2017-06-30,"Dunedin City","TA",0.9707,0.8456,1.1651
2017-06-30,"Far North District","TA",1.0444,0.9098,0.9913
2017-06-30,"Gisborne District","TA",1.0227,0.891,0.9825
2017-06-30,"Gore District","TA",1.125,0.98,0.9615
2017-06-30,"Grey District","TA",1.2431,1.0829,1.0693
2017-06-30,"Hamilton City","TA",0.7953,0.6929,0.961
2017-06-30,"Hastings District","TA",0.9168,0.7987,0.9761
2017-06-30,"Hauraki District","TA",0.8312,0.7241,0.9609
2017-06-30,"Horowhenua District","TA",0.9807,0.8543,1.0018
2017-06-30,"Hurunui District","TA",1.1271,0.9819,0.9939
2017-06-30,"Invercargill City","TA",1.0888,0.9485,0.9893
2017-06-30,"Kaikoura District","TA",1.0854,0.9456,0.8995
2017-06-30,"Kaipara District","TA",0.819,0.7135,0.9755
2017-06-30,"Kapiti Coast District","TA",0.9395,0.8185,0.992
2017-06-30,"Kawerau District","TA",0.8473,0.7382,0.9672
2017-06-30,"Hutt City","TA",0.9478,0.8257,1.0047
2017-06-30,"MacKenzie District","TA",0.8351,0.7275,1.0497
2017-06-30,"Manawatu District","TA",1.033,0.8999,0.9704
2017-06-30,"Marlborough District","TA",1.0222,0.8906,0.9686
2017-06-30,"Masterton District","TA",1.0296,0.897,0.936
2017-06-30,"Matamata Piako District","TA",0.8322,0.725,0.9319
2017-06-30,"Napier City","TA",0.9154,0.7975,0.9771
2017-06-30,"Nelson City","TA",0.9519,0.8293,1.0594
2017-06-30,"New Plymouth District","TA",0.972,0.8468,1.0397
2017-06-30,"New Zealand","NZ",0.8442,0.7355,0.9967
2017-06-30,"Opotiki District","TA",0.9814,0.855,0.9974
2017-06-30,"Otorohanga District","TA",0.9491,0.8268,0.9073
2017-06-30,"Palmerston North City","TA",1.0104,0.8802,0.9843
2017-06-30,"Porirua City","TA",0.9571,0.8338,1.027
2017-06-30,"Queenstown Lakes District","TA",0.8633,0.7521,0.8934
2017-06-30,"Rangitikei District","TA",1.0727,0.9345,0.9475
2017-06-30,"Rotorua District","TA",0.8935,0.7784,0.8879
2017-06-30,"Ruapehu District","TA",1.1942,1.0403,0.9859
2017-06-30,"Selwyn District","TA",1.0686,0.9309,1.1417
2017-06-30,"South Taranaki District","TA",1.1354,0.9892,1.0262
2017-06-30,"South Waikato District","TA",0.8546,0.7445,0.8435
2017-06-30,"South Wairarapa District","TA",1.0392,0.9054,0.9168
2017-06-30,"Southland District","TA",1.1466,0.9989,1.0221
2017-06-30,"Stratford District","TA",1.0091,0.8791,0.9794
2017-06-30,"Tararua District","TA",1.1213,0.9768,1.0231
2017-06-30,"Tasman District","TA",0.9873,0.8601,1.0337
2017-06-30,"Taupo District","TA",1.0295,0.8968,0.9696
2017-06-30,"Tauranga City","TA",0.8754,0.7626,0.9393
2017-06-30,"Thames Coromandel District","TA",0.9497,0.8274,0.9126
2017-06-30,"Timaru District","TA",0.9537,0.8309,0.95
2017-06-30,"Upper Hutt City","TA",0.9928,0.8649,0.9653
2017-06-30,"Waikato District","TA",0.8009,0.6978,0.9738
2017-06-30,"Waimakariri District","TA",1.1075,0.9649,1.1084
2017-06-30,"Waimate District","TA",0.9916,0.8638,0.8753
2017-06-30,"Waipa District","TA",0.7958,0.6933,0.9557
2017-06-30,"Wairoa District","TA",1.3521,1.1779,0.9033
2017-06-30,"Waitaki District","TA",1.0078,0.878,1.0108
2017-06-30,"Waitomo District","TA",0.8838,0.77,1.0038
2017-06-30,"Wellington City","TA",0.963,0.8389,1.0356
2017-06-30,"Western Bay of Plenty District","TA",0.907,0.7901,0.9737
2017-06-30,"Westland District","TA",1.1554,1.0066,1.1285
2017-06-30,"Whakatane District","TA",0.9613,0.8374,0.9417
2017-06-30,"Whanganui District","TA",1.0347,0.9014,0.935
2017-06-30,"Whangarei District","TA",0.8825,0.7688,0.9467
2017-06-30,"Auckland","Reg",0.7454,0.6494,0.9828
2017-06-30,"Bay of Plenty","Reg",0.8794,0.7661,0.931
2017-06-30,"Canterbury","Reg",1.0644,0.9273,1.0723
2017-06-30,"Gisborne","Reg",1.0227,0.891,0.9825
2017-06-30,"Hawke's Bay","Reg",0.9266,0.8072,0.9698
2017-06-30,"Manawatu-Wanganui","Reg",1.0227,0.891,0.9799
2017-06-30,"Marlborough","Reg",1.0222,0.8906,0.9686
2017-06-30,"Nelson","Reg",0.9519,0.8293,1.0593
2017-06-30,"Northland","Reg",0.929,0.8094,0.9693
2017-06-30,"Otago","Reg",0.8798,0.7665,1.0053
2017-06-30,"Southland","Reg",1.1117,0.9685,0.9981
2017-06-30,"Taranaki","Reg",0.9833,0.8566,1.0315
2017-06-30,"Tasman","Reg",0.9873,0.8601,1.0339
2017-06-30,"Waikato","Reg",0.8652,0.7538,0.9667
2017-06-30,"Wellington","Reg",0.967,0.8425,1.0225
2017-06-30,"West Coast","Reg",1.2131,1.0568,1.1202
2017-09-30,"Ashburton District","TA",1.0898,0.9388,1.0237
2017-09-30,"Buller District","TA",1.1432,0.9848,1.1233
2017-09-30,"Carterton District","TA",0.9157,0.7889,0.8671
2017-09-30,"Central Hawkes Bay District","TA",0.9591,0.8262,0.8696
2017-09-30,"Central Otago District","TA",0.9085,0.7827,0.8968
2017-09-30,"Christchurch City","TA",1.0634,0.9161,1.0762
2017-09-30,"Clutha District","TA",0.995,0.8571,0.9696
2017-09-30,"Dunedin City","TA",0.9643,0.8307,1.1677
2017-09-30,"Far North District","TA",1.0438,0.8992,1.0079
2017-09-30,"Gisborne District","TA",1.0173,0.8763,1.0128
2017-09-30,"Gore District","TA",1.1345,0.9773,0.9193
2017-09-30,"Grey District","TA",1.273,1.0967,1.0557
2017-09-30,"Hamilton City","TA",0.8054,0.6939,0.9567
2017-09-30,"Hastings District","TA",0.9013,0.7765,0.9696
2017-09-30,"Hauraki District","TA",0.913,0.7865,0.949
2017-09-30,"Horowhenua District","TA",0.9772,0.8418,0.9921
2017-09-30,"Hurunui District","TA",1.1368,0.9793,1.0126
2017-09-30,"Invercargill City","TA",1.0811,0.9314,1.0068
2017-09-30,"Kaikoura District","TA",1.2868,1.1085,0.9573
2017-09-30,"Kaipara District","TA",0.8438,0.7269,0.9673
2017-09-30,"Kapiti Coast District","TA",0.9291,0.8004,0.9919
2017-09-30,"Kawerau District","TA",0.7938,0.6839,0.9374
2017-09-30,"Hutt City","TA",0.9593,0.8264,0.9963
2017-09-30,"MacKenzie District","TA",0.7854,0.6766,1.0913
2017-09-30,"Manawatu District","TA",1.0274,0.8851,0.954
2017-09-30,"Marlborough District","TA",1.0519,0.9062,0.9805
2017-09-30,"Masterton District","TA",1.0149,0.8743,0.9475
2017-09-30,"Matamata Piako District","TA",0.8395,0.7232,0.9392
2017-09-30,"Napier City","TA",0.902,0.777,0.9866
2017-09-30,"Nelson City","TA",0.9419,0.8114,1.065
2017-09-30,"New Plymouth District","TA",0.9887,0.8517,1.0353
2017-09-30,"New Zealand","NZ",0.8552,0.7367,1.0084
2017-09-30,"Opotiki District","TA",1.1341,0.977,0.9315
2017-09-30,"Otorohanga District","TA",0.8717,0.7509,0.9089
2017-09-30,"Palmerston North City","TA",1.0019,0.8631,0.9916
2017-09-30,"Porirua City","TA",0.941,0.8106,0.9977
2017-09-30,"Queenstown Lakes District","TA",0.8784,0.7567,0.9357
2017-09-30,"Rangitikei District","TA",1.0635,0.9162,0.8574
2017-09-30,"Rotorua District","TA",0.8804,0.7584,0.8777
2017-09-30,"Ruapehu District","TA",1.1616,1.0007,1.0136
2017-09-30,"Selwyn District","TA",1.0973,0.9453,1.136
2017-09-30,"South Taranaki District","TA",1.1017,0.9491,1.0048
2017-09-30,"South Waikato District","TA",0.8325,0.7172,0.8327
2017-09-30,"South Wairarapa District","TA",1.0116,0.8714,1.0167
2017-09-30,"Southland District","TA",1.0919,0.9406,1.0245
2017-09-30,"Stratford District","TA",0.9907,0.8535,0.9354
2017-09-30,"Tararua District","TA",1.0722,0.9237,1.0312
2017-09-30,"Tasman District","TA",0.9988,0.8604,1.0804
2017-09-30,"Taupo District","TA",1.0453,0.9004,0.9527
2017-09-30,"Tauranga City","TA",0.8917,0.7682,0.9485
2017-09-30,"Thames Coromandel District","TA",0.9548,0.8225,0.9567
2017-09-30,"Timaru District","TA",0.969,0.8347,0.984
2017-09-30,"Upper Hutt City","TA",0.99,0.8529,1.0105
2017-09-30,"Waikato District","TA",0.83,0.715,0.9725
2017-09-30,"Waimakariri District","TA",1.1173,0.9625,1.0951
2017-09-30,"Waimate District","TA",0.9909,0.8536,0.902
2017-09-30,"Waipa District","TA",0.8084,0.6964,0.9795
2017-09-30,"Wairoa District","TA",1.2997,1.1196,0.71
2017-09-30,"Waitaki District","TA",1.0186,0.8775,0.9983
2017-09-30,"Waitomo District","TA",0.9079,0.7821,0.9701
2017-09-30,"Wellington City","TA",0.9593,0.8264,1.0684
2017-09-30,"Western Bay of Plenty District","TA",0.9076,0.7819,0.9791
2017-09-30,"Westland District","TA",1.1631,1.002,1.0193
2017-09-30,"Whakatane District","TA",0.975,0.8399,0.9416
2017-09-30,"Whanganui District","TA",1.0554,0.9091,0.9462
2017-09-30,"Whangarei District","TA",0.9102,0.7841,0.9417
2017-09-30,"Auckland","Reg",0.7613,0.6558,0.9979
2017-09-30,"Bay of Plenty","Reg",0.8874,0.7645,0.9343
2017-09-30,"Canterbury","Reg",1.0816,0.9318,1.0862
2017-09-30,"Gisborne","Reg",1.0173,0.8763,1.0128
2017-09-30,"Hawke's Bay","Reg",0.9113,0.785,0.965
2017-09-30,"Manawatu-Wanganui","Reg",1.0171,0.8762,0.9818
2017-09-30,"Marlborough","Reg",1.0519,0.9062,0.9805
2017-09-30,"Nelson","Reg",0.9419,0.8114,1.0651
2017-09-30,"Northland","Reg",0.9546,0.8224,0.9705
2017-09-30,"Otago","Reg",0.8679,0.7477,1.036
2017-09-30,"Southland","Reg",1.0997,0.9474,1.0061
2017-09-30,"Taranaki","Reg",0.9933,0.8557,1.0235
2017-09-30,"Tasman","Reg",0.9988,0.8604,1.08
2017-09-30,"Waikato","Reg",0.874,0.7529,0.9645
2017-09-30,"Wellington","Reg",0.9712,0.8367,1.0439
2017-09-30,"West Coast","Reg",1.2409,1.069,1.1037
2017-12-31,"Ashburton District","TA",1.1054,0.9409,1.0377
2017-12-31,"Buller District","TA",1.1385,0.969,1.0783
2017-12-31,"Carterton District","TA",0.8924,0.7595,0.9073
2017-12-31,"Central Hawkes Bay District","TA",0.9621,0.8189,0.8752
2017-12-31,"Central Otago District","TA",0.9383,0.7986,0.8842
2017-12-31,"Christchurch City","TA",1.082,0.9209,1.0608
2017-12-31,"Clutha District","TA",1.0122,0.8615,0.9297
2017-12-31,"Dunedin City","TA",0.9534,0.8114,1.1158
2017-12-31,"Far North District","TA",1.0626,0.9044,1.0039
2017-12-31,"Gisborne District","TA",1.0575,0.9,1.0148
2017-12-31,"Gore District","TA",1.158,0.9856,0.9693
2017-12-31,"Grey District","TA",1.2641,1.0759,1.0498
2017-12-31,"Hamilton City","TA",0.8162,0.6947,0.9562
2017-12-31,"Hastings District","TA",0.908,0.7728,0.9981
2017-12-31,"Hauraki District","TA",0.9199,0.7829,0.9409
2017-12-31,"Horowhenua District","TA",0.9597,0.8168,0.9678
2017-12-31,"Hurunui District","TA",1.1489,0.9778,1.0655
2017-12-31,"Invercargill City","TA",1.0783,0.9178,0.9917
2017-12-31,"Kaikoura District","TA",1.201,1.0222,1.0864
2017-12-31,"Kaipara District","TA",0.8913,0.7586,0.9602
2017-12-31,"Kapiti Coast District","TA",0.9356,0.7963,0.9941
2017-12-31,"Kawerau District","TA",0.8485,0.7222,0.8982
2017-12-31,"Hutt City","TA",0.9815,0.8354,1.0099
2017-12-31,"MacKenzie District","TA",0.7554,0.6429,1.0828
2017-12-31,"Manawatu District","TA",1.0313,0.8778,0.9849
2017-12-31,"Marlborough District","TA",1.0402,0.8854,0.9625
2017-12-31,"Masterton District","TA",1.0326,0.8789,0.9465
2017-12-31,"Matamata Piako District","TA",0.8453,0.7195,0.9238
2017-12-31,"Napier City","TA",0.896,0.7626,0.9607
2017-12-31,"Nelson City","TA",0.9567,0.8143,1.0441
2017-12-31,"New Plymouth District","TA",0.9774,0.8319,1.0304
2017-12-31,"New Zealand","NZ",0.8637,0.7351,1.0064
2017-12-31,"Opotiki District","TA",1.0023,0.8531,0.9675
2017-12-31,"Otorohanga District","TA",0.96,0.817,0.887
2017-12-31,"Palmerston North City","TA",1.0075,0.8575,0.9792
2017-12-31,"Porirua City","TA",0.9308,0.7923,0.9625
2017-12-31,"Queenstown Lakes District","TA",0.9085,0.7732,0.9287
2017-12-31,"Rangitikei District","TA",1.0603,0.9024,0.9111
2017-12-31,"Rotorua District","TA",0.8975,0.7638,0.8493
2017-12-31,"Ruapehu District","TA",1.2017,1.0228,0.9618
2017-12-31,"Selwyn District","TA",1.1197,0.953,1.1742
2017-12-31,"South Taranaki District","TA",1.104,0.9396,0.9884
2017-12-31,"South Waikato District","TA",0.8052,0.6853,0.8142
2017-12-31,"South Wairarapa District","TA",0.9995,0.8507,0.9829
2017-12-31,"Southland District","TA",1.0811,0.9202,1.0538
2017-12-31,"Stratford District","TA",1.0544,0.8974,0.9515
2017-12-31,"Tararua District","TA",1.0965,0.9333,1.0014
2017-12-31,"Tasman District","TA",1.0042,0.8547,1.0691
2017-12-31,"Taupo District","TA",1.035,0.8809,0.968
2017-12-31,"Tauranga City","TA",0.9024,0.768,0.9416
2017-12-31,"Thames Coromandel District","TA",1.0006,0.8516,0.9555
2017-12-31,"Timaru District","TA",1.0003,0.8514,1.0065
2017-12-31,"Upper Hutt City","TA",0.9965,0.8481,0.97
2017-12-31,"Waikato District","TA",0.8107,0.69,0.9978
2017-12-31,"Waimakariri District","TA",1.1357,0.9667,1.1153
2017-12-31,"Waimate District","TA",1.0108,0.8603,0.8886
2017-12-31,"Waipa District","TA",0.8265,0.7035,0.9814
2017-12-31,"Wairoa District","TA",1.2668,1.0782,0.9102
2017-12-31,"Waitaki District","TA",1.0146,0.8635,1.0275
2017-12-31,"Waitomo District","TA",0.9522,0.8105,1.0048
2017-12-31,"Wellington City","TA",0.9575,0.815,1.0365
2017-12-31,"Western Bay of Plenty District","TA",0.9565,0.8141,0.9695
2017-12-31,"Westland District","TA",1.2002,1.0216,1.002
2017-12-31,"Whakatane District","TA",0.9777,0.8321,0.9572
2017-12-31,"Whanganui District","TA",1.0455,0.8899,0.9113
2017-12-31,"Whangarei District","TA",0.9188,0.782,0.9345
2017-12-31,"Auckland","Reg",0.7706,0.6559,1.0062
2017-12-31,"Bay of Plenty","Reg",0.8971,0.7635,0.9225
2017-12-31,"Canterbury","Reg",1.1022,0.9381,1.0805
2017-12-31,"Gisborne","Reg",1.0575,0.9,1.0148
2017-12-31,"Hawke's Bay","Reg",0.908,0.7728,0.973
2017-12-31,"Manawatu-Wanganui","Reg",1.0159,0.8646,0.9722
2017-12-31,"Marlborough","Reg",1.0402,0.8854,0.9625
2017-12-31,"Nelson","Reg",0.9567,0.8143,1.044
2017-12-31,"Northland","Reg",0.9779,0.8323,0.9644
2017-12-31,"Otago","Reg",0.8729,0.743,1.0086
2017-12-31,"Southland","Reg",1.0949,0.9319,1.0039
2017-12-31,"Taranaki","Reg",0.9868,0.8398,1.0152
2017-12-31,"Tasman","Reg",1.0042,0.8547,1.0689
2017-12-31,"Waikato","Reg",0.8767,0.7462,0.9689
2017-12-31,"Wellington","Reg",0.9735,0.8286,1.0228
2017-12-31,"West Coast","Reg",1.2474,1.0617,1.0704
2018-03-31,"Northland","Reg",0.9803,0.817,0.9634
2018-03-31,"Auckland","Reg",0.7931,0.6611,0.9997
2018-03-31,"Waikato","Reg",0.8915,0.7431,0.9577
2018-03-31,"Bay of Plenty","Reg",0.9168,0.7642,0.9285
2018-03-31,"Gisborne","Reg",1.0461,0.872,0.9939
2018-03-31,"Hawke's Bay","Reg",0.9211,0.7678,0.9623
2018-03-31,"Taranaki","Reg",0.993,0.8276,1.0178
2018-03-31,"Manawatu-Wanganui","Reg",1.0108,0.8425,0.9663
2018-03-31,"Wellington","Reg",0.9757,0.8133,0.9832
2018-03-31,"West Coast","Reg",1.2556,1.0465,1.098
2018-03-31,"Canterbury","Reg",1.1228,0.9359,1.0616
2018-03-31,"Otago","Reg",0.8679,0.7234,1.0373
2018-03-31,"Southland","Reg",1.1011,0.9177,1.0005
2018-03-31,"Tasman","Reg",1.0192,0.8495,1.0405
2018-03-31,"Nelson","Reg",0.9635,0.8031,1.0399
2018-03-31,"Marlborough","Reg",1.0523,0.8771,0.9636
2018-03-31,"New Zealand","NZ",0.878,0.7318,0.9975
2018-03-31,"Ashburton District","TA",1.1263,0.9388,1.0474
2018-03-31,"Buller District","TA",1.1543,0.9621,1.0912
2018-03-31,"Carterton District","TA",0.8887,0.7407,0.8911
2018-03-31,"Central Hawkes Bay District","TA",0.931,0.776,0.8164
2018-03-31,"Central Otago District","TA",0.9052,0.7545,0.9024
2018-03-31,"Christchurch City","TA",1.1032,0.9195,1.0376
2018-03-31,"Clutha District","TA",1.0192,0.8495,0.9007
2018-03-31,"Dunedin City","TA",0.9527,0.7941,1.0447
2018-03-31,"Far North District","TA",1.0984,0.9155,1.0029
2018-03-31,"Gisborne District","TA",1.0461,0.872,0.9939
2018-03-31,"Gore District","TA",1.1777,0.9816,0.938
2018-03-31,"Grey District","TA",1.2773,1.0646,1.0642
2018-03-31,"Hamilton City","TA",0.8301,0.6919,0.9453
2018-03-31,"Hastings District","TA",0.9311,0.7761,0.9831
2018-03-31,"Hauraki District","TA",0.8799,0.7334,0.9369
2018-03-31,"Horowhenua District","TA",0.9589,0.7992,0.9648
2018-03-31,"Hurunui District","TA",1.1618,0.9683,1.0037
2018-03-31,"Invercargill City","TA",1.0793,0.8996,1.0005
2018-03-31,"Kaikoura District","TA",1.1917,0.9932,0.9118
2018-03-31,"Kaipara District","TA",0.8636,0.7198,0.972
2018-03-31,"Kapiti Coast District","TA",0.9412,0.7845,1.0022
2018-03-31,"Kawerau District","TA",0.8125,0.6772,0.7681
2018-03-31,"Hutt City","TA",0.982,0.8185,0.9849
2018-03-31,"MacKenzie District","TA",0.7879,0.6567,1.3681
2018-03-31,"Manawatu District","TA",1.0092,0.8412,0.9458
2018-03-31,"Marlborough District","TA",1.0523,0.8771,0.9636
2018-03-31,"Masterton District","TA",1.0203,0.8504,0.9286
2018-03-31,"Matamata Piako District","TA",0.8355,0.6964,0.905
2018-03-31,"Napier City","TA",0.8941,0.7452,0.9632
2018-03-31,"Nelson City","TA",0.9635,0.8031,1.04
2018-03-31,"New Plymouth District","TA",0.9915,0.8264,1.0353
2018-03-31,"Opotiki District","TA",1.06,0.8835,0.9523
2018-03-31,"Otorohanga District","TA",0.9735,0.8114,0.9573
2018-03-31,"Palmerston North City","TA",1.003,0.836,0.9845
2018-03-31,"Porirua City","TA",0.9499,0.7917,0.9565
2018-03-31,"Queenstown Lakes District","TA",0.8919,0.7434,0.9191
2018-03-31,"Rangitikei District","TA",1.0909,0.9092,0.9238
2018-03-31,"Rotorua District","TA",0.9275,0.7731,0.8628
2018-03-31,"Ruapehu District","TA",1.1392,0.9495,0.9839
2018-03-31,"Selwyn District","TA",1.1421,0.9519,1.1747
2018-03-31,"South Taranaki District","TA",1.0711,0.8928,0.9786
2018-03-31,"South Waikato District","TA",0.8565,0.7139,0.8196
2018-03-31,"South Wairarapa District","TA",1.0093,0.8412,1.015
2018-03-31,"Southland District","TA",1.0925,0.9105,0.9773
2018-03-31,"Stratford District","TA",1.0199,0.8501,0.9503
2018-03-31,"Tararua District","TA",1.0731,0.8945,0.9661
2018-03-31,"Tasman District","TA",1.0192,0.8495,1.0404
2018-03-31,"Taupo District","TA",1.0447,0.8707,0.9202
2018-03-31,"Tauranga City","TA",0.9253,0.7712,0.948
2018-03-31,"Thames Coromandel District","TA",1.0029,0.8359,0.9439
2018-03-31,"Timaru District","TA",1.0159,0.8467,0.9842
2018-03-31,"Upper Hutt City","TA",0.9984,0.8321,0.9729
2018-03-31,"Waikato District","TA",0.822,0.6852,0.9925
2018-03-31,"Waimakariri District","TA",1.1531,0.9611,1.1085
2018-03-31,"Waimate District","TA",0.9989,0.8325,0.8998
2018-03-31,"Waipa District","TA",0.8243,0.687,0.9471
2018-03-31,"Wairoa District","TA",1.1524,0.9605,0.7875
2018-03-31,"Waitaki District","TA",1.0124,0.8439,1.0016
2018-03-31,"Waitomo District","TA",0.8618,0.7183,0.939
2018-03-31,"Wellington City","TA",0.9641,0.8036,0.9904
2018-03-31,"Western Bay of Plenty District","TA",0.9736,0.8115,0.9863
2018-03-31,"Westland District","TA",1.1979,0.9985,1.0565
2018-03-31,"Whakatane District","TA",0.979,0.816,0.933
2018-03-31,"Whanganui District","TA",1.0378,0.865,0.8887
2018-03-31,"Whangarei District","TA",0.9092,0.7578,0.93
2018-06-30,"Ashburton District","TA",1.1606,0.9596,1.0139
2018-06-30,"Buller District","TA",1.1488,0.9498,1.0804
2018-06-30,"Carterton District","TA",0.8952,0.7402,0.8957
2018-06-30,"Central Hawkes Bay District","TA",0.8647,0.7149,0.8839
2018-06-30,"Central Otago District","TA",0.9258,0.7654,0.9053
2018-06-30,"Christchurch City","TA",1.1077,0.9159,1.0692
2018-06-30,"Clutha District","TA",1.0526,0.8703,0.9313
2018-06-30,"Dunedin City","TA",0.9547,0.7893,1.1314
2018-06-30,"Far North District","TA",1.0841,0.8963,0.9864
2018-06-30,"Gisborne District","TA",1.0601,0.8765,0.9785
2018-06-30,"Gore District","TA",1.2177,1.0068,0.9391
2018-06-30,"Grey District","TA",1.2885,1.0653,1.0293
2018-06-30,"Hamilton City","TA",0.8265,0.6834,0.9441
2018-06-30,"Hastings District","TA",0.931,0.7697,0.9781
2018-06-30,"Hauraki District","TA",0.8935,0.7388,0.9354
2018-06-30,"Horowhenua District","TA",0.9356,0.7735,0.9573
2018-06-30,"Hurunui District","TA",1.1858,0.9804,1.0011
2018-06-30,"Invercargill City","TA",1.0874,0.8991,0.9527
2018-06-30,"Kaikoura District","TA",1.2982,1.0734,1.234
2018-06-30,"Kaipara District","TA",0.8657,0.7157,0.9333
2018-06-30,"Kapiti Coast District","TA",0.9563,0.7907,0.9936
2018-06-30,"Kawerau District","TA",0.8174,0.6758,0.8155
2018-06-30,"Hutt City","TA",0.9576,0.7918,0.9764
2018-06-30,"MacKenzie District","TA",0.806,0.6664,0.6722
2018-06-30,"Manawatu District","TA",1.0104,0.8354,0.9519
2018-06-30,"Marlborough District","TA",1.0669,0.8821,0.944
2018-06-30,"Masterton District","TA",1.0232,0.846,0.9203
2018-06-30,"Matamata Piako District","TA",0.8209,0.6787,0.912
2018-06-30,"Napier City","TA",0.8963,0.7411,0.9483
2018-06-30,"Nelson City","TA",0.9603,0.794,1.0483
2018-06-30,"New Plymouth District","TA",1.0078,0.8332,1.0252
2018-06-30,"New Zealand","NZ",0.8919,0.7374,1.0018
2018-06-30,"Opotiki District","TA",1.2014,0.9933,0.9256
2018-06-30,"Otorohanga District","TA",1.0475,0.866,0.9154
2018-06-30,"Palmerston North City","TA",1.0105,0.8355,0.9761
2018-06-30,"Porirua City","TA",0.9488,0.7845,0.9886
2018-06-30,"Queenstown Lakes District","TA",0.9023,0.746,0.8975
2018-06-30,"Rangitikei District","TA",1.0323,0.8535,0.9171
2018-06-30,"Rotorua District","TA",0.9314,0.7701,0.8585
2018-06-30,"Ruapehu District","TA",1.134,0.9376,0.9417
2018-06-30,"Selwyn District","TA",1.1601,0.9592,1.2161
2018-06-30,"South Taranaki District","TA",1.1104,0.9181,0.9806
2018-06-30,"South Waikato District","TA",0.9157,0.7571,0.7942
2018-06-30,"South Wairarapa District","TA",0.9902,0.8187,1.0015
2018-06-30,"Southland District","TA",1.1144,0.9214,1.0487
2018-06-30,"Stratford District","TA",1.0052,0.8311,0.9632
2018-06-30,"Tararua District","TA",1.0515,0.8694,1.0059
2018-06-30,"Tasman District","TA",1.0165,0.8404,1.0793
2018-06-30,"Taupo District","TA",1.0606,0.8769,0.9372
2018-06-30,"Tauranga City","TA",0.9511,0.7863,0.9326
2018-06-30,"Thames Coromandel District","TA",1.0047,0.8307,0.9381
2018-06-30,"Timaru District","TA",1.0377,0.858,0.9916
2018-06-30,"Upper Hutt City","TA",0.9744,0.8056,0.9522
2018-06-30,"Waikato District","TA",0.8435,0.6974,0.9851
2018-06-30,"Waimakariri District","TA",1.168,0.9657,1.0938
2018-06-30,"Waimate District","TA",1.0036,0.8298,0.9146
2018-06-30,"Waipa District","TA",0.8175,0.6759,0.947
2018-06-30,"Wairoa District","TA",1.1322,0.9361,0.8471
2018-06-30,"Waitaki District","TA",1.0417,0.8613,1.0239
2018-06-30,"Waitomo District","TA",0.9256,0.7653,0.9429
2018-06-30,"Wellington City","TA",0.9681,0.8004,1.0403
2018-06-30,"Western Bay of Plenty District","TA",1.0047,0.8307,1.0172
2018-06-30,"Westland District","TA",1.2396,1.0249,1.0043
2018-06-30,"Whakatane District","TA",0.9754,0.8064,0.9459
2018-06-30,"Whanganui District","TA",1.019,0.8425,0.8787
2018-06-30,"Whangarei District","TA",0.9036,0.7471,0.9217
2018-06-30,"Auckland","Reg",0.8148,0.6736,1.0092
2018-06-30,"Bay of Plenty","Reg",0.9315,0.7702,0.9223
2018-06-30,"Canterbury","Reg",1.1343,0.9378,1.0849
2018-06-30,"Gisborne","Reg",1.0601,0.8765,0.9785
2018-06-30,"Hawke's Bay","Reg",0.9154,0.7569,0.9585
2018-06-30,"Manawatu-Wanganui","Reg",1.0079,0.8333,0.9536
2018-06-30,"Marlborough","Reg",1.0669,0.8821,0.944
2018-06-30,"Nelson","Reg",0.9603,0.794,1.0481
2018-06-30,"Northland","Reg",0.9733,0.8047,0.9478
2018-06-30,"Otago","Reg",0.8779,0.7259,0.9935
2018-06-30,"Southland","Reg",1.1151,0.922,0.9672
2018-06-30,"Taranaki","Reg",1.009,0.8343,1.0103
2018-06-30,"Tasman","Reg",1.0165,0.8404,1.0798
2018-06-30,"Waikato","Reg",0.8928,0.7382,0.9503
2018-06-30,"Wellington","Reg",0.9775,0.8082,1.0157
2018-06-30,"West Coast","Reg",1.2687,1.0489,1.06
2018-09-30,"Ashburton District","TA",1.1974,0.9617,1.0415
2018-09-30,"Buller District","TA",1.279,1.0271,1.0651
2018-09-30,"Carterton District","TA",0.9161,0.7357,0.8339
2018-09-30,"Central Hawkes Bay District","TA",0.9224,0.7408,0.7366
2018-09-30,"Central Otago District","TA",0.9302,0.747,0.9011
2018-09-30,"Christchurch City","TA",1.1623,0.9334,1.0856
2018-09-30,"Clutha District","TA",1.0589,0.8504,0.933
2018-09-30,"Dunedin City","TA",0.9475,0.7609,1.1352
2018-09-30,"Far North District","TA",1.0972,0.8811,0.9818
2018-09-30,"Gisborne District","TA",1.0906,0.8758,0.9359
2018-09-30,"Gore District","TA",1.1596,0.9312,0.965
2018-09-30,"Grey District","TA",1.3518,1.0856,1.0808
2018-09-30,"Hamilton City","TA",0.8492,0.682,0.9468
2018-09-30,"Hastings District","TA",0.921,0.7396,0.9654
2018-09-30,"Hauraki District","TA",0.9237,0.7418,0.9764
2018-09-30,"Horowhenua District","TA",0.9547,0.7667,0.9474
2018-09-30,"Hurunui District","TA",1.2214,0.9809,1.0372
2018-09-30,"Invercargill City","TA",1.0888,0.8744,0.988
2018-09-30,"Kaikoura District","TA",1.3633,1.0949,1.2361
2018-09-30,"Kaipara District","TA",0.8922,0.7165,0.9519
2018-09-30,"Kapiti Coast District","TA",1.0005,0.8035,1.0026
2018-09-30,"Kawerau District","TA",0.8635,0.6934,0.8445
2018-09-30,"Hutt City","TA",0.9577,0.7691,0.984
2018-09-30,"MacKenzie District","TA",0.8251,0.6626,0.8965
2018-09-30,"Manawatu District","TA",1.0222,0.8209,0.9604
2018-09-30,"Marlborough District","TA",1.0985,0.8822,0.971
2018-09-30,"Masterton District","TA",1.0466,0.8405,0.9227
2018-09-30,"Matamata Piako District","TA",0.846,0.6794,0.8878
2018-09-30,"Napier City","TA",0.9292,0.7462,0.967
2018-09-30,"Nelson City","TA",0.995,0.7991,1.048
2018-09-30,"New Plymouth District","TA",1.0457,0.8398,1.0444
2018-09-30,"New Zealand","NZ",0.9199,0.7388,1.0141
2018-09-30,"Opotiki District","TA",1.1992,0.9631,0.8238
2018-09-30,"Otorohanga District","TA",1.1183,0.8981,0.8804
2018-09-30,"Palmerston North City","TA",1.0075,0.8091,0.9757
2018-09-30,"Porirua City","TA",0.9847,0.7908,0.9934
2018-09-30,"Queenstown Lakes District","TA",0.9324,0.7488,0.9464
2018-09-30,"Rangitikei District","TA",0.9731,0.7815,0.909
2018-09-30,"Rotorua District","TA",0.9626,0.7731,0.8469
2018-09-30,"Ruapehu District","TA",1.1298,0.9073,0.925
2018-09-30,"Selwyn District","TA",1.1978,0.9619,1.1806
2018-09-30,"South Taranaki District","TA",1.129,0.9067,0.9633
2018-09-30,"South Waikato District","TA",0.8207,0.6591,0.7846
2018-09-30,"South Wairarapa District","TA",1.0326,0.8293,0.9727
2018-09-30,"Southland District","TA",1.1084,0.8901,1.0004
2018-09-30,"Stratford District","TA",1.0984,0.8821,0.9676
2018-09-30,"Tararua District","TA",1.0463,0.8403,0.9543
2018-09-30,"Tasman District","TA",1.0569,0.8488,1.0728
2018-09-30,"Taupo District","TA",1.0354,0.8315,0.9441
2018-09-30,"Tauranga City","TA",0.9785,0.7858,0.9627
2018-09-30,"Thames Coromandel District","TA",1.0447,0.839,0.9608
2018-09-30,"Timaru District","TA",1.0644,0.8548,0.9958
2018-09-30,"Upper Hutt City","TA",1.0198,0.819,0.9421
2018-09-30,"Waikato District","TA",0.8707,0.6992,0.9923
2018-09-30,"Waimakariri District","TA",1.1966,0.9609,1.1117
2018-09-30,"Waimate District","TA",1.1032,0.886,0.9381
2018-09-30,"Waipa District","TA",0.8379,0.6729,0.9562
2018-09-30,"Wairoa District","TA",1.2456,1.0004,0.7506
2018-09-30,"Waitaki District","TA",1.0486,0.8421,0.9693
2018-09-30,"Waitomo District","TA",0.8617,0.692,0.885
2018-09-30,"Wellington City","TA",0.9766,0.7843,1.0548
2018-09-30,"Western Bay of Plenty District","TA",1.0285,0.826,0.9887
2018-09-30,"Westland District","TA",1.2678,1.0182,1.0087
2018-09-30,"Whakatane District","TA",1.0036,0.806,0.9177
2018-09-30,"Whanganui District","TA",1.0004,0.8034,0.8457
2018-09-30,"Whangarei District","TA",0.9268,0.7443,0.926
2018-09-30,"Auckland","Reg",0.8457,0.6792,1.0216
2018-09-30,"Bay of Plenty","Reg",0.9589,0.7701,0.9315
2018-09-30,"Canterbury","Reg",1.183,0.95,1.1009
2018-09-30,"Gisborne","Reg",1.0906,0.8758,0.9359
2018-09-30,"Hawke's Bay","Reg",0.9343,0.7503,0.9493
2018-09-30,"Manawatu-Wanganui","Reg",1.0003,0.8033,0.9472
2018-09-30,"Marlborough","Reg",1.0985,0.8822,0.971
2018-09-30,"Nelson","Reg",0.995,0.7991,1.0479
2018-09-30,"Northland","Reg",0.9859,0.7918,0.9515
2018-09-30,"Otago","Reg",0.8781,0.7052,1.0414
2018-09-30,"Southland","Reg",1.1113,0.8925,0.995
2018-09-30,"Taranaki","Reg",1.0453,0.8395,1.0233
2018-09-30,"Tasman","Reg",1.0569,0.8488,1.0727
2018-09-30,"Waikato","Reg",0.91,0.7308,0.954
2018-09-30,"Wellington","Reg",1.0007,0.8036,1.0259
2018-09-30,"West Coast","Reg",1.3366,1.0734,1.0792
2018-12-31,"Ashburton District","TA",1.2455,0.9617,1.0466
2018-12-31,"Buller District","TA",1.2572,0.9706,1.1085
2018-12-31,"Carterton District","TA",0.9081,0.7011,0.8893
2018-12-31,"Central Hawkes Bay District","TA",0.9327,0.7201,0.7564
2018-12-31,"Central Otago District","TA",0.9917,0.7657,0.8694
2018-12-31,"Christchurch City","TA",1.2146,0.9378,1.067
2018-12-31,"Clutha District","TA",1.1264,0.8697,0.8942
2018-12-31,"Dunedin City","TA",0.9505,0.7339,1.116
2018-12-31,"Far North District","TA",1.1396,0.8798,0.9595
2018-12-31,"Gisborne District","TA",1.1528,0.8901,0.9443
2018-12-31,"Gore District","TA",1.2111,0.9351,0.9548
2018-12-31,"Grey District","TA",1.4718,1.1363,1.0428
2018-12-31,"Hamilton City","TA",0.8924,0.689,0.9456
2018-12-31,"Hastings District","TA",0.9417,0.7271,0.9604
2018-12-31,"Hauraki District","TA",0.9793,0.7561,0.9569
2018-12-31,"Horowhenua District","TA",0.9532,0.7359,0.9122
2018-12-31,"Hurunui District","TA",1.3171,1.0169,1.0765
2018-12-31,"Invercargill City","TA",1.1378,0.8784,0.9788
2018-12-31,"Kaikoura District","TA",1.3626,1.052,1.1661
2018-12-31,"Kaipara District","TA",0.9297,0.7178,0.9334
2018-12-31,"Kapiti Coast District","TA",1.0124,0.7816,0.9887
2018-12-31,"Kawerau District","TA",0.7375,0.5694,0.8532
2018-12-31,"Hutt City","TA",1.017,0.7852,0.9802
2018-12-31,"MacKenzie District","TA",0.9017,0.6962,1.1953
2018-12-31,"Manawatu District","TA",1.0198,0.7874,0.9453
2018-12-31,"Marlborough District","TA",1.1308,0.8731,0.9744
2018-12-31,"Masterton District","TA",1.064,0.8215,0.9222
2018-12-31,"Matamata Piako District","TA",0.8666,0.6691,0.8784
2018-12-31,"Napier City","TA",0.9353,0.7222,0.9427
2018-12-31,"Nelson City","TA",1.0166,0.7849,1.0467
2018-12-31,"New Plymouth District","TA",1.0981,0.8479,1.0428
2018-12-31,"New Zealand","NZ",0.9622,0.7429,1.0092
2018-12-31,"Opotiki District","TA",1.0756,0.8305,0.8981
2018-12-31,"Otorohanga District","TA",0.8771,0.6772,0.8916
2018-12-31,"Palmerston North City","TA",1.0263,0.7924,0.9753
2018-12-31,"Porirua City","TA",1.0087,0.7788,0.9817
2018-12-31,"Queenstown Lakes District","TA",0.9596,0.7409,0.9156
2018-12-31,"Rangitikei District","TA",1.1124,0.8589,0.86
2018-12-31,"Rotorua District","TA",0.9785,0.7555,0.8401
2018-12-31,"Ruapehu District","TA",1.1685,0.9022,0.9162
2018-12-31,"Selwyn District","TA",1.2569,0.9704,1.1801
2018-12-31,"South Taranaki District","TA",1.1508,0.8885,0.9074
2018-12-31,"South Waikato District","TA",0.7997,0.6175,0.8126
2018-12-31,"South Wairarapa District","TA",1.046,0.8076,0.9702
2018-12-31,"Southland District","TA",1.1369,0.8778,0.9864
2018-12-31,"Stratford District","TA",1.0874,0.8396,0.9314
2018-12-31,"Tararua District","TA",1.0849,0.8376,0.934
2018-12-31,"Tasman District","TA",1.0839,0.8368,1.0611
2018-12-31,"Taupo District","TA",1.0788,0.8329,0.9355
2018-12-31,"Tauranga City","TA",1.0107,0.7803,0.9471
2018-12-31,"Thames Coromandel District","TA",1.0721,0.8277,0.9198
2018-12-31,"Timaru District","TA",1.1086,0.8559,1.0045
2018-12-31,"Upper Hutt City","TA",1.0156,0.7841,0.9557
2018-12-31,"Waikato District","TA",0.9224,0.7122,0.9909
2018-12-31,"Waimakariri District","TA",1.2466,0.9624,1.1028
2018-12-31,"Waimate District","TA",1.1481,0.8864,0.9479
2018-12-31,"Waipa District","TA",0.8875,0.6852,0.9491
2018-12-31,"Wairoa District","TA",1.1993,0.926,0.7384
2018-12-31,"Waitaki District","TA",1.088,0.84,0.9847
2018-12-31,"Waitomo District","TA",0.9922,0.766,0.8841
2018-12-31,"Wellington City","TA",1.0177,0.7857,1.008
2018-12-31,"Western Bay of Plenty District","TA",1.0746,0.8297,1.0046
2018-12-31,"Westland District","TA",1.3483,1.041,0.9971
2018-12-31,"Whakatane District","TA",1.0033,0.7746,0.9594
2018-12-31,"Whanganui District","TA",1.029,0.7944,0.8301
2018-12-31,"Whangarei District","TA",0.9647,0.7448,0.9228
2018-12-31,"Auckland","Reg",0.8926,0.6891,1.0242
2018-12-31,"Bay of Plenty","Reg",1.0085,0.7786,0.9244
2018-12-31,"Canterbury","Reg",1.2384,0.9561,1.0879
2018-12-31,"Gisborne","Reg",1.1528,0.8901,0.9443
2018-12-31,"Hawke's Bay","Reg",0.9376,0.7239,0.9396
2018-12-31,"Manawatu-Wanganui","Reg",1.0217,0.7889,0.9464
2018-12-31,"Marlborough","Reg",1.1308,0.8731,0.9743
2018-12-31,"Nelson","Reg",1.0166,0.7849,1.0465
2018-12-31,"Northland","Reg",1.0336,0.798,0.9404
2018-12-31,"Otago","Reg",0.8903,0.6874,1.0224
2018-12-31,"Southland","Reg",1.1419,0.8817,0.9784
2018-12-31,"Taranaki","Reg",1.091,0.8423,1.0106
2018-12-31,"Tasman","Reg",1.0839,0.8368,1.0613
2018-12-31,"Waikato","Reg",0.9478,0.7318,0.9521
2018-12-31,"Wellington","Reg",0.9989,0.7712,0.9957
2018-12-31,"West Coast","Reg",1.4035,1.0836,1.0752
2019-03-31,"Ashburton District","TA",1.2788,0.9687,1.0521
2019-03-31,"Buller District","TA",1.2559,0.9514,1.0819
2019-03-31,"Carterton District","TA",0.9185,0.6957,0.8719
2019-03-31,"Central Hawkes Bay District","TA",0.9243,0.7001,0.7216
2019-03-31,"Central Otago District","TA",0.9433,0.7146,0.8831
2019-03-31,"Christchurch City","TA",1.2337,0.9345,1.0398
2019-03-31,"Clutha District","TA",1.1081,0.8394,0.8797
2019-03-31,"Dunedin City","TA",0.9582,0.7258,1.0158
2019-03-31,"Far North District","TA",1.1288,0.8551,0.926
2019-03-31,"Gisborne District","TA",1.1372,0.8614,0.9026
2019-03-31,"Gore District","TA",1.2379,0.9377,0.9205
2019-03-31,"Grey District","TA",1.4577,1.1042,1.0379
2019-03-31,"Hamilton City","TA",0.9067,0.6868,0.9388
2019-03-31,"Hastings District","TA",0.9443,0.7153,0.9463
2019-03-31,"Hauraki District","TA",1.011,0.7658,0.9417
2019-03-31,"Horowhenua District","TA",0.9381,0.7106,0.9182
2019-03-31,"Hurunui District","TA",1.284,0.9726,0.9971
2019-03-31,"Invercargill City","TA",1.1278,0.8543,0.9688
2019-03-31,"Kaikoura District","TA",1.3867,1.0504,1.1454
2019-03-31,"Kaipara District","TA",0.97,0.7347,0.9437
2019-03-31,"Kapiti Coast District","TA",1.0169,0.7703,0.961
2019-03-31,"Kawerau District","TA",0.7682,0.5819,0.8522
2019-03-31,"Hutt City","TA",0.9926,0.7519,0.9471
2019-03-31,"MacKenzie District","TA",0.925,0.7007,0.9092
2019-03-31,"Manawatu District","TA",1.0194,0.7722,0.9068
2019-03-31,"Marlborough District","TA",1.1358,0.8604,0.9584
2019-03-31,"Masterton District","TA",1.0601,0.8031,0.9188
2019-03-31,"Matamata Piako District","TA",0.8729,0.6612,0.8934
2019-03-31,"Napier City","TA",0.9376,0.7102,0.9242
2019-03-31,"Nelson City","TA",1.0184,0.7715,1.0362
2019-03-31,"New Plymouth District","TA",1.0995,0.8328,1.0254
2019-03-31,"New Zealand","NZ",0.9819,0.7438,0.9909
2019-03-31,"Opotiki District","TA",1.1117,0.8421,0.8404
2019-03-31,"Otorohanga District","TA",0.8816,0.6678,0.8772
2019-03-31,"Palmerston North City","TA",1.0325,0.7822,0.9868
2019-03-31,"Porirua City","TA",1.0021,0.7591,0.9488
2019-03-31,"Queenstown Lakes District","TA",0.9794,0.7419,0.882
2019-03-31,"Rangitikei District","TA",1.1067,0.8383,0.8857
2019-03-31,"Rotorua District","TA",0.9551,0.7235,0.8206
2019-03-31,"Ruapehu District","TA",1.1622,0.8804,0.8636
2019-03-31,"Selwyn District","TA",1.276,0.9666,1.2015
2019-03-31,"South Taranaki District","TA",1.1851,0.8977,0.9437
2019-03-31,"South Waikato District","TA",0.8594,0.651,0.8093
2019-03-31,"South Wairarapa District","TA",1.0998,0.8331,0.9857
2019-03-31,"Southland District","TA",1.1141,0.8439,0.9694
2019-03-31,"Stratford District","TA",1.1182,0.847,0.9523
2019-03-31,"Tararua District","TA",1.0109,0.7657,0.9583
2019-03-31,"Tasman District","TA",1.1086,0.8398,1.0581
2019-03-31,"Taupo District","TA",1.0693,0.81,0.9121
2019-03-31,"Tauranga City","TA",1.0132,0.7675,0.9496
2019-03-31,"Thames Coromandel District","TA",1.0923,0.8274,0.943
2019-03-31,"Timaru District","TA",1.1161,0.8454,0.99
2019-03-31,"Upper Hutt City","TA",0.9943,0.7532,0.9415
2019-03-31,"Waikato District","TA",0.927,0.7022,0.9719
2019-03-31,"Waimakariri District","TA",1.2716,0.9633,1.0956
2019-03-31,"Waimate District","TA",1.0863,0.8228,0.9191
2019-03-31,"Waipa District","TA",0.8603,0.6517,0.9329
2019-03-31,"Wairoa District","TA",1.3013,0.9857,0.7645
2019-03-31,"Waitaki District","TA",1.1114,0.8419,0.965
2019-03-31,"Waitomo District","TA",0.9398,0.7119,0.9077
2019-03-31,"Wellington City","TA",1.0291,0.7795,0.9422
2019-03-31,"Western Bay of Plenty District","TA",1.0663,0.8077,1.0002
2019-03-31,"Westland District","TA",1.3705,1.0381,1.0131
2019-03-31,"Whakatane District","TA",1.0304,0.7805,0.9363
2019-03-31,"Whanganui District","TA",0.9998,0.7574,0.8153
2019-03-31,"Whangarei District","TA",1.0104,0.7654,0.9253
2019-03-31,"Auckland","Reg",0.9223,0.6987,1.0093
2019-03-31,"Bay of Plenty","Reg",1.0046,0.761,0.9189
2019-03-31,"Canterbury","Reg",1.2565,0.9518,1.0649
2019-03-31,"Gisborne","Reg",1.1372,0.8614,0.9026
2019-03-31,"Hawke's Bay","Reg",0.9338,0.7074,0.9211
2019-03-31,"Manawatu-Wanganui","Reg",1.0111,0.7659,0.9446
2019-03-31,"Marlborough","Reg",1.1358,0.8604,0.9584
2019-03-31,"Nelson","Reg",1.0184,0.7715,1.0362
2019-03-31,"Northland","Reg",1.0488,0.7945,0.9345
2019-03-31,"Otago","Reg",0.8967,0.6792,0.9984
2019-03-31,"Southland","Reg",1.1353,0.86,0.9656
2019-03-31,"Taranaki","Reg",1.1001,0.8333,1.0026
2019-03-31,"Tasman","Reg",1.1086,0.8398,1.0579
2019-03-31,"Waikato","Reg",0.9539,0.7226,0.9501
2019-03-31,"Wellington","Reg",0.9946,0.7534,0.9417
2019-03-31,"West Coast","Reg",1.4028,1.0626,1.0531
2019-06-30,"Ashburton District","TA",1.3704,0.9731,1.0029
2019-06-30,"Buller District","TA",1.32,0.9373,1.0453
2019-06-30,"Carterton District","TA",0.9701,0.6889,0.8351
2019-06-30,"Central Hawkes Bay District","TA",1.0219,0.7256,0.7059
2019-06-30,"Central Otago District","TA",1.0162,0.7216,0.9091
2019-06-30,"Christchurch City","TA",1.327,0.9422,1.0863
2019-06-30,"Clutha District","TA",1.0836,0.7695,0.7964
2019-06-30,"Dunedin City","TA",1.005,0.7136,1.0928
2019-06-30,"Far North District","TA",1.193,0.8471,0.936
2019-06-30,"Gisborne District","TA",1.171,0.8315,0.9415
2019-06-30,"Gore District","TA",1.2935,0.9185,0.9021
2019-06-30,"Grey District","TA",1.4766,1.0485,1.0453
2019-06-30,"Hamilton City","TA",0.9759,0.693,0.929
2019-06-30,"Hastings District","TA",1.0175,0.7225,0.9449
2019-06-30,"Hauraki District","TA",1.0356,0.7354,0.9699
2019-06-30,"Horowhenua District","TA",0.9799,0.6958,0.8994
2019-06-30,"Hurunui District","TA",1.3876,0.9853,1.0676
2019-06-30,"Invercargill City","TA",1.1215,0.7963,0.9382
2019-06-30,"Kaikoura District","TA",1.4187,1.0074,1.0053
2019-06-30,"Kaipara District","TA",0.9972,0.7081,0.9047
2019-06-30,"Kapiti Coast District","TA",1.0905,0.7743,0.9749
2019-06-30,"Kawerau District","TA",0.7872,0.559,0.8345
2019-06-30,"Hutt City","TA",1.0751,0.7634,0.9354
2019-06-30,"MacKenzie District","TA",0.9023,0.6407,0.9117
2019-06-30,"Manawatu District","TA",1.0631,0.7549,0.8935
2019-06-30,"Marlborough District","TA",1.2329,0.8754,0.9299
2019-06-30,"Masterton District","TA",1.1346,0.8057,0.8889
2019-06-30,"Matamata Piako District","TA",0.9322,0.6619,0.901
2019-06-30,"Napier City","TA",1.0271,0.7293,0.9533
2019-06-30,"Nelson City","TA",1.1028,0.7831,1.0408
2019-06-30,"New Plymouth District","TA",1.1853,0.8417,1.011
2019-06-30,"New Zealand","NZ",1.0617,0.7539,1.0032
2019-06-30,"Opotiki District","TA",1.2442,0.8835,0.8013
2019-06-30,"Otorohanga District","TA",0.9654,0.6855,0.8889
2019-06-30,"Palmerston North City","TA",1.0982,0.7798,0.9767
2019-06-30,"Porirua City","TA",1.0734,0.7622,0.9703
2019-06-30,"Queenstown Lakes District","TA",1.0397,0.7382,0.8789
2019-06-30,"Rangitikei District","TA",1.0902,0.7741,0.8413
2019-06-30,"Rotorua District","TA",1.0334,0.7338,0.8164
2019-06-30,"Ruapehu District","TA",1.0873,0.772,0.9662
2019-06-30,"Selwyn District","TA",1.3709,0.9734,1.2543
2019-06-30,"South Taranaki District","TA",1.1948,0.8484,0.9537
2019-06-30,"South Waikato District","TA",0.9398,0.6673,0.7783
2019-06-30,"South Wairarapa District","TA",1.1309,0.8031,0.9298
2019-06-30,"Southland District","TA",1.1905,0.8453,0.9584
2019-06-30,"Stratford District","TA",1.1471,0.8145,0.9032
2019-06-30,"Tararua District","TA",1.0518,0.7469,0.9064
2019-06-30,"Tasman District","TA",1.1795,0.8375,1.0776
2019-06-30,"Taupo District","TA",1.1631,0.8259,0.9089
2019-06-30,"Tauranga City","TA",1.1025,0.7829,0.9477
2019-06-30,"Thames Coromandel District","TA",1.1742,0.8337,0.9191
2019-06-30,"Timaru District","TA",1.2123,0.8608,0.979
2019-06-30,"Upper Hutt City","TA",1.0715,0.7608,0.9024
2019-06-30,"Waikato District","TA",1.0165,0.7218,1.0031
2019-06-30,"Waimakariri District","TA",1.35,0.9586,1.0759
2019-06-30,"Waimate District","TA",1.1028,0.7831,0.9092
2019-06-30,"Waipa District","TA",0.9297,0.6602,0.9283
2019-06-30,"Wairoa District","TA",1.2083,0.858,0.7883
2019-06-30,"Waitaki District","TA",1.1672,0.8288,0.9528
2019-06-30,"Waitomo District","TA",0.996,0.7072,0.9736
2019-06-30,"Wellington City","TA",1.1146,0.7915,1.0062
2019-06-30,"Western Bay of Plenty District","TA",1.1526,0.8184,0.9962
2019-06-30,"Westland District","TA",1.4153,1.005,1.029
2019-06-30,"Whakatane District","TA",1.0932,0.7763,0.9293
2019-06-30,"Whanganui District","TA",1.007,0.7151,0.8107
2019-06-30,"Whangarei District","TA",1.0856,0.7708,0.9002
2019-06-30,"Auckland","Reg",1.0081,0.7158,1.0223
2019-06-30,"Bay of Plenty","Reg",1.0905,0.7743,0.9131
2019-06-30,"Canterbury","Reg",1.3497,0.9584,1.0995
2019-06-30,"Gisborne","Reg",1.171,0.8315,0.9415
2019-06-30,"Hawke's Bay","Reg",1.0198,0.7241,0.9353
2019-06-30,"Manawatu-Wanganui","Reg",1.0558,0.7497,0.9301
2019-06-30,"Marlborough","Reg",1.2329,0.8754,0.9299
2019-06-30,"Nelson","Reg",1.1028,0.7831,1.0409
2019-06-30,"Northland","Reg",1.0877,0.7724,0.9161
2019-06-30,"Otago","Reg",0.9516,0.6757,0.9816
2019-06-30,"Southland","Reg",1.1405,0.8099,0.935
2019-06-30,"Taranaki","Reg",1.1695,0.8304,0.9903
2019-06-30,"Tasman","Reg",1.1795,0.8375,1.0773
2019-06-30,"Waikato","Reg",1.0407,0.739,0.9395
2019-06-30,"Wellington","Reg",1.0799,0.7668,0.9852
2019-06-30,"West Coast","Reg",1.4448,1.0259,1.0607
2019-09-30,"Ashburton District","TA",1.457,0.9646,1.0133
2019-09-30,"Buller District","TA",1.3848,0.9168,0.9499
2019-09-30,"Carterton District","TA",1.0169,0.6733,0.8543
2019-09-30,"Central Hawkes Bay District","TA",1.0966,0.726,0.7624
2019-09-30,"Central Otago District","TA",1.0875,0.72,0.8614
2019-09-30,"Christchurch City","TA",1.4302,0.9468,1.086
2019-09-30,"Clutha District","TA",1.1186,0.7406,0.8529
2019-09-30,"Dunedin City","TA",1.0362,0.686,1.0809
2019-09-30,"Far North District","TA",1.297,0.8587,0.9579
2019-09-30,"Gisborne District","TA",1.1996,0.7942,0.9461
2019-09-30,"Gore District","TA",1.3926,0.9219,0.8813
2019-09-30,"Grey District","TA",1.6373,1.084,1.0409
2019-09-30,"Hamilton City","TA",1.0433,0.6907,0.9344
2019-09-30,"Hastings District","TA",1.0553,0.6987,0.9578
2019-09-30,"Hauraki District","TA",1.1337,0.7506,0.9197
2019-09-30,"Horowhenua District","TA",1.0294,0.6815,0.885
2019-09-30,"Hurunui District","TA",1.463,0.9686,1.0306
2019-09-30,"Invercargill City","TA",1.1504,0.7616,0.9298
2019-09-30,"Kaikoura District","TA",1.4948,0.9896,0.9871
2019-09-30,"Kaipara District","TA",1.068,0.707,0.9165
2019-09-30,"Kapiti Coast District","TA",1.1549,0.7646,0.972
2019-09-30,"Kawerau District","TA",0.8077,0.5347,0.8458
2019-09-30,"Hutt City","TA",1.116,0.7389,0.9477
2019-09-30,"MacKenzie District","TA",0.9313,0.6166,0.8902
2019-09-30,"Manawatu District","TA",0.9434,0.6246,0.936
2019-09-30,"Marlborough District","TA",1.2802,0.8475,0.9154
2019-09-30,"Masterton District","TA",1.1693,0.7741,0.8693
2019-09-30,"Matamata Piako District","TA",1.0049,0.6653,0.8835
2019-09-30,"Napier City","TA",1.0668,0.7063,0.9339
2019-09-30,"Nelson City","TA",1.1731,0.7766,1.0435
2019-09-30,"New Plymouth District","TA",1.2442,0.8237,1.026
2019-09-30,"New Zealand","NZ",1.1256,0.7452,1.0107
2019-09-30,"Opotiki District","TA",1.192,0.7891,0.9228
2019-09-30,"Otorohanga District","TA",1.0518,0.6964,0.856
2019-09-30,"Palmerston North City","TA",1.1342,0.7509,0.9648
2019-09-30,"Porirua City","TA",1.1542,0.7641,0.9679
2019-09-30,"Queenstown Lakes District","TA",1.1235,0.7438,0.9333
2019-09-30,"Rangitikei District","TA",1.1004,0.7285,0.8807
2019-09-30,"Rotorua District","TA",1.0828,0.7169,0.8074
2019-09-30,"Ruapehu District","TA",1.184,0.7839,0.8685
2019-09-30,"Selwyn District","TA",1.4822,0.9813,1.2137
2019-09-30,"South Taranaki District","TA",1.2375,0.8193,0.9168
2019-09-30,"South Waikato District","TA",0.9924,0.657,0.7726
2019-09-30,"South Wairarapa District","TA",1.1694,0.7742,0.9743
2019-09-30,"Southland District","TA",1.1993,0.794,0.9949
2019-09-30,"Stratford District","TA",1.1257,0.7453,0.8723
2019-09-30,"Tararua District","TA",1.1038,0.7308,0.8678
2019-09-30,"Tasman District","TA",1.25,0.8276,1.067
2019-09-30,"Taupo District","TA",1.2125,0.8027,0.9152
2019-09-30,"Tauranga City","TA",1.175,0.7779,0.9594
2019-09-30,"Thames Coromandel District","TA",1.2454,0.8245,0.9318
2019-09-30,"Timaru District","TA",1.2896,0.8538,0.9843
2019-09-30,"Upper Hutt City","TA",0.9799,0.6487,0.921
2019-09-30,"Waikato District","TA",1.0931,0.7237,0.9762
2019-09-30,"Waimakariri District","TA",1.45,0.96,1.0744
2019-09-30,"Waimate District","TA",1.2743,0.8436,0.894
2019-09-30,"Waipa District","TA",0.994,0.6581,0.9396
2019-09-30,"Wairoa District","TA",1.2738,0.8433,0.7603
2019-09-30,"Waitaki District","TA",1.2115,0.8021,0.966
2019-09-30,"Waitomo District","TA",1.0924,0.7232,0.8643
2019-09-30,"Wellington City","TA",1.1736,0.7769,1.0125
2019-09-30,"Western Bay of Plenty District","TA",1.2145,0.8041,0.98
2019-09-30,"Westland District","TA",1.4884,0.9854,1.0278
2019-09-30,"Whakatane District","TA",1.15,0.7614,0.9243
2019-09-30,"Whanganui District","TA",1.0511,0.6959,0.7857
2019-09-30,"Whangarei District","TA",1.1948,0.791,0.9148
2019-09-30,"Auckland","Reg",1.0762,0.7125,1.0324
2019-09-30,"Bay of Plenty","Reg",1.1469,0.7593,0.9162
2019-09-30,"Canterbury","Reg",1.4509,0.9605,1.0986
2019-09-30,"Gisborne","Reg",1.1996,0.7942,0.9461
2019-09-30,"Hawke's Bay","Reg",1.0714,0.7093,0.9313
2019-09-30,"Manawatu-Wanganui","Reg",1.0702,0.7085,0.9176
2019-09-30,"Marlborough","Reg",1.2802,0.8475,0.9154
2019-09-30,"Nelson","Reg",1.1731,0.7766,1.0432
2019-09-30,"Northland","Reg",1.1894,0.7874,0.9309
2019-09-30,"Otago","Reg",1.0001,0.6621,1.0105
2019-09-30,"Southland","Reg",1.1817,0.7824,0.9267
2019-09-30,"Taranaki","Reg",1.2195,0.8074,0.996
2019-09-30,"Tasman","Reg",1.25,0.8276,1.0676
2019-09-30,"Waikato","Reg",1.1072,0.733,0.9417
2019-09-30,"Wellington","Reg",1.1311,0.7488,0.9938
2019-09-30,"West Coast","Reg",1.5562,1.0303,1.0294
2019-12-31,"Ashburton District","TA",1.5264,0.9586,1.0508
2019-12-31,"Buller District","TA",1.5181,0.9534,1.0411
2019-12-31,"Carterton District","TA",1.0551,0.6626,0.8295
2019-12-31,"Central Hawkes Bay District","TA",1.1607,0.7289,0.6827
2019-12-31,"Central Otago District","TA",1.1336,0.7119,0.8816
2019-12-31,"Christchurch City","TA",1.4875,0.9342,1.0828
2019-12-31,"Clutha District","TA",1.1159,0.7008,0.8602
2019-12-31,"Dunedin City","TA",1.0481,0.6582,1.0575
2019-12-31,"Far North District","TA",1.3621,0.8554,0.9517
2019-12-31,"Gisborne District","TA",1.199,0.753,0.9181
2019-12-31,"Gore District","TA",1.4293,0.8976,0.8628
2019-12-31,"Grey District","TA",1.6329,1.0255,1.0414
2019-12-31,"Hamilton City","TA",1.0678,0.6706,0.9294
2019-12-31,"Hastings District","TA",1.0967,0.6887,0.9449
2019-12-31,"Hauraki District","TA",1.1787,0.7402,0.9415
2019-12-31,"Horowhenua District","TA",1.0369,0.6512,0.8733
2019-12-31,"Hurunui District","TA",1.5566,0.9776,1.0396
2019-12-31,"Invercargill City","TA",1.2402,0.7789,0.9371
2019-12-31,"Kaikoura District","TA",1.5864,0.9962,1.1736
2019-12-31,"Kaipara District","TA",1.1401,0.716,0.9127
2019-12-31,"Kapiti Coast District","TA",1.1835,0.7433,0.9633
2019-12-31,"Kawerau District","TA",0.8327,0.5229,0.8155
2019-12-31,"Hutt City","TA",1.1568,0.7265,0.9425
2019-12-31,"MacKenzie District","TA",1.0088,0.6335,0.9919
2019-12-31,"Manawatu District","TA",1.1141,0.6996,0.9249
2019-12-31,"Marlborough District","TA",1.3405,0.8418,0.9208
2019-12-31,"Masterton District","TA",1.1932,0.7493,0.8865
2019-12-31,"Matamata Piako District","TA",1.0568,0.6637,0.8874
2019-12-31,"Napier City","TA",1.1144,0.6999,0.9319
2019-12-31,"Nelson City","TA",1.219,0.7656,1.0387
2019-12-31,"New Plymouth District","TA",1.2946,0.813,1.0223
2019-12-31,"New Zealand","NZ",1.1719,0.736,1.0058
2019-12-31,"Opotiki District","TA",1.3235,0.8312,0.8942
2019-12-31,"Otorohanga District","TA",1.1469,0.7203,0.8602
2019-12-31,"Palmerston North City","TA",1.1561,0.7261,0.9531
2019-12-31,"Porirua City","TA",1.1754,0.7381,0.9628
2019-12-31,"Queenstown Lakes District","TA",1.1673,0.7331,0.9069
2019-12-31,"Rangitikei District","TA",1.1263,0.7073,0.8557
2019-12-31,"Rotorua District","TA",1.1378,0.7146,0.7957
2019-12-31,"Ruapehu District","TA",1.2253,0.7695,0.9325
2019-12-31,"Selwyn District","TA",1.5753,0.9893,1.1985
2019-12-31,"South Taranaki District","TA",1.2637,0.7936,0.9515
2019-12-31,"South Waikato District","TA",1.0208,0.6411,0.7404
2019-12-31,"South Wairarapa District","TA",1.2342,0.7751,0.9269
2019-12-31,"Southland District","TA",1.2381,0.7775,0.9218
2019-12-31,"Stratford District","TA",1.2213,0.767,0.8841
2019-12-31,"Tararua District","TA",1.1342,0.7123,0.866
2019-12-31,"Tasman District","TA",1.3324,0.8367,1.057
2019-12-31,"Taupo District","TA",1.3064,0.8204,0.893
2019-12-31,"Tauranga City","TA",1.2379,0.7774,0.9578
2019-12-31,"Thames Coromandel District","TA",1.2588,0.7905,0.8878
2019-12-31,"Timaru District","TA",1.355,0.851,1.0045
2019-12-31,"Upper Hutt City","TA",1.1599,0.7284,0.9217
2019-12-31,"Waikato District","TA",1.087,0.6827,0.9945
2019-12-31,"Waimakariri District","TA",1.5209,0.9551,1.1122
2019-12-31,"Waimate District","TA",1.2474,0.7834,0.8803
2019-12-31,"Waipa District","TA",1.0414,0.654,0.947
2019-12-31,"Wairoa District","TA",1.2349,0.7755,0.7788
2019-12-31,"Waitaki District","TA",1.2358,0.7761,0.9461
2019-12-31,"Waitomo District","TA",1.0851,0.6815,0.88
2019-12-31,"Wellington City","TA",1.2015,0.7545,0.9787
2019-12-31,"Western Bay of Plenty District","TA",1.2814,0.8048,0.948
2019-12-31,"Westland District","TA",1.58,0.9922,0.9954
2019-12-31,"Whakatane District","TA",1.2021,0.7549,0.9167
2019-12-31,"Whanganui District","TA",1.0966,0.6887,0.7691
2019-12-31,"Whangarei District","TA",1.2488,0.7843,0.9222
2019-12-31,"Auckland","Reg",1.1202,0.7035,1.0318
2019-12-31,"Bay of Plenty","Reg",1.2035,0.7558,0.9077
2019-12-31,"Canterbury","Reg",1.5146,0.9511,1.1041
2019-12-31,"Gisborne","Reg",1.199,0.753,0.9181
2019-12-31,"Hawke's Bay","Reg",1.1135,0.6993,0.9228
2019-12-31,"Manawatu-Wanganui","Reg",1.117,0.7015,0.9171
2019-12-31,"Marlborough","Reg",1.3405,0.8418,0.9208
2019-12-31,"Nelson","Reg",1.219,0.7656,1.0382
2019-12-31,"Northland","Reg",1.2694,0.7972,0.9337
2019-12-31,"Otago","Reg",1.0411,0.6538,0.9951
2019-12-31,"Southland","Reg",1.2461,0.7826,0.9219
2019-12-31,"Taranaki","Reg",1.267,0.7957,0.9979
2019-12-31,"Tasman","Reg",1.3324,0.8367,1.0579
2019-12-31,"Waikato","Reg",1.1487,0.7214,0.9386
2019-12-31,"Wellington","Reg",1.1747,0.7377,0.974
2019-12-31,"West Coast","Reg",1.6138,1.0135,1.0382
2020-03-31,"Ashburton District","TA",1.5172,0.9491,1.0217
2020-03-31,"Buller District","TA",1.5001,0.9384,0.9842
2020-03-31,"Carterton District","TA",1.057,0.6612,0.7882
2020-03-31,"Central Hawkes Bay District","TA",1.1511,0.7201,0.7775
2020-03-31,"Central Otago District","TA",1.0788,0.6749,0.8522
2020-03-31,"Christchurch City","TA",1.4884,0.9311,1.0448
2020-03-31,"Clutha District","TA",1.0833,0.6777,0.9128
2020-03-31,"Dunedin City","TA",1.0113,0.6326,0.9979
2020-03-31,"Far North District","TA",1.3794,0.8629,0.9628
2020-03-31,"Gisborne District","TA",1.1572,0.7239,0.9404
2020-03-31,"Gore District","TA",1.3702,0.8572,0.8688
2020-03-31,"Grey District","TA",1.6619,1.0396,0.9963
2020-03-31,"Hamilton City","TA",1.0738,0.6717,0.9334
2020-03-31,"Hastings District","TA",1.0792,0.6751,0.9159
2020-03-31,"Hauraki District","TA",1.1781,0.737,0.8628
2020-03-31,"Horowhenua District","TA",1.0006,0.6259,0.8448
2020-03-31,"Hurunui District","TA",1.5654,0.9793,1.0816
2020-03-31,"Invercargill City","TA",1.167,0.73,0.9201
2020-03-31,"Kaikoura District","TA",1.6012,1.0017,1.0403
2020-03-31,"Kaipara District","TA",1.1084,0.6934,0.9082
2020-03-31,"Kapiti Coast District","TA",1.1471,0.7176,0.9618
2020-03-31,"Kawerau District","TA",0.8656,0.5415,0.8454
2020-03-31,"Hutt City","TA",1.1343,0.7096,0.9334
2020-03-31,"MacKenzie District","TA",0.9803,0.6132,1.0027
2020-03-31,"Manawatu District","TA",1.0974,0.6865,0.9055
2020-03-31,"Marlborough District","TA",1.3372,0.8365,0.914
2020-03-31,"Masterton District","TA",1.1817,0.7393,0.8747
2020-03-31,"Matamata Piako District","TA",1.0474,0.6552,0.8739
2020-03-31,"Napier City","TA",1.0864,0.6796,0.9236
2020-03-31,"Nelson City","TA",1.2204,0.7635,1.0346
2020-03-31,"New Plymouth District","TA",1.2888,0.8062,1.0269
2020-03-31,"New Zealand","NZ",1.1557,0.7229,0.9967
2020-03-31,"Opotiki District","TA",1.2533,0.784,0.8046
2020-03-31,"Otorohanga District","TA",1.0616,0.6641,0.8367
2020-03-31,"Palmerston North City","TA",1.1318,0.708,0.9532
2020-03-31,"Porirua City","TA",1.167,0.73,0.9482
2020-03-31,"Queenstown Lakes District","TA",1.1862,0.7421,0.9342
2020-03-31,"Rangitikei District","TA",1.0421,0.6519,0.8298
2020-03-31,"Rotorua District","TA",1.0954,0.6852,0.7827
2020-03-31,"Ruapehu District","TA",1.2406,0.7761,0.9328
2020-03-31,"Selwyn District","TA",1.5748,0.9852,1.2357
2020-03-31,"South Taranaki District","TA",1.2582,0.7871,0.8991
2020-03-31,"South Waikato District","TA",0.8934,0.5589,0.7141
2020-03-31,"South Wairarapa District","TA",1.186,0.742,0.9412
2020-03-31,"Southland District","TA",1.1502,0.7195,0.972
2020-03-31,"Stratford District","TA",1.148,0.7182,0.8822
2020-03-31,"Tararua District","TA",1.1018,0.6893,0.8666
2020-03-31,"Tasman District","TA",1.3252,0.829,1.0514
2020-03-31,"Taupo District","TA",1.2789,0.8,0.8948
2020-03-31,"Tauranga City","TA",1.2337,0.7718,0.9408
2020-03-31,"Thames Coromandel District","TA",1.2303,0.7696,0.9096
2020-03-31,"Timaru District","TA",1.355,0.8476,1.0016
2020-03-31,"Upper Hutt City","TA",1.164,0.7281,0.9133
2020-03-31,"Waikato District","TA",1.1139,0.6968,0.9688
2020-03-31,"Waimakariri District","TA",1.5195,0.9506,1.099
2020-03-31,"Waimate District","TA",1.2598,0.7881,0.9073
2020-03-31,"Waipa District","TA",1.0162,0.6357,0.9272
2020-03-31,"Wairoa District","TA",1.2167,0.7611,0.8194
2020-03-31,"Waitaki District","TA",1.2285,0.7685,0.9489
2020-03-31,"Waitomo District","TA",1.0856,0.6791,0.903
2020-03-31,"Wellington City","TA",1.1969,0.7487,0.9446
2020-03-31,"Western Bay of Plenty District","TA",1.2631,0.7902,0.9633
2020-03-31,"Westland District","TA",1.5435,0.9656,0.9418
2020-03-31,"Whakatane District","TA",1.1998,0.7506,0.9118
2020-03-31,"Whanganui District","TA",1.014,0.6343,0.7609
2020-03-31,"Whangarei District","TA",1.2092,0.7564,0.9071
2020-03-31,"Auckland","Reg",1.1018,0.6893,1.031
2020-03-31,"Bay of Plenty","Reg",1.2042,0.7533,0.8975
2020-03-31,"Canterbury","Reg",1.5174,0.9492,1.0729
2020-03-31,"Gisborne","Reg",1.157,0.7238,0.9402
2020-03-31,"Hawke's Bay","Reg",1.0831,0.6775,0.9155
2020-03-31,"Manawatu-Wanganui","Reg",1.0885,0.681,0.903
2020-03-31,"Marlborough","Reg",1.3372,0.8365,0.914
2020-03-31,"Nelson","Reg",1.2204,0.7635,1.0348
2020-03-31,"Northland","Reg",1.2525,0.7835,0.9248
2020-03-31,"Otago","Reg",1.0177,0.6367,0.9838
2020-03-31,"Southland","Reg",1.1674,0.7303,0.9119
2020-03-31,"Taranaki","Reg",1.2495,0.7817,0.9937
2020-03-31,"Tasman","Reg",1.3252,0.829,1.0508
2020-03-31,"Waikato","Reg",1.1419,0.7144,0.9396
2020-03-31,"Wellington","Reg",1.1607,0.7261,0.9488
2020-03-31,"West Coast","Reg",1.6167,1.0114,1.0032
2020-06-30,"Ashburton District","TA",1.7391,0.9346,1.0779
2020-06-30,"Buller District","TA",1.8116,0.9736,0.9569
2020-06-30,"Carterton District","TA",1.182,0.6352,0.8063
2020-06-30,"Central Hawkes Bay District","TA",1.3027,0.7001,0.7986
2020-06-30,"Central Otago District","TA",1.2579,0.676,0.8945
2020-06-30,"Christchurch City","TA",1.7229,0.9259,1.09
2020-06-30,"Clutha District","TA",1.2209,0.6561,0.7881
2020-06-30,"Dunedin City","TA",1.2033,0.6467,1.0688
2020-06-30,"Far North District","TA",1.6206,0.8709,0.9585
2020-06-30,"Gisborne District","TA",1.3442,0.7224,0.9112
2020-06-30,"Gore District","TA",1.5413,0.8283,0.8574
2020-06-30,"Grey District","TA",1.9542,1.0502,0.974
2020-06-30,"Hamilton City","TA",1.246,0.6697,0.9412
2020-06-30,"Hastings District","TA",1.2502,0.6719,0.9196
2020-06-30,"Hauraki District","TA",1.354,0.7277,0.926
2020-06-30,"Horowhenua District","TA",1.1638,0.6255,0.835
2020-06-30,"Hurunui District","TA",1.7752,0.9541,1.0111
2020-06-30,"Invercargill City","TA",1.3582,0.7299,0.8873
2020-06-30,"Kaikoura District","TA",1.844,0.991,1.1554
2020-06-30,"Kaipara District","TA",1.2295,0.6607,0.9071
2020-06-30,"Kapiti Coast District","TA",1.3499,0.7255,0.9531
2020-06-30,"Kawerau District","TA",0.9706,0.5216,0.8198
2020-06-30,"Hutt City","TA",1.3103,0.7042,0.9332
2020-06-30,"MacKenzie District","TA",1.1027,0.5926,1.1271
2020-06-30,"Manawatu District","TA",1.2283,0.6601,0.9209
2020-06-30,"Marlborough District","TA",1.5554,0.8359,0.91
2020-06-30,"Masterton District","TA",1.3413,0.7208,0.877
2020-06-30,"Matamata Piako District","TA",1.2033,0.6467,0.8567
2020-06-30,"Napier City","TA",1.2458,0.6695,0.9259
2020-06-30,"Nelson City","TA",1.4402,0.774,1.0532
2020-06-30,"New Plymouth District","TA",1.4871,0.7992,1.0198
2020-06-30,"New Zealand","NZ",1.3518,0.7265,1.0176
2020-06-30,"Opotiki District","TA",1.4913,0.8015,0.8579
2020-06-30,"Otorohanga District","TA",1.2778,0.6867,0.9054
2020-06-30,"Palmerston North City","TA",1.3148,0.7066,0.9449
2020-06-30,"Porirua City","TA",1.3482,0.7246,0.9671
2020-06-30,"Queenstown Lakes District","TA",1.4359,0.7717,1.1182
2020-06-30,"Rangitikei District","TA",1.2151,0.653,0.8199
2020-06-30,"Rotorua District","TA",1.2102,0.6504,0.7714
2020-06-30,"Ruapehu District","TA",1.3433,0.7219,0.9039
2020-06-30,"Selwyn District","TA",1.8294,0.9832,1.233
2020-06-30,"South Taranaki District","TA",1.3972,0.7509,0.8824
2020-06-30,"South Waikato District","TA",1.0751,0.5778,0.7333
2020-06-30,"South Wairarapa District","TA",1.3645,0.7333,0.9553
2020-06-30,"Southland District","TA",1.3407,0.7205,0.9567
2020-06-30,"Stratford District","TA",1.2765,0.686,0.848
2020-06-30,"Tararua District","TA",1.195,0.6422,0.8268
2020-06-30,"Tasman District","TA",1.5198,0.8168,1.0666
2020-06-30,"Taupo District","TA",1.446,0.7771,0.8903
2020-06-30,"Tauranga City","TA",1.414,0.7599,0.9473
2020-06-30,"Thames Coromandel District","TA",1.4545,0.7817,0.8999
2020-06-30,"Timaru District","TA",1.5588,0.8377,1.0155
2020-06-30,"Upper Hutt City","TA",1.3313,0.7154,0.9123
2020-06-30,"Waikato District","TA",1.2992,0.6982,0.9998
2020-06-30,"Waimakariri District","TA",1.7398,0.935,1.0915
2020-06-30,"Waimate District","TA",1.5145,0.8139,0.8996
2020-06-30,"Waipa District","TA",1.1821,0.6353,0.9236
2020-06-30,"Wairoa District","TA",1.5603,0.8386,0.7933
2020-06-30,"Waitaki District","TA",1.3999,0.7523,0.8953
2020-06-30,"Waitomo District","TA",1.3589,0.7303,0.8666
2020-06-30,"Wellington City","TA",1.4008,0.7528,0.9959
2020-06-30,"Western Bay of Plenty District","TA",1.4494,0.7789,0.972
2020-06-30,"Westland District","TA",1.7989,0.9668,1.0409
2020-06-30,"Whakatane District","TA",1.3597,0.7307,0.9263
2020-06-30,"Whanganui District","TA",1.2055,0.6479,0.7872
2020-06-30,"Whangarei District","TA",1.4087,0.7571,0.8986
2020-06-30,"Auckland","Reg",1.2942,0.6955,1.0353
2020-06-30,"Bay of Plenty","Reg",1.3595,0.7306,0.8979
2020-06-30,"Canterbury","Reg",1.7542,0.9428,1.1125
2020-06-30,"Gisborne","Reg",1.3439,0.7223,0.911
2020-06-30,"Hawke's Bay","Reg",1.2591,0.6767,0.9191
2020-06-30,"Manawatu-Wanganui","Reg",1.2504,0.672,0.8984
2020-06-30,"Marlborough","Reg",1.5554,0.8359,0.91
2020-06-30,"Nelson","Reg",1.4402,0.774,1.053
2020-06-30,"Northland","Reg",1.4487,0.7786,0.9185
2020-06-30,"Otago","Reg",1.2115,0.6511,1.1264
2020-06-30,"Southland","Reg",1.3533,0.7273,0.8841
2020-06-30,"Taranaki","Reg",1.4331,0.7702,0.9844
2020-06-30,"Tasman","Reg",1.5195,0.8166,1.0666
2020-06-30,"Waikato","Reg",1.3311,0.7154,0.9424
2020-06-30,"Wellington","Reg",1.343,0.7218,0.9839
2020-06-30,"West Coast","Reg",1.9345,1.0396,0.9861
2020-09-30,"Ashburton District","TA",1.8594,0.9122,1.052
2020-09-30,"Buller District","TA",1.9031,0.9337,0.9443
2020-09-30,"Carterton District","TA",1.2113,0.5943,0.8031
2020-09-30,"Central Hawkes Bay District","TA",1.3539,0.6642,0.7902
2020-09-30,"Central Otago District","TA",1.4058,0.6897,0.9092
2020-09-30,"Christchurch City","TA",1.8351,0.9003,1.085
2020-09-30,"Clutha District","TA",1.3047,0.6401,0.8789
2020-09-30,"Dunedin City","TA",1.283,0.6294,1.0809
2020-09-30,"Far North District","TA",1.6692,0.8189,0.9311
2020-09-30,"Gisborne District","TA",1.34,0.6574,0.9102
2020-09-30,"Gore District","TA",1.7018,0.8349,0.8627
2020-09-30,"Grey District","TA",2.1443,1.052,1.0087
2020-09-30,"Hamilton City","TA",1.3252,0.6501,0.9358
2020-09-30,"Hastings District","TA",1.3274,0.6513,0.9462
2020-09-30,"Hauraki District","TA",1.3894,0.6817,0.9489
2020-09-30,"Horowhenua District","TA",1.248,0.6123,0.859
2020-09-30,"Hurunui District","TA",1.8986,0.9315,1.0531
2020-09-30,"Invercargill City","TA",1.4913,0.7317,0.9183
2020-09-30,"Kaikoura District","TA",1.9352,0.9494,1.1609
2020-09-30,"Kaipara District","TA",1.3559,0.6652,0.9047
2020-09-30,"Kapiti Coast District","TA",1.4134,0.6934,0.9502
2020-09-30,"Kawerau District","TA",1.0865,0.533,0.8411
2020-09-30,"Hutt City","TA",1.4052,0.6894,0.9251
2020-09-30,"MacKenzie District","TA",1.2809,0.6284,1.0139
2020-09-30,"Manawatu District","TA",1.3354,0.6552,0.9006
2020-09-30,"Marlborough District","TA",1.6109,0.7903,0.9032
2020-09-30,"Masterton District","TA",1.3542,0.6644,0.8217
2020-09-30,"Matamata Piako District","TA",1.2716,0.6239,0.8795
2020-09-30,"Napier City","TA",1.3599,0.6672,0.9297
2020-09-30,"Nelson City","TA",1.5437,0.7573,1.0614
2020-09-30,"New Plymouth District","TA",1.5713,0.7709,1.0264
2020-09-30,"New Zealand","NZ",1.4308,0.702,1.0268
2020-09-30,"Opotiki District","TA",1.5507,0.7608,0.9267
2020-09-30,"Otorohanga District","TA",1.3504,0.6625,0.8495
2020-09-30,"Palmerston North City","TA",1.3801,0.6771,0.9496
2020-09-30,"Porirua City","TA",1.4217,0.6975,0.9694
2020-09-30,"Queenstown Lakes District","TA",1.5398,0.7554,1.1345
2020-09-30,"Rangitikei District","TA",1.3098,0.6426,0.8319
2020-09-30,"Rotorua District","TA",1.2881,0.632,0.7934
2020-09-30,"Ruapehu District","TA",1.4194,0.6964,0.9046
2020-09-30,"Selwyn District","TA",1.9883,0.9755,1.1877
2020-09-30,"South Taranaki District","TA",1.4865,0.7293,0.8786
2020-09-30,"South Waikato District","TA",1.2081,0.5927,0.7184
2020-09-30,"South Wairarapa District","TA",1.432,0.7025,0.8589
2020-09-30,"Southland District","TA",1.5592,0.765,0.9661
2020-09-30,"Stratford District","TA",1.4241,0.6987,0.8109
2020-09-30,"Tararua District","TA",1.2919,0.6338,0.853
2020-09-30,"Tasman District","TA",1.6339,0.8016,1.052
2020-09-30,"Taupo District","TA",1.5526,0.7617,0.8881
2020-09-30,"Tauranga City","TA",1.5216,0.7465,0.9381
2020-09-30,"Thames Coromandel District","TA",1.5149,0.7432,0.8906
2020-09-30,"Timaru District","TA",1.6897,0.829,0.9962
2020-09-30,"Upper Hutt City","TA",1.4067,0.6902,0.9248
2020-09-30,"Waikato District","TA",1.3949,0.6843,0.9841
2020-09-30,"Waimakariri District","TA",1.8694,0.9171,1.0883
2020-09-30,"Waimate District","TA",1.6204,0.795,0.8581
2020-09-30,"Waipa District","TA",1.267,0.6216,0.9236
2020-09-30,"Wairoa District","TA",1.5181,0.7448,0.7845
2020-09-30,"Waitaki District","TA",1.5046,0.7382,0.959
2020-09-30,"Waitomo District","TA",1.2528,0.6146,0.8297
2020-09-30,"Wellington City","TA",1.4875,0.7298,1.0247
2020-09-30,"Western Bay of Plenty District","TA",1.5598,0.7652,0.9494
2020-09-30,"Westland District","TA",1.9454,0.9544,0.9127
2020-09-30,"Whakatane District","TA",1.493,0.7325,0.9315
2020-09-30,"Whanganui District","TA",1.247,0.6118,0.7782
2020-09-30,"Whangarei District","TA",1.5008,0.7363,0.9184
2020-09-30,"Auckland","Reg",1.3597,0.6671,1.0491
2020-09-30,"Bay of Plenty","Reg",1.4682,0.7203,0.8979
2020-09-30,"Canterbury","Reg",1.8778,0.9213,1.1035
2020-09-30,"Gisborne","Reg",1.3397,0.6573,0.91
2020-09-30,"Hawke's Bay","Reg",1.3549,0.6647,0.932
2020-09-30,"Manawatu-Wanganui","Reg",1.337,0.6559,0.9033
2020-09-30,"Marlborough","Reg",1.6109,0.7903,0.9032
2020-09-30,"Nelson","Reg",1.5437,0.7573,1.0611
2020-09-30,"Northland","Reg",1.5346,0.7529,0.9239
2020-09-30,"Otago","Reg",1.3162,0.6457,1.1301
2020-09-30,"Southland","Reg",1.497,0.7345,0.9073
2020-09-30,"Taranaki","Reg",1.5263,0.7488,0.9853
2020-09-30,"Tasman","Reg",1.6336,0.8014,1.0528
2020-09-30,"Waikato","Reg",1.4119,0.6927,0.9379
2020-09-30,"Wellington","Reg",1.4181,0.6957,1.0001
2020-09-30,"West Coast","Reg",2.0577,1.0095,0.9768
2020-12-31,"Ashburton District","TA",1.8103,0.875,1.054
2020-12-31,"Buller District","TA",1.7378,0.8399,0.9231
2020-12-31,"Carterton District","TA",1.1536,0.5576,0.7946
2020-12-31,"Central Hawkes Bay District","TA",1.2977,0.6272,0.7335
2020-12-31,"Central Otago District","TA",1.3625,0.6585,0.8786
2020-12-31,"Christchurch City","TA",1.7511,0.8463,1.065
2020-12-31,"Clutha District","TA",1.2463,0.6024,0.8651
2020-12-31,"Dunedin City","TA",1.2124,0.5859,1.0201
2020-12-31,"Far North District","TA",1.6137,0.7799,0.9136
2020-12-31,"Gisborne District","TA",1.2443,0.6014,0.8929
2020-12-31,"Gore District","TA",1.532,0.7404,0.8289
2020-12-31,"Grey District","TA",1.9096,0.9229,1.0084
2020-12-31,"Hamilton City","TA",1.2393,0.599,0.9236
2020-12-31,"Hastings District","TA",1.217,0.5882,0.9042
2020-12-31,"Hauraki District","TA",1.3023,0.6294,0.8858
2020-12-31,"Horowhenua District","TA",1.1455,0.5536,0.7866
2020-12-31,"Hurunui District","TA",1.8755,0.9064,1.0081
2020-12-31,"Invercargill City","TA",1.414,0.6834,0.8697
2020-12-31,"Kaikoura District","TA",1.8612,0.8996,1.0939
2020-12-31,"Kaipara District","TA",1.2868,0.6219,0.8653
2020-12-31,"Kapiti Coast District","TA",1.2983,0.6275,0.9342
2020-12-31,"Kawerau District","TA",1.0029,0.4847,0.7775
2020-12-31,"Hutt City","TA",1.2633,0.6106,0.9147
2020-12-31,"MacKenzie District","TA",1.2157,0.5876,1.074
2020-12-31,"Manawatu District","TA",1.2473,0.6028,0.8732
2020-12-31,"Marlborough District","TA",1.504,0.7269,0.8786
2020-12-31,"Masterton District","TA",1.2905,0.6237,0.8584
2020-12-31,"Matamata Piako District","TA",1.2429,0.6007,0.8485
2020-12-31,"Napier City","TA",1.2715,0.6146,0.8968
2020-12-31,"Nelson City","TA",1.4804,0.7155,1.0278
2020-12-31,"New Plymouth District","TA",1.4929,0.7215,0.9768
2020-12-31,"New Zealand","NZ",1.3431,0.6492,1.0008
2020-12-31,"Opotiki District","TA",1.4958,0.723,0.8645
2020-12-31,"Otorohanga District","TA",1.1978,0.5789,0.8344
2020-12-31,"Palmerston North City","TA",1.2763,0.6168,0.9236
2020-12-31,"Porirua City","TA",1.2782,0.6178,0.9378
2020-12-31,"Queenstown Lakes District","TA",1.4144,0.6836,1.1311
2020-12-31,"Rangitikei District","TA",1.1443,0.553,0.7992
2020-12-31,"Rotorua District","TA",1.2604,0.6092,0.7664
2020-12-31,"Ruapehu District","TA",1.2931,0.625,0.8758
2020-12-31,"Selwyn District","TA",1.9228,0.9293,1.2101
2020-12-31,"South Taranaki District","TA",1.3503,0.6526,0.863
2020-12-31,"South Waikato District","TA",1.0393,0.5023,0.7068
2020-12-31,"South Wairarapa District","TA",1.2894,0.6232,0.8929
2020-12-31,"Southland District","TA",1.452,0.7018,0.9501
2020-12-31,"Stratford District","TA",1.36,0.6573,0.8179
2020-12-31,"Tararua District","TA",1.298,0.6273,0.7959
2020-12-31,"Tasman District","TA",1.5496,0.749,1.0179
2020-12-31,"Taupo District","TA",1.4927,0.7214,0.8436
2020-12-31,"Tauranga City","TA",1.4398,0.6959,0.9275
2020-12-31,"Thames Coromandel District","TA",1.4042,0.6787,0.8601
2020-12-31,"Timaru District","TA",1.6306,0.7881,0.9886
2020-12-31,"Upper Hutt City","TA",1.294,0.6254,0.8916
2020-12-31,"Waikato District","TA",1.3234,0.6396,0.9688
2020-12-31,"Waimakariri District","TA",1.7903,0.8653,1.0528
2020-12-31,"Waimate District","TA",1.493,0.7216,0.9003
2020-12-31,"Waipa District","TA",1.2153,0.5874,0.9022
2020-12-31,"Wairoa District","TA",1.4811,0.7159,0.7386
2020-12-31,"Waitaki District","TA",1.4352,0.6937,0.9388
2020-12-31,"Waitomo District","TA",1.2843,0.6207,0.8316
2020-12-31,"Wellington City","TA",1.3485,0.6518,0.952
2020-12-31,"Western Bay of Plenty District","TA",1.474,0.7124,0.9017
2020-12-31,"Westland District","TA",1.849,0.8936,1.022
2020-12-31,"Whakatane District","TA",1.3847,0.6692,0.89
2020-12-31,"Whanganui District","TA",1.1133,0.5381,0.7361
2020-12-31,"Whangarei District","TA",1.4303,0.6913,0.8715
2020-12-31,"Auckland","Reg",1.2807,0.619,1.0354
2020-12-31,"Bay of Plenty","Reg",1.3909,0.6722,0.8767
2020-12-31,"Canterbury","Reg",1.7951,0.8676,1.0869
2020-12-31,"Gisborne","Reg",1.244,0.6013,0.8927
2020-12-31,"Hawke's Bay","Reg",1.2467,0.6025,0.8928
2020-12-31,"Manawatu-Wanganui","Reg",1.2166,0.588,0.8726
2020-12-31,"Marlborough","Reg",1.504,0.7269,0.8786
2020-12-31,"Nelson","Reg",1.4804,0.7155,1.0278
2020-12-31,"Northland","Reg",1.4617,0.7065,0.8856
2020-12-31,"Otago","Reg",1.2435,0.601,1.0782
2020-12-31,"Southland","Reg",1.4401,0.696,0.863
2020-12-31,"Taranaki","Reg",1.4429,0.6974,0.9458
2020-12-31,"Tasman","Reg",1.5493,0.7488,1.0177
2020-12-31,"Waikato","Reg",1.3229,0.6394,0.9218
2020-12-31,"Wellington","Reg",1.3084,0.6324,0.9525
2020-12-31,"West Coast","Reg",1.8651,0.9014,0.9892
2021-03-31,"Ashburton District","TA",1.7392,0.8236,1.0377
2021-03-31,"Buller District","TA",1.5681,0.7426,0.874
2021-03-31,"Carterton District","TA",0.9864,0.4672,0.7689
2021-03-31,"Central Hawkes Bay District","TA",1.2166,0.5762,0.7352
2021-03-31,"Central Otago District","TA",1.2927,0.6122,0.8687
2021-03-31,"Christchurch City","TA",1.6575,0.785,1.0243
2021-03-31,"Clutha District","TA",1.1946,0.5658,0.912
2021-03-31,"Dunedin City","TA",1.1682,0.5533,0.9762
2021-03-31,"Far North District","TA",1.5508,0.7345,0.9079
2021-03-31,"Gisborne District","TA",1.1756,0.5568,0.8789
2021-03-31,"Gore District","TA",1.452,0.6876,0.8168
2021-03-31,"Grey District","TA",1.818,0.861,0.94
2021-03-31,"Hamilton City","TA",1.1714,0.5548,0.9435
2021-03-31,"Hastings District","TA",1.1509,0.5451,0.8901
2021-03-31,"Hauraki District","TA",1.2162,0.576,0.8671
2021-03-31,"Horowhenua District","TA",1.066,0.5048,0.7914
2021-03-31,"Hurunui District","TA",1.7759,0.8411,1.0329
2021-03-31,"Invercargill City","TA",1.3461,0.6375,0.8744
2021-03-31,"Kaikoura District","TA",1.705,0.8075,1.0038
2021-03-31,"Kaipara District","TA",1.1862,0.5618,0.854
2021-03-31,"Kapiti Coast District","TA",1.1831,0.5603,0.9189
2021-03-31,"Kawerau District","TA",0.9588,0.4541,0.7646
2021-03-31,"Hutt City","TA",1.1878,0.5625,0.8991
2021-03-31,"MacKenzie District","TA",1.1912,0.5641,0.9759
2021-03-31,"Manawatu District","TA",1.1539,0.5465,0.844
2021-03-31,"Marlborough District","TA",1.3853,0.6561,0.8794
2021-03-31,"Masterton District","TA",1.1715,0.5548,0.8041
2021-03-31,"Matamata Piako District","TA",1.1655,0.552,0.8452
2021-03-31,"Napier City","TA",1.1518,0.5455,0.8902
2021-03-31,"Nelson City","TA",1.4512,0.6873,1.0042
2021-03-31,"New Plymouth District","TA",1.4207,0.6728,0.9696
2021-03-31,"New Zealand","NZ",1.2726,0.6027,0.9923
2021-03-31,"Opotiki District","TA",1.328,0.6289,0.8093
2021-03-31,"Otorohanga District","TA",1.1947,0.5658,0.8218
2021-03-31,"Palmerston North City","TA",1.1869,0.5621,0.9216
2021-03-31,"Porirua City","TA",1.2115,0.5737,0.9144
2021-03-31,"Queenstown Lakes District","TA",1.3251,0.6276,1.0804
2021-03-31,"Rangitikei District","TA",1.0645,0.5041,0.7691
2021-03-31,"Rotorua District","TA",1.2117,0.5739,0.7757
2021-03-31,"Ruapehu District","TA",1.2277,0.5814,0.7658
2021-03-31,"Selwyn District","TA",1.8143,0.8592,1.234
2021-03-31,"South Taranaki District","TA",1.3064,0.6187,0.8819
2021-03-31,"South Waikato District","TA",0.9895,0.4686,0.6782
2021-03-31,"South Wairarapa District","TA",1.1961,0.5665,0.8764
2021-03-31,"Southland District","TA",1.4007,0.6633,0.9676
2021-03-31,"Stratford District","TA",1.2103,0.5732,0.7864
2021-03-31,"Tararua District","TA",1.0215,0.4838,0.8002
2021-03-31,"Tasman District","TA",1.4724,0.6973,1.0036
2021-03-31,"Taupo District","TA",1.353,0.6407,0.8663
2021-03-31,"Tauranga City","TA",1.3388,0.634,0.9086
2021-03-31,"Thames Coromandel District","TA",1.319,0.6246,0.8685
2021-03-31,"Timaru District","TA",1.6158,0.7652,0.9905
2021-03-31,"Upper Hutt City","TA",1.1994,0.568,0.8725
2021-03-31,"Waikato District","TA",1.3261,0.628,0.904
2021-03-31,"Waimakariri District","TA",1.7144,0.8119,1.0701
2021-03-31,"Waimate District","TA",1.4554,0.6892,0.8589
2021-03-31,"Waipa District","TA",1.1606,0.5496,0.8842
2021-03-31,"Wairoa District","TA",1.2602,0.5968,0.6972
2021-03-31,"Waitaki District","TA",1.3998,0.6629,0.9556
2021-03-31,"Waitomo District","TA",1.1576,0.5482,0.8913
2021-03-31,"Wellington City","TA",1.2591,0.5963,0.9384
2021-03-31,"Western Bay of Plenty District","TA",1.4399,0.6819,0.9183
2021-03-31,"Westland District","TA",1.7761,0.8411,0.8974
2021-03-31,"Whakatane District","TA",1.2544,0.5941,0.8858
2021-03-31,"Whanganui District","TA",1.0524,0.4984,0.7107
2021-03-31,"Whangarei District","TA",1.3434,0.6362,0.8679
2021-03-31,"Auckland","Reg",1.2211,0.5783,1.0361
2021-03-31,"Bay of Plenty","Reg",1.2928,0.6123,0.8675
2021-03-31,"Canterbury","Reg",1.7072,0.8085,1.0534
2021-03-31,"Gisborne","Reg",1.1756,0.5568,0.8789
2021-03-31,"Hawke's Bay","Reg",1.1603,0.5495,0.8812
2021-03-31,"Manawatu-Wanganui","Reg",1.1379,0.5389,0.8615
2021-03-31,"Marlborough","Reg",1.3853,0.6561,0.8794
2021-03-31,"Nelson","Reg",1.4512,0.6873,1.0037
2021-03-31,"Northland","Reg",1.4019,0.6639,0.8806
2021-03-31,"Otago","Reg",1.1846,0.561,0.9817
2021-03-31,"Southland","Reg",1.3652,0.6465,0.8678
2021-03-31,"Taranaki","Reg",1.3579,0.6431,0.9448
2021-03-31,"Tasman","Reg",1.4719,0.6971,1.0041
2021-03-31,"Waikato","Reg",1.2477,0.5909,0.9353
2021-03-31,"Wellington","Reg",1.2244,0.5798,0.9404
2021-03-31,"West Coast","Reg",1.7439,0.8259,0.9147
2021-06-30,"Ashburton District","TA",1.7348,0.8111,1.0366
2021-06-30,"Buller District","TA",1.6032,0.7495,0.8829
2021-06-30,"Carterton District","TA",1.0084,0.4714,0.7537
2021-06-30,"Central Hawkes Bay District","TA",1.193,0.5577,0.7281
2021-06-30,"Central Otago District","TA",1.3065,0.6108,0.9103
2021-06-30,"Christchurch City","TA",1.6464,0.7697,1.0733
2021-06-30,"Clutha District","TA",1.1698,0.5469,0.8108
2021-06-30,"Dunedin City","TA",1.192,0.5573,1.0444
2021-06-30,"Far North District","TA",1.4986,0.7006,0.896
2021-06-30,"Gisborne District","TA",1.2021,0.562,0.8732
2021-06-30,"Gore District","TA",1.4891,0.6962,0.8202
2021-06-30,"Grey District","TA",1.6783,0.7846,0.9944
2021-06-30,"Hamilton City","TA",1.166,0.5451,0.9483
2021-06-30,"Hastings District","TA",1.1475,0.5365,0.8827
2021-06-30,"Hauraki District","TA",1.1628,0.5436,0.8393
2021-06-30,"Horowhenua District","TA",1.0116,0.473,0.7832
2021-06-30,"Hurunui District","TA",1.7552,0.8206,0.9936
2021-06-30,"Invercargill City","TA",1.3821,0.6461,0.8701
2021-06-30,"Kaikoura District","TA",1.6405,0.7669,1.1388
2021-06-30,"Kaipara District","TA",1.1764,0.55,0.8298
2021-06-30,"Kapiti Coast District","TA",1.2105,0.5659,0.925
2021-06-30,"Kawerau District","TA",0.9603,0.4489,0.8136
2021-06-30,"Hutt City","TA",1.1774,0.5504,0.904
2021-06-30,"MacKenzie District","TA",1.2131,0.5671,1.1527
2021-06-30,"Manawatu District","TA",1.1329,0.5296,0.8128
2021-06-30,"Marlborough District","TA",1.4345,0.6707,0.867
2021-06-30,"Masterton District","TA",1.1768,0.5502,0.7974
2021-06-30,"Matamata Piako District","TA",1.1393,0.5326,0.833
2021-06-30,"Napier City","TA",1.1806,0.5519,0.8877
2021-06-30,"Nelson City","TA",1.4331,0.67,1.038
2021-06-30,"New Plymouth District","TA",1.4102,0.6593,0.9942
2021-06-30,"New Zealand","NZ",1.2773,0.5971,1.0221
2021-06-30,"Opotiki District","TA",1.3044,0.6098,0.7919
2021-06-30,"Otorohanga District","TA",1.1774,0.5505,0.8274
2021-06-30,"Palmerston North City","TA",1.1635,0.5439,0.9136
2021-06-30,"Porirua City","TA",1.2139,0.5675,0.9407
2021-06-30,"Queenstown Lakes District","TA",1.3501,0.6312,1.1283
2021-06-30,"Rangitikei District","TA",1.0316,0.4823,0.7515
2021-06-30,"Rotorua District","TA",1.2704,0.5939,0.7889
2021-06-30,"Ruapehu District","TA",1.1735,0.5486,0.8123
2021-06-30,"Selwyn District","TA",1.7287,0.8082,1.2268
2021-06-30,"South Taranaki District","TA",1.2659,0.5918,0.8456
2021-06-30,"South Waikato District","TA",0.9993,0.4672,0.707
2021-06-30,"South Wairarapa District","TA",1.1923,0.5574,0.8986
2021-06-30,"Southland District","TA",1.393,0.6512,0.9549
2021-06-30,"Stratford District","TA",1.2129,0.5671,0.8171
2021-06-30,"Tararua District","TA",0.9806,0.4584,0.727
2021-06-30,"Tasman District","TA",1.4571,0.6812,1.0208
2021-06-30,"Taupo District","TA",1.32,0.6171,0.8589
2021-06-30,"Tauranga City","TA",1.3109,0.6128,0.9216
2021-06-30,"Thames Coromandel District","TA",1.2759,0.5965,0.8386
2021-06-30,"Timaru District","TA",1.623,0.7588,0.9765
2021-06-30,"Upper Hutt City","TA",1.1857,0.5543,0.8854
2021-06-30,"Waikato District","TA",1.2575,0.5879,0.9237
2021-06-30,"Waimakariri District","TA",1.6627,0.7773,1.0901
2021-06-30,"Waimate District","TA",1.4329,0.6699,0.8193
2021-06-30,"Waipa District","TA",1.1544,0.5397,0.9163
2021-06-30,"Wairoa District","TA",1.3861,0.648,0.8076
2021-06-30,"Waitaki District","TA",1.448,0.6769,0.9299
2021-06-30,"Waitomo District","TA",1.1209,0.524,0.866
2021-06-30,"Wellington City","TA",1.2277,0.574,0.9864
2021-06-30,"Western Bay of Plenty District","TA",1.3795,0.6449,0.9332
2021-06-30,"Westland District","TA",1.7985,0.8408,0.9756
2021-06-30,"Whakatane District","TA",1.3118,0.6133,0.8717
2021-06-30,"Whanganui District","TA",1.0143,0.4742,0.718
2021-06-30,"Whangarei District","TA",1.3804,0.6454,0.8597
2021-06-30,"Auckland","Reg",1.24,0.5797,1.0645
2021-06-30,"Bay of Plenty","Reg",1.2672,0.5924,0.8782
2021-06-30,"Canterbury","Reg",1.685,0.7878,1.0948
2021-06-30,"Gisborne","Reg",1.2021,0.562,0.8732
2021-06-30,"Hawke's Bay","Reg",1.1791,0.5512,0.8777
2021-06-30,"Manawatu-Wanganui","Reg",1.0991,0.5139,0.8462
2021-06-30,"Marlborough","Reg",1.4345,0.6707,0.867
2021-06-30,"Nelson","Reg",1.4331,0.67,1.0376
2021-06-30,"Northland","Reg",1.3915,0.6505,0.868
2021-06-30,"Otago","Reg",1.1946,0.5585,1.112
2021-06-30,"Southland","Reg",1.3957,0.6525,0.8619
2021-06-30,"Taranaki","Reg",1.3553,0.6336,0.9571
2021-06-30,"Tasman","Reg",1.4568,0.6811,1.0212
2021-06-30,"Waikato","Reg",1.2173,0.5691,0.9362
2021-06-30,"Wellington","Reg",1.2173,0.5691,0.9704
2021-06-30,"West Coast","Reg",1.7045,0.7968,0.9596
2021-09-30,"Ashburton District","TA",1.4589,0.7823,1.0208
2021-09-30,"Buller District","TA",1.3032,0.6988,0.8571
2021-09-30,"Carterton District","TA",0.8311,0.4456,0.7613
2021-09-30,"Central Hawkes Bay District","TA",0.9818,0.5264,0.7227
2021-09-30,"Central Otago District","TA",1.1332,0.6076,0.892
2021-09-30,"Christchurch City","TA",1.3018,0.698,1.0674
2021-09-30,"Clutha District","TA",0.9666,0.5183,0.7886
2021-09-30,"Dunedin City","TA",1.0015,0.537,1.0642
2021-09-30,"Far North District","TA",1.26,0.6756,0.8861
2021-09-30,"Gisborne District","TA",1.0128,0.5431,0.8483
2021-09-30,"Gore District","TA",1.2548,0.6728,0.7609
2021-09-30,"Grey District","TA",1.4396,0.7719,0.9518
2021-09-30,"Hamilton City","TA",0.9685,0.5193,0.9436
2021-09-30,"Hastings District","TA",0.9412,0.5047,0.8993
2021-09-30,"Hauraki District","TA",1.0338,0.5544,0.8371
2021-09-30,"Horowhenua District","TA",0.8592,0.4607,0.7721
2021-09-30,"Hurunui District","TA",1.4024,0.752,0.8899
2021-09-30,"Invercargill City","TA",1.1471,0.6151,0.8454
2021-09-30,"Kaikoura District","TA",1.4319,0.7678,1.0684
2021-09-30,"Kaipara District","TA",0.9939,0.5329,0.8493
2021-09-30,"Kapiti Coast District","TA",1.0245,0.5493,0.925
2021-09-30,"Kawerau District","TA",0.8364,0.4485,0.766
2021-09-30,"Hutt City","TA",0.9872,0.5293,0.9146
2021-09-30,"MacKenzie District","TA",1.0946,0.5869,1.3162
2021-09-30,"Manawatu District","TA",0.9554,0.5123,0.8286
2021-09-30,"Marlborough District","TA",1.2131,0.6505,0.8673
2021-09-30,"Masterton District","TA",0.9844,0.5278,0.799
2021-09-30,"Matamata Piako District","TA",0.9565,0.5129,0.8483
2021-09-30,"Napier City","TA",0.9801,0.5255,0.8967
2021-09-30,"Nelson City","TA",1.1811,0.6333,1.04
2021-09-30,"New Plymouth District","TA",1.1942,0.6403,0.9714
2021-09-30,"New Zealand","NZ",1.065,0.5711,1.016
2021-09-30,"Opotiki District","TA",1.1486,0.6159,0.8335
2021-09-30,"Otorohanga District","TA",0.9776,0.5242,0.8061
2021-09-30,"Palmerston North City","TA",0.9882,0.5299,0.9031
2021-09-30,"Porirua City","TA",1.0069,0.5399,0.9211
2021-09-30,"Queenstown Lakes District","TA",1.0843,0.5814,1.0537
2021-09-30,"Rangitikei District","TA",0.8629,0.4627,0.7073
2021-09-30,"Rotorua District","TA",1.0032,0.5379,0.7584
2021-09-30,"Ruapehu District","TA",1.0221,0.548,0.8016
2021-09-30,"Selwyn District","TA",1.3519,0.7249,1.2464
2021-09-30,"South Taranaki District","TA",1.087,0.5829,0.8108
2021-09-30,"South Waikato District","TA",0.84,0.4504,0.6591
2021-09-30,"South Wairarapa District","TA",0.9816,0.5263,0.8876
2021-09-30,"Southland District","TA",1.1846,0.6352,0.9772
2021-09-30,"Stratford District","TA",1.0177,0.5457,0.8098
2021-09-30,"Tararua District","TA",0.8076,0.433,0.7385
2021-09-30,"Tasman District","TA",1.2432,0.6666,1.0226
2021-09-30,"Taupo District","TA",1.1034,0.5916,0.84
2021-09-30,"Tauranga City","TA",1.0801,0.5791,0.9222
2021-09-30,"Thames Coromandel District","TA",1.1129,0.5967,0.8234
2021-09-30,"Timaru District","TA",1.3549,0.7265,0.9778
2021-09-30,"Upper Hutt City","TA",0.9961,0.5341,0.8777
2021-09-30,"Waikato District","TA",1.0725,0.5751,0.919
2021-09-30,"Waimakariri District","TA",1.3102,0.7026,1.0629
2021-09-30,"Waimate District","TA",1.1508,0.6171,0.8656
2021-09-30,"Waipa District","TA",0.9833,0.5272,0.8999
2021-09-30,"Wairoa District","TA",1.1511,0.6172,0.719
2021-09-30,"Waitaki District","TA",1.1868,0.6363,0.9579
2021-09-30,"Waitomo District","TA",0.9375,0.5027,0.9014
2021-09-30,"Wellington City","TA",1.0512,0.5636,0.9908
2021-09-30,"Western Bay of Plenty District","TA",1.0824,0.5804,0.8986
2021-09-30,"Westland District","TA",1.4587,0.7822,1.0099
2021-09-30,"Whakatane District","TA",1.0514,0.5638,0.8819
2021-09-30,"Whanganui District","TA",0.8691,0.466,0.7166
2021-09-30,"Whangarei District","TA",1.1323,0.6072,0.8468
2021-09-30,"Auckland","Reg",1.0318,0.5533,1.0683
2021-09-30,"Bay of Plenty","Reg",1.0406,0.558,0.8681
2021-09-30,"Canterbury","Reg",1.3424,0.7198,1.0885
2021-09-30,"Gisborne","Reg",1.0128,0.5431,0.8483
2021-09-30,"Hawke's Bay","Reg",0.9713,0.5208,0.8869
2021-09-30,"Manawatu-Wanganui","Reg",0.9304,0.4989,0.8414
2021-09-30,"Marlborough","Reg",1.2131,0.6505,0.8673
2021-09-30,"Nelson","Reg",1.1811,0.6333,1.0399
2021-09-30,"Northland","Reg",1.1533,0.6184,0.8597
2021-09-30,"Otago","Reg",0.9885,0.53,1.065
2021-09-30,"Southland","Reg",1.1691,0.6269,0.8385
2021-09-30,"Taranaki","Reg",1.1421,0.6124,0.9328
2021-09-30,"Tasman","Reg",1.2427,0.6664,1.0222
2021-09-30,"Waikato","Reg",1.0221,0.548,0.9317
2021-09-30,"Wellington","Reg",1.0283,0.5514,0.9735
2021-09-30,"West Coast","Reg",1.4154,0.7589,0.9569
2021-12-31,"Ashburton District","TA",0.9896,0.7298,1.047
2021-12-31,"Buller District","TA",0.8841,0.652,0.8333
2021-12-31,"Carterton District","TA",0.621,0.458,0.759
2021-12-31,"Central Hawkes Bay District","TA",0.7161,0.5281,0.6941
2021-12-31,"Central Otago District","TA",0.7519,0.5545,0.8814
2021-12-31,"Christchurch City","TA",0.8874,0.6544,1.0323
2021-12-31,"Clutha District","TA",0.6682,0.4927,0.7929
2021-12-31,"Dunedin City","TA",0.725,0.5347,1.0257
2021-12-31,"Far North District","TA",0.851,0.6276,0.8713
2021-12-31,"Gisborne District","TA",0.7345,0.5416,0.8342
2021-12-31,"Gore District","TA",0.8776,0.6472,0.778
2021-12-31,"Grey District","TA",1.0322,0.7611,0.9475
2021-12-31,"Hamilton City","TA",0.6929,0.511,0.946
2021-12-31,"Hastings District","TA",0.6576,0.4849,0.9122
2021-12-31,"Hauraki District","TA",0.69,0.5088,0.8646
2021-12-31,"Horowhenua District","TA",0.6112,0.4507,0.7511
2021-12-31,"Hurunui District","TA",0.9222,0.6801,0.9498
2021-12-31,"Invercargill City","TA",0.8069,0.595,0.8493
2021-12-31,"Kaikoura District","TA",1.0108,0.7454,1.0296
2021-12-31,"Kaipara District","TA",0.6362,0.4692,0.8619
2021-12-31,"Kapiti Coast District","TA",0.7161,0.5281,0.9087
2021-12-31,"Kawerau District","TA",0.6195,0.4568,0.8712
2021-12-31,"Hutt City","TA",0.7116,0.5248,0.9089
2021-12-31,"MacKenzie District","TA",0.7396,0.5454,1.1551
2021-12-31,"Manawatu District","TA",0.6756,0.4982,0.8223
2021-12-31,"Marlborough District","TA",0.8555,0.6308,0.8751
2021-12-31,"Masterton District","TA",0.6973,0.5142,0.7984
2021-12-31,"Matamata Piako District","TA",0.6877,0.5072,0.8152
2021-12-31,"Napier City","TA",0.7018,0.5175,0.9002
2021-12-31,"Nelson City","TA",0.8506,0.6273,1.022
2021-12-31,"New Plymouth District","TA",0.801,0.5907,0.9521
2021-12-31,"New Zealand","NZ",0.7439,0.5486,1.0101
2021-12-31,"Opotiki District","TA",0.8379,0.6179,0.7398
2021-12-31,"Otorohanga District","TA",0.6642,0.4898,0.8106
2021-12-31,"Palmerston North City","TA",0.7117,0.5248,0.8924
2021-12-31,"Porirua City","TA",0.7168,0.5286,0.9162
2021-12-31,"Queenstown Lakes District","TA",0.7842,0.5783,1.0575
2021-12-31,"Rangitikei District","TA",0.5826,0.4297,0.725
2021-12-31,"Rotorua District","TA",0.7354,0.5423,0.7788
2021-12-31,"Ruapehu District","TA",0.6772,0.4994,0.7868
2021-12-31,"Selwyn District","TA",0.926,0.6829,1.1983
2021-12-31,"South Taranaki District","TA",0.7521,0.5546,0.7973
2021-12-31,"South Waikato District","TA",0.5615,0.4141,0.6765
2021-12-31,"South Wairarapa District","TA",0.7044,0.5194,0.8227
2021-12-31,"Southland District","TA",0.8398,0.6193,0.934
2021-12-31,"Stratford District","TA",0.7191,0.5303,0.7319
2021-12-31,"Tararua District","TA",0.6022,0.4441,0.7566
2021-12-31,"Tasman District","TA",0.8618,0.6355,1.004
2021-12-31,"Taupo District","TA",0.7738,0.5706,0.834
2021-12-31,"Tauranga City","TA",0.7632,0.5628,0.9171
2021-12-31,"Thames Coromandel District","TA",0.6989,0.5154,0.8314
2021-12-31,"Timaru District","TA",0.9439,0.6961,0.9157
2021-12-31,"Upper Hutt City","TA",0.6881,0.5074,0.8572
2021-12-31,"Waikato District","TA",0.6377,0.4702,0.9319
2021-12-31,"Waimakariri District","TA",0.8678,0.64,1.0463
2021-12-31,"Waimate District","TA",0.7994,0.5895,0.8489
2021-12-31,"Waipa District","TA",0.6507,0.4798,0.9046
2021-12-31,"Wairoa District","TA",0.6814,0.5025,0.6994
2021-12-31,"Waitaki District","TA",0.8254,0.6087,0.9367
2021-12-31,"Waitomo District","TA",0.666,0.4911,0.8501
2021-12-31,"Wellington City","TA",0.7504,0.5534,0.9616
2021-12-31,"Western Bay of Plenty District","TA",0.7499,0.553,0.8991
2021-12-31,"Westland District","TA",0.9914,0.7311,1.0141
2021-12-31,"Whakatane District","TA",0.7327,0.5404,0.8749
2021-12-31,"Whanganui District","TA",0.6126,0.4517,0.7016
2021-12-31,"Whangarei District","TA",0.7748,0.5714,0.8403
2021-12-31,"Auckland","Reg",0.7165,0.5284,1.0641
2021-12-31,"Bay of Plenty","Reg",0.7315,0.5394,0.8708
2021-12-31,"Canterbury","Reg",0.9131,0.6733,1.0547
2021-12-31,"Gisborne","Reg",0.7345,0.5416,0.8342
2021-12-31,"Hawke's Bay","Reg",0.6831,0.5037,0.8938
2021-12-31,"Manawatu-Wanganui","Reg",0.6599,0.4866,0.8363
2021-12-31,"Marlborough","Reg",0.8555,0.6308,0.8751
2021-12-31,"Nelson","Reg",0.8506,0.6273,1.0216
2021-12-31,"Northland","Reg",0.776,0.5723,0.8527
2021-12-31,"Otago","Reg",0.7062,0.5208,1.0475
2021-12-31,"Southland","Reg",0.8195,0.6043,0.8393
2021-12-31,"Taranaki","Reg",0.7765,0.5726,0.9132
2021-12-31,"Tasman","Reg",0.8615,0.6353,1.0042
2021-12-31,"Waikato","Reg",0.7078,0.5219,0.933
2021-12-31,"Wellington","Reg",0.7126,0.5255,0.9582
2021-12-31,"West Coast","Reg",0.9912,0.7309,0.9359
2022-03-31,"Ashburton District","TA",0.8959,0.7119,1.0276
2022-03-31,"Buller District","TA",0.8137,0.6466,0.8373
2022-03-31,"Carterton District","TA",0.5533,0.4396,0.699
2022-03-31,"Central Hawkes Bay District","TA",0.6205,0.493,0.6972
2022-03-31,"Central Otago District","TA",0.7069,0.5617,0.8938
2022-03-31,"Christchurch City","TA",0.833,0.6619,1.0182
2022-03-31,"Clutha District","TA",0.6131,0.4872,0.8237
2022-03-31,"Dunedin City","TA",0.698,0.5546,0.9616
2022-03-31,"Far North District","TA",0.7852,0.6239,0.8812
2022-03-31,"Gisborne District","TA",0.6675,0.5304,0.8359
2022-03-31,"Gore District","TA",0.795,0.6317,0.8122
2022-03-31,"Grey District","TA",0.891,0.708,0.9243
2022-03-31,"Hamilton City","TA",0.6758,0.537,0.9636
2022-03-31,"Hastings District","TA",0.6293,0.5,0.9051
2022-03-31,"Hauraki District","TA",0.6553,0.5207,0.882
2022-03-31,"Horowhenua District","TA",0.595,0.4728,0.7547
2022-03-31,"Hurunui District","TA",0.8549,0.6793,0.9314
2022-03-31,"Invercargill City","TA",0.7614,0.605,0.858
2022-03-31,"Kaikoura District","TA",0.8234,0.6543,0.9318
2022-03-31,"Kaipara District","TA",0.6043,0.4802,0.8251
2022-03-31,"Kapiti Coast District","TA",0.7027,0.5583,0.9085
2022-03-31,"Kawerau District","TA",0.5452,0.4332,0.8517
2022-03-31,"Hutt City","TA",0.7217,0.5735,0.9226
2022-03-31,"MacKenzie District","TA",0.7121,0.5658,1.0696
2022-03-31,"Manawatu District","TA",0.6556,0.521,0.8112
2022-03-31,"Marlborough District","TA",0.7842,0.6231,0.8777
2022-03-31,"Masterton District","TA",0.6502,0.5167,0.79
2022-03-31,"Matamata Piako District","TA",0.6261,0.4975,0.8419
2022-03-31,"Napier City","TA",0.6743,0.5358,0.8936
2022-03-31,"Nelson City","TA",0.7948,0.6315,1.0177
2022-03-31,"New Plymouth District","TA",0.7569,0.6014,0.9446
2022-03-31,"New Zealand","NZ",0.7144,0.5677,1.0081
2022-03-31,"Opotiki District","TA",0.7828,0.622,0.8283
2022-03-31,"Otorohanga District","TA",0.6759,0.5371,0.7829
2022-03-31,"Palmerston North City","TA",0.6902,0.5484,0.909
2022-03-31,"Porirua City","TA",0.7069,0.5617,0.9037
2022-03-31,"Queenstown Lakes District","TA",0.7416,0.5893,1.0754
2022-03-31,"Rangitikei District","TA",0.5572,0.4428,0.704
2022-03-31,"Rotorua District","TA",0.7033,0.5588,0.7589
2022-03-31,"Ruapehu District","TA",0.6415,0.5097,0.7133
2022-03-31,"Selwyn District","TA",0.8452,0.6715,1.2195
2022-03-31,"South Taranaki District","TA",0.7,0.5562,0.8046
2022-03-31,"South Waikato District","TA",0.5238,0.4162,0.662
2022-03-31,"South Wairarapa District","TA",0.6384,0.5073,0.8607
2022-03-31,"Southland District","TA",0.7597,0.6037,0.9466
2022-03-31,"Stratford District","TA",0.6463,0.5135,0.731
2022-03-31,"Tararua District","TA",0.5655,0.4494,0.7429
2022-03-31,"Tasman District","TA",0.8048,0.6395,1.0186
2022-03-31,"Taupo District","TA",0.6971,0.5539,0.8332
2022-03-31,"Tauranga City","TA",0.7262,0.577,0.9224
2022-03-31,"Thames Coromandel District","TA",0.6473,0.5144,0.8511
2022-03-31,"Timaru District","TA",0.8538,0.6784,0.9217
2022-03-31,"Upper Hutt City","TA",0.7037,0.5591,0.8607
2022-03-31,"Waikato District","TA",0.6169,0.4902,0.9751
2022-03-31,"Waimakariri District","TA",0.8013,0.6367,1.0262
2022-03-31,"Waimate District","TA",0.7317,0.5814,0.8656
2022-03-31,"Waipa District","TA",0.6208,0.4933,0.8981
2022-03-31,"Wairoa District","TA",0.7076,0.5622,0.7539
2022-03-31,"Waitaki District","TA",0.7513,0.597,0.9007
2022-03-31,"Waitomo District","TA",0.5902,0.469,0.7844
2022-03-31,"Wellington City","TA",0.7409,0.5887,0.945
2022-03-31,"Western Bay of Plenty District","TA",0.6952,0.5524,0.9092
2022-03-31,"Westland District","TA",0.8949,0.7111,0.9477
2022-03-31,"Whakatane District","TA",0.694,0.5514,0.8605
2022-03-31,"Whanganui District","TA",0.5818,0.4623,0.7169
2022-03-31,"Whangarei District","TA",0.7136,0.567,0.8489
2022-03-31,"Auckland","Reg",0.6889,0.5474,1.076
2022-03-31,"Bay of Plenty","Reg",0.6912,0.5492,0.8685
2022-03-31,"Canterbury","Reg",0.8553,0.6796,1.0412
2022-03-31,"Gisborne","Reg",0.6675,0.5304,0.8359
2022-03-31,"Hawke's Bay","Reg",0.6529,0.5188,0.89
2022-03-31,"Manawatu-Wanganui","Reg",0.6457,0.5131,0.843
2022-03-31,"Marlborough","Reg",0.7842,0.6231,0.8777
2022-03-31,"Nelson","Reg",0.7948,0.6315,1.0175
2022-03-31,"Northland","Reg",0.7211,0.573,0.8578
2022-03-31,"Otago","Reg",0.672,0.534,0.9708
2022-03-31,"Southland","Reg",0.7434,0.5907,0.8497
2022-03-31,"Taranaki","Reg",0.7367,0.5854,0.9082
2022-03-31,"Tasman","Reg",0.8046,0.6393,1.0186
2022-03-31,"Waikato","Reg",0.6741,0.5357,0.9532
2022-03-31,"Wellington","Reg",0.7186,0.571,0.9548
2022-03-31,"West Coast","Reg",0.8894,0.7067,0.9085
2022-06-30,"Ashburton District","TA",0.7563,0.7246,1.0157
2022-06-30,"Buller District","TA",0.6929,0.6639,0.8144
2022-06-30,"Carterton District","TA",0.5119,0.4905,0.7432
2022-06-30,"Central Hawkes Bay District","TA",0.5432,0.5205,0.6409
2022-06-30,"Central Otago District","TA",0.5886,0.564,0.8982
2022-06-30,"Christchurch City","TA",0.7119,0.6821,1.0295
2022-06-30,"Clutha District","TA",0.5779,0.5537,0.8439
2022-06-30,"Dunedin City","TA",0.6255,0.5993,1.0635
2022-06-30,"Far North District","TA",0.683,0.6544,0.8513
2022-06-30,"Gisborne District","TA",0.5671,0.5434,0.8323
2022-06-30,"Gore District","TA",0.6751,0.6468,0.7803
2022-06-30,"Grey District","TA",0.7952,0.7619,0.9648
2022-06-30,"Hamilton City","TA",0.5816,0.5573,0.9602
2022-06-30,"Hastings District","TA",0.5739,0.5499,0.9024
2022-06-30,"Hauraki District","TA",0.5651,0.5414,0.8727
2022-06-30,"Horowhenua District","TA",0.5193,0.4975,0.7603
2022-06-30,"Hurunui District","TA",0.7037,0.6742,0.9575
2022-06-30,"Invercargill City","TA",0.6708,0.6427,0.8569
2022-06-30,"Kaikoura District","TA",0.7055,0.6759,0.9524
2022-06-30,"Kaipara District","TA",0.5324,0.5101,0.8592
2022-06-30,"Kapiti Coast District","TA",0.6264,0.6002,0.9295
2022-06-30,"Kawerau District","TA",0.4736,0.4538,0.8189
2022-06-30,"Hutt City","TA",0.6526,0.6252,0.9307
2022-06-30,"MacKenzie District","TA",0.568,0.5442,0.916
2022-06-30,"Manawatu District","TA",0.5709,0.547,0.8329
2022-06-30,"Marlborough District","TA",0.6886,0.6597,0.8755
2022-06-30,"Masterton District","TA",0.5896,0.5649,0.7989
2022-06-30,"Matamata Piako District","TA",0.5255,0.5035,0.8506
2022-06-30,"Napier City","TA",0.6102,0.5847,0.8936
2022-06-30,"Nelson City","TA",0.7065,0.6769,1.0341
2022-06-30,"New Plymouth District","TA",0.6491,0.6219,0.9609
2022-06-30,"New Zealand","NZ",0.6292,0.6028,1.0326
2022-06-30,"Opotiki District","TA",0.6456,0.6185,0.8588
2022-06-30,"Otorohanga District","TA",0.59,0.5653,0.813
2022-06-30,"Palmerston North City","TA",0.6138,0.5881,0.887
2022-06-30,"Porirua City","TA",0.6474,0.6203,0.9248
2022-06-30,"Queenstown Lakes District","TA",0.6141,0.5884,1.0134
2022-06-30,"Rangitikei District","TA",0.4843,0.464,0.6591
2022-06-30,"Rotorua District","TA",0.6144,0.5887,0.7846
2022-06-30,"Ruapehu District","TA",0.5713,0.5474,0.845
2022-06-30,"Selwyn District","TA",0.7349,0.7041,1.153
2022-06-30,"South Taranaki District","TA",0.5694,0.5456,0.8065
2022-06-30,"South Waikato District","TA",0.4569,0.4377,0.6875
2022-06-30,"South Wairarapa District","TA",0.5664,0.5427,0.9133
2022-06-30,"Southland District","TA",0.6493,0.6221,0.9201
2022-06-30,"Stratford District","TA",0.5784,0.5542,0.7481
2022-06-30,"Tararua District","TA",0.5023,0.4813,0.7458
2022-06-30,"Tasman District","TA",0.7151,0.6852,1.0336
2022-06-30,"Taupo District","TA",0.5844,0.5599,0.8588
2022-06-30,"Tauranga City","TA",0.647,0.6199,0.9277
2022-06-30,"Thames Coromandel District","TA",0.5771,0.5529,0.8288
2022-06-30,"Timaru District","TA",0.726,0.6956,0.931
2022-06-30,"Upper Hutt City","TA",0.6423,0.6154,0.8545
2022-06-30,"Waikato District","TA",0.5416,0.5189,0.9571
2022-06-30,"Waimakariri District","TA",0.695,0.6659,1.0083
2022-06-30,"Waimate District","TA",0.6236,0.5975,0.7968
2022-06-30,"Waipa District","TA",0.5306,0.5083,0.9058
2022-06-30,"Wairoa District","TA",0.6159,0.5901,0.6661
2022-06-30,"Waitaki District","TA",0.6502,0.623,0.8555
2022-06-30,"Waitomo District","TA",0.5467,0.5238,0.8372
2022-06-30,"Wellington City","TA",0.6727,0.6445,1.0157
2022-06-30,"Western Bay of Plenty District","TA",0.6022,0.577,0.8995
2022-06-30,"Westland District","TA",0.7807,0.748,0.9179
2022-06-30,"Whakatane District","TA",0.6052,0.5798,0.8672
2022-06-30,"Whanganui District","TA",0.506,0.4848,0.6978
2022-06-30,"Whangarei District","TA",0.6308,0.6044,0.8445
2022-06-30,"Auckland","Reg",0.6097,0.5842,1.0957
2022-06-30,"Bay of Plenty","Reg",0.6216,0.5956,0.8789
2022-06-30,"Canterbury","Reg",0.7336,0.7029,1.0457
2022-06-30,"Gisborne","Reg",0.5671,0.5434,0.8323
2022-06-30,"Hawke's Bay","Reg",0.5957,0.5707,0.8832
2022-06-30,"Manawatu-Wanganui","Reg",0.5657,0.542,0.8299
2022-06-30,"Marlborough","Reg",0.6886,0.6597,0.8756
2022-06-30,"Nelson","Reg",0.7065,0.6769,1.0336
2022-06-30,"Northland","Reg",0.6423,0.6154,0.8515
2022-06-30,"Otago","Reg",0.5708,0.5469,1.0563
2022-06-30,"Southland","Reg",0.6575,0.63,0.8419
2022-06-30,"Taranaki","Reg",0.6297,0.6033,0.9227
2022-06-30,"Tasman","Reg",0.715,0.6851,1.0344
2022-06-30,"Waikato","Reg",0.5903,0.5655,0.9481
2022-06-30,"Wellington","Reg",0.6302,0.6038,0.9984
2022-06-30,"West Coast","Reg",0.7534,0.7219,0.9144
2022-09-30,"Ashburton District","TA",0.7444,0.7386,0.9999
2022-09-30,"Buller District","TA",0.6759,0.6706,0.8383
2022-09-30,"Carterton District","TA",0.5377,0.5335,0.7508
2022-09-30,"Central Hawkes Bay District","TA",0.5492,0.5449,0.6866
2022-09-30,"Central Otago District","TA",0.5988,0.5941,0.8909
2022-09-30,"Christchurch City","TA",0.7223,0.7166,1.0471
2022-09-30,"Clutha District","TA",0.5175,0.5134,0.8216
2022-09-30,"Dunedin City","TA",0.6282,0.6233,1.0649
2022-09-30,"Far North District","TA",0.6791,0.6738,0.8604
2022-09-30,"Gisborne District","TA",0.5824,0.5778,0.7914
2022-09-30,"Gore District","TA",0.6774,0.6721,0.8002
2022-09-30,"Grey District","TA",0.7899,0.7837,0.9636
2022-09-30,"Hamilton City","TA",0.5869,0.5823,0.9748
2022-09-30,"Hastings District","TA",0.59,0.5853,0.9382
2022-09-30,"Hauraki District","TA",0.5821,0.5775,0.8795
2022-09-30,"Horowhenua District","TA",0.545,0.5408,0.7603
2022-09-30,"Hurunui District","TA",0.6909,0.6855,0.9789
2022-09-30,"Invercargill City","TA",0.6765,0.6711,0.8617
2022-09-30,"Kaikoura District","TA",0.7021,0.6966,0.9784
2022-09-30,"Kaipara District","TA",0.5618,0.5574,0.8639
2022-09-30,"Kapiti Coast District","TA",0.6509,0.6458,0.9395
2022-09-30,"Kawerau District","TA",0.4787,0.475,0.857
2022-09-30,"Hutt City","TA",0.7048,0.6993,0.9842
2022-09-30,"MacKenzie District","TA",0.5444,0.5401,1.114
2022-09-30,"Manawatu District","TA",0.5933,0.5887,0.8174
2022-09-30,"Marlborough District","TA",0.6869,0.6815,0.8944
2022-09-30,"Masterton District","TA",0.6257,0.6208,0.7927
2022-09-30,"Matamata Piako District","TA",0.53,0.5259,0.8396
2022-09-30,"Napier City","TA",0.6302,0.6252,0.914
2022-09-30,"Nelson City","TA",0.707,0.7015,1.037
2022-09-30,"New Plymouth District","TA",0.6458,0.6408,0.9712
2022-09-30,"New Zealand","NZ",0.6432,0.6382,1.0599
2022-09-30,"Opotiki District","TA",0.672,0.6667,0.8247
2022-09-30,"Otorohanga District","TA",0.533,0.5289,0.7648
2022-09-30,"Palmerston North City","TA",0.6377,0.6327,0.9167
2022-09-30,"Porirua City","TA",0.6864,0.681,0.9955
2022-09-30,"Queenstown Lakes District","TA",0.6168,0.612,1.0438
2022-09-30,"Rangitikei District","TA",0.514,0.51,0.6921
2022-09-30,"Rotorua District","TA",0.625,0.6201,0.7999
2022-09-30,"Ruapehu District","TA",0.5504,0.5461,0.796
2022-09-30,"Selwyn District","TA",0.7296,0.7239,1.1628
2022-09-30,"South Taranaki District","TA",0.5758,0.5713,0.8075
2022-09-30,"South Waikato District","TA",0.4604,0.4568,0.6744
2022-09-30,"South Wairarapa District","TA",0.624,0.6191,0.9296
2022-09-30,"Southland District","TA",0.6227,0.6179,0.8849
2022-09-30,"Stratford District","TA",0.5642,0.5598,0.744
2022-09-30,"Tararua District","TA",0.499,0.495,0.7535
2022-09-30,"Tasman District","TA",0.7198,0.7141,1.0369
2022-09-30,"Taupo District","TA",0.6249,0.62,0.8538
2022-09-30,"Tauranga City","TA",0.6686,0.6633,0.9498
2022-09-30,"Thames Coromandel District","TA",0.5755,0.571,0.8284
2022-09-30,"Timaru District","TA",0.7216,0.716,0.9294
2022-09-30,"Upper Hutt City","TA",0.6819,0.6765,0.8668
2022-09-30,"Waikato District","TA",0.5496,0.5453,0.9483
2022-09-30,"Waimakariri District","TA",0.669,0.6637,1.0111
2022-09-30,"Waimate District","TA",0.5911,0.5864,0.781
2022-09-30,"Waipa District","TA",0.5446,0.5404,0.9273
2022-09-30,"Wairoa District","TA",0.6104,0.6056,0.698
2022-09-30,"Waitaki District","TA",0.628,0.6231,0.9355
2022-09-30,"Waitomo District","TA",0.4734,0.4696,0.8095
2022-09-30,"Wellington City","TA",0.6926,0.6872,1.0654
2022-09-30,"Western Bay of Plenty District","TA",0.6284,0.6235,0.8954
2022-09-30,"Westland District","TA",0.7615,0.7556,0.9082
2022-09-30,"Whakatane District","TA",0.6381,0.6331,0.8804
2022-09-30,"Whanganui District","TA",0.5202,0.5161,0.7111
2022-09-30,"Whangarei District","TA",0.6465,0.6414,0.8703
2022-09-30,"Auckland","Reg",0.6252,0.6203,1.131
2022-09-30,"Bay of Plenty","Reg",0.6423,0.6373,0.8927
2022-09-30,"Canterbury","Reg",0.7438,0.738,1.0606
2022-09-30,"Gisborne","Reg",0.5824,0.5778,0.7914
2022-09-30,"Hawke's Bay","Reg",0.6111,0.6063,0.9113
2022-09-30,"Manawatu-Wanganui","Reg",0.592,0.5874,0.8459
2022-09-30,"Marlborough","Reg",0.6869,0.6815,0.8944
2022-09-30,"Nelson","Reg",0.707,0.7015,1.0368
2022-09-30,"Northland","Reg",0.6566,0.6515,0.8701
2022-09-30,"Otago","Reg",0.5706,0.5662,1.0635
2022-09-30,"Southland","Reg",0.6559,0.6507,0.8412
2022-09-30,"Taranaki","Reg",0.6147,0.6099,0.9297
2022-09-30,"Tasman","Reg",0.7198,0.7141,1.0377
2022-09-30,"Waikato","Reg",0.5945,0.5899,0.9583
2022-09-30,"Wellington","Reg",0.6627,0.6575,1.0461
2022-09-30,"West Coast","Reg",0.7675,0.7615,0.9118
2022-12-31,"Ashburton District","TA",0.6388,0.7359,1.0198
2022-12-31,"Buller District","TA",0.5791,0.6671,0.8394
2022-12-31,"Carterton District","TA",0.4813,0.5545,0.7201
2022-12-31,"Central Hawkes Bay District","TA",0.4836,0.5571,0.6668
2022-12-31,"Central Otago District","TA",0.5064,0.5835,0.8868
2022-12-31,"Christchurch City","TA",0.6498,0.7486,1.0118
2022-12-31,"Clutha District","TA",0.471,0.5426,0.8085
2022-12-31,"Dunedin City","TA",0.5604,0.6456,1.0568
2022-12-31,"Far North District","TA",0.592,0.6821,0.8653
2022-12-31,"Gisborne District","TA",0.5173,0.5959,0.8318
2022-12-31,"Gore District","TA",0.5809,0.6693,0.7618
2022-12-31,"Grey District","TA",0.6673,0.7688,0.9944
2022-12-31,"Hamilton City","TA",0.5239,0.6036,0.9882
2022-12-31,"Hastings District","TA",0.5401,0.6222,0.9085
2022-12-31,"Hauraki District","TA",0.4834,0.5569,0.8018
2022-12-31,"Horowhenua District","TA",0.4834,0.5569,0.7675
2022-12-31,"Hurunui District","TA",0.6035,0.6953,0.9367
2022-12-31,"Invercargill City","TA",0.5819,0.6704,0.8766
2022-12-31,"Kaikoura District","TA",0.5837,0.6724,1.0608
2022-12-31,"Kaipara District","TA",0.4697,0.5411,0.8858
2022-12-31,"Kapiti Coast District","TA",0.5862,0.6753,0.9307
2022-12-31,"Kawerau District","TA",0.3911,0.4505,0.7903
2022-12-31,"Hutt City","TA",0.6284,0.7239,0.9784
2022-12-31,"MacKenzie District","TA",0.4836,0.5572,0.9405
2022-12-31,"Manawatu District","TA",0.5221,0.6015,0.8108
2022-12-31,"Marlborough District","TA",0.6121,0.7052,0.8713
2022-12-31,"Masterton District","TA",0.5554,0.6399,0.8222
2022-12-31,"Matamata Piako District","TA",0.4709,0.5425,0.8542
2022-12-31,"Napier City","TA",0.5614,0.6468,0.9257
2022-12-31,"Nelson City","TA",0.6305,0.7263,1.0326
2022-12-31,"New Plymouth District","TA",0.5712,0.658,0.9409
2022-12-31,"New Zealand","NZ",0.5739,0.6612,1.053
2022-12-31,"Opotiki District","TA",0.5842,0.6731,0.7957
2022-12-31,"Otorohanga District","TA",0.5231,0.6026,0.7953
2022-12-31,"Palmerston North City","TA",0.5711,0.658,0.8928
2022-12-31,"Porirua City","TA",0.6098,0.7025,0.9767
2022-12-31,"Queenstown Lakes District","TA",0.5317,0.6126,1.0356
2022-12-31,"Rangitikei District","TA",0.4877,0.5619,0.6822
2022-12-31,"Rotorua District","TA",0.5659,0.6519,0.7899
2022-12-31,"Ruapehu District","TA",0.4928,0.5677,0.7852
2022-12-31,"Selwyn District","TA",0.6354,0.7321,1.1477
2022-12-31,"South Taranaki District","TA",0.505,0.5817,0.7507
2022-12-31,"South Waikato District","TA",0.398,0.4586,0.6655
2022-12-31,"South Wairarapa District","TA",0.5387,0.6206,0.9281
2022-12-31,"Southland District","TA",0.5312,0.612,0.9064
2022-12-31,"Stratford District","TA",0.4899,0.5644,0.7362
2022-12-31,"Tararua District","TA",0.4503,0.5187,0.7439
2022-12-31,"Tasman District","TA",0.62,0.7143,1.0265
2022-12-31,"Taupo District","TA",0.5511,0.6349,0.8619
2022-12-31,"Tauranga City","TA",0.5992,0.6904,0.9518
2022-12-31,"Thames Coromandel District","TA",0.4776,0.5502,0.7895
2022-12-31,"Timaru District","TA",0.6114,0.7044,0.9459
2022-12-31,"Upper Hutt City","TA",0.6256,0.7207,0.8936
2022-12-31,"Waikato District","TA",0.4863,0.5603,0.9443
2022-12-31,"Waimakariri District","TA",0.5928,0.6829,1.0083
2022-12-31,"Waimate District","TA",0.5099,0.5875,0.758
2022-12-31,"Waipa District","TA",0.4896,0.564,0.9227
2022-12-31,"Wairoa District","TA",0.5337,0.6149,0.734
2022-12-31,"Waitaki District","TA",0.5574,0.6422,0.8843
2022-12-31,"Waitomo District","TA",0.47,0.5415,0.7909
2022-12-31,"Wellington City","TA",0.6264,0.7216,1.0226
2022-12-31,"Western Bay of Plenty District","TA",0.542,0.6244,0.8873
2022-12-31,"Westland District","TA",0.6123,0.7054,1.0017
2022-12-31,"Whakatane District","TA",0.5221,0.6015,0.8654
2022-12-31,"Whanganui District","TA",0.4672,0.5383,0.7027
2022-12-31,"Whangarei District","TA",0.5689,0.6555,0.8645
2022-12-31,"Auckland","Reg",0.5632,0.6488,1.1344
2022-12-31,"Bay of Plenty","Reg",0.5666,0.6527,0.8891
2022-12-31,"Canterbury","Reg",0.6589,0.7591,1.031
2022-12-31,"Gisborne","Reg",0.5173,0.5959,0.8318
2022-12-31,"Hawke's Bay","Reg",0.5438,0.6265,0.9027
2022-12-31,"Manawatu-Wanganui","Reg",0.5259,0.6059,0.8381
2022-12-31,"Marlborough","Reg",0.6121,0.7052,0.8713
2022-12-31,"Nelson","Reg",0.6305,0.7263,1.0327
2022-12-31,"Northland","Reg",0.5671,0.6533,0.8707
2022-12-31,"Otago","Reg",0.5002,0.5762,1.0529
2022-12-31,"Southland","Reg",0.5625,0.648,0.8471
2022-12-31,"Taranaki","Reg",0.5512,0.635,0.8967
2022-12-31,"Tasman","Reg",0.62,0.7143,1.026
2022-12-31,"Waikato","Reg",0.5161,0.5946,0.9673
2022-12-31,"Wellington","Reg",0.5984,0.6894,1.0243
2022-12-31,"West Coast","Reg",0.6349,0.7314,0.9604
2023-03-31,"Northland","Reg",0.5852,0.6934,0.8772
2023-03-31,"Auckland","Reg",0.5767,0.6834,1.1225
2023-03-31,"Waikato","Reg",0.5439,0.6445,0.9753
2023-03-31,"Bay of Plenty","Reg",0.5744,0.6806,0.8954
2023-03-31,"Gisborne","Reg",0.5315,0.6297,0.7973
2023-03-31,"Hawke's Bay","Reg",0.5529,0.6551,0.9201
2023-03-31,"Taranaki","Reg",0.5517,0.6536,0.9019
2023-03-31,"Manawatu-Wanganui","Reg",0.5297,0.6276,0.8491
2023-03-31,"Wellington","Reg",0.6107,0.7236,1.0254
2023-03-31,"West Coast","Reg",0.6401,0.7585,0.9159
2023-03-31,"Canterbury","Reg",0.6409,0.7594,1.0354
2023-03-31,"Otago","Reg",0.4965,0.5883,0.9588
2023-03-31,"Southland","Reg",0.5602,0.6638,0.8485
2023-03-31,"Tasman","Reg",0.6349,0.7523,1.0266
2023-03-31,"Nelson","Reg",0.632,0.7488,1.0381
2023-03-31,"Marlborough","Reg",0.6101,0.7229,0.8773
2023-03-31,"New Zealand","NZ",0.5824,0.6901,1.0391
2023-03-31,"Ashburton District","TA",0.6209,0.7357,1.0173
2023-03-31,"Buller District","TA",0.5666,0.6714,0.8434
2023-03-31,"Carterton District","TA",0.4848,0.5744,0.7334
2023-03-31,"Central Hawkes Bay District","TA",0.4902,0.5808,0.6826
2023-03-31,"Central Otago District","TA",0.5039,0.597,0.8834
2023-03-31,"Christchurch City","TA",0.6392,0.7573,1.015
2023-03-31,"Clutha District","TA",0.4843,0.5738,0.8042
2023-03-31,"Dunedin City","TA",0.5713,0.6769,0.9547
2023-03-31,"Far North District","TA",0.6108,0.7237,0.8683
2023-03-31,"Gisborne District","TA",0.5315,0.6297,0.7973
2023-03-31,"Gore District","TA",0.5685,0.6736,0.7755
2023-03-31,"Grey District","TA",0.6561,0.7773,0.9578
2023-03-31,"Hamilton City","TA",0.5467,0.6477,0.9971
2023-03-31,"Hastings District","TA",0.537,0.6363,0.9493
2023-03-31,"Hauraki District","TA",0.4975,0.5895,0.8571
2023-03-31,"Horowhenua District","TA",0.4962,0.5879,0.7716
2023-03-31,"Hurunui District","TA",0.5905,0.6997,1.0069
2023-03-31,"Invercargill City","TA",0.5895,0.6985,0.875
2023-03-31,"Kaikoura District","TA",0.6002,0.7111,0.9694
2023-03-31,"Kaipara District","TA",0.4801,0.5689,0.8754
2023-03-31,"Kapiti Coast District","TA",0.6071,0.7194,0.9467
2023-03-31,"Kawerau District","TA",0.4494,0.5325,0.7781
2023-03-31,"Hutt City","TA",0.6409,0.7593,0.976
2023-03-31,"MacKenzie District","TA",0.5085,0.6025,1.0818
2023-03-31,"Manawatu District","TA",0.5283,0.6259,0.8174
2023-03-31,"Marlborough District","TA",0.6101,0.7229,0.8771
2023-03-31,"Masterton District","TA",0.5785,0.6854,0.8354
2023-03-31,"Matamata Piako District","TA",0.475,0.5628,0.8304
2023-03-31,"Napier City","TA",0.5732,0.6792,0.9196
2023-03-31,"Nelson City","TA",0.632,0.7488,1.039
2023-03-31,"New Plymouth District","TA",0.5751,0.6814,0.9544
2023-03-31,"Opotiki District","TA",0.6067,0.7188,0.7604
2023-03-31,"Otorohanga District","TA",0.4918,0.5828,0.8274
2023-03-31,"Palmerston North City","TA",0.5787,0.6857,0.9177
2023-03-31,"Porirua City","TA",0.6243,0.7397,0.9741
2023-03-31,"Queenstown Lakes District","TA",0.516,0.6114,0.9717
2023-03-31,"Rangitikei District","TA",0.4913,0.5821,0.6605
2023-03-31,"Rotorua District","TA",0.564,0.6683,0.7987
2023-03-31,"Ruapehu District","TA",0.5024,0.5953,0.7722
2023-03-31,"Selwyn District","TA",0.6442,0.7633,1.1821
2023-03-31,"South Taranaki District","TA",0.5023,0.5952,0.7723
2023-03-31,"South Waikato District","TA",0.4222,0.5003,0.6815
2023-03-31,"South Wairarapa District","TA",0.5517,0.6537,0.9129
2023-03-31,"Southland District","TA",0.5218,0.6183,0.9058
2023-03-31,"Stratford District","TA",0.4969,0.5887,0.6772
2023-03-31,"Tararua District","TA",0.4689,0.5556,0.7084
2023-03-31,"Tasman District","TA",0.6349,0.7523,1.0251
2023-03-31,"Taupo District","TA",0.5542,0.6567,0.8471
2023-03-31,"Tauranga City","TA",0.6123,0.7255,0.9576
2023-03-31,"Thames Coromandel District","TA",0.4811,0.57,0.8035
2023-03-31,"Timaru District","TA",0.6193,0.7338,0.9412
2023-03-31,"Upper Hutt City","TA",0.6207,0.7354,0.9204
2023-03-31,"Waikato District","TA",0.4892,0.5796,0.9392
2023-03-31,"Waimakariri District","TA",0.5869,0.6954,1.0093
2023-03-31,"Waimate District","TA",0.4834,0.5728,0.7372
2023-03-31,"Waipa District","TA",0.4774,0.5657,0.9205
2023-03-31,"Wairoa District","TA",0.5414,0.6415,0.7405
2023-03-31,"Waitaki District","TA",0.5643,0.6686,0.9026
2023-03-31,"Waitomo District","TA",0.4381,0.5191,0.8669
2023-03-31,"Wellington City","TA",0.6313,0.7481,1.0119
2023-03-31,"Western Bay of Plenty District","TA",0.5621,0.666,0.8733
2023-03-31,"Westland District","TA",0.6416,0.7602,0.964
2023-03-31,"Whakatane District","TA",0.5515,0.6535,0.8801
2023-03-31,"Whanganui District","TA",0.4641,0.5499,0.7076
2023-03-31,"Whangarei District","TA",0.5944,0.7042,0.88
2023-06-30,"Ashburton District","TA",0.6399,0.7614,0.9644
2023-06-30,"Buller District","TA",0.5824,0.6929,0.8424
2023-06-30,"Carterton District","TA",0.4776,0.5682,0.7386
2023-06-30,"Central Hawkes Bay District","TA",0.4951,0.589,0.6558
2023-06-30,"Central Otago District","TA",0.5156,0.6135,0.8548
2023-06-30,"Christchurch City","TA",0.6465,0.7692,1.0284
2023-06-30,"Clutha District","TA",0.4943,0.5881,0.8199
2023-06-30,"Dunedin City","TA",0.5788,0.6886,1.0609
2023-06-30,"Far North District","TA",0.6084,0.7238,0.8686
2023-06-30,"Gisborne District","TA",0.5529,0.6578,0.823
2023-06-30,"Gore District","TA",0.587,0.6984,0.6688
2023-06-30,"Grey District","TA",0.6567,0.7813,0.9749
2023-06-30,"Hamilton City","TA",0.5461,0.6497,0.9798
2023-06-30,"Hastings District","TA",0.545,0.6484,0.9371
2023-06-30,"Hauraki District","TA",0.5208,0.6196,0.7785
2023-06-30,"Horowhenua District","TA",0.5065,0.6026,0.7626
2023-06-30,"Hurunui District","TA",0.6041,0.7187,0.9318
2023-06-30,"Invercargill City","TA",0.5902,0.7022,0.8607
2023-06-30,"Kaikoura District","TA",0.6123,0.7285,0.9801
2023-06-30,"Kaipara District","TA",0.4823,0.5738,0.8668
2023-06-30,"Kapiti Coast District","TA",0.621,0.7389,0.9543
2023-06-30,"Kawerau District","TA",0.4182,0.4975,0.7254
2023-06-30,"Hutt City","TA",0.6591,0.7841,0.9757
2023-06-30,"MacKenzie District","TA",0.5067,0.6028,0.9836
2023-06-30,"Manawatu District","TA",0.539,0.6413,0.8361
2023-06-30,"Marlborough District","TA",0.6389,0.7601,0.8668
2023-06-30,"Masterton District","TA",0.5978,0.7112,0.8241
2023-06-30,"Matamata Piako District","TA",0.4736,0.5635,0.8359
2023-06-30,"Napier City","TA",0.5903,0.7024,0.9273
2023-06-30,"Nelson City","TA",0.6558,0.7802,1.0574
2023-06-30,"New Plymouth District","TA",0.5781,0.6877,0.946
2023-06-30,"New Zealand","NZ",0.595,0.7079,1.0461
2023-06-30,"Opotiki District","TA",0.6064,0.7215,0.7785
2023-06-30,"Otorohanga District","TA",0.4798,0.5709,0.8533
2023-06-30,"Palmerston North City","TA",0.59,0.702,0.9104
2023-06-30,"Porirua City","TA",0.6364,0.7572,0.9689
2023-06-30,"Queenstown Lakes District","TA",0.5308,0.6315,0.9612
2023-06-30,"Rangitikei District","TA",0.472,0.5616,0.6942
2023-06-30,"Rotorua District","TA",0.5762,0.6856,0.8179
2023-06-30,"Ruapehu District","TA",0.5423,0.6452,0.7537
2023-06-30,"Selwyn District","TA",0.6557,0.7801,1.1728
2023-06-30,"South Taranaki District","TA",0.5167,0.6147,0.7962
2023-06-30,"South Waikato District","TA",0.4277,0.5089,0.6683
2023-06-30,"South Wairarapa District","TA",0.5796,0.6896,0.9051
2023-06-30,"Southland District","TA",0.5382,0.6404,0.8622
2023-06-30,"Stratford District","TA",0.5106,0.6074,0.7095
2023-06-30,"Tararua District","TA",0.4849,0.577,0.7008
2023-06-30,"Tasman District","TA",0.6605,0.7858,1.0475
2023-06-30,"Taupo District","TA",0.5683,0.6762,0.8459
2023-06-30,"Tauranga City","TA",0.6318,0.7517,0.9466
2023-06-30,"Thames Coromandel District","TA",0.5255,0.6252,0.8344
2023-06-30,"Timaru District","TA",0.6232,0.7415,0.939
2023-06-30,"Upper Hutt City","TA",0.6456,0.7681,0.9228
2023-06-30,"Waikato District","TA",0.5121,0.6093,0.9541
2023-06-30,"Waimakariri District","TA",0.6003,0.7142,1.0053
2023-06-30,"Waimate District","TA",0.4972,0.5915,0.7859
2023-06-30,"Waipa District","TA",0.467,0.5556,0.9164
2023-06-30,"Wairoa District","TA",0.5489,0.6531,0.7259
2023-06-30,"Waitaki District","TA",0.5728,0.6815,0.8854
2023-06-30,"Waitomo District","TA",0.4496,0.5349,0.864
2023-06-30,"Wellington City","TA",0.6412,0.7629,1.0817
2023-06-30,"Western Bay of Plenty District","TA",0.5516,0.6562,0.9033
2023-06-30,"Westland District","TA",0.6197,0.7372,0.9513
2023-06-30,"Whakatane District","TA",0.5492,0.6534,0.8975
2023-06-30,"Whanganui District","TA",0.4774,0.568,0.6938
2023-06-30,"Whangarei District","TA",0.6039,0.7185,0.8713
2023-06-30,"Auckland","Reg",0.5894,0.7012,1.1083
2023-06-30,"Bay of Plenty","Reg",0.5855,0.6966,0.8963
2023-06-30,"Canterbury","Reg",0.6503,0.7737,1.0429
2023-06-30,"Gisborne","Reg",0.5529,0.6578,0.823
2023-06-30,"Hawke's Bay","Reg",0.559,0.6651,0.9153
2023-06-30,"Manawatu-Wanganui","Reg",0.547,0.6508,0.8382
2023-06-30,"Marlborough","Reg",0.6389,0.7601,0.8668
2023-06-30,"Nelson","Reg",0.6558,0.7802,1.0572
2023-06-30,"Northland","Reg",0.5921,0.7044,0.8718
2023-06-30,"Otago","Reg",0.5082,0.6046,1.0272
2023-06-30,"Southland","Reg",0.5621,0.6688,0.8172
2023-06-30,"Taranaki","Reg",0.5568,0.6624,0.9061
2023-06-30,"Tasman","Reg",0.6605,0.7858,1.0475
2023-06-30,"Waikato","Reg",0.5552,0.6606,0.9578
2023-06-30,"Wellington","Reg",0.6174,0.7345,1.0652
2023-06-30,"West Coast","Reg",0.6411,0.7628,0.9348
2023-09-30,"Ashburton District","TA",0.6081,0.755,0.9661
2023-09-30,"Buller District","TA",0.5547,0.6886,0.803
2023-09-30,"Carterton District","TA",0.4759,0.5907,0.7613
2023-09-30,"Central Hawkes Bay District","TA",0.4897,0.608,0.6396
2023-09-30,"Central Otago District","TA",0.4846,0.6016,0.862
2023-09-30,"Christchurch City","TA",0.6158,0.7645,1.0299
2023-09-30,"Clutha District","TA",0.4864,0.6038,0.781
2023-09-30,"Dunedin City","TA",0.552,0.6852,1.0733
2023-09-30,"Far North District","TA",0.5943,0.7377,0.8908
2023-09-30,"Gisborne District","TA",0.5201,0.6456,0.8007
2023-09-30,"Gore District","TA",0.558,0.6927,0.75
2023-09-30,"Grey District","TA",0.6174,0.7664,1.0034
2023-09-30,"Hamilton City","TA",0.5261,0.6531,0.9783
2023-09-30,"Hastings District","TA",0.5201,0.6457,0.9128
2023-09-30,"Hauraki District","TA",0.4921,0.6109,0.8384
2023-09-30,"Horowhenua District","TA",0.4923,0.6112,0.7694
2023-09-30,"Hurunui District","TA",0.5788,0.7185,0.9468
2023-09-30,"Invercargill City","TA",0.5618,0.6974,0.8596
2023-09-30,"Kaikoura District","TA",0.5823,0.7229,1.0244
2023-09-30,"Kaipara District","TA",0.4771,0.5923,0.8632
2023-09-30,"Kapiti Coast District","TA",0.6073,0.7539,0.9703
2023-09-30,"Kawerau District","TA",0.4348,0.5398,0.7623
2023-09-30,"Hutt City","TA",0.6284,0.7801,0.9983
2023-09-30,"MacKenzie District","TA",0.43,0.5338,1.1177
2023-09-30,"Manawatu District","TA",0.526,0.653,0.8547
2023-09-30,"Marlborough District","TA",0.6077,0.7544,0.8356
2023-09-30,"Masterton District","TA",0.5699,0.7075,0.8168
2023-09-30,"Matamata Piako District","TA",0.4661,0.5786,0.8545
2023-09-30,"Napier City","TA",0.5667,0.7035,0.9223
2023-09-30,"Nelson City","TA",0.6364,0.79,1.069
2023-09-30,"New Plymouth District","TA",0.5717,0.7097,0.9318
2023-09-30,"New Zealand","NZ",0.5692,0.7066,1.0546
2023-09-30,"Opotiki District","TA",0.5911,0.7338,0.7689
2023-09-30,"Otorohanga District","TA",0.457,0.5673,0.7415
2023-09-30,"Palmerston North City","TA",0.5731,0.7115,0.9327
2023-09-30,"Porirua City","TA",0.5927,0.7357,0.9807
2023-09-30,"Queenstown Lakes District","TA",0.4894,0.6075,0.9121
2023-09-30,"Rangitikei District","TA",0.4635,0.5755,0.702
2023-09-30,"Rotorua District","TA",0.5627,0.6985,0.8085
2023-09-30,"Ruapehu District","TA",0.5205,0.6462,0.7396
2023-09-30,"Selwyn District","TA",0.6244,0.7752,1.1748
2023-09-30,"South Taranaki District","TA",0.5002,0.6209,0.7674
2023-09-30,"South Waikato District","TA",0.432,0.5363,0.667
2023-09-30,"South Wairarapa District","TA",0.5754,0.7143,0.9318
2023-09-30,"Southland District","TA",0.4998,0.6205,0.8404
2023-09-30,"Stratford District","TA",0.4821,0.5984,0.6558
2023-09-30,"Tararua District","TA",0.4454,0.553,0.7379
2023-09-30,"Tasman District","TA",0.6395,0.7939,1.0436
2023-09-30,"Taupo District","TA",0.5464,0.6784,0.8333
2023-09-30,"Tauranga City","TA",0.5991,0.7437,0.9641
2023-09-30,"Thames Coromandel District","TA",0.5134,0.6374,0.8327
2023-09-30,"Timaru District","TA",0.6025,0.748,0.9375
2023-09-30,"Upper Hutt City","TA",0.6171,0.7661,0.9403
2023-09-30,"Waikato District","TA",0.4879,0.6057,0.9626
2023-09-30,"Waimakariri District","TA",0.5772,0.7166,1.0337
2023-09-30,"Waimate District","TA",0.505,0.6269,0.8243
2023-09-30,"Waipa District","TA",0.4516,0.5606,0.9284
2023-09-30,"Wairoa District","TA",0.5542,0.688,0.727
2023-09-30,"Waitaki District","TA",0.5672,0.7041,0.9352
2023-09-30,"Waitomo District","TA",0.4621,0.5736,0.8118
2023-09-30,"Wellington City","TA",0.6228,0.7731,1.0993
2023-09-30,"Western Bay of Plenty District","TA",0.5197,0.6452,0.8619
2023-09-30,"Westland District","TA",0.6065,0.753,0.9319
2023-09-30,"Whakatane District","TA",0.5305,0.6586,0.8786
2023-09-30,"Whanganui District","TA",0.4616,0.573,0.7113
2023-09-30,"Whangarei District","TA",0.591,0.7337,0.8796
2023-09-30,"Auckland","Reg",0.5611,0.6966,1.1193
2023-09-30,"Bay of Plenty","Reg",0.5645,0.7008,0.9019
2023-09-30,"Canterbury","Reg",0.6189,0.7684,1.047
2023-09-30,"Gisborne","Reg",0.5201,0.6456,0.8007
2023-09-30,"Hawke's Bay","Reg",0.532,0.6604,0.9018
2023-09-30,"Manawatu-Wanganui","Reg",0.5229,0.6491,0.8576
2023-09-30,"Marlborough","Reg",0.6077,0.7544,0.8356
2023-09-30,"Nelson","Reg",0.6364,0.79,1.0682
2023-09-30,"Northland","Reg",0.5765,0.7156,0.8827
2023-09-30,"Otago","Reg",0.4768,0.5919,1.0193
2023-09-30,"Southland","Reg",0.5371,0.6667,0.8246
2023-09-30,"Taranaki","Reg",0.5464,0.6783,0.8884
2023-09-30,"Tasman","Reg",0.6395,0.7939,1.0451
2023-09-30,"Waikato","Reg",0.5293,0.6571,0.9582
2023-09-30,"Wellington","Reg",0.603,0.7486,1.0798
2023-09-30,"West Coast","Reg",0.6002,0.745,0.9088
2023-12-31,"Ashburton District","TA",0.5983,0.763,0.9564
2023-12-31,"Buller District","TA",0.5345,0.6817,0.7436
2023-12-31,"Carterton District","TA",0.454,0.579,0.7399
2023-12-31,"Central Hawkes Bay District","TA",0.4757,0.6067,0.6535
2023-12-31,"Central Otago District","TA",0.4683,0.5973,0.844
2023-12-31,"Christchurch City","TA",0.598,0.7627,0.9921
2023-12-31,"Clutha District","TA",0.4383,0.5591,0.7969
2023-12-31,"Dunedin City","TA",0.5348,0.6822,1.0219
2023-12-31,"Far North District","TA",0.5672,0.7234,0.8975
2023-12-31,"Gisborne District","TA",0.5359,0.6835,0.7935
2023-12-31,"Gore District","TA",0.5493,0.7006,0.7286
2023-12-31,"Grey District","TA",0.5745,0.7328,0.9722
2023-12-31,"Hamilton City","TA",0.512,0.653,0.975
2023-12-31,"Hastings District","TA",0.5133,0.6546,0.9527
2023-12-31,"Hauraki District","TA",0.486,0.6198,0.8074
2023-12-31,"Horowhenua District","TA",0.4748,0.6056,0.7784
2023-12-31,"Hurunui District","TA",0.5608,0.7153,0.9721
2023-12-31,"Invercargill City","TA",0.5574,0.711,0.8691
2023-12-31,"Kaikoura District","TA",0.5512,0.7031,0.9574
2023-12-31,"Kaipara District","TA",0.4427,0.5647,0.8358
2023-12-31,"Kapiti Coast District","TA",0.5814,0.7416,0.9541
2023-12-31,"Kawerau District","TA",0.4379,0.5585,0.7428
2023-12-31,"Hutt City","TA",0.601,0.7666,0.9952
2023-12-31,"MacKenzie District","TA",0.4336,0.553,1.0146
2023-12-31,"Manawatu District","TA",0.5199,0.6631,0.838
2023-12-31,"Marlborough District","TA",0.5981,0.7628,0.8905
2023-12-31,"Masterton District","TA",0.5598,0.714,0.8501
2023-12-31,"Matamata Piako District","TA",0.4538,0.5788,0.8334
2023-12-31,"Napier City","TA",0.5519,0.7039,0.9246
2023-12-31,"Nelson City","TA",0.6267,0.7994,1.0448
2023-12-31,"New Plymouth District","TA",0.5474,0.6981,0.9238
2023-12-31,"New Zealand","NZ",0.5528,0.7051,1.0465
2023-12-31,"Opotiki District","TA",0.5635,0.7187,0.7261
2023-12-31,"Otorohanga District","TA",0.4853,0.619,0.8005
2023-12-31,"Palmerston North City","TA",0.5617,0.7165,0.9366
2023-12-31,"Porirua City","TA",0.5845,0.7456,1.0034
2023-12-31,"Queenstown Lakes District","TA",0.4777,0.6093,0.9469
2023-12-31,"Rangitikei District","TA",0.4475,0.5707,0.714
2023-12-31,"Rotorua District","TA",0.5458,0.6961,0.8069
2023-12-31,"Ruapehu District","TA",0.5131,0.6545,0.7842
2023-12-31,"Selwyn District","TA",0.6099,0.7779,1.1937
2023-12-31,"South Taranaki District","TA",0.4803,0.6126,0.7591
2023-12-31,"South Waikato District","TA",0.4119,0.5254,0.6591
2023-12-31,"South Wairarapa District","TA",0.544,0.6939,0.9055
2023-12-31,"Southland District","TA",0.4876,0.6219,0.8521
2023-12-31,"Stratford District","TA",0.4721,0.6021,0.6846
2023-12-31,"Tararua District","TA",0.4418,0.5635,0.7206
2023-12-31,"Tasman District","TA",0.6194,0.79,1.0488
2023-12-31,"Taupo District","TA",0.5258,0.6706,0.8316
2023-12-31,"Tauranga City","TA",0.5844,0.7454,0.9581
2023-12-31,"Thames Coromandel District","TA",0.4978,0.6349,0.8229
2023-12-31,"Timaru District","TA",0.5805,0.7404,0.9158
2023-12-31,"Upper Hutt City","TA",0.6003,0.7657,0.957
2023-12-31,"Waikato District","TA",0.4669,0.5956,0.9383
2023-12-31,"Waimakariri District","TA",0.561,0.7156,1.0211
2023-12-31,"Waimate District","TA",0.4703,0.5999,0.783
2023-12-31,"Waipa District","TA",0.444,0.5663,0.9212
2023-12-31,"Wairoa District","TA",0.499,0.6364,0.6974
2023-12-31,"Waitaki District","TA",0.5367,0.6845,0.9021
2023-12-31,"Waitomo District","TA",0.4722,0.6023,0.8227
2023-12-31,"Wellington City","TA",0.6018,0.7676,1.0745
2023-12-31,"Western Bay of Plenty District","TA",0.5129,0.6541,0.8713
2023-12-31,"Westland District","TA",0.5897,0.7521,0.8835
2023-12-31,"Whakatane District","TA",0.5268,0.672,0.8873
2023-12-31,"Whanganui District","TA",0.4523,0.5769,0.7085
2023-12-31,"Whangarei District","TA",0.5805,0.7404,0.8924
2023-12-31,"Auckland","Reg",0.5458,0.6961,1.1186
2023-12-31,"Bay of Plenty","Reg",0.5529,0.7052,0.8976
2023-12-31,"Canterbury","Reg",0.6033,0.7695,1.0139
2023-12-31,"Gisborne","Reg",0.5359,0.6835,0.7935
2023-12-31,"Hawke's Bay","Reg",0.5276,0.6729,0.919
2023-12-31,"Manawatu-Wanganui","Reg",0.5114,0.6523,0.8633
2023-12-31,"Marlborough","Reg",0.5981,0.7628,0.8905
2023-12-31,"Nelson","Reg",0.6267,0.7994,1.0447
2023-12-31,"Northland","Reg",0.5582,0.712,0.8905
2023-12-31,"Otago","Reg",0.4641,0.5919,1.0013
2023-12-31,"Southland","Reg",0.5328,0.6796,0.8305
2023-12-31,"Taranaki","Reg",0.527,0.6721,0.8793
2023-12-31,"Tasman","Reg",0.6194,0.79,1.0491
2023-12-31,"Waikato","Reg",0.5184,0.6612,0.9531
2023-12-31,"Wellington","Reg",0.5877,0.7495,1.0731
2023-12-31,"West Coast","Reg",0.5611,0.7157,0.8652
2024-03-31,"Ashburton District","TA",0.6081,0.7579,0.9653
2024-03-31,"Buller District","TA",0.5396,0.6725,0.8564
2024-03-31,"Carterton District","TA",0.4719,0.5881,0.7602
2024-03-31,"Central Hawkes Bay District","TA",0.5187,0.6464,0.7398
2024-03-31,"Central Otago District","TA",0.4711,0.5871,0.834
2024-03-31,"Christchurch City","TA",0.6139,0.7652,0.9865
2024-03-31,"Clutha District","TA",0.4777,0.5953,0.7973
2024-03-31,"Dunedin City","TA",0.5414,0.6748,0.9636
2024-03-31,"Far North District","TA",0.5894,0.7346,0.8549
2024-03-31,"Gisborne District","TA",0.5361,0.6681,0.8147
2024-03-31,"Gore District","TA",0.5453,0.6796,0.744
2024-03-31,"Grey District","TA",0.5636,0.7024,0.9173
2024-03-31,"Hamilton City","TA",0.5259,0.6554,0.9901
2024-03-31,"Hastings District","TA",0.5337,0.6651,0.9624
2024-03-31,"Hauraki District","TA",0.5131,0.6395,0.8572
2024-03-31,"Horowhenua District","TA",0.4935,0.615,0.7783
2024-03-31,"Hurunui District","TA",0.5802,0.7231,0.9429
2024-03-31,"Invercargill City","TA",0.5589,0.6965,0.8643
2024-03-31,"Kaikoura District","TA",0.5066,0.6314,0.9131
2024-03-31,"Kaipara District","TA",0.4631,0.5771,0.8619
2024-03-31,"Kapiti Coast District","TA",0.5834,0.727,0.9445
2024-03-31,"Kawerau District","TA",0.4212,0.5249,0.728
2024-03-31,"Hutt City","TA",0.6239,0.7775,0.9919
2024-03-31,"MacKenzie District","TA",0.4635,0.5777,1.1627
2024-03-31,"Manawatu District","TA",0.5284,0.6586,0.8401
2024-03-31,"Marlborough District","TA",0.6154,0.767,0.889
2024-03-31,"Masterton District","TA",0.5649,0.704,0.8568
2024-03-31,"Matamata Piako District","TA",0.4628,0.5768,0.7928
2024-03-31,"Napier City","TA",0.5737,0.7151,0.9208
2024-03-31,"Nelson City","TA",0.6468,0.8061,1.0488
2024-03-31,"New Plymouth District","TA",0.5668,0.7064,0.9179
2024-03-31,"New Zealand","NZ",0.5719,0.7128,1.0419
2024-03-31,"Opotiki District","TA",0.5799,0.7227,0.7774
2024-03-31,"Otorohanga District","TA",0.4828,0.6017,0.7552
2024-03-31,"Palmerston North City","TA",0.581,0.7241,0.9546
2024-03-31,"Porirua City","TA",0.6075,0.7571,1.0065
2024-03-31,"Queenstown Lakes District","TA",0.4738,0.5905,0.9216
2024-03-31,"Rangitikei District","TA",0.4603,0.5737,0.7224
2024-03-31,"Rotorua District","TA",0.5585,0.6961,0.8033
2024-03-31,"Ruapehu District","TA",0.5231,0.6519,0.7696
2024-03-31,"Selwyn District","TA",0.6266,0.7809,1.1751
2024-03-31,"South Taranaki District","TA",0.4971,0.6196,0.7793
2024-03-31,"South Waikato District","TA",0.4262,0.5312,0.6521
2024-03-31,"South Wairarapa District","TA",0.5455,0.6798,0.8404
2024-03-31,"Southland District","TA",0.5052,0.6296,0.8408
2024-03-31,"Stratford District","TA",0.5041,0.6283,0.7166
2024-03-31,"Tararua District","TA",0.4633,0.5774,0.6796
2024-03-31,"Tasman District","TA",0.6059,0.7551,1.0508
2024-03-31,"Taupo District","TA",0.5443,0.6784,0.8256
2024-03-31,"Tauranga City","TA",0.6089,0.7589,0.9423
2024-03-31,"Thames Coromandel District","TA",0.5126,0.6389,0.8283
2024-03-31,"Timaru District","TA",0.5856,0.7298,0.9191
2024-03-31,"Upper Hutt City","TA",0.6144,0.7657,0.9446
2024-03-31,"Waikato District","TA",0.4793,0.5973,0.9497
2024-03-31,"Waimakariri District","TA",0.572,0.7129,1.0144
2024-03-31,"Waimate District","TA",0.4912,0.6121,0.7718
2024-03-31,"Waipa District","TA",0.4615,0.5752,0.9262
2024-03-31,"Wairoa District","TA",0.5015,0.625,0.6877
2024-03-31,"Waitaki District","TA",0.5412,0.6745,0.9119
2024-03-31,"Waitomo District","TA",0.4619,0.5756,0.7969
2024-03-31,"Wellington City","TA",0.6232,0.7767,1.0714
2024-03-31,"Western Bay of Plenty District","TA",0.5336,0.665,0.8792
2024-03-31,"Westland District","TA",0.5688,0.7088,0.8442
2024-03-31,"Whakatane District","TA",0.5419,0.6754,0.9074
2024-03-31,"Whanganui District","TA",0.456,0.5682,0.7086
2024-03-31,"Whangarei District","TA",0.587,0.7316,0.9046
2024-03-31,"Auckland","Reg",0.5713,0.712,1.1153
2024-03-31,"Bay of Plenty","Reg",0.5732,0.7144,0.8899
2024-03-31,"Canterbury","Reg",0.6184,0.7707,1.0081
2024-03-31,"Gisborne","Reg",0.5361,0.6681,0.8147
2024-03-31,"Hawke's Bay","Reg",0.5489,0.6841,0.9257
2024-03-31,"Manawatu-Wanganui","Reg",0.5225,0.6512,0.8703
2024-03-31,"Marlborough","Reg",0.6154,0.767,0.889
2024-03-31,"Nelson","Reg",0.6468,0.8061,1.0482
2024-03-31,"Northland","Reg",0.5707,0.7112,0.8891
2024-03-31,"Otago","Reg",0.4634,0.5776,0.9548
2024-03-31,"Southland","Reg",0.5384,0.671,0.8279
2024-03-31,"Taranaki","Reg",0.5466,0.6812,0.8827
2024-03-31,"Tasman","Reg",0.6059,0.7551,1.0511
2024-03-31,"Waikato","Reg",0.5286,0.6588,0.9624
2024-03-31,"Wellington","Reg",0.6043,0.7532,1.0748
2024-03-31,"West Coast","Reg",0.559,0.6967,0.886
2024-06-30,"New Zealand","NZ",0.5982,0.7353,1.0622
2024-06-30,"Northland","Reg",0.6097,0.7494,0.909
2024-06-30,"Auckland","Reg",0.601,0.7388,1.128
2024-06-30,"Waikato","Reg",0.5567,0.6843,0.9577
2024-06-30,"Bay of Plenty","Reg",0.5907,0.7261,0.9061
2024-06-30,"Gisborne","Reg",0.5554,0.6827,0.8242
2024-06-30,"Hawke's Bay","Reg",0.5802,0.7132,0.9195
2024-06-30,"Taranaki","Reg",0.5723,0.7035,0.8975
2024-06-30,"Manawatu-Wanganui","Reg",0.547,0.6724,0.8626
2024-06-30,"Wellington","Reg",0.6279,0.7719,1.1097
2024-06-30,"Tasman","Reg",0.6469,0.7952,1.0712
2024-06-30,"Nelson","Reg",0.6707,0.8245,1.0727
2024-06-30,"Marlborough","Reg",0.6287,0.7728,0.913
2024-06-30,"West Coast","Reg",0.5871,0.7217,0.8611
2024-06-30,"Canterbury","Reg",0.6373,0.7834,1.0443
2024-06-30,"Otago","Reg",0.4803,0.5904,1.0187
2024-06-30,"Southland","Reg",0.5556,0.6829,0.8169
2024-06-30,"Far North District","TA",0.6266,0.7703,0.8923
2024-06-30,"Whangarei District","TA",0.6336,0.7788,0.9218
2024-06-30,"Kaipara District","TA",0.4789,0.5887,0.8686
2024-06-30,"Thames Coromandel District","TA",0.5365,0.6594,0.8415
2024-06-30,"Hauraki District","TA",0.5226,0.6424,0.8366
2024-06-30,"Waikato District","TA",0.5001,0.6147,0.9584
2024-06-30,"Matamata Piako District","TA",0.4821,0.5926,0.8278
2024-06-30,"Hamilton City","TA",0.5664,0.6963,0.9875
2024-06-30,"Waipa District","TA",0.4792,0.589,0.911
2024-06-30,"Otorohanga District","TA",0.5067,0.6228,0.7482
2024-06-30,"South Waikato District","TA",0.4477,0.5503,0.6549
2024-06-30,"Waitomo District","TA",0.4614,0.5672,0.7411
2024-06-30,"Taupo District","TA",0.5578,0.6857,0.818
2024-06-30,"Western Bay of Plenty District","TA",0.5562,0.6837,0.8813
2024-06-30,"Tauranga City","TA",0.6331,0.7782,0.964
2024-06-30,"Rotorua District","TA",0.5664,0.6962,0.8105
2024-06-30,"Whakatane District","TA",0.5693,0.6998,0.9151
2024-06-30,"Kawerau District","TA",0.4232,0.5202,0.7377
2024-06-30,"Opotiki District","TA",0.627,0.7708,0.7466
2024-06-30,"Gisborne District","TA",0.5554,0.6827,0.8242
2024-06-30,"Wairoa District","TA",0.5702,0.7009,0.739
2024-06-30,"Hastings District","TA",0.5601,0.6885,0.9471
2024-06-30,"Napier City","TA",0.6101,0.75,0.9233
2024-06-30,"Central Hawkes Bay District","TA",0.5358,0.6586,0.6801
2024-06-30,"New Plymouth District","TA",0.5924,0.7283,0.9549
2024-06-30,"Stratford District","TA",0.5334,0.6557,0.701
2024-06-30,"South Taranaki District","TA",0.5257,0.6462,0.7337
2024-06-30,"Ruapehu District","TA",0.5523,0.6789,0.8032
2024-06-30,"Whanganui District","TA",0.4644,0.5708,0.7075
2024-06-30,"Rangitikei District","TA",0.4853,0.5966,0.6798
2024-06-30,"Manawatu District","TA",0.5443,0.6691,0.8772
2024-06-30,"Palmerston North City","TA",0.608,0.7474,0.9392
2024-06-30,"Tararua District","TA",0.4777,0.5872,0.7012
2024-06-30,"Horowhenua District","TA",0.5177,0.6364,0.7874
2024-06-30,"Kapiti Coast District","TA",0.614,0.7547,0.957
2024-06-30,"Porirua City","TA",0.628,0.7719,1.0071
2024-06-30,"Upper Hutt City","TA",0.633,0.7781,0.9257
2024-06-30,"Hutt City","TA",0.654,0.8039,1.0035
2024-06-30,"Wellington City","TA",0.6471,0.7954,1.1336
2024-06-30,"Masterton District","TA",0.5959,0.7325,0.8666
2024-06-30,"Carterton District","TA",0.4801,0.5902,0.7841
2024-06-30,"South Wairarapa District","TA",0.5752,0.707,0.9473
2024-06-30,"Tasman District","TA",0.6469,0.7952,1.0707
2024-06-30,"Nelson City","TA",0.6707,0.8245,1.0729
2024-06-30,"Marlborough District","TA",0.6287,0.7728,0.913
2024-06-30,"Kaikoura District","TA",0.5065,0.6226,0.9776
2024-06-30,"Buller District","TA",0.5535,0.6804,0.822
2024-06-30,"Grey District","TA",0.6132,0.7538,0.9092
2024-06-30,"Westland District","TA",0.5817,0.715,0.8466
2024-06-30,"Hurunui District","TA",0.6004,0.7381,0.9777
2024-06-30,"Waimakariri District","TA",0.5934,0.7294,1.0371
2024-06-30,"Christchurch City","TA",0.6343,0.7797,1.0302
2024-06-30,"Selwyn District","TA",0.6468,0.7951,1.1866
2024-06-30,"Ashburton District","TA",0.5904,0.7258,0.9533
2024-06-30,"Timaru District","TA",0.6106,0.7506,0.8917
2024-06-30,"MacKenzie District","TA",0.4831,0.5938,1.076
2024-06-30,"Waimate District","TA",0.5189,0.6379,0.7119
2024-06-30,"Waitaki District","TA",0.5575,0.6853,0.8829
2024-06-30,"Central Otago District","TA",0.5037,0.6192,0.8639
2024-06-30,"Queenstown Lakes District","TA",0.4906,0.603,0.9114
2024-06-30,"Dunedin City","TA",0.5628,0.6918,1.095
2024-06-30,"Clutha District","TA",0.4634,0.5697,0.797
2024-06-30,"Southland District","TA",0.511,0.6282,0.8689
2024-06-30,"Gore District","TA",0.5649,0.6944,0.7331
2024-06-30,"Invercargill City","TA",0.5793,0.7121,0.8499
2024-09-30,"New Zealand","NZ",0.6706,0.7457,1.0826
2024-09-30,"Northland","Reg",0.6811,0.7573,0.9153
2024-09-30,"Auckland","Reg",0.6754,0.751,1.1564
2024-09-30,"Waikato","Reg",0.6226,0.6923,0.9687
2024-09-30,"Bay of Plenty","Reg",0.6682,0.743,0.9309
2024-09-30,"Gisborne","Reg",0.6236,0.6934,0.815
2024-09-30,"Hawke's Bay","Reg",0.6509,0.7237,0.9342
2024-09-30,"Taranaki","Reg",0.6354,0.7065,0.898
2024-09-30,"Manawatu-Wanganui","Reg",0.6122,0.6807,0.8618
2024-09-30,"Wellington","Reg",0.7055,0.7844,1.1207
2024-09-30,"Tasman","Reg",0.7245,0.8055,1.0905
2024-09-30,"Nelson","Reg",0.7404,0.8233,1.096
2024-09-30,"Marlborough","Reg",0.7138,0.7937,0.8921
2024-09-30,"West Coast","Reg",0.6383,0.7098,0.894
2024-09-30,"Canterbury","Reg",0.714,0.7939,1.0611
2024-09-30,"Otago","Reg",0.5331,0.5927,1.0244
2024-09-30,"Southland","Reg",0.6187,0.6879,0.8177
2024-09-30,"Far North District","TA",0.6893,0.7664,0.9003
2024-09-30,"Whangarei District","TA",0.7111,0.7907,0.9247
2024-09-30,"Kaipara District","TA",0.5495,0.611,0.8823
2024-09-30,"Thames Coromandel District","TA",0.5935,0.6599,0.8298
2024-09-30,"Hauraki District","TA",0.601,0.6683,0.8347
2024-09-30,"Waikato District","TA",0.5546,0.6167,0.9575
2024-09-30,"Matamata Piako District","TA",0.5343,0.5941,0.8305
2024-09-30,"Hamilton City","TA",0.6336,0.7045,0.9952
2024-09-30,"Waipa District","TA",0.5325,0.5921,0.9487
2024-09-30,"Otorohanga District","TA",0.5398,0.6003,0.7645
2024-09-30,"South Waikato District","TA",0.4941,0.5495,0.6652
2024-09-30,"Waitomo District","TA",0.5478,0.6091,0.8127
2024-09-30,"Taupo District","TA",0.6217,0.6913,0.8444
2024-09-30,"Western Bay of Plenty District","TA",0.6256,0.6956,0.902
2024-09-30,"Tauranga City","TA",0.7221,0.8029,1.0035
2024-09-30,"Rotorua District","TA",0.6321,0.7029,0.8194
2024-09-30,"Whakatane District","TA",0.6337,0.7046,0.8736
2024-09-30,"Kawerau District","TA",0.4857,0.5401,0.7132
2024-09-30,"Opotiki District","TA",0.6215,0.6911,0.772
2024-09-30,"Gisborne District","TA",0.6236,0.6934,0.815
2024-09-30,"Wairoa District","TA",0.6131,0.6818,0.6766
2024-09-30,"Hastings District","TA",0.6311,0.7018,0.9684
2024-09-30,"Napier City","TA",0.6842,0.7608,0.9424
2024-09-30,"Central Hawkes Bay District","TA",0.5915,0.6577,0.6526
2024-09-30,"New Plymouth District","TA",0.6607,0.7346,0.9468
2024-09-30,"Stratford District","TA",0.5809,0.646,0.6934
2024-09-30,"South Taranaki District","TA",0.5752,0.6395,0.7677
2024-09-30,"Ruapehu District","TA",0.6137,0.6823,0.7213
2024-09-30,"Whanganui District","TA",0.5244,0.5831,0.7148
2024-09-30,"Rangitikei District","TA",0.5541,0.6161,0.708
2024-09-30,"Manawatu District","TA",0.6077,0.6757,0.8487
2024-09-30,"Palmerston North City","TA",0.6791,0.7551,0.9415
2024-09-30,"Tararua District","TA",0.5315,0.5909,0.7067
2024-09-30,"Horowhenua District","TA",0.5837,0.6491,0.7911
2024-09-30,"Kapiti Coast District","TA",0.7041,0.7829,0.9706
2024-09-30,"Porirua City","TA",0.7086,0.7879,1.0269
2024-09-30,"Upper Hutt City","TA",0.7204,0.8011,0.9594
2024-09-30,"Hutt City","TA",0.7456,0.829,1.0106
2024-09-30,"Wellington City","TA",0.7261,0.8073,1.1464
2024-09-30,"Masterton District","TA",0.6566,0.7301,0.8666
2024-09-30,"Carterton District","TA",0.5584,0.6209,0.7708
2024-09-30,"South Wairarapa District","TA",0.6419,0.7137,0.9264
2024-09-30,"Tasman District","TA",0.7245,0.8055,1.0898
2024-09-30,"Nelson City","TA",0.7404,0.8233,1.0964
2024-09-30,"Marlborough District","TA",0.7138,0.7937,0.8921
2024-09-30,"Kaikoura District","TA",0.5944,0.6609,0.8718
2024-09-30,"Buller District","TA",0.6565,0.73,0.8405
2024-09-30,"Grey District","TA",0.613,0.6816,0.9338
2024-09-30,"Westland District","TA",0.6343,0.7053,0.8906
2024-09-30,"Hurunui District","TA",0.6644,0.7388,0.9761
2024-09-30,"Waimakariri District","TA",0.665,0.7394,1.0409
2024-09-30,"Christchurch City","TA",0.7121,0.7918,1.0477
2024-09-30,"Selwyn District","TA",0.7215,0.8023,1.1686
2024-09-30,"Ashburton District","TA",0.6636,0.7379,0.9775
2024-09-30,"Timaru District","TA",0.6732,0.7486,0.9181
2024-09-30,"MacKenzie District","TA",0.5247,0.5834,1.2161
2024-09-30,"Waimate District","TA",0.5604,0.6231,0.7721
2024-09-30,"Waitaki District","TA",0.6197,0.6891,0.8981
2024-09-30,"Central Otago District","TA",0.5641,0.6272,0.8594
2024-09-30,"Queenstown Lakes District","TA",0.5437,0.6046,0.9359
2024-09-30,"Dunedin City","TA",0.6304,0.701,1.0712
2024-09-30,"Clutha District","TA",0.5157,0.5734,0.7835
2024-09-30,"Southland District","TA",0.5614,0.6242,0.8975
2024-09-30,"Gore District","TA",0.6411,0.7128,0.7243
2024-09-30,"Invercargill City","TA",0.6432,0.7152,0.847
2024-12-31,"New Zealand","NZ",0.731,0.7506,1.0862
2024-12-31,"Northland","Reg",0.7387,0.7585,0.9172
2024-12-31,"Auckland","Reg",0.7346,0.7543,1.1709
2024-12-31,"Waikato","Reg",0.6712,0.6892,0.9751
2024-12-31,"Bay of Plenty","Reg",0.7252,0.7446,0.9376
2024-12-31,"Gisborne","Reg",0.6772,0.6954,0.8334
2024-12-31,"Hawke's Bay","Reg",0.7121,0.7311,0.9293
2024-12-31,"Taranaki","Reg",0.6902,0.7087,0.9028
2024-12-31,"Manawatu-Wanganui","Reg",0.6722,0.6903,0.8773
2024-12-31,"Wellington","Reg",0.7758,0.7966,1.1399
2024-12-31,"Tasman","Reg",0.8018,0.8233,1.0951
2024-12-31,"Nelson","Reg",0.8113,0.8331,1.0881
2024-12-31,"Marlborough","Reg",0.7852,0.8063,0.8967
2024-12-31,"West Coast","Reg",0.695,0.7136,0.8451
2024-12-31,"Canterbury","Reg",0.7757,0.7965,1.0271
2024-12-31,"Otago","Reg",0.5858,0.6015,1.0241
2024-12-31,"Southland","Reg",0.6639,0.6817,0.8239
2024-12-31,"Far North District","TA",0.7592,0.7796,0.9136
2024-12-31,"Whangarei District","TA",0.7648,0.7853,0.9323
2024-12-31,"Kaipara District","TA",0.59,0.6058,0.8246
2024-12-31,"Thames Coromandel District","TA",0.6396,0.6568,0.7911
2024-12-31,"Hauraki District","TA",0.6463,0.6636,0.8492
2024-12-31,"Waikato District","TA",0.6033,0.6195,0.9848
2024-12-31,"Matamata Piako District","TA",0.5982,0.6142,0.8235
2024-12-31,"Hamilton City","TA",0.6774,0.6956,1.0027
2024-12-31,"Waipa District","TA",0.5914,0.6073,0.9348
2024-12-31,"Otorohanga District","TA",0.6147,0.6312,0.7884
2024-12-31,"South Waikato District","TA",0.516,0.5299,0.6667
2024-12-31,"Waitomo District","TA",0.5881,0.6039,0.7813
2024-12-31,"Taupo District","TA",0.7037,0.7225,0.8398
2024-12-31,"Western Bay of Plenty District","TA",0.6866,0.705,0.9101
2024-12-31,"Tauranga City","TA",0.7793,0.8002,1.0098
2024-12-31,"Rotorua District","TA",0.6791,0.6973,0.8234
2024-12-31,"Whakatane District","TA",0.7008,0.7196,0.9208
2024-12-31,"Kawerau District","TA",0.5021,0.5155,0.6925
2024-12-31,"Opotiki District","TA",0.7036,0.7225,0.7868
2024-12-31,"Gisborne District","TA",0.6772,0.6954,0.8334
2024-12-31,"Wairoa District","TA",0.6877,0.7061,0.6891
2024-12-31,"Hastings District","TA",0.6991,0.7179,0.9591
2024-12-31,"Napier City","TA",0.7359,0.7556,0.9396
2024-12-31,"Central Hawkes Bay District","TA",0.6695,0.6875,0.6657
2024-12-31,"New Plymouth District","TA",0.7148,0.734,0.9537
2024-12-31,"Stratford District","TA",0.6182,0.6348,0.6803
2024-12-31,"South Taranaki District","TA",0.6472,0.6645,0.7594
2024-12-31,"Ruapehu District","TA",0.6557,0.6733,0.7888
2024-12-31,"Whanganui District","TA",0.5736,0.589,0.7126
2024-12-31,"Rangitikei District","TA",0.5995,0.6156,0.7119
2024-12-31,"Manawatu District","TA",0.6777,0.6959,0.8654
2024-12-31,"Palmerston North City","TA",0.7481,0.7682,0.9693
2024-12-31,"Tararua District","TA",0.5824,0.598,0.7023
2024-12-31,"Horowhenua District","TA",0.6329,0.6499,0.7572
2024-12-31,"Kapiti Coast District","TA",0.7505,0.7706,1.0038
2024-12-31,"Porirua City","TA",0.7809,0.8019,1.0783
2024-12-31,"Upper Hutt City","TA",0.799,0.8204,0.986
2024-12-31,"Hutt City","TA",0.8138,0.8356,1.0438
2024-12-31,"Wellington City","TA",0.803,0.8245,1.1471
2024-12-31,"Masterton District","TA",0.7326,0.7522,0.8383
2024-12-31,"Carterton District","TA",0.6026,0.6188,0.7911
2024-12-31,"South Wairarapa District","TA",0.7124,0.7315,0.965
2024-12-31,"Tasman District","TA",0.8018,0.8233,1.0951
2024-12-31,"Nelson City","TA",0.8113,0.8331,1.0883
2024-12-31,"Marlborough District","TA",0.7852,0.8063,0.8967
2024-12-31,"Kaikoura District","TA",0.6701,0.688,1.1044
2024-12-31,"Buller District","TA",0.6834,0.7017,0.7471
2024-12-31,"Grey District","TA",0.6978,0.7165,0.886
2024-12-31,"Westland District","TA",0.6849,0.7033,0.8917
2024-12-31,"Hurunui District","TA",0.7178,0.737,1.0158
2024-12-31,"Waimakariri District","TA",0.7213,0.7407,1.0394
2024-12-31,"Christchurch City","TA",0.7702,0.7909,1.0062
2024-12-31,"Selwyn District","TA",0.7908,0.812,1.2039
2024-12-31,"Ashburton District","TA",0.7236,0.743,0.96
2024-12-31,"Timaru District","TA",0.7517,0.7719,0.9067
2024-12-31,"MacKenzie District","TA",0.5629,0.578,1.0974
2024-12-31,"Waimate District","TA",0.6131,0.6296,0.7881
2024-12-31,"Waitaki District","TA",0.6753,0.6934,0.8944
2024-12-31,"Central Otago District","TA",0.6003,0.6164,0.8809
2024-12-31,"Queenstown Lakes District","TA",0.61,0.6263,0.9501
2024-12-31,"Dunedin City","TA",0.6821,0.7004,1.0638
2024-12-31,"Clutha District","TA",0.5656,0.5807,0.7789
2024-12-31,"Southland District","TA",0.6168,0.6334,0.8542
2024-12-31,"Gore District","TA",0.7019,0.7208,0.7253
2024-12-31,"Invercargill City","TA",0.6897,0.7082,0.859
2025-03-31,"New Zealand","NZ",0.802,0.7621,1.069
2025-03-31,"Northland","Reg",0.8165,0.7758,0.9194
2025-03-31,"Auckland","Reg",0.7929,0.7535,1.1537
2025-03-31,"Waikato","Reg",0.7083,0.673,0.9762
2025-03-31,"Bay of Plenty","Reg",0.7928,0.7533,0.9171
2025-03-31,"Gisborne","Reg",0.7284,0.6922,0.8315
2025-03-31,"Hawke's Bay","Reg",0.758,0.7203,0.9185
2025-03-31,"Taranaki","Reg",0.7483,0.711,0.9139
2025-03-31,"Manawatu-Wanganui","Reg",0.7246,0.6885,0.8576
2025-03-31,"Wellington","Reg",0.8974,0.8527,1.1337
2025-03-31,"Tasman","Reg",0.8442,0.8022,1.0707
2025-03-31,"Nelson","Reg",0.876,0.8324,1.0661
2025-03-31,"Marlborough","Reg",0.8554,0.8129,0.881
2025-03-31,"West Coast","Reg",0.7574,0.7197,0.8576
2025-03-31,"Canterbury","Reg",0.8355,0.7939,1.0235
2025-03-31,"Otago","Reg",0.6291,0.5978,0.9461
2025-03-31,"Southland","Reg",0.7193,0.6835,0.8206
2025-03-31,"Far North District","TA",0.8469,0.8047,0.9008
2025-03-31,"Whangarei District","TA",0.8323,0.7908,0.9285
2025-03-31,"Kaipara District","TA",0.6778,0.644,0.8827
2025-03-31,"Thames Coromandel District","TA",0.6929,0.6584,0.8176
2025-03-31,"Hauraki District","TA",0.6829,0.6489,0.7714
2025-03-31,"Waikato District","TA",0.6599,0.6271,0.9428
2025-03-31,"Matamata Piako District","TA",0.6704,0.637,0.8144
2025-03-31,"Hamilton City","TA",0.7126,0.6771,1.0045
2025-03-31,"Waipa District","TA",0.646,0.6138,0.9304
2025-03-31,"Otorohanga District","TA",0.6521,0.6196,0.7538
2025-03-31,"South Waikato District","TA",0.5828,0.5537,0.6748
2025-03-31,"Waitomo District","TA",0.612,0.5816,0.815
2025-03-31,"Taupo District","TA",NA,NA,0.8489
2025-03-31,"Western Bay of Plenty District","TA",0.723,0.687,0.8906
2025-03-31,"Tauranga City","TA",0.8572,0.8146,0.9761
2025-03-31,"Rotorua District","TA",0.7547,0.7171,0.8174
2025-03-31,"Whakatane District","TA",0.7539,0.7164,0.937
2025-03-31,"Kawerau District","TA",0.5744,0.5458,0.732
2025-03-31,"Opotiki District","TA",0.7359,0.6993,0.8112
2025-03-31,"Gisborne District","TA",0.7284,0.6922,0.8315
2025-03-31,"Wairoa District","TA",0.7828,0.7438,0.671
2025-03-31,"Hastings District","TA",0.7375,0.7008,0.961
2025-03-31,"Napier City","TA",0.795,0.7554,0.9212
2025-03-31,"Central Hawkes Bay District","TA",0.733,0.6965,0.638
2025-03-31,"New Plymouth District","TA",0.7754,0.7368,0.9596
2025-03-31,"Stratford District","TA",0.7028,0.6678,0.7149
2025-03-31,"South Taranaki District","TA",0.6804,0.6465,0.7826
2025-03-31,"Ruapehu District","TA",0.7548,0.7172,0.687
2025-03-31,"Whanganui District","TA",0.6168,0.5861,0.6479
2025-03-31,"Rangitikei District","TA",0.651,0.6186,0.6739
2025-03-31,"Manawatu District","TA",0.7131,0.6776,0.8748
2025-03-31,"Palmerston North City","TA",0.8085,0.7683,0.959
2025-03-31,"Tararua District","TA",0.6218,0.5908,0.7165
2025-03-31,"Horowhenua District","TA",0.693,0.6585,0.7787
2025-03-31,"Kapiti Coast District","TA",0.8052,0.7651,0.9759
2025-03-31,"Porirua City","TA",0.8581,0.8154,1.018
2025-03-31,"Upper Hutt City","TA",0.8619,0.819,0.9815
2025-03-31,"Hutt City","TA",0.8736,0.8301,1.0502
2025-03-31,"Wellington City","TA",0.9483,0.9011,1.133
2025-03-31,"Masterton District","TA",0.8275,0.7863,0.8697
2025-03-31,"Carterton District","TA",0.6512,0.6188,0.8216
2025-03-31,"South Wairarapa District","TA",0.8002,0.7604,0.9432
2025-03-31,"Tasman District","TA",0.8442,0.8022,1.0703
2025-03-31,"Nelson City","TA",0.876,0.8324,1.0664
2025-03-31,"Marlborough District","TA",0.8554,0.8129,0.881
2025-03-31,"Kaikoura District","TA",0.6938,0.6593,0.9636
2025-03-31,"Buller District","TA",0.7284,0.6921,0.7968
2025-03-31,"Grey District","TA",0.7541,0.7166,0.9187
2025-03-31,"Westland District","TA",0.7483,0.7111,0.8754
2025-03-31,"Hurunui District","TA",0.785,0.7459,0.969
2025-03-31,"Waimakariri District","TA",0.7818,0.7429,1.0418
2025-03-31,"Christchurch City","TA",0.8293,0.788,1.0029
2025-03-31,"Selwyn District","TA",0.8479,0.8057,1.2429
2025-03-31,"Ashburton District","TA",0.7766,0.7379,0.966
2025-03-31,"Timaru District","TA",0.8128,0.7723,0.9096
2025-03-31,"MacKenzie District","TA",0.5968,0.5671,0.7331
2025-03-31,"Waimate District","TA",0.682,0.6481,0.8113
2025-03-31,"Waitaki District","TA",0.7076,0.6724,0.8408
2025-03-31,"Central Otago District","TA",0.6481,0.6159,0.8713
2025-03-31,"Queenstown Lakes District","TA",0.6565,0.6238,0.9748
2025-03-31,"Dunedin City","TA",0.7446,0.7075,0.9371
2025-03-31,"Clutha District","TA",0.6133,0.5828,0.725
2025-03-31,"Southland District","TA",0.6612,0.6282,0.8586
2025-03-31,"Gore District","TA",0.7481,0.7108,0.704
2025-03-31,"Invercargill City","TA",0.7517,0.7143,0.8589
2003-12-31,"Auckland","TA",0.8583,1.0698,0.9215
2004-03-31,"Auckland","TA",0.8759,1.0617,0.933
2004-06-30,"Auckland","TA",0.8598,1.0619,0.9523
2004-09-30,"Auckland","TA",0.8254,1.0665,0.9712
2004-12-31,"Auckland","TA",0.8363,1.0572,0.9784
2005-03-31,"Auckland","TA",0.7926,1.0428,0.9867
2005-06-30,"Auckland","TA",0.7864,1.0395,0.997
2005-09-30,"Auckland","TA",0.7801,1.025,1.0124
2005-12-31,"Auckland","TA",0.7189,1.0034,1.0211
2006-03-31,"Auckland","TA",0.7341,1.0048,1.0312
2006-06-30,"Auckland","TA",0.7438,1.0054,1.0295
2006-09-30,"Auckland","TA",0.7133,0.9938,1.0353
2006-12-31,"Auckland","TA",0.7004,0.9739,1.0309
2007-03-31,"Auckland","TA",0.6495,0.9403,1.0216
2007-06-30,"Auckland","TA",0.5975,0.9166,1.0136
2007-09-30,"Auckland","TA",0.5858,0.9221,1.0197
2007-12-31,"Auckland","TA",0.5866,0.9318,1.0194
2008-03-31,"Auckland","TA",0.5845,0.9585,1.0152
2008-06-30,"Auckland","TA",0.6273,1.01,1.0165
2008-09-30,"Auckland","TA",0.6804,1.0352,1.0448
2008-12-31,"Auckland","TA",0.8261,1.0769,1.0574
2009-03-31,"Auckland","TA",1.0317,1.086,1.0604
2009-06-30,"Auckland","TA",0.9946,1.0652,1.0671
2009-09-30,"Auckland","TA",0.9287,1.0322,1.0711
2009-12-31,"Auckland","TA",0.8204,1.0048,1.0537
2010-03-31,"Auckland","TA",0.8185,1.0086,1.0485
2010-06-30,"Auckland","TA",0.842,1.0297,1.0429
2010-09-30,"Auckland","TA",0.8796,1.029,1.0475
2010-12-31,"Auckland","TA",0.9002,1.033,1.0455
2011-03-31,"Auckland","TA",0.9153,1.0304,1.0323
2011-06-30,"Auckland","TA",0.9276,1.0226,1.0168
2011-09-30,"Auckland","TA",0.9211,1.0091,1.0128
2011-12-31,"Auckland","TA",0.9771,1.0117,1.0145
2012-03-31,"Auckland","TA",1,1,1
2012-06-30,"Auckland","TA",1.0152,0.9821,0.9966
2012-09-30,"Auckland","TA",1.006,0.953,1.005
2012-12-31,"Auckland","TA",0.9979,0.9317,1.0034
2013-03-31,"Auckland","TA",0.9551,0.9048,0.9881
2013-06-30,"Auckland","TA",0.9358,0.8829,0.9971
2013-09-30,"Auckland","TA",0.8579,0.8451,1.0023
2013-12-31,"Auckland","TA",0.835,0.845,1.0062
2014-03-31,"Auckland","TA",0.7951,0.8333,0.9935
2014-06-30,"Auckland","TA",0.7735,0.8266,1.001
2014-09-30,"Auckland","TA",0.7568,0.8161,1.0072
2014-12-31,"Auckland","TA",0.7321,0.7789,1.0008
2015-03-31,"Auckland","TA",0.7212,0.7468,0.9846
2015-06-30,"Auckland","TA",0.722,0.715,0.9863
2015-09-30,"Auckland","TA",0.7303,0.681,0.9914
2015-12-31,"Auckland","TA",0.7709,0.6933,0.9845
2016-03-31,"Auckland","TA",0.7666,0.6798,0.9862
2016-06-30,"Auckland","TA",0.7463,0.6478,0.9881
2016-09-30,"Auckland","TA",0.7293,0.6326,0.9922
2016-12-31,"Auckland","TA",0.7316,0.6396,0.9901
2017-03-31,"Auckland","TA",0.7351,0.6381,0.9758
2017-06-30,"Auckland","TA",0.7458,0.6497,0.9829
2017-09-30,"Auckland","TA",0.7625,0.6569,0.998
2017-12-31,"Auckland","TA",0.7714,0.6565,1.0063
2018-03-31,"Auckland","TA",0.7937,0.6616,0.9997
2018-06-30,"Auckland","TA",0.8155,0.6742,1.0093
2018-09-30,"Auckland","TA",0.8459,0.6793,1.0218
2018-12-31,"Auckland","TA",0.8931,0.6895,1.0242
2019-03-31,"Auckland","TA",0.9244,0.7003,1.0095
2019-06-30,"Auckland","TA",1.0099,0.7171,1.0223
2019-09-30,"Auckland","TA",1.0766,0.7128,1.0325
2019-12-31,"Auckland","TA",1.1208,0.7039,1.0319
2020-03-31,"Auckland","TA",1.1013,0.6889,1.0312
2020-06-30,"Auckland","TA",1.2967,0.6969,1.0353
2020-09-30,"Auckland","TA",1.3607,0.6676,1.0492
2020-12-31,"Auckland","TA",1.2805,0.6189,1.0356
2021-03-31,"Auckland","TA",1.2206,0.5781,1.0363
2021-06-30,"Auckland","TA",1.242,0.5807,1.0649
2021-09-30,"Auckland","TA",1.0375,0.5563,1.0687
2021-12-31,"Auckland","TA",0.7189,0.5301,1.0643
2022-03-31,"Auckland","TA",0.6922,0.55,1.0762
2022-06-30,"Auckland","TA",0.6131,0.5874,1.0959
2022-09-30,"Auckland","TA",0.6288,0.6238,1.1314
2022-12-31,"Auckland","TA",0.566,0.652,1.1349
2023-03-31,"Auckland","TA",0.5776,0.6844,1.1229
2023-06-30,"Auckland","TA",0.5917,0.704,1.1085
2023-09-30,"Auckland","TA",0.5637,0.6998,1.1196
2023-12-31,"Auckland","TA",0.5478,0.6987,1.119
2024-03-31,"Auckland","TA",0.5733,0.7145,1.1157
2024-06-30,"Auckland","TA",0.6034,0.7417,1.1285
2024-09-30,"Auckland","TA",0.68,0.7561,1.1569
2024-12-31,"Auckland","TA",0.7404,0.7603,1.1713
2025-03-31,"Auckland","TA",0.8012,0.7613,1.1545
