Suburb,Local_authority,Average_property_value,Date
Arrowtown,Queenstown-Lakes,2548000,2024-02-01
Mataura,Gore,330000,2024-02-01
Whitford,Auckland Manukau,3394000,2024-02-01
Twizel,Mackenzie,767000,2024-02-01
Lake Hayes,Queenstown-Lakes,2574000,2024-02-01
East Gore,Gore,419000,2024-02-01
Lake Tekapo,Mackenzie,1122000,2024-02-01
Kaiti,Gisborne,520000,2024-02-01
Reefton,Buller,379000,2024-02-01
Gore,Gore,492000,2024-02-01
Cobden,Grey,287000,2024-02-01
Lower Shotover,Queenstown-Lakes,1753000,2024-02-01
Bridge Hill,Central Otago,957000,2024-02-01
Wanaka,Queenstown-Lakes,2034000,2024-02-01
Rongotea,Manawatu,719000,2024-02-01
Jacks Point,Queenstown-Lakes,1835000,2024-02-01
Otautau,Southland,409000,2024-02-01
Mangawhai,Kaipara,1354000,2024-02-01
Hunua,Auckland Franklin,1429000,2024-02-01
Otara,Auckland Manukau,784000,2024-02-01
Clyde,Central Otago,962000,2024-02-01
Mount Pisa,Central Otago,1427000,2024-02-01
Outer Kaiti,Gisborne,495000,2024-02-01
Havelock,Marlborough,697000,2024-02-01
Whangamata,Thames-Coromandel,1404000,2024-02-01
Maori Hill,Dunedin,1073000,2024-02-01
Herne Bay,Auckland City,3695000,2024-02-01
Goodwood Heights,Auckland Manukau,1073000,2024-02-01
Cockle Bay,Auckland Manukau,1648000,2024-02-01
Tainui,Dunedin,613000,2024-02-01
Kaukapakapa,Auckland Rodney,1434000,2024-02-01
Fairfield,Dunedin,777000,2024-02-01
Outram,Dunedin,846000,2024-02-01
Lake Hawea,Queenstown-Lakes,1353000,2024-02-01
Halfway Bush,Dunedin,633000,2024-02-01
Stratford,Stratford,537000,2024-02-01
Great Barrier Island (Aotea Island),Auckland City,830000,2024-02-01
Somerville,Auckland Manukau,1512000,2024-02-01
Oteha,Auckland North Shore,1213000,2024-02-01
Renwick,Marlborough,769000,2024-02-01
Taumarunui,Ruapehu,361000,2024-02-01
Lumsden,Southland,407000,2024-02-01
Murupara,Whakatane,203000,2024-02-01
Cromwell,Central Otago,987000,2024-02-01
Brockville,Dunedin,534000,2024-02-01
Fairlie,Mackenzie,558000,2024-02-01
Queenstown,Queenstown-Lakes,1705000,2024-02-01
Fendalton,Christchurch,1736000,2024-02-01
Mangawhai Heads,Kaipara,1398000,2024-02-01
Paekakariki,Kapiti Coast,938000,2024-02-01
Churton Park,Wellington,1098000,2024-02-01
Dannemora,Auckland Manukau,1672000,2024-02-01
Pakuranga Heights,Auckland Manukau,1210000,2024-02-01
Lynfield,Auckland City,1366000,2024-02-01
Schnapper Rock,Auckland North Shore,1687000,2024-02-01
Saint Clair,Dunedin,880000,2024-02-01
Akaroa,Christchurch,1078000,2024-02-01
Waiwhetu,Lower Hutt,756000,2024-02-01
Winton,Southland,621000,2024-02-01
Panmure,Auckland City,1028000,2024-02-01
Half Moon Bay,Auckland Manukau,1641000,2024-02-01
Avonhead,Christchurch,820000,2024-02-01
Hastings,Hastings,612000,2024-02-01
Mellons Bay,Auckland Manukau,2188000,2024-02-01
Sunnyhills,Auckland Manukau,1700000,2024-02-01
Belleknowes,Dunedin,810000,2024-02-01
Concord,Dunedin,584000,2024-02-01
Waikouaiti,Dunedin,533000,2024-02-01
Otaki,Kapiti Coast,715000,2024-02-01
Naenae,Lower Hutt,633000,2024-02-01
Normandale,Lower Hutt,913000,2024-02-01
Stokes Valley,Lower Hutt,648000,2024-02-01
Crofton Downs,Wellington,1039000,2024-02-01
Northpark,Auckland Manukau,1478000,2024-02-01
Fairview Heights,Auckland North Shore,1639000,2024-02-01
Fairfield,Lower Hutt,779000,2024-02-01
Albert Town,Queenstown-Lakes,1626000,2024-02-01
Riverton/Aparima,Southland,682000,2024-02-01
Hillcrest,Auckland North Shore,1250000,2024-02-01
Dobson,Grey,341000,2024-02-01
Martinborough,South Wairarapa,1001000,2024-02-01
Kuratau,Taupo,903000,2024-02-01
New Lynn,Auckland Waitakere,894000,2024-02-01
Abbotsford,Dunedin,625000,2024-02-01
Maungaraki,Lower Hutt,885000,2024-02-01
Clover Park,Auckland Manukau,867000,2024-02-01
Kaikorai,Dunedin,588000,2024-02-01
Ohau,Horowhenua,1006000,2024-02-01
Greenmeadows,Napier,819000,2024-02-01
Island Bay,Wellington,1155000,2024-02-01
Clendon Park,Auckland Manukau,748000,2024-02-01
Highland Park,Auckland Manukau,1192000,2024-02-01
Randwick Park,Auckland Manukau,801000,2024-02-01
Drury,Auckland Papakura,1334000,2024-02-01
Oamaru,Waitaki,444000,2024-02-01
Johnsonville,Wellington,858000,2024-02-01
Tapanui,Clutha,402000,2024-02-01
Andersons Bay,Dunedin,668000,2024-02-01
Turangi,Taupo,485000,2024-02-01
Manurewa,Auckland Manukau,850000,2024-02-01
Greenhithe,Auckland North Shore,1796000,2024-02-01
Bishopdale,Christchurch,677000,2024-02-01
Hoon Hay,Christchurch,659000,2024-02-01
Karoro,Grey,575000,2024-02-01
Belmont,Lower Hutt,955000,2024-02-01
Glenbrook,Auckland Franklin,1189000,2024-02-01
Hillpark,Auckland Manukau,952000,2024-02-01
Wattle Downs,Auckland Manukau,1064000,2024-02-01
Chatswood,Auckland North Shore,1532000,2024-02-01
Kew,Dunedin,673000,2024-02-01
Silverdale,Hamilton,737000,2024-02-01
Avalon,Lower Hutt,730000,2024-02-01
Plimmerton,Porirua,1016000,2024-02-01
Mount Maunganui,Tauranga,1461000,2024-02-01
Swanson,Auckland Waitakere,1183000,2024-02-01
Green Island,Dunedin,610000,2024-02-01
Arthurs Point,Queenstown-Lakes,1651000,2024-02-01
Te Anau,Southland,778000,2024-02-01
Freemans Bay,Auckland City,1721000,2024-02-01
Pukekohe,Auckland Franklin,935000,2024-02-01
Red Beach,Auckland Rodney,1259000,2024-02-01
Warkworth,Auckland Rodney,1230000,2024-02-01
Massey,Auckland Waitakere,998000,2024-02-01
Hillmorton,Christchurch,682000,2024-02-01
South New Brighton,Christchurch,623000,2024-02-01
Waverley,Dunedin,795000,2024-02-01
Maeroa,Hamilton,732000,2024-02-01
Kaikoura,Kaikoura,708000,2024-02-01
Kaiwaka,Kaipara,946000,2024-02-01
Boulcott,Lower Hutt,882000,2024-02-01
Masterton,Masterton,534000,2024-02-01
Fernhill,Queenstown-Lakes,1328000,2024-02-01
Featherston,South Wairarapa,590000,2024-02-01
Nukuhau,Taupo,895000,2024-02-01
Papamoa Beach,Tauranga,1102000,2024-02-01
Wadestown,Wellington,1251000,2024-02-01
Manukau,Auckland Manukau,638000,2024-02-01
Totara Heights,Auckland Manukau,1029000,2024-02-01
Hamilton Central,Hamilton,758000,2024-02-01
Shannon,Horowhenua,489000,2024-02-01
Lansdowne,Masterton,633000,2024-02-01
Cannons Creek,Porirua,581000,2024-02-01
Titahi Bay,Porirua,729000,2024-02-01
Rangatira Park,Taupo,1009000,2024-02-01
Waipahihi,Taupo,1109000,2024-02-01
Methven,Ashburton,691000,2024-02-01
Westmere,Auckland City,2624000,2024-02-01
Unsworth Heights,Auckland North Shore,1188000,2024-02-01
Cracroft,Christchurch,1141000,2024-02-01
Wakari,Dunedin,598000,2024-02-01
Greymouth,Grey,436000,2024-02-01
Eskdale,Hastings,1359000,2024-02-01
Otatara,Invercargill,791000,2024-02-01
Raumati South,Kapiti Coast,880000,2024-02-01
Woburn,Lower Hutt,1187000,2024-02-01
Richmond Heights,Taupo,784000,2024-02-01
Tairua,Thames-Coromandel,1122000,2024-02-01
Totara Park,Upper Hutt,690000,2024-02-01
Hampstead,Ashburton,446000,2024-02-01
Orakei,Auckland City,2443000,2024-02-01
Ostend,Auckland City,1461000,2024-02-01
Botany Downs,Auckland Manukau,1287000,2024-02-01
Golflands,Auckland Manukau,1330000,2024-02-01
Waitakere,Auckland Waitakere,1407000,2024-02-01
Kawakawa,Far North,516000,2024-02-01
Eastbourne,Lower Hutt,1167000,2024-02-01
Monaco,Nelson,742000,2024-02-01
Upper Moutere,Tasman,1303000,2024-02-01
Acacia Bay,Taupo,1371000,2024-02-01
Te Aro,Wellington,720000,2024-02-01
Beachlands,Auckland Manukau,1595000,2024-02-01
Beach Haven,Auckland North Shore,1084000,2024-02-01
Glenfield,Auckland North Shore,1026000,2024-02-01
Westport,Buller,399000,2024-02-01
Hornby,Christchurch,596000,2024-02-01
Bader,Hamilton,601000,2024-02-01
Queenwood,Hamilton,1024000,2024-02-01
Aokautere,Palmerston North,1173000,2024-02-01
Pukerua Bay,Porirua,899000,2024-02-01
Matarangi,Thames-Coromandel,1127000,2024-02-01
Palmerston,Waitaki,437000,2024-02-01
Glendowie,Auckland City,2299000,2024-02-01
Bucklands Beach,Auckland Manukau,1772000,2024-02-01
Clevedon,Auckland Manukau,2059000,2024-02-01
Paihia,Far North,837000,2024-02-01
Hillcrest,Hamilton,788000,2024-02-01
Greytown,South Wairarapa,966000,2024-02-01
Hope,Tasman,1291000,2024-02-01
Coromandel,Thames-Coromandel,855000,2024-02-01
Elderslea,Upper Hutt,730000,2024-02-01
Morningside,Auckland City,1302000,2024-02-01
Saint Johns,Auckland City,1517000,2024-02-01
East Tamaki Heights,Auckland Manukau,1816000,2024-02-01
Hei Hei,Christchurch,610000,2024-02-01
Epuni,Lower Hutt,793000,2024-02-01
Taita,Lower Hutt,634000,2024-02-01
Kuripuni,Masterton,536000,2024-02-01
Pauanui,Thames-Coromandel,1524000,2024-02-01
Parkside,Timaru,461000,2024-02-01
Tuakau,Waikato,850000,2024-02-01
Newmarket,Auckland City,891000,2024-02-01
Wiri,Auckland Manukau,697000,2024-02-01
Birkenhead,Auckland North Shore,1354000,2024-02-01
Coatesville,Auckland Rodney,3585000,2024-02-01
Dairy Flat,Auckland Rodney,2394000,2024-02-01
Waimauku,Auckland Rodney,1598000,2024-02-01
Laingholm,Auckland Waitakere,1025000,2024-02-01
Ranui,Auckland Waitakere,859000,2024-02-01
Alexandra,Central Otago,780000,2024-02-01
Casebrook,Christchurch,843000,2024-02-01
Cashmere,Christchurch,1170000,2024-02-01
Russley,Christchurch,709000,2024-02-01
Spreydon,Christchurch,623000,2024-02-01
Balclutha,Clutha,438000,2024-02-01
Kenmure,Dunedin,617000,2024-02-01
Kerikeri,Far North,1092000,2024-02-01
Russell,Far North,1520000,2024-02-01
Kelson,Lower Hutt,852000,2024-02-01
Aotea,Porirua,1251000,2024-02-01
Dannevirke,Tararua,484000,2024-02-01
Ohoka,Waimakariri,1491000,2024-02-01
Hikurangi,Whangarei,584000,2024-02-01
Point England,Auckland City,1017000,2024-02-01
Bombay,Auckland Franklin,1644000,2024-02-01
Howick,Auckland Manukau,1223000,2024-02-01
Papatoetoe,Auckland Manukau,875000,2024-02-01
Northcross,Auckland North Shore,1342000,2024-02-01
Matakana,Auckland Rodney,1872000,2024-02-01
Roslyn,Dunedin,901000,2024-02-01
Hutt Central,Lower Hutt,1006000,2024-02-01
Birchville,Upper Hutt,712000,2024-02-01
Fairview Downs,Waikato,721000,2024-02-01
Swannanoa,Waimakariri,1313000,2024-02-01
Grafton,Auckland City,669000,2024-02-01
One Tree Hill,Auckland City,1373000,2024-02-01
Manurewa East,Auckland Manukau,753000,2024-02-01
Milford,Auckland North Shore,1805000,2024-02-01
Sunnynook,Auckland North Shore,1206000,2024-02-01
Takanini,Auckland Papakura,945000,2024-02-01
Kennedys Bush,Christchurch,1757000,2024-02-01
Redcliffs,Christchurch,1188000,2024-02-01
Waipapa,Far North,1073000,2024-02-01
Maungaturoto,Kaipara,757000,2024-02-01
Waterloo,Lower Hutt,844000,2024-02-01
Onekawa,Napier,598000,2024-02-01
Whitby,Porirua,986000,2024-02-01
Cust,Waimakariri,1069000,2024-02-01
Holmes Hill,Waitaki,584000,2024-02-01
Karori,Wellington,1067000,2024-02-01
Seatoun,Wellington,1756000,2024-02-01
Whakatane,Whakatane,703000,2024-02-01
Onehunga,Auckland City,1162000,2024-02-01
Onetangi,Auckland City,1903000,2024-02-01
Patumahoe,Auckland Franklin,1257000,2024-02-01
Albany,Auckland North Shore,1137000,2024-02-01
Albany Heights,Auckland North Shore,1438000,2024-02-01
Bayview,Auckland North Shore,1019000,2024-02-01
Forrest Hill,Auckland North Shore,1414000,2024-02-01
Opaheke,Auckland Papakura,1092000,2024-02-01
Green Bay,Auckland Waitakere,1204000,2024-02-01
Sunnyvale,Auckland Waitakere,903000,2024-02-01
Redwood,Christchurch,665000,2024-02-01
Sumner,Christchurch,1169000,2024-02-01
Sydenham,Christchurch,571000,2024-02-01
Dunedin Central,Dunedin,704000,2024-02-01
Mornington,Dunedin,574000,2024-02-01
Chedworth,Hamilton,917000,2024-02-01
Dargaville,Kaipara,535000,2024-02-01
Halcombe,Manawatu,825000,2024-02-01
Enner Glynn,Nelson,888000,2024-02-01
Frankton,Queenstown-Lakes,1241000,2024-02-01
Rolleston,Selwyn,867000,2024-02-01
Trentham,Upper Hutt,698000,2024-02-01
Hataitai,Wellington,1181000,2024-02-01
Rakaia,Ashburton,550000,2024-02-01
Wai o Taiki Bay,Auckland City,1582000,2024-02-01
Huapai,Auckland Rodney,1267000,2024-02-01
Wainui,Auckland Rodney,1479000,2024-02-01
Diamond Harbour,Christchurch,774000,2024-02-01
Edgeware,Christchurch,561000,2024-02-01
Claudelands,Hamilton,769000,2024-02-01
Roslyn,Palmerston North,553000,2024-02-01
Ranui,Porirua,642000,2024-02-01
Redwood Valley,Tasman,1558000,2024-02-01
Taupo,Taupo,738000,2024-02-01
Whitianga,Thames-Coromandel,1040000,2024-02-01
Pinehaven,Upper Hutt,770000,2024-02-01
Brooklyn,Wellington,1096000,2024-02-01
Eden Terrace,Auckland City,806000,2024-02-01
East Tamaki,Auckland Manukau,1150000,2024-02-01
Flat Bush,Auckland Manukau,1374000,2024-02-01
Henderson Valley,Auckland Waitakere,1327000,2024-02-01
Halswell,Christchurch,849000,2024-02-01
Lyttelton,Christchurch,784000,2024-02-01
Northcote,Christchurch,589000,2024-02-01
Sockburn,Christchurch,622000,2024-02-01
Amberley,Hurunui,742000,2024-02-01
Strandon,New Plymouth,979000,2024-02-01
Pahiatua,Tararua,481000,2024-02-01
Motueka,Tasman,725000,2024-02-01
Kinloch,Taupo,1361000,2024-02-01
Clouston Park,Upper Hutt,665000,2024-02-01
Edgecumbe,Whakatane,667000,2024-02-01
Netherby,Ashburton,550000,2024-02-01
Otahuhu,Auckland City,794000,2024-02-01
Maraetai,Auckland Manukau,1546000,2024-02-01
Murrays Bay,Auckland North Shore,1794000,2024-02-01
Windsor Park,Auckland North Shore,1377000,2024-02-01
Helensville,Auckland Rodney,1168000,2024-02-01
Huntsbury,Christchurch,1157000,2024-02-01
Shirley,Christchurch,649000,2024-02-01
Somerfield,Christchurch,740000,2024-02-01
South Dunedin,Dunedin,413000,2024-02-01
Elgin,Gisborne,475000,2024-02-01
Mangapapa,Gisborne,639000,2024-02-01
Foxton,Horowhenua,511000,2024-02-01
Waitarere Beach,Horowhenua,650000,2024-02-01
Hanmer Springs,Hurunui,830000,2024-02-01
Otaki Beach,Kapiti Coast,617000,2024-02-01
Washington Valley,Nelson,612000,2024-02-01
West Melton,Selwyn,1331000,2024-02-01
Putaruru,South Waikato,547000,2024-02-01
Thames,Thames-Coromandel,741000,2024-02-01
Geraldine,Timaru,607000,2024-02-01
Silverstream,Upper Hutt,873000,2024-02-01
Khandallah,Wellington,1261000,2024-02-01
Mount Cook,Wellington,784000,2024-02-01
Strathmore Park,Wellington,1052000,2024-02-01
Hillsborough,Auckland City,1326000,2024-02-01
Mairangi Bay,Auckland North Shore,1777000,2024-02-01
Conifer Grove,Auckland Papakura,1036000,2024-02-01
Burwood,Christchurch,693000,2024-02-01
North New Brighton,Christchurch,590000,2024-02-01
Richmond,Christchurch,578000,2024-02-01
Kaitangata,Clutha,290000,2024-02-01
Mosgiel,Dunedin,717000,2024-02-01
Dinsdale,Hamilton,718000,2024-02-01
Enderley,Hamilton,625000,2024-02-01
Ngatea,Hauraki,730000,2024-02-01
Paraparaumu,Kapiti Coast,781000,2024-02-01
Stoke,Nelson,740000,2024-02-01
Toi Toi,Nelson,543000,2024-02-01
Hamurana,Rotorua,1230000,2024-02-01
Ebdentown,Upper Hutt,666000,2024-02-01
Wallaceville,Upper Hutt,768000,2024-02-01
Miramar,Wellington,1009000,2024-02-01
Aramoho,Whanganui,487000,2024-02-01
Whanganui,Whanganui,394000,2024-02-01
Waipu,Whangarei,1161000,2024-02-01
Ashburton,Ashburton,501000,2024-02-01
Narrow Neck,Auckland North Shore,2003000,2024-02-01
Waiake,Auckland North Shore,1613000,2024-02-01
Red Hill,Auckland Papakura,847000,2024-02-01
Stanmore Bay,Auckland Rodney,1082000,2024-02-01
Broomfield,Christchurch,703000,2024-02-01
Mount Pleasant,Christchurch,1164000,2024-02-01
Wainoni,Christchurch,511000,2024-02-01
Westmorland,Christchurch,1169000,2024-02-01
North East Valley,Dunedin,550000,2024-02-01
Saint Kilda,Dunedin,500000,2024-02-01
Forest Lake,Hamilton,754000,2024-02-01
Cheviot,Hurunui,507000,2024-02-01
Solway,Masterton,609000,2024-02-01
Western Heights,Rotorua,522000,2024-02-01
Wharewaka,Taupo,1361000,2024-02-01
Pirongia,Waipa,1061000,2024-02-01
Weston,Waitaki,711000,2024-02-01
Newlands,Wellington,855000,2024-02-01
Pyes Pa,Western Bay of Plenty,1136000,2024-02-01
Maunu,Whangarei,1001000,2024-02-01
Point Chevalier,Auckland City,1926000,2024-02-01
Three Kings,Auckland City,1191000,2024-02-01
Mangere,Auckland Manukau,873000,2024-02-01
Gulf Harbour,Auckland Rodney,1088000,2024-02-01
Wellsford,Auckland Rodney,839000,2024-02-01
Bryndwr,Christchurch,798000,2024-02-01
Templeton,Christchurch,799000,2024-02-01
Cable Bay,Far North,855000,2024-02-01
Fitzroy,Hamilton,793000,2024-02-01
Grandview Heights,Hamilton,917000,2024-02-01
Clive,Hastings,915000,2024-02-01
Havelock North,Hastings,1236000,2024-02-01
Paraparaumu Beach,Kapiti Coast,857000,2024-02-01
Waikanae Beach,Kapiti Coast,907000,2024-02-01
Ashhurst,Manawatu,715000,2024-02-01
Milson,Palmerston North,631000,2024-02-01
West End,Palmerston North,604000,2024-02-01
Hilltop,Taupo,870000,2024-02-01
Riverstone Terraces,Upper Hutt,1046000,2024-02-01
Fernside,Waimakariri,1281000,2024-02-01
Lyall Bay,Wellington,997000,2024-02-01
Ngaio,Wellington,1058000,2024-02-01
Woodridge,Wellington,973000,2024-02-01
Coastlands,Whakatane,1013000,2024-02-01
Durie Hill,Whanganui,594000,2024-02-01
Tawhero,Whanganui,526000,2024-02-01
Birkdale,Auckland North Shore,979000,2024-02-01
Browns Bay,Auckland North Shore,1233000,2024-02-01
Hatfields Beach,Auckland Rodney,1159000,2024-02-01
Te Atatu South,Auckland Waitakere,957000,2024-02-01
Waipawa,Central Hawke's Bay,635000,2024-02-01
Addington,Christchurch,557000,2024-02-01
Aidanfield,Christchurch,918000,2024-02-01
Avondale,Christchurch,555000,2024-02-01
New Brighton,Christchurch,559000,2024-02-01
Parklands,Christchurch,747000,2024-02-01
Forbury,Dunedin,453000,2024-02-01
Kaitaia,Far North,448000,2024-02-01
Leithfield,Hurunui,682000,2024-02-01
Bluff,Invercargill,347000,2024-02-01
Te Aroha,Matamata-Piako,688000,2024-02-01
Fitzroy,New Plymouth,922000,2024-02-01
Mapua,Tasman,1121000,2024-02-01
Kensington,Timaru,465000,2024-02-01
Timberlea,Upper Hutt,802000,2024-02-01
Te Kowhai,Waikato,1337000,2024-02-01
Loburn,Waimakariri,1157000,2024-02-01
Northland,Wellington,1093000,2024-02-01
Oropi,Western Bay of Plenty,1541000,2024-02-01
Springvale,Whanganui,569000,2024-02-01
Mount Wellington,Auckland City,1009000,2024-02-01
Royal Oak,Auckland City,1415000,2024-02-01
Bayswater,Auckland North Shore,1757000,2024-02-01
Titirangi,Auckland Waitakere,1212000,2024-02-01
Otane,Central Hawke's Bay,768000,2024-02-01
Belfast,Christchurch,698000,2024-02-01
Fairfield,Hamilton,762000,2024-02-01
Camberley,Hastings,551000,2024-02-01
Parkvale,Hastings,675000,2024-02-01
Paeroa,Hauraki,588000,2024-02-01
Waikanae,Kapiti Coast,917000,2024-02-01
Nelson South,Nelson,762000,2024-02-01
Welbourn,New Plymouth,698000,2024-02-01
Springfield,Rotorua,815000,2024-02-01
Brightwater,Tasman,937000,2024-02-01
Woodend,Waimakariri,735000,2024-02-01
Aro Valley,Wellington,948000,2024-02-01
Maungatapere,Whangarei,1051000,2024-02-01
Ponsonby,Auckland City,2450000,2024-02-01
The Gardens,Auckland Manukau,1310000,2024-02-01
Totara Vale,Auckland North Shore,1023000,2024-02-01
Mairehau,Christchurch,652000,2024-02-01
Merivale,Christchurch,1553000,2024-02-01
Beerescourt,Hamilton,995000,2024-02-01
Rototuna North,Hamilton,1034000,2024-02-01
Akina,Hastings,629000,2024-02-01
Witherlea,Marlborough,760000,2024-02-01
Pirimai,Napier,626000,2024-02-01
Takaro,Palmerston North,560000,2024-02-01
Tamahere,Waikato,2065000,2024-02-01
Ngahinapouri,Waipa,1377000,2024-02-01
Berhampore,Wellington,841000,2024-02-01
Allenton,Ashburton,624000,2024-02-01
Blockhouse Bay,Auckland City,1208000,2024-02-01
New Windsor,Auckland City,1251000,2024-02-01
Oneroa,Auckland City,2083000,2024-02-01
Stonefields,Auckland City,1587000,2024-02-01
Waterview,Auckland City,1065000,2024-02-01
Rothesay Bay,Auckland North Shore,1644000,2024-02-01
Beckenham,Christchurch,893000,2024-02-01
Bromley,Christchurch,527000,2024-02-01
Marshland,Christchurch,1059000,2024-02-01
Riccarton,Christchurch,752000,2024-02-01
Strowan,Christchurch,1237000,2024-02-01
Kaikohe,Far North,404000,2024-02-01
Pukete,Hamilton,821000,2024-02-01
Rototuna,Hamilton,1025000,2024-02-01
Raumati Beach,Kapiti Coast,853000,2024-02-01
Springlands,Marlborough,824000,2024-02-01
Poraiti,Napier,1257000,2024-02-01
Stepneyville,Nelson,1221000,2024-02-01
The Brook,Nelson,690000,2024-02-01
Waitara,New Plymouth,484000,2024-02-01
Greerton,Tauranga,724000,2024-02-01
Pokeno,Waikato,1035000,2024-02-01
Te Awamutu,Waipa,790000,2024-02-01
Wellington Central,Wellington,556000,2024-02-01
Grey Lynn,Auckland City,1832000,2024-02-01
Clarks Beach,Auckland Franklin,1195000,2024-02-01
Long Bay,Auckland North Shore,1754000,2024-02-01
Pinehill,Auckland North Shore,1777000,2024-02-01
Karaka,Auckland Papakura,1640000,2024-02-01
Rosehill,Auckland Papakura,955000,2024-02-01
Orewa,Auckland Rodney,1239000,2024-02-01
Dallington,Christchurch,585000,2024-02-01
Harewood,Christchurch,1120000,2024-02-01
Hillsborough,Christchurch,823000,2024-02-01
Ilam,Christchurch,936000,2024-02-01
Islington,Christchurch,569000,2024-02-01
Inner Kaiti,Gisborne,720000,2024-02-01
Melville,Hamilton,655000,2024-02-01
Mahora,Hastings,716000,2024-02-01
Wainuiomata,Lower Hutt,640000,2024-02-01
Mayfield,Marlborough,566000,2024-02-01
Tahunanui,Nelson,675000,2024-02-01
Woodville,Tararua,437000,2024-02-01
Taupiri,Waikato,1067000,2024-02-01
Leamington,Waipa,947000,2024-02-01
Pukehina,Western Bay of Plenty,1269000,2024-02-01
Tahawai,Western Bay of Plenty,1261000,2024-02-01
Tutukaka,Whangarei,1327000,2024-02-01
Mount Roskill,Auckland City,1167000,2024-02-01
Pakuranga,Auckland Manukau,1177000,2024-02-01
Northcote Point,Auckland North Shore,1746000,2024-02-01
Pahurehure,Auckland Papakura,1016000,2024-02-01
Te Atatu Peninsula,Auckland Waitakere,1105000,2024-02-01
West Harbour,Auckland Waitakere,1286000,2024-02-01
Caversham,Dunedin,468000,2024-02-01
Chartwell,Hamilton,839000,2024-02-01
Hamilton Lake,Hamilton,901000,2024-02-01
Frimley,Hastings,884000,2024-02-01
Mayfair,Hastings,614000,2024-02-01
Foxton Beach,Horowhenua,626000,2024-02-01
Lynmouth,New Plymouth,696000,2024-02-01
Vogeltown,New Plymouth,601000,2024-02-01
Westown,New Plymouth,628000,2024-02-01
Glenholme,Rotorua,676000,2024-02-01
Ngongotaha,Rotorua,704000,2024-02-01
Pukehangi,Rotorua,643000,2024-02-01
Darfield,Selwyn,850000,2024-02-01
Lincoln,Selwyn,998000,2024-02-01
Rangiora,Waimakariri,715000,2024-02-01
Sefton,Waimakariri,987000,2024-02-01
Ohaupo,Waipa,1283000,2024-02-01
Paparangi,Wellington,849000,2024-02-01
Tawa,Wellington,856000,2024-02-01
Thorndon,Wellington,976000,2024-02-01
Onerahi,Whangarei,647000,2024-02-01
Ramarama,Auckland Franklin,1504000,2024-02-01
Takapuna,Auckland North Shore,2216000,2024-02-01
Linwood,Christchurch,504000,2024-02-01
Appleby,Invercargill,338000,2024-02-01
Petone,Lower Hutt,834000,2024-02-01
The Wood,Nelson,789000,2024-02-01
Wakefield,Tasman,903000,2024-02-01
Buckland,Waikato,1319000,2024-02-01
Glenbervie,Whangarei,1174000,2024-02-01
Favona,Auckland Manukau,855000,2024-02-01
Hauraki,Auckland North Shore,2022000,2024-02-01
Glendene,Auckland Waitakere,962000,2024-02-01
Westgate,Auckland Waitakere,933000,2024-02-01
Whenuapai,Auckland Waitakere,1250000,2024-02-01
Flagstaff,Hamilton,1136000,2024-02-01
Georgetown,Invercargill,382000,2024-02-01
Bell Block,New Plymouth,759000,2024-02-01
Inglewood,New Plymouth,638000,2024-02-01
Kelvin Grove,Palmerston North,809000,2024-02-01
Lynmore,Rotorua,937000,2024-02-01
Otamatea,Whanganui,883000,2024-02-01
Saint Johns Hill,Whanganui,666000,2024-02-01
Kingsland,Auckland City,1376000,2024-02-01
Meadowbank,Auckland City,1672000,2024-02-01
Saint Marys Bay,Auckland City,2986000,2024-02-01
Weymouth,Auckland Manukau,792000,2024-02-01
Torbay,Auckland North Shore,1278000,2024-02-01
Riverhead,Auckland Rodney,1833000,2024-02-01
Snells Beach,Auckland Rodney,1103000,2024-02-01
Heathcote Valley,Christchurch,821000,2024-02-01
Northwood,Christchurch,1082000,2024-02-01
Waltham,Christchurch,510000,2024-02-01
Kingswell,Invercargill,414000,2024-02-01
Highbury,Palmerston North,530000,2024-02-01
Camborne,Porirua,941000,2024-02-01
Sunnybrook,Rotorua,731000,2024-02-01
Tai Tapu,Selwyn,1497000,2024-02-01
Gate Pa,Tauranga,678000,2024-02-01
Temple View,Waipa,1049000,2024-02-01
South Hill,Waitaki,528000,2024-02-01
Parua Bay,Whangarei,1121000,2024-02-01
Burswood,Auckland Manukau,1245000,2024-02-01
Glen Eden,Auckland Waitakere,862000,2024-02-01
Nawton,Hamilton,670000,2024-02-01
Bunnythorpe,Manawatu,876000,2024-02-01
Atawhai,Nelson,925000,2024-02-01
Fitzherbert,Palmerston North,942000,2024-02-01
Prebbleton,Selwyn,1267000,2024-02-01
Watlington,Timaru,472000,2024-02-01
Eyrewell,Waimakariri,1035000,2024-02-01
Waikuku Beach,Waimakariri,699000,2024-02-01
Kelburn,Wellington,1495000,2024-02-01
Castlecliff,Whanganui,429000,2024-02-01
Avenues,Whangarei,541000,2024-02-01
Kauri,Whangarei,1063000,2024-02-01
Mount Albert,Auckland City,1369000,2024-02-01
Sandringham,Auckland City,1394000,2024-02-01
Castor Bay,Auckland North Shore,1977000,2024-02-01
Arkles Bay,Auckland Rodney,1134000,2024-02-01
Aranui,Christchurch,476000,2024-02-01
St Andrews,Hamilton,846000,2024-02-01
Redwoodtown,Marlborough,596000,2024-02-01
Papakowhai,Porirua,903000,2024-02-01
Pomare,Rotorua,744000,2024-02-01
Springston,Selwyn,1003000,2024-02-01
Gleniti,Timaru,831000,2024-02-01
Whatawhata,Waikato,1210000,2024-02-01
Pegasus,Waimakariri,842000,2024-02-01
Glenview,Waipa,772000,2024-02-01
Kilbirnie,Wellington,887000,2024-02-01
Mount Victoria,Wellington,1232000,2024-02-01
Saint Heliers,Auckland City,2311000,2024-02-01
Phillipstown,Christchurch,453000,2024-02-01
Haruru,Far North,853000,2024-02-01
Saint Leonards,Hastings,619000,2024-02-01
Rosedale,Invercargill,732000,2024-02-01
Marewa,Napier,573000,2024-02-01
Hurdon,New Plymouth,811000,2024-02-01
Merrilands,New Plymouth,768000,2024-02-01
Papamoa,Western Bay of Plenty,923000,2024-02-01
Gonville,Whanganui,416000,2024-02-01
Parahaki,Whangarei,751000,2024-02-01
Ruakaka,Whangarei,909000,2024-02-01
Eastern Beach,Auckland Manukau,1966000,2024-02-01
Devonport,Auckland North Shore,2146000,2024-02-01
Henderson,Auckland Waitakere,955000,2024-02-01
Burnside,Christchurch,893000,2024-02-01
Frankton,Hamilton,652000,2024-02-01
Flaxmere,Hastings,484000,2024-02-01
Riversdale,Marlborough,547000,2024-02-01
Waikawa,Marlborough,939000,2024-02-01
Taradale,Napier,829000,2024-02-01
Kawaha Point,Rotorua,797000,2024-02-01
Southbridge,Selwyn,653000,2024-02-01
Hawera,South Taranaki,542000,2024-02-01
Appleby,Tasman,1034000,2024-02-01
Richmond,Tasman,815000,2024-02-01
Marchwiel,Timaru,523000,2024-02-01
Seaview,Timaru,478000,2024-02-01
Temuka,Timaru,513000,2024-02-01
Kaiapoi,Waimakariri,688000,2024-02-01
Oamaru North,Waitaki,481000,2024-02-01
Ngunguru,Whangarei,1021000,2024-02-01
Whau Valley,Whangarei,693000,2024-02-01
Mission Bay,Auckland City,2223000,2024-02-01
Feilding,Manawatu,653000,2024-02-01
Te Awa,Napier,836000,2024-02-01
Terrace End,Palmerston North,641000,2024-02-01
Te Kauwhata,Waikato,825000,2024-02-01
Kensington,Whangarei,628000,2024-02-01
One Tree Point,Whangarei,1090000,2024-02-01
Silverdale,Auckland Rodney,1373000,2024-02-01
Hobsonville,Auckland Waitakere,1141000,2024-02-01
Christchurch Central,Christchurch,690000,2024-02-01
Woolston,Christchurch,559000,2024-02-01
North Dunedin,Dunedin,707000,2024-02-01
Cloverlea,Palmerston North,558000,2024-02-01
Paremata,Porirua,943000,2024-02-01
Otumoetai,Tauranga,1071000,2024-02-01
Waimate,Waimate,505000,2024-02-01
Te Kamo,Whangarei,740000,2024-02-01
Surfdale,Auckland City,1360000,2024-02-01
Papanui,Christchurch,743000,2024-02-01
Yaldhurst,Christchurch,982000,2024-02-01
Karikari Peninsula,Far North,766000,2024-02-01
Whitiora,Hamilton,646000,2024-02-01
Morrinsville,Matamata-Piako,786000,2024-02-01
Frankleigh Park,New Plymouth,703000,2024-02-01
Awapuni,Palmerston North,621000,2024-02-01
Ngaruawahia,Waikato,760000,2024-02-01
Oxford,Waimakariri,702000,2024-02-01
Kihikihi,Waipa,757000,2024-02-01
Woodhill,Whangarei,594000,2024-02-01
Ellerslie,Auckland City,1266000,2024-02-01
Kohimarama,Auckland City,2211000,2024-02-01
Mount Eden,Auckland City,1784000,2024-02-01
Kelston,Auckland Waitakere,905000,2024-02-01
Waipukurau,Central Hawke's Bay,643000,2024-02-01
Huntington,Hamilton,1057000,2024-02-01
Raureka,Hastings,629000,2024-02-01
Waikiwi,Invercargill,614000,2024-02-01
Blenheim,Marlborough,600000,2024-02-01
Picton,Marlborough,648000,2024-02-01
Tamatea,Napier,623000,2024-02-01
Palmerston North,Palmerston North,636000,2024-02-01
Mangakakahi,Rotorua,527000,2024-02-01
Bellevue,Tauranga,809000,2024-02-01
Deanwell,Waipa,641000,2024-02-01
Te Puke,Western Bay of Plenty,808000,2024-02-01
Whanganui East,Whanganui,436000,2024-02-01
Greenlane,Auckland City,1862000,2024-02-01
Waiuku,Auckland Franklin,882000,2024-02-01
Belmont,Auckland North Shore,1592000,2024-02-01
Campbells Bay,Auckland North Shore,2335000,2024-02-01
Papakura,Auckland Papakura,852000,2024-02-01
Manly,Auckland Rodney,1245000,2024-02-01
Waihi,Hauraki,720000,2024-02-01
Moturoa,New Plymouth,732000,2024-02-01
Whalers Gate,New Plymouth,782000,2024-02-01
Brookfield,Tauranga,819000,2024-02-01
Judea,Tauranga,739000,2024-02-01
Ohauiti,Western Bay of Plenty,1141000,2024-02-01
Welcome Bay,Western Bay of Plenty,910000,2024-02-01
Tinwald,Ashburton,603000,2024-02-01
Mangere East,Auckland Manukau,866000,2024-02-01
Northcote,Auckland North Shore,1238000,2024-02-01
Saint Martins,Christchurch,759000,2024-02-01
Kaeo,Far North,839000,2024-02-01
Maraenui,Napier,480000,2024-02-01
Highlands Park,New Plymouth,887000,2024-02-01
Owhata,Rotorua,667000,2024-02-01
Eltham,South Taranaki,407000,2024-02-01
Tauranga South,Tauranga,908000,2024-02-01
Whakamarama,Western Bay of Plenty,1521000,2024-02-01
Hokitika,Westland,423000,2024-02-01
Ohope,Whakatane,1339000,2024-02-01
Horahora,Whangarei,662000,2024-02-01
Wigram,Christchurch,856000,2024-02-01
Matamata,Matamata-Piako,817000,2024-02-01
Westshore,Napier,1043000,2024-02-01
Aongatete,Western Bay of Plenty,1286000,2024-02-01
Milton,Clutha,424000,2024-02-01
Westbrook,Palmerston North,560000,2024-02-01
Koutu,Rotorua,514000,2024-02-01
Tokoroa,South Waikato,421000,2024-02-01
Glen Innes,Auckland City,1155000,2024-02-01
Wesley,Auckland City,1128000,2024-02-01
Mangere Bridge,Auckland Manukau,1191000,2024-02-01
Hamilton East,Hamilton,723000,2024-02-01
Windsor,Invercargill,574000,2024-02-01
Hospital Hill,Napier,965000,2024-02-01
Tirau,South Waikato,668000,2024-02-01
Parkvale,Tauranga,654000,2024-02-01
Cambridge,Waipa,1170000,2024-02-01
Upper Riccarton,Christchurch,676000,2024-02-01
Spotswood,New Plymouth,553000,2024-02-01
Fairy Springs,Rotorua,565000,2024-02-01
Leeston,Selwyn,769000,2024-02-01
West End,Timaru,496000,2024-02-01
Kumeu,Auckland Rodney,1510000,2024-02-01
Heidelberg,Invercargill,416000,2024-02-01
Strathern,Invercargill,381000,2024-02-01
Tasman,Tasman,1547000,2024-02-01
Matua,Tauranga,1191000,2024-02-01
Glenwood,Timaru,547000,2024-02-01
Omokoroa,Western Bay of Plenty,1112000,2024-02-01
Carterton,Carterton,645000,2024-02-01
Napier South,Napier,662000,2024-02-01
Marfell,New Plymouth,481000,2024-02-01
Bethlehem,Tauranga,1124000,2024-02-01
Tauranga,Tauranga,1004000,2024-02-01
Katikati,Western Bay of Plenty,780000,2024-02-01
Tikipunga,Whangarei,619000,2024-02-01
Avondale,Auckland City,984000,2024-02-01
Blagdon,New Plymouth,581000,2024-02-01
Hokowhitu,Palmerston North,801000,2024-02-01
Kirwee,Selwyn,996000,2024-02-01
Waverley,South Taranaki,410000,2024-02-01
Waihi Beach,Western Bay of Plenty,1489000,2024-02-01
Opunake,South Taranaki,483000,2024-02-01
Raglan,Waikato,1161000,2024-02-01
Athenree,Western Bay of Plenty,1090000,2024-02-01
Otorohanga,Otorohanga,633000,2024-02-01
Bulls,Rangitikei,562000,2024-02-01
Te Kuiti,Waitomo,458000,2024-02-01
Epsom,Auckland City,2201000,2024-02-01
Waverley,Invercargill,567000,2024-02-01
Nelson,Nelson,1141000,2024-02-01
New Plymouth,New Plymouth,861000,2024-02-01
Highfield,Timaru,607000,2024-02-01
Auckland Central,Auckland City,571000,2024-02-01
Te Hapara,Gisborne,556000,2024-02-01
Levin,Horowhenua,587000,2024-02-01
Pleasant Point,Timaru,592000,2024-02-01
Waimataitai,Timaru,506000,2024-02-01
Morningside,Whangarei,563000,2024-02-01
Regent,Whangarei,681000,2024-02-01
Parnell,Auckland City,2134000,2024-02-01
St Albans,Christchurch,885000,2024-02-01
Bluff Hill,Napier,992000,2024-02-01
Richmond,Invercargill,477000,2024-02-01
Hairini,Tauranga,777000,2024-02-01
Hargest,Invercargill,527000,2024-02-01
Newfield,Invercargill,448000,2024-02-01
Maori Hill,Timaru,586000,2024-02-01
Gisborne,Gisborne,539000,2024-02-01
Gladstone,Invercargill,615000,2024-02-01
Patea,South Taranaki,304000,2024-02-01
Newtown,Wellington,940000,2024-02-01
Grasmere,Invercargill,455000,2024-02-01
Waiotahe,Opotiki,1008000,2024-02-01
Maungatapu,Tauranga,916000,2024-02-01
Huntly,Waikato,547000,2024-02-01
Opotiki,Opotiki,464000,2024-02-01
Raumanga,Whangarei,495000,2024-02-01
Marton,Rangitikei,499000,2024-02-01
Omaha,Auckland Rodney,2788000,2024-02-01
Hawthorndale,Invercargill,480000,2024-02-01
Glengarry,Invercargill,427000,2024-02-01
Wairoa,Wairoa,325000,2024-02-01
Victoria,Rotorua,506000,2024-02-01
Whataupoko,Gisborne,798000,2024-02-01
Remuera,Auckland City,2622000,2024-02-01
Ohakune,Ruapehu,489000,2024-02-01
Kawerau,Kawerau,386000,2024-02-01
Mataura,Gore,306000,2024-04-01
Merivale,Christchurch,1594000,2024-04-01
Murupara,Whakatane,204000,2024-04-01
Reefton,Buller,390000,2024-04-01
Fendalton,Christchurch,1761000,2024-04-01
Cobden,Grey,313000,2024-04-01
Karoro,Grey,624000,2024-04-01
Dannevirke,Tararua,494000,2024-04-01
Beckenham,Christchurch,906000,2024-04-01
Strowan,Christchurch,1275000,2024-04-01
Greymouth,Grey,473000,2024-04-01
Cracroft,Christchurch,1149000,2024-04-01
Sumner,Christchurch,1168000,2024-04-01
Paekakariki,Kapiti Coast,995000,2024-04-01
Akaroa,Christchurch,1085000,2024-04-01
Fernhill,Queenstown-Lakes,1365000,2024-04-01
Ranui,Porirua,648000,2024-04-01
Dobson,Grey,357000,2024-04-01
Woodville,Tararua,382000,2024-04-01
Cannons Creek,Porirua,588000,2024-04-01
Birchville,Upper Hutt,747000,2024-04-01
South New Brighton,Christchurch,637000,2024-04-01
Hei Hei,Christchurch,624000,2024-04-01
Huntsbury,Christchurch,1175000,2024-04-01
Pahiatua,Tararua,443000,2024-04-01
Northpark,Auckland Manukau,1498000,2024-04-01
Casebrook,Christchurch,861000,2024-04-01
Timberlea,Upper Hutt,851000,2024-04-01
Mount Pisa,Central Otago,1457000,2024-04-01
Cashmere,Christchurch,1183000,2024-04-01
Sockburn,Christchurch,633000,2024-04-01
Queenstown,Queenstown-Lakes,1745000,2024-04-01
Seatoun,Wellington,1831000,2024-04-01
Tapanui,Clutha,402000,2024-04-01
Bromley,Christchurch,540000,2024-04-01
Pinehaven,Upper Hutt,810000,2024-04-01
Mount Pleasant,Christchurch,1170000,2024-04-01
Somerville,Auckland Manukau,1536000,2024-04-01
Lyttelton,Christchurch,790000,2024-04-01
Westmorland,Christchurch,1193000,2024-04-01
Te Aro,Wellington,747000,2024-04-01
Hoon Hay,Christchurch,675000,2024-04-01
Pinehill,Auckland North Shore,1791000,2024-04-01
Northwood,Christchurch,1105000,2024-04-01
Richmond,Christchurch,581000,2024-04-01
Clyde,Central Otago,977000,2024-04-01
Bluff,Invercargill,353000,2024-04-01
Newlands,Wellington,868000,2024-04-01
Camberley,Hastings,553000,2024-04-01
Raumati South,Kapiti Coast,927000,2024-04-01
Pukerua Bay,Porirua,902000,2024-04-01
Burnside,Christchurch,909000,2024-04-01
Burwood,Christchurch,703000,2024-04-01
Kaikoura,Kaikoura,715000,2024-04-01
Paparangi,Wellington,875000,2024-04-01
Tainui,Dunedin,615000,2024-04-01
Lake Tekapo,Mackenzie,1149000,2024-04-01
Belfast,Christchurch,709000,2024-04-01
Oakura,New Plymouth,1326000,2024-04-01
Crofton Downs,Wellington,1060000,2024-04-01
Wellington Central,Wellington,574000,2024-04-01
New Brighton,Christchurch,568000,2024-04-01
Wainoni,Christchurch,519000,2024-04-01
Mount Cook,Wellington,806000,2024-04-01
Schnapper Rock,Auckland North Shore,1698000,2024-04-01
Redcliffs,Christchurch,1181000,2024-04-01
Mellons Bay,Auckland Manukau,2200000,2024-04-01
Islington,Christchurch,578000,2024-04-01
Arrowtown,Queenstown-Lakes,2633000,2024-04-01
Aotea,Porirua,1256000,2024-04-01
Spreydon,Christchurch,624000,2024-04-01
Clouston Park,Upper Hutt,692000,2024-04-01
Churton Park,Wellington,1117000,2024-04-01
Aranui,Christchurch,483000,2024-04-01
Avonside,Christchurch,552000,2024-04-01
Bryndwr,Christchurch,802000,2024-04-01
Edgeware,Christchurch,569000,2024-04-01
Opawa,Christchurch,802000,2024-04-01
Parkside,Timaru,468000,2024-04-01
Maori Hill,Dunedin,1066000,2024-04-01
Lower Shotover,Queenstown-Lakes,1777000,2024-04-01
Elderslea,Upper Hutt,761000,2024-04-01
Totara Park,Upper Hutt,716000,2024-04-01
East Tamaki Heights,Auckland Manukau,1799000,2024-04-01
Saint Martins,Christchurch,768000,2024-04-01
Fairlie,Mackenzie,565000,2024-04-01
Saint Clair,Dunedin,888000,2024-04-01
Frankton,Queenstown-Lakes,1271000,2024-04-01
Titahi Bay,Porirua,733000,2024-04-01
Heretaunga,Upper Hutt,975000,2024-04-01
Hornby,Christchurch,605000,2024-04-01
Waverley,Dunedin,795000,2024-04-01
Trentham,Upper Hutt,726000,2024-04-01
Highland Park,Auckland Manukau,1201000,2024-04-01
Geraldine,Timaru,622000,2024-04-01
Andersons Bay,Dunedin,672000,2024-04-01
Strathern,Invercargill,389000,2024-04-01
Christchurch Central,Christchurch,714000,2024-04-01
Dallington,Christchurch,597000,2024-04-01
Ilam,Christchurch,948000,2024-04-01
Mairehau,Christchurch,664000,2024-04-01
Caversham,Dunedin,469000,2024-04-01
Rosedale,Invercargill,741000,2024-04-01
Woodridge,Wellington,986000,2024-04-01
Broomfield,Christchurch,713000,2024-04-01
Shirley,Christchurch,653000,2024-04-01
Hokitika,Westland,456000,2024-04-01
Hillsborough,Christchurch,832000,2024-04-01
Marshland,Christchurch,1082000,2024-04-01
Oteha,Auckland North Shore,1219000,2024-04-01
Diamond Harbour,Christchurch,787000,2024-04-01
North New Brighton,Christchurch,586000,2024-04-01
Riverton/Aparima,Southland,679000,2024-04-01
Blockhouse Bay,Auckland City,1212000,2024-04-01
Hillmorton,Christchurch,690000,2024-04-01
Pleasant Point,Timaru,613000,2024-04-01
Brockville,Dunedin,539000,2024-04-01
Strathmore Park,Wellington,1055000,2024-04-01
Avondale,Christchurch,566000,2024-04-01
Russley,Christchurch,716000,2024-04-01
Green Island,Dunedin,607000,2024-04-01
Island Bay,Wellington,1174000,2024-04-01
Dannemora,Auckland Manukau,1690000,2024-04-01
Chatswood,Auckland North Shore,1537000,2024-04-01
Aidanfield,Christchurch,933000,2024-04-01
Kew,Dunedin,677000,2024-04-01
One Tree Hill,Auckland City,1393000,2024-04-01
Clover Park,Auckland Manukau,868000,2024-04-01
Harewood,Christchurch,1127000,2024-04-01
Waiwhetu,Lower Hutt,768000,2024-04-01
Aro Valley,Wellington,971000,2024-04-01
Somerfield,Christchurch,738000,2024-04-01
Wigram,Christchurch,872000,2024-04-01
Eastern Beach,Auckland Manukau,1970000,2024-04-01
Addington,Christchurch,562000,2024-04-01
Papanui,Christchurch,770000,2024-04-01
Kingswell,Invercargill,422000,2024-04-01
Taita,Lower Hutt,646000,2024-04-01
Kelburn,Wellington,1534000,2024-04-01
Farm Cove,Auckland Manukau,1795000,2024-04-01
Bishopdale,Christchurch,690000,2024-04-01
Parklands,Christchurch,755000,2024-04-01
Cromwell,Central Otago,994000,2024-04-01
Lake Hayes,Queenstown-Lakes,2621000,2024-04-01
Otatara,Invercargill,790000,2024-04-01
Waterloo,Lower Hutt,857000,2024-04-01
Lynfield,Auckland City,1380000,2024-04-01
Bridge Hill,Central Otago,962000,2024-04-01
Plimmerton,Porirua,1035000,2024-04-01
Golflands,Auckland Manukau,1339000,2024-04-01
Fairview Heights,Auckland North Shore,1638000,2024-04-01
Kensington,Timaru,470000,2024-04-01
Herne Bay,Auckland City,3746000,2024-04-01
Mount Wellington,Auckland City,1038000,2024-04-01
Orakei,Auckland City,2433000,2024-04-01
Shelly Park,Auckland Manukau,1603000,2024-04-01
Fairfield,Dunedin,776000,2024-04-01
Forbury,Dunedin,452000,2024-04-01
Halfway Bush,Dunedin,636000,2024-04-01
Outram,Dunedin,844000,2024-04-01
Kelson,Lower Hutt,863000,2024-04-01
Paremata,Porirua,964000,2024-04-01
Wallaceville,Upper Hutt,789000,2024-04-01
Redwood,Christchurch,673000,2024-04-01
Fairfield,Lower Hutt,785000,2024-04-01
Long Bay,Auckland North Shore,1759000,2024-04-01
Kennedys Bush,Christchurch,1788000,2024-04-01
Waikanae Beach,Kapiti Coast,957000,2024-04-01
Silverstream,Upper Hutt,904000,2024-04-01
Westport,Buller,403000,2024-04-01
Manurewa,Auckland Manukau,850000,2024-04-01
Manurewa East,Auckland Manukau,758000,2024-04-01
Albany,Auckland North Shore,1156000,2024-04-01
Birkdale,Auckland North Shore,993000,2024-04-01
Northcross,Auckland North Shore,1343000,2024-04-01
Methven,Ashburton,704000,2024-04-01
Riccarton,Christchurch,760000,2024-04-01
Waltham,Christchurch,513000,2024-04-01
Temuka,Timaru,515000,2024-04-01
Stokes Valley,Lower Hutt,651000,2024-04-01
Whitby,Porirua,994000,2024-04-01
Brooklyn,Wellington,1097000,2024-04-01
Johnsonville,Wellington,856000,2024-04-01
Lyall Bay,Wellington,1009000,2024-04-01
Heathcote Valley,Christchurch,828000,2024-04-01
Waimataitai,Timaru,519000,2024-04-01
Waikuku Beach,Waimakariri,699000,2024-04-01
Concord,Dunedin,576000,2024-04-01
Te Anau,Southland,765000,2024-04-01
Avonhead,Christchurch,819000,2024-04-01
Marchwiel,Timaru,531000,2024-04-01
Alexandra,Central Otago,786000,2024-04-01
Albert Town,Queenstown-Lakes,1657000,2024-04-01
Otaki,Kapiti Coast,737000,2024-04-01
Riverstone Terraces,Upper Hutt,1082000,2024-04-01
Botany Downs,Auckland Manukau,1293000,2024-04-01
Palmerston North,Palmerston North,638000,2024-04-01
Three Kings,Auckland City,1191000,2024-04-01
Westmere,Auckland City,2598000,2024-04-01
Belleknowes,Dunedin,798000,2024-04-01
Kelvin Heights,Queenstown-Lakes,2839000,2024-04-01
Georgetown,Invercargill,387000,2024-04-01
Papakowhai,Porirua,895000,2024-04-01
Wadestown,Wellington,1273000,2024-04-01
Glenfield,Auckland North Shore,1064000,2024-04-01
Abbotsford,Dunedin,621000,2024-04-01
Kenmure,Dunedin,615000,2024-04-01
Naenae,Lower Hutt,641000,2024-04-01
Burswood,Auckland Manukau,1255000,2024-04-01
Otara,Auckland Manukau,774000,2024-04-01
Bayview,Auckland North Shore,1029000,2024-04-01
Templeton,Christchurch,804000,2024-04-01
Arthurs Point,Queenstown-Lakes,1689000,2024-04-01
Appleby,Invercargill,341000,2024-04-01
Ebdentown,Upper Hutt,689000,2024-04-01
Miramar,Wellington,1030000,2024-04-01
South Dunedin,Dunedin,416000,2024-04-01
Boulcott,Lower Hutt,893000,2024-04-01
Koutu,Rotorua,522000,2024-04-01
Pakuranga Heights,Auckland Manukau,1183000,2024-04-01
Randwick Park,Auckland Manukau,793000,2024-04-01
Northcote,Christchurch,593000,2024-04-01
Wanaka,Queenstown-Lakes,2081000,2024-04-01
Eastbourne,Lower Hutt,1194000,2024-04-01
Wainuiomata,Lower Hutt,660000,2024-04-01
Northcote Point,Auckland North Shore,1740000,2024-04-01
Unsworth Heights,Auckland North Shore,1176000,2024-04-01
Upper Riccarton,Christchurch,686000,2024-04-01
Inner Kaiti,Gisborne,734000,2024-04-01
Glenleith,Dunedin,770000,2024-04-01
Freemans Bay,Auckland City,1715000,2024-04-01
Totara Vale,Auckland North Shore,1031000,2024-04-01
Hatfields Beach,Auckland Rodney,1164000,2024-04-01
Kawaha Point,Rotorua,797000,2024-04-01
Twizel,Mackenzie,790000,2024-04-01
Watlington,Timaru,470000,2024-04-01
Waikouaiti,Dunedin,532000,2024-04-01
Forest Lake,Hamilton,761000,2024-04-01
Grafton,Auckland City,686000,2024-04-01
Parnell,Auckland City,2162000,2024-04-01
Greenhithe,Auckland North Shore,1774000,2024-04-01
Akina,Hastings,624000,2024-04-01
North East Valley,Dunedin,551000,2024-04-01
Roslyn,Dunedin,891000,2024-04-01
Heidelberg,Invercargill,417000,2024-04-01
Maeroa,Hamilton,730000,2024-04-01
Raumati Beach,Kapiti Coast,894000,2024-04-01
Mount Victoria,Wellington,1253000,2024-04-01
Whitford,Auckland Manukau,3518000,2024-04-01
Epuni,Lower Hutt,803000,2024-04-01
Berhampore,Wellington,866000,2024-04-01
Northland,Wellington,1111000,2024-04-01
Glendowie,Auckland City,2302000,2024-04-01
Royal Oak,Auckland City,1418000,2024-04-01
Maraetai,Auckland Manukau,1557000,2024-04-01
Sunnyhills,Auckland Manukau,1700000,2024-04-01
Woodend,Waimakariri,744000,2024-04-01
Mangawhai,Kaipara,1344000,2024-04-01
Maungaturoto,Kaipara,767000,2024-04-01
Fairview Downs,Waikato,725000,2024-04-01
Clendon Park,Auckland Manukau,754000,2024-04-01
Red Hill,Auckland Papakura,826000,2024-04-01
Green Bay,Auckland Waitakere,1202000,2024-04-01
Haumoana,Hastings,1152000,2024-04-01
Belmont,Lower Hutt,964000,2024-04-01
Cockle Bay,Auckland Manukau,1638000,2024-04-01
Flat Bush,Auckland Manukau,1386000,2024-04-01
Cloverlea,Palmerston North,563000,2024-04-01
Roslyn,Palmerston North,555000,2024-04-01
Wakari,Dunedin,598000,2024-04-01
Waikiwi,Invercargill,623000,2024-04-01
Karori,Wellington,1090000,2024-04-01
Newtown,Wellington,984000,2024-04-01
Albany Heights,Auckland North Shore,1417000,2024-04-01
Waiake,Auckland North Shore,1613000,2024-04-01
Windsor Park,Auckland North Shore,1382000,2024-04-01
Bellevue,Tauranga,814000,2024-04-01
Mornington,Dunedin,569000,2024-04-01
Rototuna,Hamilton,1022000,2024-04-01
Wattle Downs,Auckland Manukau,1058000,2024-04-01
St Albans,Christchurch,898000,2024-04-01
Outer Kaiti,Gisborne,502000,2024-04-01
St Andrews,Hamilton,842000,2024-04-01
Ngaio,Wellington,1069000,2024-04-01
Hillsborough,Auckland City,1336000,2024-04-01
Conifer Grove,Auckland Papakura,1051000,2024-04-01
Glenholme,Rotorua,673000,2024-04-01
Kaikorai,Dunedin,585000,2024-04-01
Stratford,Stratford,540000,2024-04-01
Thorndon,Wellington,978000,2024-04-01
Hillpark,Auckland Manukau,958000,2024-04-01
Linwood,Christchurch,506000,2024-04-01
Phillipstown,Christchurch,458000,2024-04-01
West End,Timaru,501000,2024-04-01
Pegasus,Waimakariri,841000,2024-04-01
Waimate,Waimate,514000,2024-04-01
Eskdale,Hastings,1351000,2024-04-01
Mayfair,Hastings,612000,2024-04-01
Hillcrest,Hamilton,795000,2024-04-01
New Windsor,Auckland City,1256000,2024-04-01
Beachlands,Auckland Manukau,1604000,2024-04-01
East Tamaki,Auckland Manukau,1152000,2024-04-01
Howick,Auckland Manukau,1213000,2024-04-01
Rothesay Bay,Auckland North Shore,1649000,2024-04-01
Mangakakahi,Rotorua,529000,2024-04-01
Halswell,Christchurch,861000,2024-04-01
Amberley,Hurunui,736000,2024-04-01
Tai Tapu,Selwyn,1494000,2024-04-01
Highbury,Palmerston North,536000,2024-04-01
Pukete,Hamilton,825000,2024-04-01
Maungaraki,Lower Hutt,880000,2024-04-01
Waterview,Auckland City,1057000,2024-04-01
Totara Heights,Auckland Manukau,1034000,2024-04-01
Torbay,Auckland North Shore,1275000,2024-04-01
Rosehill,Auckland Papakura,962000,2024-04-01
Takanini,Auckland Papakura,946000,2024-04-01
Arkles Bay,Auckland Rodney,1144000,2024-04-01
Ohope,Whakatane,1301000,2024-04-01
Sydenham,Christchurch,570000,2024-04-01
Oxford,Waimakariri,707000,2024-04-01
Swannanoa,Waimakariri,1305000,2024-04-01
Enderley,Hamilton,626000,2024-04-01
Saint Heliers,Auckland City,2335000,2024-04-01
Stonefields,Auckland City,1586000,2024-04-01
Campbells Bay,Auckland North Shore,2347000,2024-04-01
Springfield,Rotorua,818000,2024-04-01
Seaview,Timaru,481000,2024-04-01
Aramoho,Whanganui,494000,2024-04-01
Westmere,Whanganui,1031000,2024-04-01
Half Moon Bay,Auckland Manukau,1629000,2024-04-01
Beach Haven,Auckland North Shore,1078000,2024-04-01
Birkenhead,Auckland North Shore,1348000,2024-04-01
Murrays Bay,Auckland North Shore,1797000,2024-04-01
West End,Palmerston North,606000,2024-04-01
Okaihau,Far North,784000,2024-04-01
Lake Hawea,Queenstown-Lakes,1358000,2024-04-01
Weston,Waitaki,731000,2024-04-01
Avalon,Lower Hutt,733000,2024-04-01
Newmarket,Auckland City,901000,2024-04-01
Otahuhu,Auckland City,789000,2024-04-01
Wai o Taiki Bay,Auckland City,1570000,2024-04-01
Goodwood Heights,Auckland Manukau,1073000,2024-04-01
Southbridge,Selwyn,652000,2024-04-01
Bader,Hamilton,600000,2024-04-01
Saint Marys Bay,Auckland City,2954000,2024-04-01
Forrest Hill,Auckland North Shore,1401000,2024-04-01
Opaheke,Auckland Papakura,1098000,2024-04-01
Kaiti,Gisborne,513000,2024-04-01
Castlecliff,Whanganui,443000,2024-04-01
Newfield,Invercargill,452000,2024-04-01
Grandview Heights,Hamilton,914000,2024-04-01
Glenview,Waipa,773000,2024-04-01
Onehunga,Auckland City,1171000,2024-04-01
West Harbour,Auckland Waitakere,1322000,2024-04-01
Kaiapoi,Waimakariri,695000,2024-04-01
Clive,Hastings,901000,2024-04-01
Gladstone,Invercargill,618000,2024-04-01
Hawthorndale,Invercargill,485000,2024-04-01
Mount Roskill,Auckland City,1175000,2024-04-01
New Lynn,Auckland Waitakere,885000,2024-04-01
Woolston,Christchurch,565000,2024-04-01
Taradale,Napier,845000,2024-04-01
Milson,Palmerston North,630000,2024-04-01
Lower Vogeltown,New Plymouth,730000,2024-04-01
Woburn,Lower Hutt,1201000,2024-04-01
Auckland Central,Auckland City,606000,2024-04-01
Greenlane,Auckland City,1883000,2024-04-01
Ponsonby,Auckland City,2413000,2024-04-01
Pukehangi,Rotorua,638000,2024-04-01
Kaikohe,Far North,400000,2024-04-01
Russell,Far North,1564000,2024-04-01
Beerescourt,Hamilton,990000,2024-04-01
Chedworth,Hamilton,916000,2024-04-01
Otaki Beach,Kapiti Coast,642000,2024-04-01
Onetangi,Auckland City,1878000,2024-04-01
Ostend,Auckland City,1441000,2024-04-01
Pahurehure,Auckland Papakura,1015000,2024-04-01
Darfield,Selwyn,856000,2024-04-01
Waikawa,Marlborough,942000,2024-04-01
Glengarry,Invercargill,437000,2024-04-01
Windsor,Invercargill,581000,2024-04-01
Khandallah,Wellington,1278000,2024-04-01
Saint Johns,Auckland City,1518000,2024-04-01
The Gardens,Auckland Manukau,1290000,2024-04-01
Papakura,Auckland Papakura,850000,2024-04-01
Glendene,Auckland Waitakere,970000,2024-04-01
Fitzherbert,Palmerston North,941000,2024-04-01
Bell Block,New Plymouth,758000,2024-04-01
Inglewood,New Plymouth,640000,2024-04-01
Kilbirnie,Wellington,906000,2024-04-01
Glen Innes,Auckland City,1151000,2024-04-01
Point Chevalier,Auckland City,1925000,2024-04-01
Browns Bay,Auckland North Shore,1235000,2024-04-01
Red Beach,Auckland Rodney,1261000,2024-04-01
Snells Beach,Auckland Rodney,1115000,2024-04-01
Bethlehem,Tauranga,1125000,2024-04-01
Greerton,Tauranga,722000,2024-04-01
Cheviot,Hurunui,500000,2024-04-01
Kaeo,Far North,841000,2024-04-01
Dunedin Central,Dunedin,710000,2024-04-01
Marfell,New Plymouth,484000,2024-04-01
Fitzroy,Hamilton,795000,2024-04-01
Flagstaff,Hamilton,1136000,2024-04-01
Castor Bay,Auckland North Shore,1958000,2024-04-01
Papamoa,Western Bay of Plenty,921000,2024-04-01
Mangapapa,Gisborne,647000,2024-04-01
Nelson,Nelson,1139000,2024-04-01
Claudelands,Hamilton,769000,2024-04-01
Waipahihi,Taupo,1100000,2024-04-01
Paraparaumu Beach,Kapiti Coast,876000,2024-04-01
Hutt Central,Lower Hutt,1007000,2024-04-01
Hataitai,Wellington,1204000,2024-04-01
Grey Lynn,Auckland City,1808000,2024-04-01
Kohimarama,Auckland City,2232000,2024-04-01
Clarks Beach,Auckland Franklin,1193000,2024-04-01
Sunnyvale,Auckland Waitakere,900000,2024-04-01
Frimley,Hastings,883000,2024-04-01
Winton,Southland,606000,2024-04-01
Silverdale,Hamilton,732000,2024-04-01
Surfdale,Auckland City,1373000,2024-04-01
Pomare,Rotorua,741000,2024-04-01
Brookfield,Tauranga,816000,2024-04-01
Havelock North,Hastings,1233000,2024-04-01
Takaro,Palmerston North,560000,2024-04-01
Parahaki,Whangarei,761000,2024-04-01
Mosgiel,Dunedin,719000,2024-04-01
Waverley,Invercargill,570000,2024-04-01
Hawera,South Taranaki,548000,2024-04-01
Fairfield,Hamilton,772000,2024-04-01
Te Aroha,Matamata-Piako,698000,2024-04-01
Panmure,Auckland City,1032000,2024-04-01
Wiri,Auckland Manukau,683000,2024-04-01
Bayswater,Auckland North Shore,1751000,2024-04-01
Western Heights,Rotorua,524000,2024-04-01
Yaldhurst,Christchurch,982000,2024-04-01
Terrace End,Palmerston North,643000,2024-04-01
Saint Kilda,Dunedin,503000,2024-04-01
Gore,Gore,473000,2024-04-01
Hargest,Invercargill,529000,2024-04-01
Meadowbank,Auckland City,1677000,2024-04-01
Morningside,Auckland City,1302000,2024-04-01
Patumahoe,Auckland Franklin,1253000,2024-04-01
Hillcrest,Auckland North Shore,1231000,2024-04-01
Sunnynook,Auckland North Shore,1198000,2024-04-01
Parkvale,Tauranga,658000,2024-04-01
Tauranga South,Tauranga,918000,2024-04-01
Gleniti,Timaru,822000,2024-04-01
Saint Leonards,Hastings,612000,2024-04-01
Otautau,Southland,399000,2024-04-01
Whalers Gate,New Plymouth,787000,2024-04-01
Hamilton East,Hamilton,735000,2024-04-01
Deanwell,Waipa,645000,2024-04-01
Waikanae,Kapiti Coast,923000,2024-04-01
Hauraki,Auckland North Shore,2005000,2024-04-01
Huapai,Auckland Rodney,1258000,2024-04-01
Orewa,Auckland Rodney,1254000,2024-04-01
Fairy Springs,Rotorua,562000,2024-04-01
Otumoetai,Tauranga,1075000,2024-04-01
Ohauiti,Western Bay of Plenty,1130000,2024-04-01
Pukehina,Western Bay of Plenty,1263000,2024-04-01
Hanmer Springs,Hurunui,815000,2024-04-01
Kelvin Grove,Palmerston North,807000,2024-04-01
Huntington,Hamilton,1064000,2024-04-01
Taupo,Taupo,751000,2024-04-01
Manukau,Auckland Manukau,629000,2024-04-01
Swanson,Auckland Waitakere,1186000,2024-04-01
Mahora,Hastings,710000,2024-04-01
Richmond Heights,Taupo,794000,2024-04-01
Bucklands Beach,Auckland Manukau,1748000,2024-04-01
Pakuranga,Auckland Manukau,1169000,2024-04-01
Narrow Neck,Auckland North Shore,1989000,2024-04-01
Netherby,Ashburton,561000,2024-04-01
Waipawa,Central Hawke's Bay,653000,2024-04-01
Waipukurau,Central Hawke's Bay,656000,2024-04-01
Grasmere,Invercargill,465000,2024-04-01
Hurdon,New Plymouth,819000,2024-04-01
Rototuna North,Hamilton,1033000,2024-04-01
Takapuna,Auckland North Shore,2208000,2024-04-01
Omaha,Auckland Rodney,2750000,2024-04-01
Ngongotaha,Rotorua,699000,2024-04-01
Prebbleton,Selwyn,1285000,2024-04-01
Fitzroy,New Plymouth,927000,2024-04-01
Mission Bay,Auckland City,2227000,2024-04-01
Favona,Auckland Manukau,857000,2024-04-01
Warkworth,Auckland Rodney,1209000,2024-04-01
Hobsonville,Auckland Waitakere,1141000,2024-04-01
Kelston,Auckland Waitakere,902000,2024-04-01
Hairini,Tauranga,782000,2024-04-01
Rangiora,Waimakariri,719000,2024-04-01
Aokautere,Palmerston North,1150000,2024-04-01
Mangawhai Heads,Kaipara,1377000,2024-04-01
North Dunedin,Dunedin,710000,2024-04-01
Lynmouth,New Plymouth,700000,2024-04-01
Upper Vogeltown,New Plymouth,685000,2024-04-01
Dinsdale,Hamilton,722000,2024-04-01
Nawton,Hamilton,669000,2024-04-01
Morrinsville,Matamata-Piako,808000,2024-04-01
Titirangi,Auckland Waitakere,1208000,2024-04-01
Judea,Tauranga,738000,2024-04-01
Rolleston,Selwyn,859000,2024-04-01
Mapua,Tasman,1144000,2024-04-01
Mount Albert,Auckland City,1405000,2024-04-01
Dairy Flat,Auckland Rodney,2342000,2024-04-01
Maori Hill,Timaru,577000,2024-04-01
Hastings,Hastings,605000,2024-04-01
Jacks Point,Queenstown-Lakes,1864000,2024-04-01
Richmond,Invercargill,487000,2024-04-01
Nukuhau,Taupo,900000,2024-04-01
Turangi,Taupo,482000,2024-04-01
Mairangi Bay,Auckland North Shore,1774000,2024-04-01
Matua,Tauranga,1198000,2024-04-01
Allenton,Ashburton,633000,2024-04-01
Horahora,Whangarei,658000,2024-04-01
Patea,South Taranaki,309000,2024-04-01
Queenwood,Hamilton,1014000,2024-04-01
Tawa,Wellington,861000,2024-04-01
Eden Terrace,Auckland City,824000,2024-04-01
Remuera,Auckland City,2693000,2024-04-01
Belmont,Auckland North Shore,1578000,2024-04-01
Milford,Auckland North Shore,1785000,2024-04-01
Lynmore,Rotorua,924000,2024-04-01
Cust,Waimakariri,1062000,2024-04-01
Ohoka,Waimakariri,1491000,2024-04-01
Parkvale,Hastings,669000,2024-04-01
Hokowhitu,Palmerston North,802000,2024-04-01
Frankleigh Park,New Plymouth,703000,2024-04-01
Chartwell,Hamilton,838000,2024-04-01
Manly,Auckland Rodney,1255000,2024-04-01
Stanmore Bay,Auckland Rodney,1071000,2024-04-01
Wellsford,Auckland Rodney,833000,2024-04-01
Laingholm,Auckland Waitakere,1023000,2024-04-01
Highfield,Timaru,606000,2024-04-01
Westbrook,Palmerston North,561000,2024-04-01
Westown,New Plymouth,637000,2024-04-01
Carterton,Carterton,661000,2024-04-01
Masterton,Masterton,550000,2024-04-01
Tauranga,Tauranga,1023000,2024-04-01
Leeston,Selwyn,769000,2024-04-01
Elgin,Gisborne,486000,2024-04-01
Melville,Hamilton,653000,2024-04-01
Avondale,Auckland City,988000,2024-04-01
Epsom,Auckland City,2163000,2024-04-01
Kaukapakapa,Auckland Rodney,1411000,2024-04-01
Whakatane,Whakatane,690000,2024-04-01
Hampstead,Ashburton,454000,2024-04-01
Ashburton,Ashburton,511000,2024-04-01
Ashhurst,Manawatu,716000,2024-04-01
Moturoa,New Plymouth,733000,2024-04-01
Wharewaka,Taupo,1384000,2024-04-01
Raglan,Waikato,1177000,2024-04-01
Owhata,Rotorua,661000,2024-04-01
Lincoln,Selwyn,996000,2024-04-01
West Melton,Selwyn,1335000,2024-04-01
Ahuriri,Napier,1027000,2024-04-01
Otamatea,Whanganui,910000,2024-04-01
Oamaru,Waitaki,436000,2024-04-01
Kihikihi,Waipa,752000,2024-04-01
Paraparaumu,Kapiti Coast,804000,2024-04-01
Petone,Lower Hutt,845000,2024-04-01
Te Atatu Peninsula,Auckland Waitakere,1123000,2024-04-01
Gate Pa,Tauranga,670000,2024-04-01
Greenmeadows,Napier,818000,2024-04-01
Woodhill,Whangarei,597000,2024-04-01
Ngaruawahia,Waikato,758000,2024-04-01
Oneroa,Auckland City,2096000,2024-04-01
Henderson Valley,Auckland Waitakere,1319000,2024-04-01
Bulls,Rangitikei,562000,2024-04-01
Paihia,Far North,833000,2024-04-01
Stillwater,Auckland Rodney,1606000,2024-04-01
Pyes Pa,Western Bay of Plenty,1125000,2024-04-01
Flaxmere,Hastings,479000,2024-04-01
Kuripuni,Masterton,556000,2024-04-01
Westgate,Auckland Waitakere,928000,2024-04-01
Welcome Bay,Western Bay of Plenty,907000,2024-04-01
Raureka,Hastings,618000,2024-04-01
East Gore,Gore,392000,2024-04-01
Weymouth,Auckland Manukau,790000,2024-04-01
Northcote,Auckland North Shore,1237000,2024-04-01
Gulf Harbour,Auckland Rodney,1087000,2024-04-01
Whenuapai,Auckland Waitakere,1246000,2024-04-01
Glenwood,Timaru,544000,2024-04-01
Otane,Central Hawke's Bay,779000,2024-04-01
Awapuni,Palmerston North,622000,2024-04-01
Holmes Hill,Waitaki,567000,2024-04-01
Blagdon,New Plymouth,581000,2024-04-01
New Plymouth,New Plymouth,873000,2024-04-01
Spotswood,New Plymouth,556000,2024-04-01
Maungatapu,Tauranga,907000,2024-04-01
Kirwee,Selwyn,1002000,2024-04-01
Feilding,Manawatu,653000,2024-04-01
Springvale,Whanganui,579000,2024-04-01
Atawhai,Nelson,918000,2024-04-01
Maunu,Whangarei,1002000,2024-04-01
Onerahi,Whangarei,653000,2024-04-01
South Hill,Waitaki,515000,2024-04-01
Richmond,Tasman,839000,2024-04-01
Hamilton Lake,Hamilton,904000,2024-04-01
Pokeno,Waikato,1054000,2024-04-01
Gisborne,Gisborne,552000,2024-04-01
Morningside,Whangarei,566000,2024-04-01
Regent,Whangarei,685000,2024-04-01
Tikipunga,Whangarei,618000,2024-04-01
Whau Valley,Whangarei,690000,2024-04-01
Te Awamutu,Waipa,788000,2024-04-01
Solway,Masterton,628000,2024-04-01
Kingsland,Auckland City,1369000,2024-04-01
Fernside,Waimakariri,1274000,2024-04-01
Te Hapara,Gisborne,575000,2024-04-01
Tahunanui,Nelson,684000,2024-04-01
Glenbrook,Auckland Franklin,1176000,2024-04-01
Devonport,Auckland North Shore,2171000,2024-04-01
Ohau,Horowhenua,1002000,2024-04-01
Havelock,Marlborough,697000,2024-04-01
Merrilands,New Plymouth,779000,2024-04-01
Vogeltown,New Plymouth,607000,2024-04-01
Waitara,New Plymouth,482000,2024-04-01
Hilltop,Taupo,876000,2024-04-01
Pirongia,Waipa,1042000,2024-04-01
Clevedon,Auckland Manukau,2051000,2024-04-01
Victoria,Rotorua,519000,2024-04-01
Tinwald,Ashburton,608000,2024-04-01
Whanganui,Whanganui,404000,2024-04-01
Ngunguru,Whangarei,1022000,2024-04-01
Welbourn,New Plymouth,705000,2024-04-01
Tamahere,Waikato,2044000,2024-04-01
Mount Eden,Auckland City,1786000,2024-04-01
Sandringham,Auckland City,1410000,2024-04-01
Leithfield,Hurunui,669000,2024-04-01
Toi Toi,Nelson,539000,2024-04-01
Hikurangi,Whangarei,578000,2024-04-01
Lansdowne,Masterton,649000,2024-04-01
Ohaupo,Waipa,1270000,2024-04-01
Washington Valley,Nelson,613000,2024-04-01
One Tree Point,Whangarei,1092000,2024-04-01
Te Kamo,Whangarei,752000,2024-04-01
Hope,Tasman,1286000,2024-04-01
Leamington,Waipa,951000,2024-04-01
Mangere East,Auckland Manukau,846000,2024-04-01
Mount Maunganui,Tauranga,1472000,2024-04-01
Sefton,Waimakariri,987000,2024-04-01
Redwoodtown,Marlborough,602000,2024-04-01
Witherlea,Marlborough,757000,2024-04-01
Avenues,Whangarei,551000,2024-04-01
Strandon,New Plymouth,982000,2024-04-01
Tuakau,Waikato,853000,2024-04-01
Ranui,Auckland Waitakere,854000,2024-04-01
Papamoa Beach,Tauranga,1098000,2024-04-01
Manakau,Horowhenua,959000,2024-04-01
The Wood,Nelson,776000,2024-04-01
Kaiwaka,Kaipara,929000,2024-04-01
Frankton,Hamilton,650000,2024-04-01
Acacia Bay,Taupo,1353000,2024-04-01
Drury,Auckland Papakura,1313000,2024-04-01
Waimauku,Auckland Rodney,1596000,2024-04-01
Hospital Hill,Napier,972000,2024-04-01
Pirimai,Napier,620000,2024-04-01
Gonville,Whanganui,430000,2024-04-01
Matamata,Matamata-Piako,816000,2024-04-01
Rangatira Park,Taupo,1009000,2024-04-01
Silverdale,Auckland Rodney,1373000,2024-04-01
Rakaia,Ashburton,558000,2024-04-01
Durie Hill,Whanganui,608000,2024-04-01
Renwick,Marlborough,764000,2024-04-01
Stoke,Nelson,742000,2024-04-01
Waipapa,Far North,1070000,2024-04-01
Kensington,Whangarei,633000,2024-04-01
Opunake,South Taranaki,481000,2024-04-01
Waverley,South Taranaki,408000,2024-04-01
Putaruru,South Waikato,558000,2024-04-01
Pukekohe,Auckland Franklin,933000,2024-04-01
Foxton Beach,Horowhenua,623000,2024-04-01
Waitarere Beach,Horowhenua,640000,2024-04-01
Tawhero,Whanganui,540000,2024-04-01
Stepneyville,Nelson,1208000,2024-04-01
Motueka,Tasman,745000,2024-04-01
Buckland,Waikato,1320000,2024-04-01
Mangere Bridge,Auckland Manukau,1182000,2024-04-01
Picton,Marlborough,649000,2024-04-01
Taupiri,Waikato,1078000,2024-04-01
Kerikeri,Far North,1091000,2024-04-01
Oamaru North,Waitaki,470000,2024-04-01
Ellerslie,Auckland City,1243000,2024-04-01
Hunua,Auckland Franklin,1410000,2024-04-01
Waiuku,Auckland Franklin,874000,2024-04-01
Riverhead,Auckland Rodney,1814000,2024-04-01
Massey,Auckland Waitakere,986000,2024-04-01
Waitakere,Auckland Waitakere,1404000,2024-04-01
Te Kuiti,Waitomo,452000,2024-04-01
Helensville,Auckland Rodney,1171000,2024-04-01
Halcombe,Manawatu,823000,2024-04-01
Waihi,Hauraki,697000,2024-04-01
Papatoetoe,Auckland Manukau,846000,2024-04-01
Waihi Beach,Western Bay of Plenty,1483000,2024-04-01
Eyrewell,Waimakariri,1023000,2024-04-01
Whanganui East,Whanganui,448000,2024-04-01
Kawakawa,Far North,517000,2024-04-01
Ruakaka,Whangarei,903000,2024-04-01
Kinloch,Taupo,1359000,2024-04-01
Edgecumbe,Whakatane,647000,2024-04-01
Tamatea,Napier,621000,2024-04-01
Levin,Horowhenua,591000,2024-04-01
The Brook,Nelson,675000,2024-04-01
Waipu,Whangarei,1140000,2024-04-01
Eltham,South Taranaki,416000,2024-04-01
Wakefield,Tasman,901000,2024-04-01
Ngatea,Hauraki,702000,2024-04-01
Karaka,Auckland Papakura,1632000,2024-04-01
Elgin,Ashburton,971000,2024-04-01
Hamilton Central,Hamilton,747000,2024-04-01
Mangere,Auckland Manukau,883000,2024-04-01
Wainui,Auckland Rodney,1452000,2024-04-01
Oropi,Western Bay of Plenty,1517000,2024-04-01
Nelson South,Nelson,762000,2024-04-01
Highlands Park,New Plymouth,892000,2024-04-01
Onekawa,Napier,594000,2024-04-01
Poraiti,Napier,1242000,2024-04-01
Loburn,Waimakariri,1154000,2024-04-01
Awatoto,Napier,927000,2024-04-01
Balclutha,Clutha,437000,2024-04-01
Temple View,Waipa,1044000,2024-04-01
Haruru,Far North,860000,2024-04-01
Brightwater,Tasman,934000,2024-04-01
Paeroa,Hauraki,576000,2024-04-01
Te Atatu South,Auckland Waitakere,936000,2024-04-01
Karikari Peninsula,Far North,771000,2024-04-01
Dargaville,Kaipara,511000,2024-04-01
Redwood Valley,Tasman,1541000,2024-04-01
Whitiora,Hamilton,637000,2024-04-01
Glen Eden,Auckland Waitakere,856000,2024-04-01
Blenheim,Marlborough,607000,2024-04-01
Riversdale,Marlborough,547000,2024-04-01
Springlands,Marlborough,821000,2024-04-01
Henderson,Auckland Waitakere,951000,2024-04-01
Shannon,Horowhenua,489000,2024-04-01
Whataupoko,Gisborne,825000,2024-04-01
Coromandel,Thames-Coromandel,872000,2024-04-01
Te Kowhai,Waikato,1319000,2024-04-01
Bluff Hill,Napier,1010000,2024-04-01
Whangarei Heads,Whangarei,1077000,2024-04-01
Huntly,Waikato,545000,2024-04-01
Napier South,Napier,676000,2024-04-01
Raumanga,Whangarei,491000,2024-04-01
Milton,Clutha,427000,2024-04-01
Ngahinapouri,Waipa,1351000,2024-04-01
Mayfield,Marlborough,564000,2024-04-01
Greytown,South Wairarapa,977000,2024-04-01
Bay View,Napier,1025000,2024-04-01
Westshore,Napier,1036000,2024-04-01
Foxton,Horowhenua,509000,2024-04-01
Bunnythorpe,Manawatu,871000,2024-04-01
Katikati,Western Bay of Plenty,790000,2024-04-01
Saint Johns Hill,Whanganui,685000,2024-04-01
Matakana,Auckland Rodney,1852000,2024-04-01
Marewa,Napier,572000,2024-04-01
Parua Bay,Whangarei,1115000,2024-04-01
Te Awa,Napier,829000,2024-04-01
Coastlands,Whakatane,990000,2024-04-01
Tasman,Tasman,1507000,2024-04-01
Aongatete,Western Bay of Plenty,1287000,2024-04-01
Marton,Rangitikei,503000,2024-04-01
Te Puke,Western Bay of Plenty,812000,2024-04-01
Taumarunui,Ruapehu,365000,2024-04-01
Kumeu,Auckland Rodney,1514000,2024-04-01
Whatawhata,Waikato,1203000,2024-04-01
Tahawai,Western Bay of Plenty,1244000,2024-04-01
Tokoroa,South Waikato,424000,2024-04-01
Whakamarama,Western Bay of Plenty,1500000,2024-04-01
Maraenui,Napier,476000,2024-04-01
Maungatapere,Whangarei,1040000,2024-04-01
Hamurana,Rotorua,1213000,2024-04-01
Omokoroa,Western Bay of Plenty,1122000,2024-04-01
Whangamata,Thames-Coromandel,1417000,2024-04-01
Cambridge,Waipa,1182000,2024-04-01
Athenree,Western Bay of Plenty,1098000,2024-04-01
Minden,Western Bay of Plenty,1585000,2024-04-01
Martinborough,South Wairarapa,1006000,2024-04-01
Opotiki,Opotiki,464000,2024-04-01
Point England,Auckland City,995000,2024-04-01
Kaitaia,Far North,444000,2024-04-01
Tairua,Thames-Coromandel,1141000,2024-04-01
Featherston,South Wairarapa,604000,2024-04-01
Whitianga,Thames-Coromandel,1063000,2024-04-01
Thames,Thames-Coromandel,740000,2024-04-01
Te Kauwhata,Waikato,814000,2024-04-01
Matarangi,Thames-Coromandel,1166000,2024-04-01
Wairoa,Wairoa,338000,2024-04-01
Otorohanga,Otorohanga,624000,2024-04-01
Kauri,Whangarei,1043000,2024-04-01
Coatesville,Auckland Rodney,3479000,2024-04-01
Pauanui,Thames-Coromandel,1558000,2024-04-01
Glenbervie,Whangarei,1162000,2024-04-01
Appleby,Tasman,1037000,2024-04-01
Kawerau,Kawerau,387000,2024-04-01
Ohakune,Ruapehu,489000,2024-04-01
Totara Park,Auckland Manukau,1615000,2024-04-01
Runanga,Grey,301000,2024-11-01
Lake Hayes,Queenstown-Lakes,2813000,2024-11-01
Cobden,Grey,323000,2024-11-01
Richmond Heights,Taupo,815000,2024-11-01
Paroa,Grey,714000,2024-11-01
Motuoapa,Taupo,819000,2024-11-01
Karoro,Grey,611000,2024-11-01
Greymouth,Grey,480000,2024-11-01
Hawthorndale,Invercargill,501000,2024-11-01
Kinloch,Taupo,1406000,2024-11-01
Tauhara,Taupo,622000,2024-11-01
New Lynn,Auckland Waitakere,874000,2024-11-01
Hilltop,Taupo,899000,2024-11-01
Bluff,Invercargill,356000,2024-11-01
Otatara,Invercargill,805000,2024-11-01
Fernside,Waimakariri,1272000,2024-11-01
Arrowtown,Queenstown-Lakes,2799000,2024-11-01
Georgetown,Invercargill,394000,2024-11-01
Blaketown,Grey,336000,2024-11-01
Oneroa,Auckland City,2213000,2024-11-01
Coastlands,Whakatane,1003000,2024-11-01
Waipahihi,Taupo,1128000,2024-11-01
Clyde,Central Otago,990000,2024-11-01
Torbay,Auckland North Shore,1254000,2024-11-01
Kawerau,Kawerau,414000,2024-11-01
Turangi,Taupo,482000,2024-11-01
Maori Hill,Timaru,595000,2024-11-01
Rangatira Park,Taupo,1028000,2024-11-01
Twizel,Mackenzie,787000,2024-11-01
Avenal,Invercargill,496000,2024-11-01
Waverley,Invercargill,580000,2024-11-01
Meadowbank,Auckland City,1671000,2024-11-01
Huapai,Auckland Rodney,1247000,2024-11-01
Point Wells,Auckland Rodney,2334000,2024-11-01
Kennedys Bush,Christchurch,1802000,2024-11-01
Eyrewell,Waimakariri,1029000,2024-11-01
Lower Shotover,Queenstown-Lakes,1818000,2024-11-01
Grasmere,Invercargill,477000,2024-11-01
Taupo,Taupo,752000,2024-11-01
Mairehau,Christchurch,654000,2024-11-01
Lake Tekapo,Mackenzie,1179000,2024-11-01
Saint Kilda,Dunedin,525000,2024-11-01
Bryndwr,Christchurch,805000,2024-11-01
Newfield,Invercargill,463000,2024-11-01
Waikiwi,Invercargill,629000,2024-11-01
Waverley,South Taranaki,425000,2024-11-01
Omaha,Auckland Rodney,2754000,2024-11-01
Rosedale,Invercargill,758000,2024-11-01
Opunake,South Taranaki,491000,2024-11-01
Greenlane,Auckland City,1828000,2024-11-01
Sunnynook,Auckland North Shore,1183000,2024-11-01
Spreydon,Christchurch,635000,2024-11-01
Vogeltown,New Plymouth,621000,2024-11-01
Red Hill,Auckland Papakura,797000,2024-11-01
Parkside,Timaru,466000,2024-11-01
Loburn,Waimakariri,1160000,2024-11-01
Bridge Hill,Central Otago,973000,2024-11-01
Mount Pisa,Central Otago,1516000,2024-11-01
Frankton,Queenstown-Lakes,1300000,2024-11-01
Grey Lynn,Auckland City,1760000,2024-11-01
Leithfield,Hurunui,685000,2024-11-01
Alexandra,Central Otago,788000,2024-11-01
Redwood Valley,Tasman,1621000,2024-11-01
Upper Moutere,Tasman,1319000,2024-11-01
Kensington,Timaru,464000,2024-11-01
Parkvale,Hastings,665000,2024-11-01
Woodville,Tararua,450000,2024-11-01
Te Aroha,Matamata-Piako,688000,2024-11-01
Yaldhurst,Christchurch,983000,2024-11-01
Southbridge,Selwyn,654000,2024-11-01
Cust,Waimakariri,1054000,2024-11-01
Appleby,Invercargill,350000,2024-11-01
Heidelberg,Invercargill,425000,2024-11-01
Rakaia,Ashburton,575000,2024-11-01
Cheviot,Hurunui,520000,2024-11-01
Glenwood,Timaru,555000,2024-11-01
Sefton,Waimakariri,990000,2024-11-01
Waimate,Waimate,519000,2024-11-01
Roxburgh,Central Otago,493000,2024-11-01
Glengarry,Invercargill,449000,2024-11-01
Winton,Southland,628000,2024-11-01
Bell Block,New Plymouth,756000,2024-11-01
Tasman,Tasman,1583000,2024-11-01
Mission Bay,Auckland City,2196000,2024-11-01
Marshland,Christchurch,1090000,2024-11-01
Pahiatua,Tararua,488000,2024-11-01
Nelson South,Nelson,762000,2024-11-01
Ranfurly,Central Otago,465000,2024-11-01
Arthurs Point,Queenstown-Lakes,1669000,2024-11-01
Kingswell,Invercargill,419000,2024-11-01
Strathern,Invercargill,397000,2024-11-01
Te Kuiti,Waitomo,469000,2024-11-01
Papakura,Auckland Papakura,810000,2024-11-01
Mount Maunganui,Tauranga,1488000,2024-11-01
Cracroft,Christchurch,1142000,2024-11-01
Stepneyville,Nelson,1214000,2024-11-01
Queenstown,Queenstown-Lakes,1780000,2024-11-01
Blagdon,New Plymouth,582000,2024-11-01
Fairview Heights,Auckland North Shore,1607000,2024-11-01
Te Atatu South,Auckland Waitakere,929000,2024-11-01
Edgecumbe,Whakatane,645000,2024-11-01
Hillmorton,Christchurch,685000,2024-11-01
Mahora,Hastings,693000,2024-11-01
Mayfair,Hastings,608000,2024-11-01
Wanaka,Queenstown-Lakes,2119000,2024-11-01
Lynmouth,New Plymouth,698000,2024-11-01
Marfell,New Plymouth,479000,2024-11-01
Richmond,Tasman,850000,2024-11-01
Ngatea,Hauraki,723000,2024-11-01
Campbells Bay,Auckland North Shore,2344000,2024-11-01
Te Atatu Peninsula,Auckland Waitakere,1073000,2024-11-01
Lynmore,Rotorua,905000,2024-11-01
Springfield,Rotorua,783000,2024-11-01
Parkvale,Tauranga,670000,2024-11-01
Wainoni,Christchurch,519000,2024-11-01
Temuka,Timaru,525000,2024-11-01
Hastings,Hastings,598000,2024-11-01
Foxton,Horowhenua,506000,2024-11-01
Corstorphine,Dunedin,611000,2024-11-01
Upper Vogeltown,New Plymouth,688000,2024-11-01
Westown,New Plymouth,649000,2024-11-01
Nukuhau,Taupo,896000,2024-11-01
Clover Park,Auckland Manukau,852000,2024-11-01
Redwood,Christchurch,669000,2024-11-01
Russley,Christchurch,712000,2024-11-01
Fairlie,Mackenzie,554000,2024-11-01
Albert Town,Queenstown-Lakes,1633000,2024-11-01
Fitzroy,New Plymouth,953000,2024-11-01
Frankleigh Park,New Plymouth,704000,2024-11-01
Welbourn,New Plymouth,705000,2024-11-01
Hope,Tasman,1274000,2024-11-01
Kohimarama,Auckland City,2199000,2024-11-01
Greenhithe,Auckland North Shore,1778000,2024-11-01
Windsor Park,Auckland North Shore,1352000,2024-11-01
Bethlehem,Tauranga,1108000,2024-11-01
Whakatane,Whakatane,681000,2024-11-01
Heathcote Valley,Christchurch,834000,2024-11-01
Hei Hei,Christchurch,621000,2024-11-01
Prebbleton,Selwyn,1303000,2024-11-01
Highfield,Timaru,611000,2024-11-01
Waimataitai,Timaru,515000,2024-11-01
West End,Timaru,502000,2024-11-01
Akina,Hastings,619000,2024-11-01
Waitarere Beach,Horowhenua,616000,2024-11-01
Forrest Hill,Auckland North Shore,1381000,2024-11-01
Whenuapai,Auckland Waitakere,1236000,2024-11-01
Islington,Christchurch,583000,2024-11-01
Riccarton,Christchurch,763000,2024-11-01
Richmond,Christchurch,579000,2024-11-01
Sumner,Christchurch,1204000,2024-11-01
Amberley,Hurunui,744000,2024-11-01
Ohoka,Waimakariri,1483000,2024-11-01
Marewa,Napier,560000,2024-11-01
Cromwell,Central Otago,1005000,2024-11-01
Tapanui,Clutha,434000,2024-11-01
Windsor,Invercargill,592000,2024-11-01
Moturoa,New Plymouth,752000,2024-11-01
Spotswood,New Plymouth,562000,2024-11-01
Wakefield,Tasman,932000,2024-11-01
Beerescourt,Hamilton,997000,2024-11-01
Glenfield,Auckland North Shore,1025000,2024-11-01
Murrays Bay,Auckland North Shore,1809000,2024-11-01
Rosehill,Auckland Papakura,921000,2024-11-01
Red Beach,Auckland Rodney,1235000,2024-11-01
Ohope,Whakatane,1272000,2024-11-01
Aranui,Christchurch,484000,2024-11-01
Diamond Harbour,Christchurch,785000,2024-11-01
Somerfield,Christchurch,740000,2024-11-01
Rolleston,Selwyn,867000,2024-11-01
Marchwiel,Timaru,525000,2024-11-01
Watlington,Timaru,478000,2024-11-01
Outer Kaiti,Gisborne,498000,2024-11-01
Ohakune,Ruapehu,490000,2024-11-01
Tawa,Wellington,853000,2024-11-01
Mangere East,Auckland Manukau,865000,2024-11-01
Beach Haven,Auckland North Shore,1050000,2024-11-01
Oteha,Auckland North Shore,1175000,2024-11-01
Laingholm,Auckland Waitakere,993000,2024-11-01
Aidanfield,Christchurch,920000,2024-11-01
Phillipstown,Christchurch,461000,2024-11-01
Saint Martins,Christchurch,758000,2024-11-01
Tai Tapu,Selwyn,1478000,2024-11-01
Pegasus,Waimakariri,837000,2024-11-01
Te Hapara,Gisborne,564000,2024-11-01
Clive,Hastings,887000,2024-11-01
Eskdale,Hastings,1343000,2024-11-01
Frimley,Hastings,881000,2024-11-01
Foxton Beach,Horowhenua,603000,2024-11-01
Bulls,Rangitikei,553000,2024-11-01
Helensburgh,Dunedin,743000,2024-11-01
Acacia Bay,Taupo,1388000,2024-11-01
Wharewaka,Taupo,1376000,2024-11-01
Huntly,Waikato,553000,2024-11-01
Beachlands,Auckland Manukau,1566000,2024-11-01
Clendon Park,Auckland Manukau,729000,2024-11-01
Totara Vale,Auckland North Shore,1004000,2024-11-01
Owhata,Rotorua,658000,2024-11-01
Victoria,Rotorua,504000,2024-11-01
Avonhead,Christchurch,816000,2024-11-01
Broomfield,Christchurch,703000,2024-11-01
Burnside,Christchurch,898000,2024-11-01
Fendalton,Christchurch,1776000,2024-11-01
Templeton,Christchurch,801000,2024-11-01
Lincoln,Selwyn,1022000,2024-11-01
Geraldine,Timaru,620000,2024-11-01
Gladstone,Invercargill,629000,2024-11-01
Richmond,Invercargill,496000,2024-11-01
Strandon,New Plymouth,1004000,2024-11-01
Waitara,New Plymouth,489000,2024-11-01
Appleby,Tasman,1051000,2024-11-01
Brightwater,Tasman,963000,2024-11-01
Peacocke,Hamilton,1128000,2024-11-01
Belmont,Auckland North Shore,1536000,2024-11-01
Pahurehure,Auckland Papakura,961000,2024-11-01
Sunnyvale,Auckland Waitakere,869000,2024-11-01
Dallington,Christchurch,600000,2024-11-01
Edgeware,Christchurch,563000,2024-11-01
Hornby,Christchurch,606000,2024-11-01
Shirley,Christchurch,646000,2024-11-01
Leeston,Selwyn,766000,2024-11-01
Woodhill,Whangarei,575000,2024-11-01
Mornington,Dunedin,578000,2024-11-01
Weston,Waitaki,774000,2024-11-01
Wallacetown,Southland,586000,2024-11-01
Highlands Park,New Plymouth,886000,2024-11-01
Otorohanga,Otorohanga,633000,2024-11-01
Tokoroa,South Waikato,422000,2024-11-01
Taita,Lower Hutt,625000,2024-11-01
Woburn,Lower Hutt,1166000,2024-11-01
Orakei,Auckland City,2374000,2024-11-01
Dannemora,Auckland Manukau,1672000,2024-11-01
Maraetai,Auckland Manukau,1524000,2024-11-01
Otara,Auckland Manukau,748000,2024-11-01
Shelly Park,Auckland Manukau,1545000,2024-11-01
Waiake,Auckland North Shore,1591000,2024-11-01
Hatfields Beach,Auckland Rodney,1142000,2024-11-01
Glendene,Auckland Waitakere,920000,2024-11-01
Massey,Auckland Waitakere,955000,2024-11-01
Avondale,Christchurch,563000,2024-11-01
Mount Pleasant,Christchurch,1146000,2024-11-01
Seaview,Timaru,478000,2024-11-01
Fernhill,Queenstown-Lakes,1360000,2024-11-01
Kelvin Heights,Queenstown-Lakes,2720000,2024-11-01
Riwaka,Tasman,809000,2024-11-01
Hamilton East,Hamilton,724000,2024-11-01
Maeroa,Hamilton,716000,2024-11-01
Wai o Taiki Bay,Auckland City,1508000,2024-11-01
Castor Bay,Auckland North Shore,1955000,2024-11-01
Pinehill,Auckland North Shore,1749000,2024-11-01
Parakai,Auckland Rodney,746000,2024-11-01
Wigram,Christchurch,867000,2024-11-01
Pirimai,Napier,611000,2024-11-01
Fairfield,Dunedin,777000,2024-11-01
Green Island,Dunedin,610000,2024-11-01
Kaikorai,Dunedin,584000,2024-11-01
Waverley,Dunedin,799000,2024-11-01
Holmes Hill,Waitaki,593000,2024-11-01
Riverton/Aparima,Southland,677000,2024-11-01
Kihikihi,Waipa,757000,2024-11-01
Saint Marys Bay,Auckland City,2868000,2024-11-01
The Gardens,Auckland Manukau,1255000,2024-11-01
Schnapper Rock,Auckland North Shore,1633000,2024-11-01
Matata,Whakatane,867000,2024-11-01
Hampstead,Ashburton,464000,2024-11-01
Harewood,Christchurch,1108000,2024-11-01
Raureka,Hastings,605000,2024-11-01
Dannevirke,Tararua,484000,2024-11-01
Milton,Clutha,448000,2024-11-01
Abbotsford,Dunedin,628000,2024-11-01
Halfway Bush,Dunedin,633000,2024-11-01
Lake Hawea,Queenstown-Lakes,1299000,2024-11-01
Kakanui,Waitaki,656000,2024-11-01
Naenae,Lower Hutt,623000,2024-11-01
Eden Terrace,Auckland City,802000,2024-11-01
Onetangi,Auckland City,1946000,2024-11-01
Saint Heliers,Auckland City,2301000,2024-11-01
Albany,Auckland North Shore,1118000,2024-11-01
Bayview,Auckland North Shore,996000,2024-11-01
Devonport,Auckland North Shore,2121000,2024-11-01
Ngongotaha,Rotorua,687000,2024-11-01
Omokoroa,Western Bay of Plenty,1124000,2024-11-01
Methven,Ashburton,728000,2024-11-01
Beckenham,Christchurch,874000,2024-11-01
Belfast,Christchurch,697000,2024-11-01
Merivale,Christchurch,1577000,2024-11-01
Stoke,Nelson,739000,2024-11-01
Mount Wellington,Auckland City,958000,2024-11-01
Weymouth,Auckland Manukau,775000,2024-11-01
Wiri,Auckland Manukau,671000,2024-11-01
Chatswood,Auckland North Shore,1469000,2024-11-01
Hamurana,Rotorua,1178000,2024-11-01
Hillcrest,Rotorua,590000,2024-11-01
Avonside,Christchurch,545000,2024-11-01
Bishopdale,Christchurch,687000,2024-11-01
Bromley,Christchurch,524000,2024-11-01
Opawa,Christchurch,783000,2024-11-01
Sockburn,Christchurch,623000,2024-11-01
Gleniti,Timaru,821000,2024-11-01
Whataupoko,Gisborne,818000,2024-11-01
Otane,Central Hawke's Bay,752000,2024-11-01
Tokomaru,Horowhenua,659000,2024-11-01
Mosgiel,Dunedin,742000,2024-11-01
Saint Clair,Dunedin,871000,2024-11-01
Inglewood,New Plymouth,643000,2024-11-01
Whalers Gate,New Plymouth,777000,2024-11-01
Eltham,South Taranaki,419000,2024-11-01
Normanby,South Taranaki,519000,2024-11-01
Patea,South Taranaki,307000,2024-11-01
Takaka,Tasman,732000,2024-11-01
Fairfield,Hamilton,752000,2024-11-01
Otahuhu,Auckland City,746000,2024-11-01
Three Kings,Auckland City,1123000,2024-11-01
Northpark,Auckland Manukau,1444000,2024-11-01
Randwick Park,Auckland Manukau,768000,2024-11-01
Unsworth Heights,Auckland North Shore,1163000,2024-11-01
Athenree,Western Bay of Plenty,1114000,2024-11-01
Clifton,Christchurch,1335000,2024-11-01
Southshore,Christchurch,718000,2024-11-01
Oxford,Waimakariri,702000,2024-11-01
Outram,Dunedin,848000,2024-11-01
Matamata,Matamata-Piako,803000,2024-11-01
Tuakau,Waikato,830000,2024-11-01
Leamington,Waipa,938000,2024-11-01
One Tree Hill,Auckland City,1316000,2024-11-01
Manly,Auckland Rodney,1221000,2024-11-01
Snells Beach,Auckland Rodney,1092000,2024-11-01
Koutu,Rotorua,509000,2024-11-01
Te Puke,Western Bay of Plenty,825000,2024-11-01
Waltham,Christchurch,517000,2024-11-01
Swannanoa,Waimakariri,1286000,2024-11-01
Lytton West,Gisborne,908000,2024-11-01
Ohau,Horowhenua,968000,2024-11-01
Eketahuna,Tararua,422000,2024-11-01
Toi Toi,Nelson,547000,2024-11-01
Horahora,Whangarei,634000,2024-11-01
Maryhill,Dunedin,592000,2024-11-01
Oamaru North,Waitaki,494000,2024-11-01
Maungaraki,Lower Hutt,850000,2024-11-01
Panmure,Auckland City,978000,2024-11-01
Goodwood Heights,Auckland Manukau,1040000,2024-11-01
Mellons Bay,Auckland Manukau,2081000,2024-11-01
Takapuna,Auckland North Shore,2164000,2024-11-01
Gate Pa,Tauranga,678000,2024-11-01
Hoon Hay,Christchurch,671000,2024-11-01
Huntsbury,Christchurch,1142000,2024-11-01
Westmorland,Christchurch,1168000,2024-11-01
Woolston,Christchurch,581000,2024-11-01
Marybank,Nelson,916000,2024-11-01
Nelson,Nelson,1124000,2024-11-01
Kensington,Whangarei,605000,2024-11-01
Regent,Whangarei,653000,2024-11-01
Glenview,Waipa,756000,2024-11-01
Ohaupo,Waipa,1285000,2024-11-01
Korokoro,Lower Hutt,948000,2024-11-01
Bucklands Beach,Auckland Manukau,1658000,2024-11-01
Eastern Beach,Auckland Manukau,1855000,2024-11-01
Favona,Auckland Manukau,850000,2024-11-01
Tahawai,Western Bay of Plenty,1253000,2024-11-01
Hillsborough,Christchurch,820000,2024-11-01
Papanui,Christchurch,768000,2024-11-01
Hanmer Springs,Hurunui,839000,2024-11-01
Kirwee,Selwyn,998000,2024-11-01
Gisborne,Gisborne,550000,2024-11-01
Bunnythorpe,Manawatu,888000,2024-11-01
Witherlea,Marlborough,764000,2024-11-01
Kauri,Whangarei,1057000,2024-11-01
Balclutha,Clutha,452000,2024-11-01
Andersons Bay,Dunedin,668000,2024-11-01
Belleknowes,Dunedin,796000,2024-11-01
Calton Hill,Dunedin,483000,2024-11-01
North East Valley,Dunedin,547000,2024-11-01
Luggate,Queenstown-Lakes,1179000,2024-11-01
South Hill,Waitaki,540000,2024-11-01
Lower Vogeltown,New Plymouth,719000,2024-11-01
Oakura,New Plymouth,1340000,2024-11-01
Hawera,South Taranaki,539000,2024-11-01
Mapua,Tasman,1160000,2024-11-01
Silverdale,Hamilton,716000,2024-11-01
Westmere,Auckland City,2527000,2024-11-01
Pukehangi,Rotorua,617000,2024-11-01
Maungatapu,Tauranga,877000,2024-11-01
North New Brighton,Christchurch,578000,2024-11-01
Strowan,Christchurch,1222000,2024-11-01
Sydenham,Christchurch,564000,2024-11-01
Waipukurau,Central Hawke's Bay,629000,2024-11-01
Sanson,Manawatu,657000,2024-11-01
Te Anau,Southland,781000,2024-11-01
Claudelands,Hamilton,752000,2024-11-01
Melville,Hamilton,640000,2024-11-01
Tirau,South Waikato,654000,2024-11-01
Churton Park,Wellington,1080000,2024-11-01
Hillsborough,Auckland City,1257000,2024-11-01
Point England,Auckland City,957000,2024-11-01
Stonefields,Auckland City,1535000,2024-11-01
Mangakakahi,Rotorua,512000,2024-11-01
Sunnybrook,Rotorua,698000,2024-11-01
Western Heights,Rotorua,510000,2024-11-01
Brookfield,Tauranga,797000,2024-11-01
Linwood,Christchurch,503000,2024-11-01
Kaikoura,Kaikoura,774000,2024-11-01
Kaiapoi,Waimakariri,699000,2024-11-01
Elgin,Gisborne,471000,2024-11-01
Flaxmere,Hastings,486000,2024-11-01
Maraenui,Napier,473000,2024-11-01
Shannon,Horowhenua,478000,2024-11-01
Tahunanui,Nelson,686000,2024-11-01
Onerahi,Whangarei,625000,2024-11-01
Raumanga,Whangarei,477000,2024-11-01
Whau Valley,Whangarei,672000,2024-11-01
Brockville,Dunedin,528000,2024-11-01
North Dunedin,Dunedin,703000,2024-11-01
Roslyn,Dunedin,888000,2024-11-01
Shiel Hill,Dunedin,783000,2024-11-01
Glenorchy,Queenstown-Lakes,1493000,2024-11-01
Merrilands,New Plymouth,769000,2024-11-01
Deanwell,Waipa,633000,2024-11-01
Auckland Central,Auckland City,573000,2024-11-01
Onehunga,Auckland City,1055000,2024-11-01
Sandringham,Auckland City,1343000,2024-11-01
Wesley,Auckland City,1088000,2024-11-01
Farm Cove,Auckland Manukau,1716000,2024-11-01
Long Bay,Auckland North Shore,1678000,2024-11-01
Redcliffs,Christchurch,1184000,2024-11-01
Pleasant Point,Timaru,603000,2024-11-01
Atawhai,Nelson,928000,2024-11-01
Enner Glynn,Nelson,886000,2024-11-01
The Brook,Nelson,688000,2024-11-01
Avenues,Whangarei,530000,2024-11-01
Maunu,Whangarei,971000,2024-11-01
Parahaki,Whangarei,719000,2024-11-01
Paeroa,Hauraki,576000,2024-11-01
Kingsland,Auckland City,1346000,2024-11-01
Totara Heights,Auckland Manukau,1001000,2024-11-01
Hauraki,Auckland North Shore,1964000,2024-11-01
Pomare,Rotorua,714000,2024-11-01
Greerton,Tauranga,710000,2024-11-01
Minden,Western Bay of Plenty,1593000,2024-11-01
Casebrook,Christchurch,838000,2024-11-01
Kaiti,Gisborne,508000,2024-11-01
Napier South,Napier,648000,2024-11-01
Terrace End,Palmerston North,628000,2024-11-01
Taumarunui,Ruapehu,358000,2024-11-01
Picton,Marlborough,645000,2024-11-01
Washington Valley,Nelson,614000,2024-11-01
Rototuna,Hamilton,992000,2024-11-01
Kelson,Lower Hutt,830000,2024-11-01
Botany Downs,Auckland Manukau,1238000,2024-11-01
Cockle Bay,Auckland Manukau,1580000,2024-11-01
Golflands,Auckland Manukau,1278000,2024-11-01
Manurewa,Auckland Manukau,787000,2024-11-01
Hillcrest,Auckland North Shore,1201000,2024-11-01
Fairy Springs,Rotorua,542000,2024-11-01
Elgin,Ashburton,964000,2024-11-01
Burwood,Christchurch,693000,2024-11-01
Cashmere,Christchurch,1157000,2024-11-01
Northcote,Christchurch,583000,2024-11-01
Upper Riccarton,Christchurch,683000,2024-11-01
Darfield,Selwyn,842000,2024-11-01
Woodend,Waimakariri,731000,2024-11-01
Inner Kaiti,Gisborne,693000,2024-11-01
Castlecliff,Whanganui,436000,2024-11-01
Glenbervie,Whangarei,1170000,2024-11-01
Morningside,Whangarei,545000,2024-11-01
Port Chalmers,Dunedin,560000,2024-11-01
Motueka,Tasman,733000,2024-11-01
Huntington,Hamilton,1037000,2024-11-01
Nawton,Hamilton,658000,2024-11-01
Rototuna North,Hamilton,997000,2024-11-01
Pirongia,Waipa,1026000,2024-11-01
Normandale,Lower Hutt,880000,2024-11-01
Mount Albert,Auckland City,1289000,2024-11-01
Newmarket,Auckland City,870000,2024-11-01
Saint Johns,Auckland City,1460000,2024-11-01
Patumahoe,Auckland Franklin,1250000,2024-11-01
Waiuku,Auckland Franklin,862000,2024-11-01
East Tamaki,Auckland Manukau,1097000,2024-11-01
Manukau,Auckland Manukau,606000,2024-11-01
Northcote,Auckland North Shore,1192000,2024-11-01
Kelston,Auckland Waitakere,858000,2024-11-01
Westgate,Auckland Waitakere,882000,2024-11-01
Hairini,Tauranga,757000,2024-11-01
Aongatete,Western Bay of Plenty,1302000,2024-11-01
Oropi,Western Bay of Plenty,1523000,2024-11-01
Akaroa,Christchurch,1058000,2024-11-01
South New Brighton,Christchurch,624000,2024-11-01
St Albans,Christchurch,908000,2024-11-01
Rangiora,Waimakariri,714000,2024-11-01
Haumoana,Hastings,1161000,2024-11-01
Mayfield,Marlborough,571000,2024-11-01
Springlands,Marlborough,834000,2024-11-01
Kaikohe,Far North,402000,2024-11-01
Ruakaka,Whangarei,890000,2024-11-01
Tikipunga,Whangarei,602000,2024-11-01
Dunedin Central,Dunedin,704000,2024-11-01
Sawyers Bay,Dunedin,668000,2024-11-01
Otautau,Southland,415000,2024-11-01
Queenwood,Hamilton,996000,2024-11-01
Morrinsville,Matamata-Piako,790000,2024-11-01
Solway,Masterton,616000,2024-11-01
Camborne,Porirua,920000,2024-11-01
Freemans Bay,Auckland City,1648000,2024-11-01
Ponsonby,Auckland City,2334000,2024-11-01
Mangere,Auckland Manukau,845000,2024-11-01
Ranui,Auckland Waitakere,846000,2024-11-01
Northwood,Christchurch,1071000,2024-11-01
Westshore,Napier,999000,2024-11-01
Tangimoana,Manawatu,442000,2024-11-01
Aokautere,Palmerston North,1168000,2024-11-01
Forbury,Dunedin,448000,2024-11-01
Musselburgh,Dunedin,636000,2024-11-01
Waikouaiti,Dunedin,535000,2024-11-01
Oamaru,Waitaki,449000,2024-11-01
Enderley,Hamilton,612000,2024-11-01
Hamilton Central,Hamilton,740000,2024-11-01
St Andrews,Hamilton,826000,2024-11-01
Whitiora,Hamilton,630000,2024-11-01
Ostend,Auckland City,1423000,2024-11-01
Papatoetoe,Auckland Manukau,824000,2024-11-01
Conifer Grove,Auckland Papakura,996000,2024-11-01
Tindalls Beach,Auckland Rodney,1607000,2024-11-01
Glenholme,Rotorua,645000,2024-11-01
Kawaha Point,Rotorua,755000,2024-11-01
Parklands,Christchurch,746000,2024-11-01
Saint Leonards,Hastings,593000,2024-11-01
Rongotea,Manawatu,715000,2024-11-01
Burleigh,Marlborough,1032000,2024-11-01
Eastbourne,Lower Hutt,1119000,2024-11-01
Stokes Valley,Lower Hutt,636000,2024-11-01
Cannons Creek,Porirua,560000,2024-11-01
Plimmerton,Porirua,990000,2024-11-01
Clouston Park,Upper Hutt,662000,2024-11-01
Morningside,Auckland City,1228000,2024-11-01
Browns Bay,Auckland North Shore,1231000,2024-11-01
Matua,Tauranga,1175000,2024-11-01
Otumoetai,Tauranga,1014000,2024-11-01
Addington,Christchurch,553000,2024-11-01
Lyttelton,Christchurch,768000,2024-11-01
New Brighton,Christchurch,549000,2024-11-01
West Melton,Selwyn,1296000,2024-11-01
Renwick,Marlborough,771000,2024-11-01
The Wood,Nelson,774000,2024-11-01
Kaitaia,Far North,451000,2024-11-01
Mangonui,Far North,825000,2024-11-01
Ngunguru,Whangarei,991000,2024-11-01
Caversham,Dunedin,468000,2024-11-01
Dinsdale,Hamilton,704000,2024-11-01
Raglan,Waikato,1173000,2024-11-01
Te Kauwhata,Waikato,825000,2024-11-01
Te Awamutu,Waipa,773000,2024-11-01
Fairfield,Lower Hutt,756000,2024-11-01
Berhampore,Wellington,827000,2024-11-01
Glen Innes,Auckland City,1112000,2024-11-01
East Tamaki Heights,Auckland Manukau,1754000,2024-11-01
Rothesay Bay,Auckland North Shore,1591000,2024-11-01
Gulf Harbour,Auckland Rodney,1069000,2024-11-01
Matakana,Auckland Rodney,1916000,2024-11-01
Titirangi,Auckland Waitakere,1165000,2024-11-01
Waiotahe,Opotiki,987000,2024-11-01
Judea,Tauranga,722000,2024-11-01
Ohauiti,Western Bay of Plenty,1092000,2024-11-01
Pukehina,Western Bay of Plenty,1240000,2024-11-01
Christchurch Central,Christchurch,693000,2024-11-01
Bay View,Napier,996000,2024-11-01
Takaro,Palmerston North,549000,2024-11-01
Haruru,Far North,826000,2024-11-01
Jacks Point,Queenstown-Lakes,1793000,2024-11-01
Hurdon,New Plymouth,803000,2024-11-01
Bader,Hamilton,582000,2024-11-01
Chartwell,Hamilton,825000,2024-11-01
Frankton,Hamilton,641000,2024-11-01
Grandview Heights,Hamilton,876000,2024-11-01
Hillcrest,Hamilton,769000,2024-11-01
Ngaruawahia,Waikato,724000,2024-11-01
Onewhero,Waikato,980000,2024-11-01
Alicetown,Lower Hutt,794000,2024-11-01
Avalon,Lower Hutt,711000,2024-11-01
Trentham,Upper Hutt,711000,2024-11-01
Crofton Downs,Wellington,1000000,2024-11-01
Island Bay,Wellington,1099000,2024-11-01
Royal Oak,Auckland City,1350000,2024-11-01
Tauranga South,Tauranga,873000,2024-11-01
Ashburton,Ashburton,523000,2024-11-01
Kelvin Grove,Palmerston North,797000,2024-11-01
Maungakaramea,Whangarei,857000,2024-11-01
Palmerston,Waitaki,462000,2024-11-01
Chedworth,Hamilton,882000,2024-11-01
Pukete,Hamilton,799000,2024-11-01
Fairview Downs,Waikato,705000,2024-11-01
Ngahinapouri,Waipa,1337000,2024-11-01
Epuni,Lower Hutt,771000,2024-11-01
Aotea,Porirua,1204000,2024-11-01
Blockhouse Bay,Auckland City,1139000,2024-11-01
Remuera,Auckland City,2622000,2024-11-01
Mairangi Bay,Auckland North Shore,1725000,2024-11-01
Whanganui,Whanganui,419000,2024-11-01
Te Kamo,Whangarei,740000,2024-11-01
Kenmure,Dunedin,616000,2024-11-01
Wakari,Dunedin,600000,2024-11-01
Gore,Gore,478000,2024-11-01
Forest Lake,Hamilton,733000,2024-11-01
Karapiro,Waipa,1438000,2024-11-01
Pukerua Bay,Porirua,859000,2024-11-01
Lynfield,Auckland City,1296000,2024-11-01
Somerville,Auckland Manukau,1455000,2024-11-01
Green Bay,Auckland Waitakere,1155000,2024-11-01
Utuhina,Rotorua,563000,2024-11-01
Waihi Beach,Western Bay of Plenty,1478000,2024-11-01
Waipawa,Central Hawke's Bay,622000,2024-11-01
Highbury,Palmerston North,523000,2024-11-01
Milson,Palmerston North,618000,2024-11-01
Kaeo,Far North,809000,2024-11-01
Maungatapere,Whangarei,1040000,2024-11-01
Ravensbourne,Dunedin,520000,2024-11-01
Paraparaumu,Kapiti Coast,803000,2024-11-01
Pakuranga,Auckland Manukau,1104000,2024-11-01
Kumeu,Auckland Rodney,1494000,2024-11-01
Silverdale,Auckland Rodney,1328000,2024-11-01
Papamoa,Western Bay of Plenty,887000,2024-11-01
Havelock,Marlborough,694000,2024-11-01
Waikawa,Marlborough,958000,2024-11-01
Tainui,Dunedin,598000,2024-11-01
Cambridge,Waipa,1185000,2024-11-01
Petone,Lower Hutt,813000,2024-11-01
Papakowhai,Porirua,873000,2024-11-01
Glendowie,Auckland City,2204000,2024-11-01
Hillpark,Auckland Manukau,908000,2024-11-01
Sunnyhills,Auckland Manukau,1584000,2024-11-01
Wattle Downs,Auckland Manukau,1012000,2024-11-01
Henderson,Auckland Waitakere,906000,2024-11-01
Mangapapa,Gisborne,631000,2024-11-01
Taradale,Napier,813000,2024-11-01
Whanganui East,Whanganui,461000,2024-11-01
Blenheim,Marlborough,604000,2024-11-01
Tutukaka,Whangarei,1270000,2024-11-01
Fitzroy,Hamilton,770000,2024-11-01
Whatawhata,Waikato,1193000,2024-11-01
Lansdowne,Masterton,633000,2024-11-01
Wilton,Wellington,910000,2024-11-01
Hokitika,Westland,466000,2024-11-01
New Windsor,Auckland City,1177000,2024-11-01
Pukekohe,Auckland Franklin,893000,2024-11-01
Howick,Auckland Manukau,1151000,2024-11-01
Pakuranga Heights,Auckland Manukau,1111000,2024-11-01
Birkdale,Auckland North Shore,940000,2024-11-01
Welcome Bay,Western Bay of Plenty,896000,2024-11-01
Whakamarama,Western Bay of Plenty,1523000,2024-11-01
Ahuriri,Napier,1024000,2024-11-01
Tamatea,Napier,597000,2024-11-01
Hokowhitu,Palmerston North,780000,2024-11-01
Hurworth,New Plymouth,1133000,2024-11-01
Flagstaff,Hamilton,1101000,2024-11-01
Horotiu,Waikato,943000,2024-11-01
Hutt Central,Lower Hutt,970000,2024-11-01
Waterloo,Lower Hutt,827000,2024-11-01
Paremata,Porirua,928000,2024-11-01
Johnsonville,Wellington,822000,2024-11-01
Penrose,Auckland City,964000,2024-11-01
Mangere Bridge,Auckland Manukau,1131000,2024-11-01
Narrow Neck,Auckland North Shore,1910000,2024-11-01
Northcote Point,Auckland North Shore,1686000,2024-11-01
Northcross,Auckland North Shore,1264000,2024-11-01
Warkworth,Auckland Rodney,1190000,2024-11-01
Pyes Pa,Western Bay of Plenty,1101000,2024-11-01
Meeanee,Napier,1160000,2024-11-01
Ashhurst,Manawatu,716000,2024-11-01
Fitzherbert,Palmerston North,934000,2024-11-01
Hamilton Lake,Hamilton,889000,2024-11-01
Waihi,Hauraki,702000,2024-11-01
Pokeno,Waikato,1009000,2024-11-01
Temple View,Waipa,995000,2024-11-01
Ebdentown,Upper Hutt,660000,2024-11-01
Ellerslie,Auckland City,1177000,2024-11-01
Epsom,Auckland City,2132000,2024-11-01
Point Chevalier,Auckland City,1820000,2024-11-01
Clarks Beach,Auckland Franklin,1135000,2024-11-01
Wellsford,Auckland Rodney,819000,2024-11-01
Bellevue,Tauranga,794000,2024-11-01
Onekawa,Napier,580000,2024-11-01
Waipapa,Far North,1035000,2024-11-01
Parua Bay,Whangarei,1102000,2024-11-01
Waipu,Whangarei,1122000,2024-11-01
Kaitangata,Clutha,305000,2024-11-01
Pukekawa,Waikato,1104000,2024-11-01
Kuripuni,Masterton,524000,2024-11-01
Parnell,Auckland City,2049000,2024-11-01
Manurewa East,Auckland Manukau,709000,2024-11-01
Helensville,Auckland Rodney,1144000,2024-11-01
Swanson,Auckland Waitakere,1144000,2024-11-01
Katikati,Western Bay of Plenty,780000,2024-11-01
Cloverlea,Palmerston North,553000,2024-11-01
Whitianga,Thames-Coromandel,1026000,2024-11-01
Carterton,Carterton,635000,2024-11-01
Half Moon Bay,Auckland Manukau,1536000,2024-11-01
West Harbour,Auckland Waitakere,1246000,2024-11-01
Opotiki,Opotiki,456000,2024-11-01
Poraiti,Napier,1209000,2024-11-01
Marton,Rangitikei,497000,2024-11-01
Gonville,Whanganui,439000,2024-11-01
Concord,Dunedin,568000,2024-11-01
Maori Hill,Dunedin,1054000,2024-11-01
Mount Roskill,Auckland City,1116000,2024-11-01
Waterview,Auckland City,1001000,2024-11-01
Flat Bush,Auckland Manukau,1307000,2024-11-01
Highland Park,Auckland Manukau,1132000,2024-11-01
Wainui,Auckland Rodney,1377000,2024-11-01
Awapuni,Palmerston North,621000,2024-11-01
West End,Palmerston North,590000,2024-11-01
Springvale,Whanganui,578000,2024-11-01
Hikurangi,Whangarei,556000,2024-11-01
Boulcott,Lower Hutt,854000,2024-11-01
Paparangi,Wellington,823000,2024-11-01
Albany Heights,Auckland North Shore,1379000,2024-11-01
Birkenhead,Auckland North Shore,1289000,2024-11-01
Karaka,Auckland Papakura,1570000,2024-11-01
Halswell,Christchurch,856000,2024-11-01
Ilam,Christchurch,923000,2024-11-01
Manakau,Horowhenua,920000,2024-11-01
Tawhero,Whanganui,530000,2024-11-01
South Dunedin,Dunedin,419000,2024-11-01
Stratford,Stratford,515000,2024-11-01
Titahi Bay,Porirua,711000,2024-11-01
Featherston,South Wairarapa,569000,2024-11-01
Brown Owl,Upper Hutt,747000,2024-11-01
Wadestown,Wellington,1204000,2024-11-01
Woodridge,Wellington,916000,2024-11-01
Palmerston North,Palmerston North,614000,2024-11-01
Whangarei Heads,Whangarei,1050000,2024-11-01
New Plymouth,New Plymouth,867000,2024-11-01
Whitby,Porirua,955000,2024-11-01
Totara Park,Upper Hutt,692000,2024-11-01
Glen Eden,Auckland Waitakere,836000,2024-11-01
Durie Hill,Whanganui,601000,2024-11-01
Belmont,Lower Hutt,918000,2024-11-01
Wallaceville,Upper Hutt,763000,2024-11-01
Hataitai,Wellington,1131000,2024-11-01
Ngaio,Wellington,1012000,2024-11-01
Opaheke,Auckland Papakura,1014000,2024-11-01
Riverhead,Auckland Rodney,1799000,2024-11-01
Hobsonville,Auckland Waitakere,1102000,2024-11-01
Camberley,Hastings,529000,2024-11-01
Kaiwaka,Kaipara,915000,2024-11-01
Thames,Thames-Coromandel,710000,2024-11-01
Otaki,Kapiti Coast,709000,2024-11-01
Waikanae,Kapiti Coast,920000,2024-11-01
Masterton,Masterton,533000,2024-11-01
Birchville,Upper Hutt,707000,2024-11-01
Pinehaven,Upper Hutt,760000,2024-11-01
Milford,Auckland North Shore,1762000,2024-11-01
Takanini,Auckland Papakura,901000,2024-11-01
Feilding,Manawatu,650000,2024-11-01
Riversdale,Marlborough,552000,2024-11-01
One Tree Point,Whangarei,1060000,2024-11-01
Te Kowhai,Waikato,1296000,2024-11-01
Grafton,Auckland City,655000,2024-11-01
Redwoodtown,Marlborough,603000,2024-11-01
Ranui,Porirua,616000,2024-11-01
Elderslea,Upper Hutt,731000,2024-11-01
Herne Bay,Auckland City,3538000,2024-11-01
Te Awa,Napier,789000,2024-11-01
Westbrook,Palmerston North,553000,2024-11-01
Aramoho,Whanganui,487000,2024-11-01
Riverlea,Hamilton,839000,2024-11-01
Taupiri,Waikato,1018000,2024-11-01
Timberlea,Upper Hutt,805000,2024-11-01
Avondale,Auckland City,914000,2024-11-01
Roslyn,Palmerston North,535000,2024-11-01
Ahipara,Far North,638000,2024-11-01
Paparoa,Kaipara,709000,2024-11-01
Putaruru,South Waikato,534000,2024-11-01
Tairua,Thames-Coromandel,1070000,2024-11-01
Otaki Beach,Kapiti Coast,612000,2024-11-01
Karori,Wellington,1089000,2024-11-01
Lyall Bay,Wellington,931000,2024-11-01
Bluff Hill,Napier,922000,2024-11-01
Moera,Lower Hutt,578000,2024-11-01
Wainuiomata,Lower Hutt,640000,2024-11-01
Waiwhetu,Lower Hutt,724000,2024-11-01
Greytown,South Wairarapa,941000,2024-11-01
Silverstream,Upper Hutt,875000,2024-11-01
Newtown,Wellington,930000,2024-11-01
Westmere,Whanganui,1017000,2024-11-01
Maungaturoto,Kaipara,741000,2024-11-01
East Gore,Gore,397000,2024-11-01
Te Marua,Upper Hutt,819000,2024-11-01
Bayswater,Auckland North Shore,1643000,2024-11-01
Hospital Hill,Napier,909000,2024-11-01
College Estate,Whanganui,601000,2024-11-01
Kawakawa,Far North,498000,2024-11-01
Tamahere,Waikato,2019000,2024-11-01
Martinborough,South Wairarapa,979000,2024-11-01
Roseneath,Wellington,1462000,2024-11-01
Taihape,Rangitikei,400000,2024-11-01
Cooks Beach,Thames-Coromandel,1434000,2024-11-01
Waikanae Beach,Kapiti Coast,932000,2024-11-01
Heretaunga,Upper Hutt,931000,2024-11-01
Khandallah,Wellington,1202000,2024-11-01
Miramar,Wellington,986000,2024-11-01
Great Barrier Island (Aotea Island),Auckland City,773000,2024-11-01
Surfdale,Auckland City,1316000,2024-11-01
Stanmore Bay,Auckland Rodney,1034000,2024-11-01
Paihia,Far North,799000,2024-11-01
Pauanui,Thames-Coromandel,1532000,2024-11-01
Raumati Beach,Kapiti Coast,864000,2024-11-01
Henderson Valley,Auckland Waitakere,1271000,2024-11-01
Brooklyn,Wellington,1020000,2024-11-01
Mount Victoria,Wellington,1158000,2024-11-01
Waimauku,Auckland Rodney,1563000,2024-11-01
Greenmeadows,Napier,775000,2024-11-01
Mangawhai Heads,Kaipara,1372000,2024-11-01
Coromandel,Thames-Coromandel,795000,2024-11-01
Riverstone Terraces,Upper Hutt,1030000,2024-11-01
Newlands,Wellington,813000,2024-11-01
Levin,Horowhenua,569000,2024-11-01
Awanui,Far North,452000,2024-11-01
Paekakariki,Kapiti Coast,924000,2024-11-01
Karikari Peninsula,Far North,717000,2024-11-01
Kelburn,Wellington,1345000,2024-11-01
Tauranga,Tauranga,973000,2024-11-01
Saint Johns Hill,Whanganui,669000,2024-11-01
Paraparaumu Beach,Kapiti Coast,851000,2024-11-01
Mount Cook,Wellington,744000,2024-11-01
Havelock North,Hastings,1176000,2024-11-01
Matangi,Waikato,1633000,2024-11-01
Raumati South,Kapiti Coast,878000,2024-11-01
Northland,Wellington,1039000,2024-11-01
Westport,Buller,400000,2024-11-01
Mount Eden,Auckland City,1706000,2024-11-01
Whangamata,Thames-Coromandel,1378000,2024-11-01
Otamatea,Whanganui,886000,2024-11-01
Seatoun,Wellington,1665000,2024-11-01
Dairy Flat,Auckland Rodney,2282000,2024-11-01
Stillwater,Auckland Rodney,1567000,2024-11-01
Papamoa Beach,Tauranga,1035000,2024-11-01
Dargaville,Kaipara,509000,2024-11-01
Mataura,Gore,299000,2024-11-01
Ramarama,Auckland Franklin,1407000,2024-11-01
Aro Valley,Wellington,890000,2024-11-01
Te Aro,Wellington,690000,2024-11-01
Orewa,Auckland Rodney,1230000,2024-11-01
Mahia,Wairoa,769000,2024-11-01
Glenbrook,Auckland Franklin,1125000,2024-11-01
Kerikeri,Far North,1033000,2024-11-01
Paerata,Auckland Franklin,1324000,2024-11-01
Waitakere,Auckland Waitakere,1353000,2024-11-01
Otaihanga,Kapiti Coast,1087000,2024-11-01
Reefton,Buller,374000,2024-11-01
Kaukapakapa,Auckland Rodney,1374000,2024-11-01
Matarangi,Thames-Coromandel,1116000,2024-11-01
Wellington Central,Wellington,521000,2024-11-01
Kilbirnie,Wellington,842000,2024-11-01
Mangawhai,Kaipara,1367000,2024-11-01
Thorndon,Wellington,901000,2024-11-01
Tinwald,Ashburton,621000,2024-11-01
Strathmore Park,Wellington,950000,2024-11-01
Clevedon,Auckland Manukau,1940000,2024-11-01
Wairoa,Wairoa,318000,2024-11-01
Russell,Far North,1528000,2024-11-01
Hunua,Auckland Franklin,1344000,2024-11-01
Totara Park,Auckland Manukau,1441000,2024-11-01
Coatesville,Auckland Rodney,3388000,2024-11-01
Whitford,Auckland Manukau,3341000,2024-11-01
Allenton,Ashburton,638000,2024-11-01
Netherby,Ashburton,560000,2024-11-01
Blaketown,Grey,349000,2025-01-01
Woodville,Tararua,446000,2025-01-01
Cobden,Grey,329000,2025-01-01
Runanga,Grey,308000,2025-01-01
Hokitika,Westland,486000,2025-01-01
Pahiatua,Tararua,491000,2025-01-01
Karoro,Grey,624000,2025-01-01
Lake Hayes,Queenstown-Lakes,2771000,2025-01-01
Greymouth,Grey,474000,2025-01-01
Methven,Ashburton,759000,2025-01-01
Arrowtown,Queenstown-Lakes,2800000,2025-01-01
Kaikoura,Kaikoura,766000,2025-01-01
Ahuriri,Napier,1098000,2025-01-01
Lake Tekapo,Mackenzie,1184000,2025-01-01
Whanganui,Whanganui,430000,2025-01-01
Tapanui,Clutha,437000,2025-01-01
Riversdale Beach,Masterton,955000,2025-01-01
Rakaia,Ashburton,581000,2025-01-01
Hampstead,Ashburton,468000,2025-01-01
Wanaka,Queenstown-Lakes,2150000,2025-01-01
Weston,Waitaki,747000,2025-01-01
Gonville,Whanganui,448000,2025-01-01
Te Anau,Southland,812000,2025-01-01
Mount Pisa,Central Otago,1492000,2025-01-01
Frankton,Queenstown-Lakes,1313000,2025-01-01
Kaitangata,Clutha,312000,2025-01-01
Netherby,Ashburton,576000,2025-01-01
Queenstown,Queenstown-Lakes,1791000,2025-01-01
Beerescourt,Hamilton,1053000,2025-01-01
Allenton,Ashburton,653000,2025-01-01
Kaiti,Gisborne,515000,2025-01-01
Richmond,Invercargill,500000,2025-01-01
Eltham,South Taranaki,428000,2025-01-01
Takaka,Tasman,713000,2025-01-01
Ashburton,Ashburton,526000,2025-01-01
Twizel,Mackenzie,783000,2025-01-01
Richmond Heights,Taupo,815000,2025-01-01
Matakana,Auckland Rodney,1973000,2025-01-01
Loburn,Waimakariri,1196000,2025-01-01
Outer Kaiti,Gisborne,498000,2025-01-01
Liberton,Dunedin,500000,2025-01-01
Fernhill,Queenstown-Lakes,1381000,2025-01-01
Lower Shotover,Queenstown-Lakes,1814000,2025-01-01
Eyrewell,Waimakariri,1067000,2025-01-01
Bradford,Dunedin,600000,2025-01-01
Wakari,Dunedin,620000,2025-01-01
Waikanae Beach,Kapiti Coast,941000,2025-01-01
Avenal,Invercargill,493000,2025-01-01
Grasmere,Invercargill,473000,2025-01-01
Wallacetown,Southland,582000,2025-01-01
Kirwee,Selwyn,1031000,2025-01-01
Aranui,Christchurch,499000,2025-01-01
Springvale,Whanganui,592000,2025-01-01
Whanganui East,Whanganui,464000,2025-01-01
Newfield,Invercargill,465000,2025-01-01
Wainoni,Christchurch,530000,2025-01-01
Helensburgh,Dunedin,744000,2025-01-01
Strathern,Invercargill,393000,2025-01-01
Piopio,Waitomo,462000,2025-01-01
Marshland,Christchurch,1104000,2025-01-01
Saint Kilda,Dunedin,521000,2025-01-01
Hawthorndale,Invercargill,495000,2025-01-01
Waverley,South Taranaki,423000,2025-01-01
Tinwald,Ashburton,628000,2025-01-01
Papanui,Christchurch,778000,2025-01-01
Kinloch,Taupo,1407000,2025-01-01
Oneroa,Auckland City,2191000,2025-01-01
Avondale,Christchurch,575000,2025-01-01
Fernside,Waimakariri,1304000,2025-01-01
Sefton,Waimakariri,1016000,2025-01-01
Point Wells,Auckland Rodney,2414000,2025-01-01
Dallington,Christchurch,608000,2025-01-01
College Estate,Whanganui,614000,2025-01-01
Mangawhai,Kaipara,1377000,2025-01-01
Kennedys Bush,Christchurch,1811000,2025-01-01
Phillipstown,Christchurch,467000,2025-01-01
Kaikorai,Dunedin,598000,2025-01-01
Palmerston,Waitaki,442000,2025-01-01
Cromwell,Central Otago,1008000,2025-01-01
Abbotsford,Dunedin,633000,2025-01-01
Green Island,Dunedin,620000,2025-01-01
Appleby,Invercargill,350000,2025-01-01
Paraparaumu,Kapiti Coast,799000,2025-01-01
Southshore,Christchurch,730000,2025-01-01
Cust,Waimakariri,1079000,2025-01-01
Tawhero,Whanganui,544000,2025-01-01
Hilltop,Taupo,903000,2025-01-01
Deanwell,Waipa,664000,2025-01-01
Solway,Masterton,622000,2025-01-01
Hillmorton,Christchurch,696000,2025-01-01
Templeton,Christchurch,817000,2025-01-01
Stoke,Nelson,757000,2025-01-01
Georgetown,Invercargill,391000,2025-01-01
Windsor,Invercargill,588000,2025-01-01
Hamilton Lake,Hamilton,931000,2025-01-01
Taupo,Taupo,764000,2025-01-01
Raglan,Waikato,1197000,2025-01-01
Waimate,Waimate,522000,2025-01-01
Mosgiel,Dunedin,744000,2025-01-01
Oamaru North,Waitaki,487000,2025-01-01
Maeroa,Hamilton,754000,2025-01-01
Fairview Downs,Waikato,742000,2025-01-01
Diamond Harbour,Christchurch,795000,2025-01-01
Brighton,Dunedin,749000,2025-01-01
Outram,Dunedin,850000,2025-01-01
Islington,Christchurch,586000,2025-01-01
Woolston,Christchurch,580000,2025-01-01
Mornington,Dunedin,586000,2025-01-01
Waipahihi,Taupo,1141000,2025-01-01
Kawerau,Kawerau,402000,2025-01-01
Fendalton,Christchurch,1782000,2025-01-01
Hei Hei,Christchurch,624000,2025-01-01
Hanmer Springs,Hurunui,856000,2025-01-01
Brockville,Dunedin,539000,2025-01-01
Glengarry,Invercargill,443000,2025-01-01
Acacia Bay,Taupo,1393000,2025-01-01
Mairehau,Christchurch,671000,2025-01-01
Redwood,Christchurch,685000,2025-01-01
Geraldine,Timaru,620000,2025-01-01
Castlecliff,Whanganui,447000,2025-01-01
Cambridge,Waipa,1209000,2025-01-01
Sumner,Christchurch,1203000,2025-01-01
Aramoho,Whanganui,504000,2025-01-01
Lansdowne,Masterton,639000,2025-01-01
Saint Johns Hill,Whanganui,687000,2025-01-01
Roxburgh,Central Otago,488000,2025-01-01
Milton,Clutha,448000,2025-01-01
Waverley,Dunedin,802000,2025-01-01
Gladstone,Invercargill,625000,2025-01-01
Fairfield,Hamilton,778000,2025-01-01
Queenwood,Hamilton,1048000,2025-01-01
Amberley,Hurunui,749000,2025-01-01
Corstorphine,Dunedin,612000,2025-01-01
Raumati Beach,Kapiti Coast,863000,2025-01-01
Masterton,Masterton,538000,2025-01-01
Parkvale,Tauranga,668000,2025-01-01
Lincoln,Selwyn,1019000,2025-01-01
Ohoka,Waimakariri,1506000,2025-01-01
Durie Hill,Whanganui,615000,2025-01-01
Concord,Dunedin,586000,2025-01-01
Halfway Bush,Dunedin,635000,2025-01-01
Sawyers Bay,Dunedin,670000,2025-01-01
Richmond,Tasman,831000,2025-01-01
Tauhara,Taupo,615000,2025-01-01
Avonhead,Christchurch,833000,2025-01-01
Heathcote Valley,Christchurch,840000,2025-01-01
Prebbleton,Selwyn,1309000,2025-01-01
Temuka,Timaru,525000,2025-01-01
Balclutha,Clutha,454000,2025-01-01
Rosedale,Invercargill,748000,2025-01-01
Westown,New Plymouth,646000,2025-01-01
Opunake,South Taranaki,494000,2025-01-01
Wharewaka,Taupo,1385000,2025-01-01
Cracroft,Christchurch,1181000,2025-01-01
South New Brighton,Christchurch,627000,2025-01-01
Parkside,Timaru,467000,2025-01-01
Maryhill,Dunedin,598000,2025-01-01
St Andrews,Hamilton,865000,2025-01-01
Casebrook,Christchurch,860000,2025-01-01
Hornby,Christchurch,611000,2025-01-01
Dannevirke,Tararua,487000,2025-01-01
Eketahuna,Tararua,417000,2025-01-01
Belleknowes,Dunedin,816000,2025-01-01
Saint Clair,Dunedin,878000,2025-01-01
Waikouaiti,Dunedin,543000,2025-01-01
Kew,Invercargill,365000,2025-01-01
Claudelands,Hamilton,783000,2025-01-01
Ngatea,Hauraki,735000,2025-01-01
Bunnythorpe,Manawatu,889000,2025-01-01
Fairfield,Dunedin,777000,2025-01-01
Russley,Christchurch,721000,2025-01-01
Otamatea,Whanganui,906000,2025-01-01
Fitzroy,Hamilton,807000,2025-01-01
Pukete,Hamilton,838000,2025-01-01
Silverdale,Hamilton,748000,2025-01-01
Wigram,Christchurch,872000,2025-01-01
Te Kamo,Whangarei,752000,2025-01-01
Forbury,Dunedin,455000,2025-01-01
Maori Hill,Dunedin,1066000,2025-01-01
Kingswell,Invercargill,418000,2025-01-01
Mangere East,Auckland Manukau,867000,2025-01-01
Whakamarama,Western Bay of Plenty,1524000,2025-01-01
Bishopdale,Christchurch,689000,2025-01-01
Bromley,Christchurch,534000,2025-01-01
Tai Tapu,Selwyn,1502000,2025-01-01
Kaiapoi,Waimakariri,694000,2025-01-01
Andersons Bay,Dunedin,671000,2025-01-01
Selwyn Heights,Rotorua,521000,2025-01-01
Burwood,Christchurch,702000,2025-01-01
Halswell,Christchurch,857000,2025-01-01
Hoon Hay,Christchurch,670000,2025-01-01
Kenmure,Dunedin,619000,2025-01-01
Port Chalmers,Dunedin,568000,2025-01-01
South Hill,Waitaki,521000,2025-01-01
Vogeltown,New Plymouth,620000,2025-01-01
Bader,Hamilton,604000,2025-01-01
Nukuhau,Taupo,903000,2025-01-01
Onewhero,Waikato,987000,2025-01-01
Waikanae,Kapiti Coast,918000,2025-01-01
Timberlea,Upper Hutt,811000,2025-01-01
Avonside,Christchurch,549000,2025-01-01
Waltham,Christchurch,523000,2025-01-01
Waipawa,Central Hawke's Bay,634000,2025-01-01
Glenfield,Auckland North Shore,1042000,2025-01-01
Mount Maunganui,Tauranga,1456000,2025-01-01
Flaxmere,Hastings,498000,2025-01-01
Tahunanui,Nelson,689000,2025-01-01
Hamilton East,Hamilton,737000,2025-01-01
Melville,Hamilton,666000,2025-01-01
Rangatira Park,Taupo,1015000,2025-01-01
Avalon,Lower Hutt,732000,2025-01-01
Elgin,Ashburton,990000,2025-01-01
Merivale,Christchurch,1580000,2025-01-01
Yaldhurst,Christchurch,994000,2025-01-01
North East Valley,Dunedin,553000,2025-01-01
Shiel Hill,Dunedin,792000,2025-01-01
Heidelberg,Invercargill,420000,2025-01-01
Winton,Southland,606000,2025-01-01
Brown Owl,Upper Hutt,766000,2025-01-01
Totara Park,Upper Hutt,700000,2025-01-01
Onetangi,Auckland City,1936000,2025-01-01
Edgeware,Christchurch,562000,2025-01-01
New Brighton,Christchurch,561000,2025-01-01
Leithfield,Hurunui,681000,2025-01-01
Waimataitai,Timaru,514000,2025-01-01
Rangiora,Waimakariri,715000,2025-01-01
Westmere,Whanganui,1031000,2025-01-01
Mangawhai Heads,Kaipara,1402000,2025-01-01
Ranfurly,Central Otago,458000,2025-01-01
Dunedin Central,Dunedin,708000,2025-01-01
Forest Lake,Hamilton,767000,2025-01-01
Hamilton Central,Hamilton,769000,2025-01-01
Raumati South,Kapiti Coast,885000,2025-01-01
Wallaceville,Upper Hutt,776000,2025-01-01
Ilam,Christchurch,947000,2025-01-01
Parklands,Christchurch,754000,2025-01-01
Fairlie,Mackenzie,559000,2025-01-01
Watlington,Timaru,478000,2025-01-01
Waikiwi,Invercargill,617000,2025-01-01
Strandon,New Plymouth,996000,2025-01-01
Chedworth,Hamilton,931000,2025-01-01
Grandview Heights,Hamilton,925000,2025-01-01
Nawton,Hamilton,673000,2025-01-01
Kuripuni,Masterton,531000,2025-01-01
Spreydon,Christchurch,632000,2025-01-01
Sydenham,Christchurch,573000,2025-01-01
Waimairi Beach,Christchurch,995000,2025-01-01
Oamaru,Waitaki,436000,2025-01-01
Bluff,Invercargill,350000,2025-01-01
Waitara,New Plymouth,493000,2025-01-01
Redwood Valley,Tasman,1573000,2025-01-01
Aidanfield,Christchurch,927000,2025-01-01
Rongotea,Manawatu,709000,2025-01-01
Ohakune,Ruapehu,485000,2025-01-01
Kaitaia,Far North,456000,2025-01-01
Albert Town,Queenstown-Lakes,1625000,2025-01-01
Brooklands,New Plymouth,693000,2025-01-01
Ferndale,New Plymouth,796000,2025-01-01
Enderley,Hamilton,628000,2025-01-01
Buckland,Waikato,1318000,2025-01-01
Heretaunga,Upper Hutt,948000,2025-01-01
Silverstream,Upper Hutt,878000,2025-01-01
Westport,Buller,403000,2025-01-01
Pleasant Point,Timaru,604000,2025-01-01
Otane,Central Hawke's Bay,763000,2025-01-01
Haumoana,Hastings,1197000,2025-01-01
Kaikohe,Far North,406000,2025-01-01
South Dunedin,Dunedin,417000,2025-01-01
Tainui,Dunedin,606000,2025-01-01
Upper Vogeltown,New Plymouth,692000,2025-01-01
Matarangi,Thames-Coromandel,1167000,2025-01-01
Clouston Park,Upper Hutt,672000,2025-01-01
Pinehaven,Upper Hutt,772000,2025-01-01
Pinehill,Auckland North Shore,1797000,2025-01-01
Bryndwr,Christchurch,814000,2025-01-01
Oxford,Waimakariri,710000,2025-01-01
Musselburgh,Dunedin,637000,2025-01-01
Roslyn,Dunedin,894000,2025-01-01
Holmes Hill,Waitaki,570000,2025-01-01
Martinborough,South Wairarapa,985000,2025-01-01
Weymouth,Auckland Manukau,799000,2025-01-01
Poike,Tauranga,706000,2025-01-01
Akaroa,Christchurch,1075000,2025-01-01
Broomfield,Christchurch,707000,2025-01-01
Opawa,Christchurch,795000,2025-01-01
Strowan,Christchurch,1243000,2025-01-01
Frimley,Hastings,902000,2025-01-01
North Dunedin,Dunedin,711000,2025-01-01
Huntington,Hamilton,1068000,2025-01-01
Glenview,Waipa,778000,2025-01-01
Ohaupo,Waipa,1275000,2025-01-01
Aongatete,Western Bay of Plenty,1292000,2025-01-01
Belfast,Christchurch,700000,2025-01-01
North New Brighton,Christchurch,593000,2025-01-01
Saint Martins,Christchurch,769000,2025-01-01
Upper Riccarton,Christchurch,687000,2025-01-01
Sanson,Manawatu,651000,2025-01-01
Russell,Far North,1531000,2025-01-01
Caversham,Dunedin,467000,2025-01-01
Luggate,Queenstown-Lakes,1188000,2025-01-01
Moturoa,New Plymouth,744000,2025-01-01
Mapua,Tasman,1126000,2025-01-01
Hillcrest,Hamilton,789000,2025-01-01
Trentham,Upper Hutt,698000,2025-01-01
Huapai,Auckland Rodney,1273000,2025-01-01
Sockburn,Christchurch,624000,2025-01-01
Leeston,Selwyn,778000,2025-01-01
Southbridge,Selwyn,655000,2025-01-01
West Melton,Selwyn,1317000,2025-01-01
Waipukurau,Central Hawke's Bay,635000,2025-01-01
Maungaturoto,Kaipara,753000,2025-01-01
Clifton,Invercargill,396000,2025-01-01
Inglewood,New Plymouth,644000,2025-01-01
Rototuna,Hamilton,1029000,2025-01-01
Birchville,Upper Hutt,714000,2025-01-01
Orewa,Auckland Rodney,1246000,2025-01-01
Wellsford,Auckland Rodney,853000,2025-01-01
Oropi,Western Bay of Plenty,1526000,2025-01-01
Addington,Christchurch,558000,2025-01-01
Swannanoa,Waimakariri,1309000,2025-01-01
Waverley,Invercargill,570000,2025-01-01
Chartwell,Hamilton,839000,2025-01-01
Greytown,South Wairarapa,956000,2025-01-01
Milford,Auckland North Shore,1799000,2025-01-01
Opotiki,Opotiki,473000,2025-01-01
Omanawa,Western Bay of Plenty,1385000,2025-01-01
Clifton,Christchurch,1339000,2025-01-01
Redcliffs,Christchurch,1201000,2025-01-01
Glenwood,Timaru,547000,2025-01-01
Mayfair,Hastings,627000,2025-01-01
Fitzroy,New Plymouth,935000,2025-01-01
Dinsdale,Hamilton,718000,2025-01-01
Whitiora,Hamilton,654000,2025-01-01
Campbells Bay,Auckland North Shore,2356000,2025-01-01
Minden,Western Bay of Plenty,1599000,2025-01-01
Te Puke,Western Bay of Plenty,811000,2025-01-01
Hillsborough,Christchurch,828000,2025-01-01
Shirley,Christchurch,655000,2025-01-01
Darfield,Selwyn,844000,2025-01-01
Rolleston,Selwyn,863000,2025-01-01
Woodend,Waimakariri,733000,2025-01-01
Feilding,Manawatu,656000,2025-01-01
Whangarei Heads,Whangarei,1072000,2025-01-01
Spotswood,New Plymouth,562000,2025-01-01
Paeroa,Hauraki,584000,2025-01-01
Pukekawa,Waikato,1108000,2025-01-01
Leamington,Waipa,941000,2025-01-01
Ebdentown,Upper Hutt,668000,2025-01-01
Riverstone Terraces,Upper Hutt,1041000,2025-01-01
Reefton,Buller,375000,2025-01-01
Fairview Heights,Auckland North Shore,1632000,2025-01-01
Greenhithe,Auckland North Shore,1790000,2025-01-01
Totara Vale,Auckland North Shore,1023000,2025-01-01
Helensville,Auckland Rodney,1183000,2025-01-01
Stillwater,Auckland Rodney,1625000,2025-01-01
Glen Eden,Auckland Waitakere,853000,2025-01-01
Western Heights,Rotorua,512000,2025-01-01
Tauranga,Tauranga,989000,2025-01-01
Tahawai,Western Bay of Plenty,1243000,2025-01-01
Cashmere,Christchurch,1170000,2025-01-01
Seaview,Timaru,479000,2025-01-01
West End,Timaru,498000,2025-01-01
Maraenui,Napier,480000,2025-01-01
Aokautere,Palmerston North,1162000,2025-01-01
Avenues,Whangarei,542000,2025-01-01
Te Kauwhata,Waikato,824000,2025-01-01
Elderslea,Upper Hutt,728000,2025-01-01
Albany,Auckland North Shore,1136000,2025-01-01
Coastlands,Whakatane,987000,2025-01-01
Glenbervie,Whangarei,1154000,2025-01-01
Kelvin Heights,Queenstown-Lakes,2754000,2025-01-01
Otatara,Invercargill,791000,2025-01-01
Wakefield,Tasman,899000,2025-01-01
Whatawhata,Waikato,1191000,2025-01-01
Woburn,Lower Hutt,1175000,2025-01-01
Mangakakahi,Rotorua,517000,2025-01-01
Owhata,Rotorua,659000,2025-01-01
Westmorland,Christchurch,1182000,2025-01-01
Napier South,Napier,656000,2025-01-01
Oakura,New Plymouth,1327000,2025-01-01
Turangi,Taupo,483000,2025-01-01
Paraparaumu Beach,Kapiti Coast,853000,2025-01-01
Browns Bay,Auckland North Shore,1244000,2025-01-01
Burnside,Christchurch,898000,2025-01-01
Northwood,Christchurch,1081000,2025-01-01
Riccarton,Christchurch,756000,2025-01-01
Snells Beach,Auckland Rodney,1103000,2025-01-01
Athenree,Western Bay of Plenty,1091000,2025-01-01
Richmond,Christchurch,576000,2025-01-01
Somerfield,Christchurch,744000,2025-01-01
Morningside,Whangarei,563000,2025-01-01
Alexandra,Central Otago,774000,2025-01-01
Motueka,Tasman,716000,2025-01-01
Frankton,Hamilton,651000,2025-01-01
Tamahere,Waikato,2043000,2025-01-01
Otaihanga,Kapiti Coast,1095000,2025-01-01
Wainuiomata,Lower Hutt,640000,2025-01-01
Berhampore,Wellington,844000,2025-01-01
Unsworth Heights,Auckland North Shore,1178000,2025-01-01
Kumeu,Auckland Rodney,1504000,2025-01-01
Ngongotaha,Rotorua,691000,2025-01-01
Gate Pa,Tauranga,679000,2025-01-01
Mount Pleasant,Christchurch,1167000,2025-01-01
St Albans,Christchurch,889000,2025-01-01
Halcombe,Manawatu,812000,2025-01-01
Clyde,Central Otago,946000,2025-01-01
Appleby,Tasman,1020000,2025-01-01
Kihikihi,Waipa,755000,2025-01-01
Freemans Bay,Auckland City,1669000,2025-01-01
Coatesville,Auckland Rodney,3536000,2025-01-01
Warkworth,Auckland Rodney,1225000,2025-01-01
Te Hapara,Gisborne,565000,2025-01-01
Kaiwaka,Kaipara,921000,2025-01-01
Kauri,Whangarei,1043000,2025-01-01
Flagstaff,Hamilton,1127000,2025-01-01
Huntly,Waikato,553000,2025-01-01
Pokeno,Waikato,1024000,2025-01-01
Kelson,Lower Hutt,844000,2025-01-01
Wilton,Wellington,934000,2025-01-01
Auckland Central,Auckland City,573000,2025-01-01
Lynmore,Rotorua,914000,2025-01-01
Highfield,Timaru,606000,2025-01-01
Parkvale,Hastings,676000,2025-01-01
Ashhurst,Manawatu,708000,2025-01-01
Redwoodtown,Marlborough,595000,2025-01-01
Bridge Hill,Central Otago,943000,2025-01-01
Frankleigh Park,New Plymouth,710000,2025-01-01
Otorohanga,Otorohanga,633000,2025-01-01
Ngahinapouri,Waipa,1352000,2025-01-01
Moera,Lower Hutt,587000,2025-01-01
Eden Terrace,Auckland City,803000,2025-01-01
Castor Bay,Auckland North Shore,1982000,2025-01-01
Sunnynook,Auckland North Shore,1192000,2025-01-01
Hobsonville,Auckland Waitakere,1131000,2025-01-01
Harewood,Christchurch,1117000,2025-01-01
Marchwiel,Timaru,522000,2025-01-01
Pegasus,Waimakariri,850000,2025-01-01
Westbrook,Palmerston North,565000,2025-01-01
Riversdale,Marlborough,548000,2025-01-01
Toi Toi,Nelson,549000,2025-01-01
Korokoro,Lower Hutt,954000,2025-01-01
Waterloo,Lower Hutt,830000,2025-01-01
Dannemora,Auckland Manukau,1647000,2025-01-01
Omokoroa,Western Bay of Plenty,1112000,2025-01-01
Northcote,Christchurch,584000,2025-01-01
Eskdale,Hastings,1352000,2025-01-01
Hikurangi,Whangarei,568000,2025-01-01
Tasman,Tasman,1529000,2025-01-01
Tokoroa,South Waikato,424000,2025-01-01
Tuakau,Waikato,836000,2025-01-01
Stokes Valley,Lower Hutt,641000,2025-01-01
Paremata,Porirua,917000,2025-01-01
Hillcrest,Auckland North Shore,1230000,2025-01-01
Victoria,Rotorua,504000,2025-01-01
Matua,Tauranga,1178000,2025-01-01
Edgecumbe,Whakatane,641000,2025-01-01
Elgin,Gisborne,471000,2025-01-01
Whataupoko,Gisborne,820000,2025-01-01
Kawakawa,Far North,507000,2025-01-01
Normanby,South Taranaki,510000,2025-01-01
Morrinsville,Matamata-Piako,784000,2025-01-01
Te Aroha,Matamata-Piako,684000,2025-01-01
Belmont,Lower Hutt,931000,2025-01-01
Clendon Park,Auckland Manukau,731000,2025-01-01
Bayview,Auckland North Shore,1011000,2025-01-01
Windsor Park,Auckland North Shore,1372000,2025-01-01
Bethlehem,Tauranga,1119000,2025-01-01
Huntsbury,Christchurch,1149000,2025-01-01
Gleniti,Timaru,823000,2025-01-01
Springlands,Marlborough,819000,2025-01-01
Glenorchy,Queenstown-Lakes,1510000,2025-01-01
Blagdon,New Plymouth,585000,2025-01-01
Patea,South Taranaki,303000,2025-01-01
Brightwater,Tasman,932000,2025-01-01
Boulcott,Lower Hutt,861000,2025-01-01
Maraetai,Auckland Manukau,1532000,2025-01-01
Forrest Hill,Auckland North Shore,1402000,2025-01-01
Torbay,Auckland North Shore,1270000,2025-01-01
Kaukapakapa,Auckland Rodney,1423000,2025-01-01
Lyttelton,Christchurch,776000,2025-01-01
Riverdale,Gisborne,775000,2025-01-01
Nelson South,Nelson,760000,2025-01-01
Washington Valley,Nelson,617000,2025-01-01
Ngunguru,Whangarei,1003000,2025-01-01
Marfell,New Plymouth,484000,2025-01-01
Welbourn,New Plymouth,701000,2025-01-01
Upper Moutere,Tasman,1271000,2025-01-01
Rototuna North,Hamilton,1021000,2025-01-01
Matangi,Waikato,1645000,2025-01-01
Otaki,Kapiti Coast,703000,2025-01-01
Otaki Beach,Kapiti Coast,611000,2025-01-01
Paekakariki,Kapiti Coast,923000,2025-01-01
Grafton,Auckland City,657000,2025-01-01
Waiake,Auckland North Shore,1613000,2025-01-01
Red Beach,Auckland Rodney,1239000,2025-01-01
Christchurch Central,Christchurch,686000,2025-01-01
Kensington,Timaru,458000,2025-01-01
Clive,Hastings,910000,2025-01-01
Atawhai,Nelson,924000,2025-01-01
Cooks Beach,Thames-Coromandel,1454000,2025-01-01
Epuni,Lower Hutt,778000,2025-01-01
Saint Heliers,Auckland City,2284000,2025-01-01
Omaha,Auckland Rodney,2813000,2025-01-01
Hastings,Hastings,603000,2025-01-01
Onekawa,Napier,584000,2025-01-01
Foxton,Horowhenua,508000,2025-01-01
Awapuni,Palmerston North,619000,2025-01-01
Marton,Rangitikei,490000,2025-01-01
Enner Glynn,Nelson,885000,2025-01-01
Woodhill,Whangarei,588000,2025-01-01
Naenae,Lower Hutt,620000,2025-01-01
Northpark,Auckland Manukau,1450000,2025-01-01
Schnapper Rock,Auckland North Shore,1668000,2025-01-01
Whenuapai,Auckland Waitakere,1239000,2025-01-01
Pukehangi,Rotorua,623000,2025-01-01
Springfield,Rotorua,791000,2025-01-01
Oceanview,Timaru,639000,2025-01-01
Taradale,Napier,819000,2025-01-01
Highbury,Palmerston North,526000,2025-01-01
Kelvin Grove,Palmerston North,801000,2025-01-01
Burleigh,Marlborough,1008000,2025-01-01
Maungakaramea,Whangarei,846000,2025-01-01
Maungatapere,Whangarei,1018000,2025-01-01
Parua Bay,Whangarei,1094000,2025-01-01
Mission Bay,Auckland City,2201000,2025-01-01
Devonport,Auckland North Shore,2128000,2025-01-01
Oteha,Auckland North Shore,1190000,2025-01-01
Hatfields Beach,Auckland Rodney,1142000,2025-01-01
Stanmore Bay,Auckland Rodney,1068000,2025-01-01
Hairini,Tauranga,760000,2025-01-01
Blenheim,Marlborough,591000,2025-01-01
One Tree Point,Whangarei,1071000,2025-01-01
Ruakaka,Whangarei,900000,2025-01-01
Hurdon,New Plymouth,809000,2025-01-01
Lower Vogeltown,New Plymouth,715000,2025-01-01
Murrays Bay,Auckland North Shore,1788000,2025-01-01
Gulf Harbour,Auckland Rodney,1075000,2025-01-01
Waimauku,Auckland Rodney,1590000,2025-01-01
Waiotahe,Opotiki,999000,2025-01-01
Gisborne,Gisborne,550000,2025-01-01
Akina,Hastings,624000,2025-01-01
Bay View,Napier,1012000,2025-01-01
Pirimai,Napier,617000,2025-01-01
Waikawa,Marlborough,934000,2025-01-01
Merrilands,New Plymouth,765000,2025-01-01
Pauanui,Thames-Coromandel,1553000,2025-01-01
Horotiu,Waikato,948000,2025-01-01
Hutt Central,Lower Hutt,981000,2025-01-01
Plimmerton,Porirua,979000,2025-01-01
Tawa,Wellington,851000,2025-01-01
Ostend,Auckland City,1450000,2025-01-01
Muriwai,Auckland Rodney,1454000,2025-01-01
Welcome Bay,Western Bay of Plenty,895000,2025-01-01
Linwood,Christchurch,492000,2025-01-01
Mangapapa,Gisborne,627000,2025-01-01
Levin,Horowhenua,582000,2025-01-01
Kensington,Whangarei,616000,2025-01-01
Whau Valley,Whangarei,682000,2025-01-01
Te Marua,Upper Hutt,824000,2025-01-01
Kohimarama,Auckland City,2187000,2025-01-01
Clover Park,Auckland Manukau,849000,2025-01-01
Riverhead,Auckland Rodney,1823000,2025-01-01
Silverdale,Auckland Rodney,1354000,2025-01-01
Te Atatu Peninsula,Auckland Waitakere,1087000,2025-01-01
Beckenham,Christchurch,877000,2025-01-01
Mahora,Hastings,710000,2025-01-01
Tangoio,Hastings,1031000,2025-01-01
Horahora,Whangarei,645000,2025-01-01
Jacks Point,Queenstown-Lakes,1767000,2025-01-01
New Plymouth,New Plymouth,861000,2025-01-01
Hawera,South Taranaki,533000,2025-01-01
Churton Park,Wellington,1089000,2025-01-01
Totara Heights,Auckland Manukau,1009000,2025-01-01
Bellevue,Tauranga,784000,2025-01-01
Cloverlea,Palmerston North,554000,2025-01-01
Tikipunga,Whangarei,610000,2025-01-01
Waipu,Whangarei,1123000,2025-01-01
Hurworth,New Plymouth,1130000,2025-01-01
Pirongia,Waipa,1028000,2025-01-01
Fairfield,Lower Hutt,760000,2025-01-01
Karori,Wellington,1061000,2025-01-01
Miramar,Wellington,992000,2025-01-01
Favona,Auckland Manukau,845000,2025-01-01
Hillcrest,Rotorua,591000,2025-01-01
Maori Hill,Timaru,581000,2025-01-01
Inner Kaiti,Gisborne,701000,2025-01-01
Westshore,Napier,1009000,2025-01-01
Hokowhitu,Palmerston North,789000,2025-01-01
Riverton/Aparima,Southland,651000,2025-01-01
Bell Block,New Plymouth,748000,2025-01-01
Camborne,Porirua,908000,2025-01-01
Island Bay,Wellington,1130000,2025-01-01
Meadowbank,Auckland City,1647000,2025-01-01
Wesley,Auckland City,1107000,2025-01-01
Beachlands,Auckland Manukau,1560000,2025-01-01
Titirangi,Auckland Waitakere,1180000,2025-01-01
Fitzherbert,Palmerston North,935000,2025-01-01
Raumanga,Whangarei,490000,2025-01-01
Highlands Park,New Plymouth,884000,2025-01-01
Whitianga,Thames-Coromandel,1038000,2025-01-01
Greenlane,Auckland City,1834000,2025-01-01
Waiuku,Auckland Franklin,870000,2025-01-01
Cockle Bay,Auckland Manukau,1606000,2025-01-01
Katikati,Western Bay of Plenty,767000,2025-01-01
Marewa,Napier,564000,2025-01-01
Wairoa,Wairoa,317000,2025-01-01
Terrace End,Palmerston North,633000,2025-01-01
Mayfield,Marlborough,558000,2025-01-01
Regent,Whangarei,670000,2025-01-01
Whangamata,Thames-Coromandel,1382000,2025-01-01
Petone,Lower Hutt,819000,2025-01-01
Glendowie,Auckland City,2245000,2025-01-01
Mount Albert,Auckland City,1338000,2025-01-01
Goodwood Heights,Auckland Manukau,1047000,2025-01-01
Brookfield,Tauranga,796000,2025-01-01
Papamoa,Western Bay of Plenty,899000,2025-01-01
Bulls,Rangitikei,541000,2025-01-01
Witherlea,Marlborough,746000,2025-01-01
Parahaki,Whangarei,730000,2025-01-01
Whalers Gate,New Plymouth,778000,2025-01-01
Titahi Bay,Porirua,697000,2025-01-01
Whitby,Porirua,953000,2025-01-01
Newtown,Wellington,925000,2025-01-01
Sandringham,Auckland City,1357000,2025-01-01
Birkenhead,Auckland North Shore,1323000,2025-01-01
Manly,Auckland Rodney,1229000,2025-01-01
Glenholme,Rotorua,652000,2025-01-01
Pomare,Rotorua,715000,2025-01-01
Tamatea,Napier,611000,2025-01-01
Havelock,Marlborough,683000,2025-01-01
Renwick,Marlborough,756000,2025-01-01
Normandale,Lower Hutt,874000,2025-01-01
Cannons Creek,Porirua,549000,2025-01-01
Broadmeadows,Wellington,874000,2025-01-01
Herne Bay,Auckland City,3590000,2025-01-01
Orakei,Auckland City,2396000,2025-01-01
Wiri,Auckland Manukau,677000,2025-01-01
Birkdale,Auckland North Shore,957000,2025-01-01
Poraiti,Napier,1220000,2025-01-01
Tokomaru,Horowhenua,662000,2025-01-01
Milson,Palmerston North,620000,2025-01-01
West End,Palmerston North,591000,2025-01-01
Kaeo,Far North,818000,2025-01-01
Maunu,Whangarei,974000,2025-01-01
Onerahi,Whangarei,630000,2025-01-01
Temple View,Waipa,1015000,2025-01-01
Te Kuiti,Waitomo,455000,2025-01-01
Alicetown,Lower Hutt,804000,2025-01-01
Surfdale,Auckland City,1337000,2025-01-01
Camberley,Hastings,543000,2025-01-01
Roslyn,Palmerston North,542000,2025-01-01
Takaro,Palmerston North,552000,2025-01-01
Picton,Marlborough,636000,2025-01-01
Gore,Gore,471000,2025-01-01
Waihi,Hauraki,693000,2025-01-01
Waiwhetu,Lower Hutt,728000,2025-01-01
Albany Heights,Auckland North Shore,1407000,2025-01-01
Rothesay Bay,Auckland North Shore,1618000,2025-01-01
Dairy Flat,Auckland Rodney,2353000,2025-01-01
Laingholm,Auckland Waitakere,1003000,2025-01-01
Hamurana,Rotorua,1179000,2025-01-01
Dargaville,Kaipara,518000,2025-01-01
Grey Lynn,Auckland City,1782000,2025-01-01
Point Chevalier,Auckland City,1893000,2025-01-01
Parakai,Auckland Rodney,770000,2025-01-01
Henderson Valley,Auckland Waitakere,1301000,2025-01-01
Havelock North,Hastings,1190000,2025-01-01
Raureka,Hastings,622000,2025-01-01
Paihia,Far North,814000,2025-01-01
Riwaka,Tasman,791000,2025-01-01
Tirau,South Waikato,655000,2025-01-01
Eastbourne,Lower Hutt,1112000,2025-01-01
Seatoun,Wellington,1706000,2025-01-01
Wadestown,Wellington,1222000,2025-01-01
Mount Roskill,Auckland City,1131000,2025-01-01
Parnell,Auckland City,2078000,2025-01-01
East Tamaki,Auckland Manukau,1118000,2025-01-01
Long Bay,Auckland North Shore,1717000,2025-01-01
New Lynn,Auckland Waitakere,854000,2025-01-01
Kawaha Point,Rotorua,764000,2025-01-01
Saint Leonards,Hastings,608000,2025-01-01
Ahipara,Far North,642000,2025-01-01
Matamata,Matamata-Piako,798000,2025-01-01
Paparangi,Wellington,830000,2025-01-01
Saint Johns,Auckland City,1470000,2025-01-01
Beach Haven,Auckland North Shore,1048000,2025-01-01
Mairangi Bay,Auckland North Shore,1742000,2025-01-01
Fairy Springs,Rotorua,546000,2025-01-01
Pyes Pa,Western Bay of Plenty,1102000,2025-01-01
Te Awamutu,Waipa,784000,2025-01-01
Epsom,Auckland City,2135000,2025-01-01
Panmure,Auckland City,987000,2025-01-01
Royal Oak,Auckland City,1370000,2025-01-01
Clevedon,Auckland Manukau,2015000,2025-01-01
Northcote Point,Auckland North Shore,1709000,2025-01-01
Sunnybrook,Rotorua,700000,2025-01-01
Greerton,Tauranga,701000,2025-01-01
Ohauiti,Western Bay of Plenty,1099000,2025-01-01
The Wood,Nelson,773000,2025-01-01
Te Kowhai,Waikato,1292000,2025-01-01
Featherston,South Wairarapa,558000,2025-01-01
Saint Marys Bay,Auckland City,2909000,2025-01-01
Glenbrook,Auckland Franklin,1157000,2025-01-01
Randwick Park,Auckland Manukau,772000,2025-01-01
Somerville,Auckland Manukau,1448000,2025-01-01
The Brook,Nelson,677000,2025-01-01
Hunua,Auckland Franklin,1391000,2025-01-01
East Tamaki Heights,Auckland Manukau,1753000,2025-01-01
Green Bay,Auckland Waitakere,1170000,2025-01-01
Paparoa,Kaipara,711000,2025-01-01
Pukekohe,Auckland Franklin,899000,2025-01-01
Golflands,Auckland Manukau,1281000,2025-01-01
Papatoetoe,Auckland Manukau,841000,2025-01-01
Shelly Park,Auckland Manukau,1549000,2025-01-01
Arthurs Point,Queenstown-Lakes,1583000,2025-01-01
Lake Hawea,Queenstown-Lakes,1273000,2025-01-01
Taupiri,Waikato,1015000,2025-01-01
Pukerua Bay,Porirua,845000,2025-01-01
Northcross,Auckland North Shore,1292000,2025-01-01
Conifer Grove,Auckland Papakura,1003000,2025-01-01
Maungatapu,Tauranga,882000,2025-01-01
Greenmeadows,Napier,785000,2025-01-01
Taita,Lower Hutt,614000,2025-01-01
Crofton Downs,Wellington,1009000,2025-01-01
Kingsland,Auckland City,1353000,2025-01-01
New Windsor,Auckland City,1205000,2025-01-01
One Tree Hill,Auckland City,1328000,2025-01-01
Westmere,Auckland City,2547000,2025-01-01
Mangere,Auckland Manukau,843000,2025-01-01
Judea,Tauranga,712000,2025-01-01
Papamoa Beach,Tauranga,1071000,2025-01-01
Marybank,Nelson,910000,2025-01-01
Ascot Park,Porirua,644000,2025-01-01
Khandallah,Wellington,1232000,2025-01-01
Swanson,Auckland Waitakere,1135000,2025-01-01
Whakatane,Whakatane,672000,2025-01-01
Te Awa,Napier,801000,2025-01-01
Shannon,Horowhenua,476000,2025-01-01
Haruru,Far North,827000,2025-01-01
Waipapa,Far North,1016000,2025-01-01
Newlands,Wellington,824000,2025-01-01
Woodridge,Wellington,950000,2025-01-01
Stonefields,Auckland City,1531000,2025-01-01
Wai o Taiki Bay,Auckland City,1530000,2025-01-01
Hauraki,Auckland North Shore,1981000,2025-01-01
Takapuna,Auckland North Shore,2154000,2025-01-01
Karaka,Auckland Papakura,1581000,2025-01-01
Ohau,Horowhenua,970000,2025-01-01
Hillsborough,Auckland City,1272000,2025-01-01
Botany Downs,Auckland Manukau,1242000,2025-01-01
Otara,Auckland Manukau,753000,2025-01-01
The Gardens,Auckland Manukau,1266000,2025-01-01
Rosehill,Auckland Papakura,926000,2025-01-01
Te Atatu South,Auckland Waitakere,919000,2025-01-01
Papakowhai,Porirua,855000,2025-01-01
Ellerslie,Auckland City,1193000,2025-01-01
Lynfield,Auckland City,1301000,2025-01-01
Mount Eden,Auckland City,1693000,2025-01-01
Flat Bush,Auckland Manukau,1311000,2025-01-01
Sunnyhills,Auckland Manukau,1626000,2025-01-01
Chatswood,Auckland North Shore,1464000,2025-01-01
Otumoetai,Tauranga,1026000,2025-01-01
Stratford,Stratford,522000,2025-01-01
Farm Cove,Auckland Manukau,1718000,2025-01-01
Takanini,Auckland Papakura,909000,2025-01-01
Taumarunui,Ruapehu,356000,2025-01-01
Nelson,Nelson,1116000,2025-01-01
Kerikeri,Far North,1050000,2025-01-01
Putaruru,South Waikato,527000,2025-01-01
Maungaraki,Lower Hutt,843000,2025-01-01
Tauranga South,Tauranga,883000,2025-01-01
Tutukaka,Whangarei,1257000,2025-01-01
Waiwhakaiho,New Plymouth,1147000,2025-01-01
Wattle Downs,Auckland Manukau,1018000,2025-01-01
Ranui,Porirua,604000,2025-01-01
Hataitai,Wellington,1134000,2025-01-01
Manukau,Auckland Manukau,612000,2025-01-01
Sunnyvale,Auckland Waitakere,862000,2025-01-01
Remuera,Auckland City,2636000,2025-01-01
Whitford,Auckland Manukau,3285000,2025-01-01
Lytton West,Gisborne,897000,2025-01-01
Foxton Beach,Horowhenua,611000,2025-01-01
Hope,Tasman,1233000,2025-01-01
Carterton,Carterton,618000,2025-01-01
Aotea,Porirua,1176000,2025-01-01
Ngaio,Wellington,1016000,2025-01-01
Northland,Wellington,1060000,2025-01-01
Ponsonby,Auckland City,2349000,2025-01-01
Ramarama,Auckland Franklin,1439000,2025-01-01
Half Moon Bay,Auckland Manukau,1550000,2025-01-01
Kilbirnie,Wellington,846000,2025-01-01
Howick,Auckland Manukau,1164000,2025-01-01
Westgate,Auckland Waitakere,894000,2025-01-01
Avondale,Auckland City,944000,2025-01-01
Great Barrier Island (Aotea Island),Auckland City,793000,2025-01-01
Blockhouse Bay,Auckland City,1148000,2025-01-01
Point England,Auckland City,959000,2025-01-01
Mangere Bridge,Auckland Manukau,1132000,2025-01-01
Pahurehure,Auckland Papakura,971000,2025-01-01
Clarks Beach,Auckland Franklin,1139000,2025-01-01
Highland Park,Auckland Manukau,1132000,2025-01-01
Mellons Bay,Auckland Manukau,2084000,2025-01-01
Belmont,Auckland North Shore,1529000,2025-01-01
Glendene,Auckland Waitakere,921000,2025-01-01
Ngaruawahia,Waikato,721000,2025-01-01
Mount Cook,Wellington,737000,2025-01-01
Three Kings,Auckland City,1135000,2025-01-01
Awanui,Far North,457000,2025-01-01
Mangonui,Far North,812000,2025-01-01
Glen Innes,Auckland City,1109000,2025-01-01
Ohope,Whakatane,1252000,2025-01-01
Karikari Peninsula,Far North,731000,2025-01-01
Thames,Thames-Coromandel,714000,2025-01-01
Mount Wellington,Auckland City,955000,2025-01-01
Onehunga,Auckland City,1098000,2025-01-01
Hospital Hill,Napier,904000,2025-01-01
Roseneath,Wellington,1465000,2025-01-01
Waterview,Auckland City,1011000,2025-01-01
West Harbour,Auckland Waitakere,1225000,2025-01-01
Palmerston North,Palmerston North,611000,2025-01-01
East Gore,Gore,396000,2025-01-01
Aro Valley,Wellington,908000,2025-01-01
Lyall Bay,Wellington,944000,2025-01-01
Brooklyn,Wellington,1042000,2025-01-01
Johnsonville,Wellington,811000,2025-01-01
Hillpark,Auckland Manukau,895000,2025-01-01
Northcote,Auckland North Shore,1178000,2025-01-01
Massey,Auckland Waitakere,935000,2025-01-01
Te Aro,Wellington,668000,2025-01-01
Narrow Neck,Auckland North Shore,1908000,2025-01-01
Papakura,Auckland Papakura,807000,2025-01-01
Wainui,Auckland Rodney,1395000,2025-01-01
Kelston,Auckland Waitakere,860000,2025-01-01
Pukehina,Western Bay of Plenty,1208000,2025-01-01
Otahuhu,Auckland City,743000,2025-01-01
Fenton Park,Rotorua,493000,2025-01-01
Ranui,Auckland Waitakere,808000,2025-01-01
Tairua,Thames-Coromandel,1072000,2025-01-01
Mount Victoria,Wellington,1159000,2025-01-01
Bluff Hill,Napier,935000,2025-01-01
Morningside,Auckland City,1231000,2025-01-01
Opaheke,Auckland Papakura,1027000,2025-01-01
Manurewa East,Auckland Manukau,708000,2025-01-01
Henderson,Auckland Waitakere,898000,2025-01-01
Waihi Beach,Western Bay of Plenty,1429000,2025-01-01
Manurewa,Auckland Manukau,785000,2025-01-01
Coromandel,Thames-Coromandel,805000,2025-01-01
Pakuranga Heights,Auckland Manukau,1130000,2025-01-01
Bayswater,Auckland North Shore,1657000,2025-01-01
Bucklands Beach,Auckland Manukau,1644000,2025-01-01
Red Hill,Auckland Papakura,799000,2025-01-01
Newmarket,Auckland City,834000,2025-01-01
Maupuia,Wellington,888000,2025-01-01
Waitarere Beach,Horowhenua,610000,2025-01-01
Taihape,Rangitikei,386000,2025-01-01
Penrose,Auckland City,985000,2025-01-01
Strathmore Park,Wellington,968000,2025-01-01
Pakuranga,Auckland Manukau,1092000,2025-01-01
Thorndon,Wellington,893000,2025-01-01
Kelburn,Wellington,1373000,2025-01-01
Paerata,Auckland Franklin,1356000,2025-01-01
Wellington Central,Wellington,498000,2025-01-01
Mataura,Gore,294000,2025-01-01
Totara Park,Auckland Manukau,1485000,2025-01-01
Peacocke,Hamilton,1125000,2025-01-01
