"","Year","City","Region_Category","Mortgage_Index","Deposit_Index","Rent_Index","Mortgage_Floating_Rate","Mortgage_2yr_Fixed_Rate","HPI_Annual_Change","HVS_House_Values","RBNZ_House_Price_Change","RBNZ_House_Value_Index","RBNZ_Debt_Servicing_Pct","RBNZ_Floating_Rate","RBNZ_2yr_Fixed_Rate","RBNZ_CPI_Change","RBNZ_Unemployment_Rate","Avg_House_Price_Level","Avg_House_Price_Change","Avg_House_Price_Abs_Change","Unemployment_Rate","Income_Level","Income_Quarterly_Change","Consents_Per_1000","log_price"
"1",2015,"Ashburton District","Canterbury Rural",0.0773338095915932,1.01851837505296,0.29551235380736,6.275,5.6225,12.4,837014,12.4,837014,10.025,6.275,5.6225,0.3,5.425,449679,2.7,11802,-1.47332847058278,-1.81533164692494,1898.45719489982,NA,13.0162892738699
"2",2015,"Auckland","Auckland Urban",-0.726527002857864,-0.377417244461033,0.41285525009549,6.275,5.6225,12.4,837014,12.4,837014,10.025,6.275,5.6225,0.3,5.425,783611,16.5,110877,2.35934124032439,-0.611234620548478,5225.07832422586,NA,13.5716680027284
"3",2015,"Bay of Plenty","Other",0.205615181175448,1.25559928059479,0.53329552232625,6.275,5.6225,12.4,837014,12.4,837014,10.025,6.275,5.6225,0.3,5.425,586025.666666667,7.46666666666667,46239.6666666667,1.00663428353362,-1.2038125049614,3191.33090467517,NA,13.2811188673724
"4",2015,"Buller District","Other",0.760069812330771,2.209443964946,3.6702225731476,6.275,5.6225,12.4,837014,12.4,837014,10.025,6.275,5.6225,0.3,5.425,586025.666666667,7.46666666666667,46239.6666666667,1.00663428353362,-1.2038125049614,3191.33090467517,NA,13.2811188673724
"5",2015,"Canterbury","Canterbury Rural",0.092094218455844,1.04385030742592,0.241427404655268,6.275,5.6225,12.4,837014,12.4,837014,10.025,6.275,5.6225,0.3,5.425,449679,2.7,11802,-1.47332847058278,-1.81533164692494,1898.45719489982,NA,13.0162892738699
"6",2015,"Carterton District","Wellington Rural",0.300439626000334,1.4103514059245,0.554500634548878,6.275,5.6225,12.4,837014,12.4,837014,10.025,6.275,5.6225,0.3,5.425,524787,3.2,16040,2.13389008085926,-1.18487124741078,2450.45719489982,NA,13.1707477449637
"7",2015,"Central Hawkes Bay District","Other",0.681973830885369,2.07758800926109,0.637176746248329,6.275,5.6225,12.4,837014,12.4,837014,10.025,6.275,5.6225,0.3,5.425,586025.666666667,7.46666666666667,46239.6666666667,1.00663428353362,-1.2038125049614,3191.33090467517,NA,13.2811188673724
"8",2015,"Central Otago District","Other",0.344452481522828,1.48975727086283,0.586189173038868,6.275,5.6225,12.4,837014,12.4,837014,10.025,6.275,5.6225,0.3,5.425,586025.666666667,7.46666666666667,46239.6666666667,1.00663428353362,-1.2038125049614,3191.33090467517,NA,13.2811188673724
"9",2015,"Christchurch City","Canterbury Urban",0.000311312427227885,0.884389040821751,0.0898942431542523,6.275,5.6225,12.4,837014,12.4,837014,10.025,6.275,5.6225,0.3,5.425,449679,2.7,11802,-1.47332847058278,-1.81533164692494,1898.45719489982,NA,13.0162892738699
"10",2015,"Clutha District","Other",0.404478144237448,1.59514460490163,0.601199533376234,6.275,5.6225,12.4,837014,12.4,837014,10.025,6.275,5.6225,0.3,5.425,586025.666666667,7.46666666666667,46239.6666666667,1.00663428353362,-1.2038125049614,3191.33090467517,NA,13.2811188673724
"11",2015,"Dunedin City","Other",0.347225649248839,1.49609025395607,1.86183154202698,6.275,5.6225,12.4,837014,12.4,837014,10.025,6.275,5.6225,0.3,5.425,586025.666666667,7.46666666666667,46239.6666666667,1.00663428353362,-1.2038125049614,3191.33090467517,NA,13.2811188673724
"12",2015,"Far North District","Other",0.677769350784643,2.07109264198597,1.00862359967614,6.275,5.6225,12.4,837014,12.4,837014,10.025,6.275,5.6225,0.3,5.425,586025.666666667,7.46666666666667,46239.6666666667,1.00663428353362,-1.2038125049614,3191.33090467517,NA,13.2811188673724
"13",2015,"Gisborne","Other",0.720082522862163,2.14205452946665,1.14085772645768,6.275,5.6225,12.4,837014,12.4,837014,10.025,6.275,5.6225,0.3,5.425,586025.666666667,7.46666666666667,46239.6666666667,1.00663428353362,-1.2038125049614,3191.33090467517,NA,13.2811188673724
"14",2015,"Gisborne District","Other",0.720082522862163,2.14205452946665,1.14085772645768,6.275,5.6225,12.4,837014,12.4,837014,10.025,6.275,5.6225,0.3,5.425,586025.666666667,7.46666666666667,46239.6666666667,1.00663428353362,-1.2038125049614,3191.33090467517,NA,13.2811188673724
"15",2015,"Gore District","Other",0.741373294436053,2.18118911729924,0.673868738184111,6.275,5.6225,12.4,837014,12.4,837014,10.025,6.275,5.6225,0.3,5.425,586025.666666667,7.46666666666667,46239.6666666667,1.00663428353362,-1.2038125049614,3191.33090467517,NA,13.2811188673724
"16",2015,"Grey District","Other",0.642165455463601,1.99103724032013,1.2566519347745,6.275,5.6225,12.4,837014,12.4,837014,10.025,6.275,5.6225,0.3,5.425,586025.666666667,7.46666666666667,46239.6666666667,1.00663428353362,-1.2038125049614,3191.33090467517,NA,13.2811188673724
"17",2015,"Hamilton City","Other",-0.140672956482225,0.656888802010712,0.5266242510652,6.275,5.6225,12.4,837014,12.4,837014,10.025,6.275,5.6225,0.3,5.425,586025.666666667,7.46666666666667,46239.6666666667,1.00663428353362,-1.2038125049614,3191.33090467517,NA,13.2811188673724
"18",2015,"Hastings District","Other",0.394458957614443,1.57744472907694,0.927377046104049,6.275,5.6225,12.4,837014,12.4,837014,10.025,6.275,5.6225,0.3,5.425,586025.666666667,7.46666666666667,46239.6666666667,1.00663428353362,-1.2038125049614,3191.33090467517,NA,13.2811188673724
"19",2015,"Hauraki District","Other",0.493935167657152,1.75704163423397,1.04912774661823,6.275,5.6225,12.4,837014,12.4,837014,10.025,6.275,5.6225,0.3,5.425,586025.666666667,7.46666666666667,46239.6666666667,1.00663428353362,-1.2038125049614,3191.33090467517,NA,13.2811188673724
"20",2015,"Hawke's Bay","Other",0.442497379190823,1.66058543019846,0.975267243370878,6.275,5.6225,12.4,837014,12.4,837014,10.025,6.275,5.6225,0.3,5.425,586025.666666667,7.46666666666667,46239.6666666667,1.00663428353362,-1.2038125049614,3191.33090467517,NA,13.2811188673724
"21",2015,"Horowhenua District","Other",0.653973782555002,2.02481315015075,1.11965261423506,6.275,5.6225,12.4,837014,12.4,837014,10.025,6.275,5.6225,0.3,5.425,586025.666666667,7.46666666666667,46239.6666666667,1.00663428353362,-1.2038125049614,3191.33090467517,NA,13.2811188673724
"22",2015,"Hurunui District","Canterbury Rural",0.300618540047173,1.41197524774328,0.327439151985246,6.275,5.6225,12.4,837014,12.4,837014,10.025,6.275,5.6225,0.3,5.425,449679,2.7,11802,-1.47332847058278,-1.81533164692494,1898.45719489982,NA,13.0162892738699
"23",2015,"Hutt City","Wellington Urban",0.534727570336538,1.81891000752948,1.04460081254823,6.275,5.6225,12.4,837014,12.4,837014,10.025,6.275,5.6225,0.3,5.425,524787,3.2,16040,2.13389008085926,-1.18487124741078,2450.45719489982,NA,13.1707477449637
"24",2015,"Invercargill City","Other",0.601015224690538,1.93663853939101,0.900215441684056,6.275,5.6225,12.4,837014,12.4,837014,10.025,6.275,5.6225,0.3,5.425,586025.666666667,7.46666666666667,46239.6666666667,1.00663428353362,-1.2038125049614,3191.33090467517,NA,13.2811188673724
"25",2015,"Kaikoura District","Other",0.370126647244283,1.52450748578472,1.0460303706756,6.275,5.6225,12.4,837014,12.4,837014,10.025,6.275,5.6225,0.3,5.425,586025.666666667,7.46666666666667,46239.6666666667,1.00663428353362,-1.2038125049614,3191.33090467517,NA,13.2811188673724
"26",2015,"Kaipara District","Other",0.158113501739585,1.16791182238069,0.793951620883029,6.275,5.6225,12.4,837014,12.4,837014,10.025,6.275,5.6225,0.3,5.425,586025.666666667,7.46666666666667,46239.6666666667,1.00663428353362,-1.2038125049614,3191.33090467517,NA,13.2811188673724
"27",2015,"Kapiti Coast District","Wellington Rural",0.419954209289058,1.61544262763638,0.726524129208835,6.275,5.6225,12.4,837014,12.4,837014,10.025,6.275,5.6225,0.3,5.425,524787,3.2,16040,2.13389008085926,-1.18487124741078,2450.45719489982,NA,13.1707477449637
"28",2015,"Kawerau District","Other",0.740031439084757,2.18963309475689,0.751064877061987,6.275,5.6225,12.4,837014,12.4,837014,10.025,6.275,5.6225,0.3,5.425,586025.666666667,7.46666666666667,46239.6666666667,1.00663428353362,-1.2038125049614,3191.33090467517,NA,13.2811188673724
"29",2015,"MacKenzie District","Canterbury Rural",0.184503323648398,1.21013170966896,1.17040192775662,6.275,5.6225,12.4,837014,12.4,837014,10.025,6.275,5.6225,0.3,5.425,449679,2.7,11802,-1.47332847058278,-1.81533164692494,1898.45719489982,NA,13.0162892738699
"30",2015,"Manawatu District","Other",0.605577532884943,1.94735589539496,0.504466100090994,6.275,5.6225,12.4,837014,12.4,837014,10.025,6.275,5.6225,0.3,5.425,586025.666666667,7.46666666666667,46239.6666666667,1.00663428353362,-1.2038125049614,3191.33090467517,NA,13.2811188673724
"31",2015,"Manawatu-Wanganui","Other",0.590459295927013,1.91650290083814,0.800146372768291,6.275,5.6225,12.4,837014,12.4,837014,10.025,6.275,5.6225,0.3,5.425,586025.666666667,7.46666666666667,46239.6666666667,1.00663428353362,-1.2038125049614,3191.33090467517,NA,13.2811188673724
"32",2015,"Marlborough","Other",0.487762633041193,1.73820506913613,0.731289322966728,6.275,5.6225,12.4,837014,12.4,837014,10.025,6.275,5.6225,0.3,5.425,586025.666666667,7.46666666666667,46239.6666666667,1.00663428353362,-1.2038125049614,3191.33090467517,NA,13.2811188673724
"33",2015,"Marlborough District","Other",0.487762633041193,1.73820506913613,0.731527582654622,6.275,5.6225,12.4,837014,12.4,837014,10.025,6.275,5.6225,0.3,5.425,586025.666666667,7.46666666666667,46239.6666666667,1.00663428353362,-1.2038125049614,3191.33090467517,NA,13.2811188673724
"34",2015,"Masterton District","Wellington Rural",0.718651210487448,2.13750777237406,0.551403258606246,6.275,5.6225,12.4,837014,12.4,837014,10.025,6.275,5.6225,0.3,5.425,524787,3.2,16040,2.13389008085926,-1.18487124741078,2450.45719489982,NA,13.1707477449637
"35",2015,"Matamata Piako District","Other",0.264120074491934,1.35497839990411,0.598340417121498,6.275,5.6225,12.4,837014,12.4,837014,10.025,6.275,5.6225,0.3,5.425,586025.666666667,7.46666666666667,46239.6666666667,1.00663428353362,-1.2038125049614,3191.33090467517,NA,13.2811188673724
"36",2015,"Napier City","Other",0.43444624708305,1.64613323801132,1.06961807977717,6.275,5.6225,12.4,837014,12.4,837014,10.025,6.275,5.6225,0.3,5.425,586025.666666667,7.46666666666667,46239.6666666667,1.00663428353362,-1.2038125049614,3191.33090467517,NA,13.2811188673724
"37",2015,"Nelson","Other",0.394369500591022,1.57711996071318,1.131089079254,6.275,5.6225,12.4,837014,12.4,837014,10.025,6.275,5.6225,0.3,5.425,586025.666666667,7.46666666666667,46239.6666666667,1.00663428353362,-1.2038125049614,3191.33090467517,NA,13.2811188673724
"38",2015,"Nelson City","Other",0.394369500591022,1.57711996071318,1.13204211800558,6.275,5.6225,12.4,837014,12.4,837014,10.025,6.275,5.6225,0.3,5.425,586025.666666667,7.46666666666667,46239.6666666667,1.00663428353362,-1.2038125049614,3191.33090467517,NA,13.2811188673724
"39",2015,"New Plymouth District","Other",0.226637581679078,1.28450366496907,0.828737535315654,6.275,5.6225,12.4,837014,12.4,837014,10.025,6.275,5.6225,0.3,5.425,586025.666666667,7.46666666666667,46239.6666666667,1.00663428353362,-1.2038125049614,3191.33090467517,NA,13.2811188673724
"40",2015,"New Zealand","Other",-0.246142787094056,0.460566326120243,0.641465420630436,6.275,5.6225,12.4,837014,12.4,837014,10.025,6.275,5.6225,0.3,5.425,586025.666666667,7.46666666666667,46239.6666666667,1.00663428353362,-1.2038125049614,3191.33090467517,NA,13.2811188673724
"41",2015,"Northland","Other",0.432388735544397,1.64662039055695,0.853278283168803,6.275,5.6225,12.4,837014,12.4,837014,10.025,6.275,5.6225,0.3,5.425,586025.666666667,7.46666666666667,46239.6666666667,1.00663428353362,-1.2038125049614,3191.33090467517,NA,13.2811188673724
"42",2015,"Opotiki District","Other",0.69995469259273,2.11298776091049,0.953823871460359,6.275,5.6225,12.4,837014,12.4,837014,10.025,6.275,5.6225,0.3,5.425,586025.666666667,7.46666666666667,46239.6666666667,1.00663428353362,-1.2038125049614,3191.33090467517,NA,13.2811188673724
"43",2015,"Otago","Other",0.20481006796467,1.24829199241029,1.336945449595,6.275,5.6225,12.4,837014,12.4,837014,10.025,6.275,5.6225,0.3,5.425,586025.666666667,7.46666666666667,46239.6666666667,1.00663428353362,-1.2038125049614,3191.33090467517,NA,13.2811188673724
"44",2015,"Otorohanga District","Other",0.573999203617787,1.89636726228527,0.667197466923061,6.275,5.6225,12.4,837014,12.4,837014,10.025,6.275,5.6225,0.3,5.425,586025.666666667,7.46666666666667,46239.6666666667,1.00663428353362,-1.2038125049614,3191.33090467517,NA,13.2811188673724
"45",2015,"Palmerston North City","Other",0.45824181531269,1.68591736257142,0.638844564063592,6.275,5.6225,12.4,837014,12.4,837014,10.025,6.275,5.6225,0.3,5.425,586025.666666667,7.46666666666667,46239.6666666667,1.00663428353362,-1.2038125049614,3191.33090467517,NA,13.2811188673724
"46",2015,"Porirua City","Wellington Urban",0.57900879692929,1.89864064083156,1.26594406260239,6.275,5.6225,12.4,837014,12.4,837014,10.025,6.275,5.6225,0.3,5.425,524787,3.2,16040,2.13389008085926,-1.18487124741078,2450.45719489982,NA,13.1707477449637
"47",2015,"Queenstown Lakes District","Other",0.200068845723426,1.23952324658888,0.590716107108867,6.275,5.6225,12.4,837014,12.4,837014,10.025,6.275,5.6225,0.3,5.425,586025.666666667,7.46666666666667,46239.6666666667,1.00663428353362,-1.2038125049614,3191.33090467517,NA,13.2811188673724
"48",2015,"Rangitikei District","Other",1.05509907556895,2.72907334695552,1.10964570734348,6.275,5.6225,12.4,837014,12.4,837014,10.025,6.275,5.6225,0.3,5.425,586025.666666667,7.46666666666667,46239.6666666667,1.00663428353362,-1.2038125049614,3191.33090467517,NA,13.2811188673724
"49",2015,"Rotorua District","Other",0.513436798762648,1.78968085479145,0.667197466923061,6.275,5.6225,12.4,837014,12.4,837014,10.025,6.275,5.6225,0.3,5.425,586025.666666667,7.46666666666667,46239.6666666667,1.00663428353362,-1.2038125049614,3191.33090467517,NA,13.2811188673724
"50",2015,"Ruapehu District","Other",1.24108022725852,3.049132569437,1.08272236261138,6.275,5.6225,12.4,837014,12.4,837014,10.025,6.275,5.6225,0.3,5.425,586025.666666667,7.46666666666667,46239.6666666667,1.00663428353362,-1.2038125049614,3191.33090467517,NA,13.2811188673724
"51",2015,"Selwyn District","Canterbury Rural",0.0926309605963622,1.04011547124273,0.874245135703537,6.275,5.6225,12.4,837014,12.4,837014,10.025,6.275,5.6225,0.3,5.425,449679,2.7,11802,-1.47332847058278,-1.81533164692494,1898.45719489982,NA,13.0162892738699
"52",2015,"South Taranaki District","Other",0.606024818002041,1.93907430211918,1.16134805961663,6.275,5.6225,12.4,837014,12.4,837014,10.025,6.275,5.6225,0.3,5.425,586025.666666667,7.46666666666667,46239.6666666667,1.00663428353362,-1.2038125049614,3191.33090467517,NA,13.2811188673724
"53",2015,"South Waikato District","Other",0.606114275025461,1.95823563558078,0.51137563103994,6.275,5.6225,12.4,837014,12.4,837014,10.025,6.275,5.6225,0.3,5.425,586025.666666667,7.46666666666667,46239.6666666667,1.00663428353362,-1.2038125049614,3191.33090467517,NA,13.2811188673724
"54",2015,"South Wairarapa District","Wellington Rural",0.863303217357108,2.38757941246614,1.51087502175812,6.275,5.6225,12.4,837014,12.4,837014,10.025,6.275,5.6225,0.3,5.425,524787,3.2,16040,2.13389008085926,-1.18487124741078,2450.45719489982,NA,13.1707477449637
"55",2015,"Southland","Other",0.705053742927653,2.11753451800307,1.05651379694297,6.275,5.6225,12.4,837014,12.4,837014,10.025,6.275,5.6225,0.3,5.425,586025.666666667,7.46666666666667,46239.6666666667,1.00663428353362,-1.2038125049614,3191.33090467517,NA,13.2811188673724
"56",2015,"Southland District","Other",0.922702680907791,2.49215482559555,1.72530874086333,6.275,5.6225,12.4,837014,12.4,837014,10.025,6.275,5.6225,0.3,5.425,586025.666666667,7.46666666666667,46239.6666666667,1.00663428353362,-1.2038125049614,3191.33090467517,NA,13.2811188673724
"57",2015,"Stratford District","Other",0.525245125854049,1.80250920515981,0.788471648061451,6.275,5.6225,12.4,837014,12.4,837014,10.025,6.275,5.6225,0.3,5.425,586025.666666667,7.46666666666667,46239.6666666667,1.00663428353362,-1.2038125049614,3191.33090467517,NA,13.2811188673724
"58",2015,"Taranaki","Other",0.273155233857324,1.36439668245304,0.875198174455116,6.275,5.6225,12.4,837014,12.4,837014,10.025,6.275,5.6225,0.3,5.425,586025.666666667,7.46666666666667,46239.6666666667,1.00663428353362,-1.2038125049614,3191.33090467517,NA,13.2811188673724
"59",2015,"Tararua District","Other",0.646727763658007,2.01539486760183,1.32765332176711,6.275,5.6225,12.4,837014,12.4,837014,10.025,6.275,5.6225,0.3,5.425,586025.666666667,7.46666666666667,46239.6666666667,1.00663428353362,-1.2038125049614,3191.33090467517,NA,13.2811188673724
"60",2015,"Tasman","Other",0.426663486045536,1.62989481982352,0.944055224256678,6.275,5.6225,12.4,837014,12.4,837014,10.025,6.275,5.6225,0.3,5.425,586025.666666667,7.46666666666667,46239.6666666667,1.00663428353362,-1.2038125049614,3191.33090467517,NA,13.2811188673724
"61",2015,"Tasman District","Other",0.426663486045536,1.62989481982352,0.942149146753519,6.275,5.6225,12.4,837014,12.4,837014,10.025,6.275,5.6225,0.3,5.425,586025.666666667,7.46666666666667,46239.6666666667,1.00663428353362,-1.2038125049614,3191.33090467517,NA,13.2811188673724
"62",2015,"Taupo District","Other",0.646638306634587,2.0192920879669,0.800384632456185,6.275,5.6225,12.4,837014,12.4,837014,10.025,6.275,5.6225,0.3,5.425,586025.666666667,7.46666666666667,46239.6666666667,1.00663428353362,-1.2038125049614,3191.33090467517,NA,13.2811188673724
"63",2015,"Tauranga City","Other",0.104707658758022,1.08314727944039,0.397487500226283,6.275,5.6225,12.4,837014,12.4,837014,10.025,6.275,5.6225,0.3,5.425,586025.666666667,7.46666666666667,46239.6666666667,1.00663428353362,-1.2038125049614,3191.33090467517,NA,13.2811188673724
"64",2015,"Thames Coromandel District","Other",0.392580360122628,1.57663280816755,0.619783789032018,6.275,5.6225,12.4,837014,12.4,837014,10.025,6.275,5.6225,0.3,5.425,586025.666666667,7.46666666666667,46239.6666666667,1.00663428353362,-1.2038125049614,3191.33090467517,NA,13.2811188673724
"65",2015,"Timaru District","Canterbury Rural",0.068567021296462,1.00520287213896,0.348644264207874,6.275,5.6225,12.4,837014,12.4,837014,10.025,6.275,5.6225,0.3,5.425,449679,2.7,11802,-1.47332847058278,-1.81533164692494,1898.45719489982,NA,13.0162892738699
"66",2015,"Upper Hutt City","Wellington Urban",0.610139841079348,1.94897973721374,1.09677968419717,6.275,5.6225,12.4,837014,12.4,837014,10.025,6.275,5.6225,0.3,5.425,524787,3.2,16040,2.13389008085926,-1.18487124741078,2450.45719489982,NA,13.1707477449637
"67",2015,"Waikato","Other",0.153103908428082,1.16466413874313,0.687926059769896,6.275,5.6225,12.4,837014,12.4,837014,10.025,6.275,5.6225,0.3,5.425,586025.666666667,7.46666666666667,46239.6666666667,1.00663428353362,-1.2038125049614,3191.33090467517,NA,13.2811188673724
"68",2015,"Waikato District","Other",0.0275957045702375,0.949829866118573,0.86376170943617,6.275,5.6225,12.4,837014,12.4,837014,10.025,6.275,5.6225,0.3,5.425,586025.666666667,7.46666666666667,46239.6666666667,1.00663428353362,-1.2038125049614,3191.33090467517,NA,13.2811188673724
"69",2015,"Waimakariri District","Canterbury Rural",0.233883600576074,1.29083664806231,0.829690574067232,6.275,5.6225,12.4,837014,12.4,837014,10.025,6.275,5.6225,0.3,5.425,449679,2.7,11802,-1.47332847058278,-1.81533164692494,1898.45719489982,NA,13.0162892738699
"70",2015,"Waimate District","Canterbury Rural",0.0937939019008184,1.04774752779099,-0.618690068644524,6.275,5.6225,12.4,837014,12.4,837014,10.025,6.275,5.6225,0.3,5.425,449679,2.7,11802,-1.47332847058278,-1.81533164692494,1898.45719489982,NA,13.0162892738699
"71",2015,"Waipa District","Other",0.0464711365117954,0.975486566855293,0.645515835324645,6.275,5.6225,12.4,837014,12.4,837014,10.025,6.275,5.6225,0.3,5.425,586025.666666667,7.46666666666667,46239.6666666667,1.00663428353362,-1.2038125049614,3191.33090467517,NA,13.2811188673724
"72",2015,"Wairoa District","Other",1.13632605283404,2.86076691845855,0.411306562124174,6.275,5.6225,12.4,837014,12.4,837014,10.025,6.275,5.6225,0.3,5.425,586025.666666667,7.46666666666667,46239.6666666667,1.00663428353362,-1.2038125049614,3191.33090467517,NA,13.2811188673724
"73",2015,"Waitaki District","Other",0.490088515650105,1.74226467368308,0.6698183234899,6.275,5.6225,12.4,837014,12.4,837014,10.025,6.275,5.6225,0.3,5.425,586025.666666667,7.46666666666667,46239.6666666667,1.00663428353362,-1.2038125049614,3191.33090467517,NA,13.2811188673724
"74",2015,"Waitomo District","Other",0.383724114804078,1.54399358761007,0.848989608786701,6.275,5.6225,12.4,837014,12.4,837014,10.025,6.275,5.6225,0.3,5.425,586025.666666667,7.46666666666667,46239.6666666667,1.00663428353362,-1.2038125049614,3191.33090467517,NA,13.2811188673724
"75",2015,"Wellington","Wellington Rural",0.49456136682109,1.74940957768571,1.17897927652083,6.275,5.6225,12.4,837014,12.4,837014,10.025,6.275,5.6225,0.3,5.425,524787,3.2,16040,2.13389008085926,-1.18487124741078,2450.45719489982,NA,13.1707477449637
"76",2015,"Wellington City","Wellington Urban",0.413066018485741,1.60846010781563,1.23258770629713,6.275,5.6225,12.4,837014,12.4,837014,10.025,6.275,5.6225,0.3,5.425,524787,3.2,16040,2.13389008085926,-1.18487124741078,2450.45719489982,NA,13.1707477449637
"77",2015,"West Coast","Other",0.66354568406091,2.03390666433592,1.85039507700804,6.275,5.6225,12.4,837014,12.4,837014,10.025,6.275,5.6225,0.3,5.425,586025.666666667,7.46666666666667,46239.6666666667,1.00663428353362,-1.2038125049614,3191.33090467517,NA,13.2811188673724
"78",2015,"Western Bay of Plenty District","Other",0.311263925834118,1.43763194848,0.655522742216219,6.275,5.6225,12.4,837014,12.4,837014,10.025,6.275,5.6225,0.3,5.425,586025.666666667,7.46666666666667,46239.6666666667,1.00663428353362,-1.2038125049614,3191.33090467517,NA,13.2811188673724
"79",2015,"Westland District","Other",0.563264360807422,1.86048035809024,0.326247853545774,6.275,5.6225,12.4,837014,12.4,837014,10.025,6.275,5.6225,0.3,5.425,586025.666666667,7.46666666666667,46239.6666666667,1.00663428353362,-1.2038125049614,3191.33090467517,NA,13.2811188673724
"80",2015,"Whakatane District","Other",0.602893822182352,1.94329629084801,0.709845951056209,6.275,5.6225,12.4,837014,12.4,837014,10.025,6.275,5.6225,0.3,5.425,586025.666666667,7.46666666666667,46239.6666666667,1.00663428353362,-1.2038125049614,3191.33090467517,NA,13.2811188673724
"81",2015,"Whanganui District","Other",0.727417998782579,2.15537003238064,1.05079556443349,6.275,5.6225,12.4,837014,12.4,837014,10.025,6.275,5.6225,0.3,5.425,586025.666666667,7.46666666666667,46239.6666666667,1.00663428353362,-1.2038125049614,3191.33090467517,NA,13.2811188673724
"82",2015,"Whangarei District","Other",0.332375783361168,1.4744931577663,0.721044156387258,6.275,5.6225,12.4,837014,12.4,837014,10.025,6.275,5.6225,0.3,5.425,586025.666666667,7.46666666666667,46239.6666666667,1.00663428353362,-1.2038125049614,3191.33090467517,NA,13.2811188673724
"83",2016,"Ashburton District","Canterbury Rural",0.363775198581484,0.926121775564389,0.489217480065734,5.69916666666667,5.09583333333333,14.2,970210.75,14.2,970210.75,8.95,5.69916666666667,5.09583333333333,0.625,5.175,472184,5,22505,-1.28545250436184,-1.7037300772558,2061.49477505801,NA,13.065124019112
"84",2016,"Auckland","Auckland Urban",-0.702820891651643,-0.765353054967508,0.436204699509168,5.69916666666667,5.09583333333333,14.2,970210.75,14.2,970210.75,8.95,5.69916666666667,5.09583333333333,0.625,5.175,895381,14.3,111770,1.64541256868482,-0.268673770245423,6219.48269518677,NA,13.7050046049972
"85",2016,"Bay of Plenty","Other",-0.00532448004821342,0.341701104985567,0.0779812587595186,5.69916666666667,5.09583333333333,14.2,970210.75,14.2,970210.75,8.95,5.69916666666667,5.09583333333333,0.625,5.175,655266.333333333,11.1,69240.6666666667,0.706032737580119,-0.988430605249421,3911.18275756668,NA,13.3927970477477
"86",2016,"Buller District","Other",0.757475558651599,1.55016418652144,3.25993939059296,5.69916666666667,5.09583333333333,14.2,970210.75,14.2,970210.75,8.95,5.69916666666667,5.09583333333333,0.625,5.175,655266.333333333,11.1,69240.6666666667,0.706032737580119,-0.988430605249421,3911.18275756668,NA,13.3927970477477
"87",2016,"Canterbury","Canterbury Rural",0.384260856944596,0.958436227758106,0.798240295265134,5.69916666666667,5.09583333333333,14.2,970210.75,14.2,970210.75,8.95,5.69916666666667,5.09583333333333,0.625,5.175,472184,5,22505,-1.28545250436184,-1.7037300772558,2061.49477505801,NA,13.065124019112
"88",2016,"Carterton District","Wellington Rural",0.267072156264784,0.773643028780973,0.0265171661742672,5.69916666666667,5.09583333333333,14.2,970210.75,14.2,970210.75,8.95,5.69916666666667,5.09583333333333,0.625,5.175,598234,14,73447,1.75813814841738,-0.992887968247044,3452.57080245527,NA,13.301737260741
"89",2016,"Central Hawkes Bay District","Other",0.703443516506099,1.46572441194489,-0.0528233098946613,5.69916666666667,5.09583333333333,14.2,970210.75,14.2,970210.75,8.95,5.69916666666667,5.09583333333333,0.625,5.175,655266.333333333,11.1,69240.6666666667,0.706032737580119,-0.988430605249421,3911.18275756668,NA,13.3927970477477
"90",2016,"Central Otago District","Other",0.201321244051302,0.669067615651559,0.0358092940021592,5.69916666666667,5.09583333333333,14.2,970210.75,14.2,970210.75,8.95,5.69916666666667,5.09583333333333,0.625,5.175,655266.333333333,11.1,69240.6666666667,0.706032737580119,-0.988430605249421,3911.18275756668,NA,13.3927970477477
"91",2016,"Christchurch City","Canterbury Urban",0.268950753756598,0.775591638963509,0.649089730643065,5.69916666666667,5.09583333333333,14.2,970210.75,14.2,970210.75,8.95,5.69916666666667,5.09583333333333,0.625,5.175,472184,5,22505,-1.28545250436184,-1.7037300772558,2061.49477505801,NA,13.065124019112
"92",2016,"Clutha District","Other",0.442497379190823,1.05115759561043,0.286696745355257,5.69916666666667,5.09583333333333,14.2,970210.75,14.2,970210.75,8.95,5.69916666666667,5.09583333333333,0.625,5.175,655266.333333333,11.1,69240.6666666667,0.706032737580119,-0.988430605249421,3911.18275756668,NA,13.3927970477477
"93",2016,"Dunedin City","Other",0.354471668145835,0.911994351741006,1.90662436335118,5.69916666666667,5.09583333333333,14.2,970210.75,14.2,970210.75,8.95,5.69916666666667,5.09583333333333,0.625,5.175,655266.333333333,11.1,69240.6666666667,0.706032737580119,-0.988430605249421,3911.18275756668,NA,13.3927970477477
"94",2016,"Far North District","Other",0.611481696430643,1.31974103243659,0.839935740646703,5.69916666666667,5.09583333333333,14.2,970210.75,14.2,970210.75,8.95,5.69916666666667,5.09583333333333,0.625,5.175,655266.333333333,11.1,69240.6666666667,0.706032737580119,-0.988430605249421,3911.18275756668,NA,13.3927970477477
"95",2016,"Gisborne","Other",0.7211560071432,1.49446641213729,0.877104251958273,5.69916666666667,5.09583333333333,14.2,970210.75,14.2,970210.75,8.95,5.69916666666667,5.09583333333333,0.625,5.175,655266.333333333,11.1,69240.6666666667,0.706032737580119,-0.988430605249421,3911.18275756668,NA,13.3927970477477
"96",2016,"Gisborne District","Other",0.7211560071432,1.49446641213729,0.877104251958273,5.69916666666667,5.09583333333333,14.2,970210.75,14.2,970210.75,8.95,5.69916666666667,5.09583333333333,0.625,5.175,655266.333333333,11.1,69240.6666666667,0.706032737580119,-0.988430605249421,3911.18275756668,NA,13.3927970477477
"97",2016,"Gore District","Other",0.91447263475318,1.79991105824976,0.387004073958917,5.69916666666667,5.09583333333333,14.2,970210.75,14.2,970210.75,8.95,5.69916666666667,5.09583333333333,0.625,5.175,655266.333333333,11.1,69240.6666666667,0.706032737580119,-0.988430605249421,3911.18275756668,NA,13.3927970477477
"98",2016,"Grey District","Other",1.07925247189227,2.06102482270954,1.07986324635664,5.69916666666667,5.09583333333333,14.2,970210.75,14.2,970210.75,8.95,5.69916666666667,5.09583333333333,0.625,5.175,655266.333333333,11.1,69240.6666666667,0.706032737580119,-0.988430605249421,3911.18275756668,NA,13.3927970477477
"99",2016,"Hamilton City","Other",-0.419242127411182,-0.314655758165196,0.383430178640497,5.69916666666667,5.09583333333333,14.2,970210.75,14.2,970210.75,8.95,5.69916666666667,5.09583333333333,0.625,5.175,655266.333333333,11.1,69240.6666666667,0.706032737580119,-0.988430605249421,3911.18275756668,NA,13.3927970477477
"100",2016,"Hastings District","Other",0.328439674330701,0.871398306271513,0.802290709959342,5.69916666666667,5.09583333333333,14.2,970210.75,14.2,970210.75,8.95,5.69916666666667,5.09583333333333,0.625,5.175,655266.333333333,11.1,69240.6666666667,0.706032737580119,-0.988430605249421,3911.18275756668,NA,13.3927970477477
"101",2016,"Hauraki District","Other",0.143084721805075,0.577158168708627,0.326486113233669,5.69916666666667,5.09583333333333,14.2,970210.75,14.2,970210.75,8.95,5.69916666666667,5.09583333333333,0.625,5.175,655266.333333333,11.1,69240.6666666667,0.706032737580119,-0.988430605249421,3911.18275756668,NA,13.3927970477477
"102",2016,"Hawke's Bay","Other",0.372989271993713,0.941710657024675,0.814441954041972,5.69916666666667,5.09583333333333,14.2,970210.75,14.2,970210.75,8.95,5.69916666666667,5.09583333333333,0.625,5.175,655266.333333333,11.1,69240.6666666667,0.706032737580119,-0.988430605249421,3911.18275756668,NA,13.3927970477477
"103",2016,"Horowhenua District","Other",0.625884277201215,1.34361150717266,0.909269309824054,5.69916666666667,5.09583333333333,14.2,970210.75,14.2,970210.75,8.95,5.69916666666667,5.09583333333333,0.625,5.175,655266.333333333,11.1,69240.6666666667,0.706032737580119,-0.988430605249421,3911.18275756668,NA,13.3927970477477
"104",2016,"Hurunui District","Canterbury Rural",0.625615906130956,1.34215004953575,0.401776174608388,5.69916666666667,5.09583333333333,14.2,970210.75,14.2,970210.75,8.95,5.69916666666667,5.09583333333333,0.625,5.175,472184,5,22505,-1.28545250436184,-1.7037300772558,2061.49477505801,NA,13.065124019112
"105",2016,"Hutt City","Wellington Urban",0.413960588719937,1.00747625068525,0.970978568988776,5.69916666666667,5.09583333333333,14.2,970210.75,14.2,970210.75,8.95,5.69916666666667,5.09583333333333,0.625,5.175,598234,14,73447,1.75813814841738,-0.992887968247044,3452.57080245527,NA,13.301737260741
"106",2016,"Invercargill City","Other",0.753718363667972,1.54561742942885,0.795142919322502,5.69916666666667,5.09583333333333,14.2,970210.75,14.2,970210.75,8.95,5.69916666666667,5.09583333333333,0.625,5.175,655266.333333333,11.1,69240.6666666667,0.706032737580119,-0.988430605249421,3911.18275756668,NA,13.3927970477477
"107",2016,"Kaikoura District","Other",0.769731170860099,1.56948790416492,1.67789506297229,5.69916666666667,5.09583333333333,14.2,970210.75,14.2,970210.75,8.95,5.69916666666667,5.09583333333333,0.625,5.175,655266.333333333,11.1,69240.6666666667,0.706032737580119,-0.988430605249421,3911.18275756668,NA,13.3927970477477
"108",2016,"Kaipara District","Other",-0.0245577400834498,0.310360957883119,0.427746480588907,5.69916666666667,5.09583333333333,14.2,970210.75,14.2,970210.75,8.95,5.69916666666667,5.09583333333333,0.625,5.175,655266.333333333,11.1,69240.6666666667,0.706032737580119,-0.988430605249421,3911.18275756668,NA,13.3927970477477
"109",2016,"Kapiti Coast District","Wellington Rural",0.394458957614443,0.975811335219049,0.785612531806716,5.69916666666667,5.09583333333333,14.2,970210.75,14.2,970210.75,8.95,5.69916666666667,5.09583333333333,0.625,5.175,598234,14,73447,1.75813814841738,-0.992887968247044,3452.57080245527,NA,13.301737260741
"110",2016,"Kawerau District","Other",0.131455308760514,0.560919750520829,0.51089911166415,5.69916666666667,5.09583333333333,14.2,970210.75,14.2,970210.75,8.95,5.69916666666667,5.09583333333333,0.625,5.175,655266.333333333,11.1,69240.6666666667,0.706032737580119,-0.988430605249421,3911.18275756668,NA,13.3927970477477
"111",2016,"MacKenzie District","Canterbury Rural",0.0939728159476578,0.498564224679689,1.72364092304807,5.69916666666667,5.09583333333333,14.2,970210.75,14.2,970210.75,8.95,5.69916666666667,5.09583333333333,0.625,5.175,472184,5,22505,-1.28545250436184,-1.7037300772558,2061.49477505801,NA,13.065124019112
"112",2016,"Manawatu District","Other",0.696376411655942,1.45435751921343,0.524956433249937,5.69916666666667,5.09583333333333,14.2,970210.75,14.2,970210.75,8.95,5.69916666666667,5.09583333333333,0.625,5.175,655266.333333333,11.1,69240.6666666667,0.706032737580119,-0.988430605249421,3911.18275756668,NA,13.3927970477477
"113",2016,"Manawatu-Wanganui","Other",0.668376363325575,1.41018902174262,0.671247881617269,5.69916666666667,5.09583333333333,14.2,970210.75,14.2,970210.75,8.95,5.69916666666667,5.09583333333333,0.625,5.175,655266.333333333,11.1,69240.6666666667,0.706032737580119,-0.988430605249421,3911.18275756668,NA,13.3927970477477
"114",2016,"Marlborough","Other",0.520324989565966,1.17538149474708,0.515426045734149,5.69916666666667,5.09583333333333,14.2,970210.75,14.2,970210.75,8.95,5.69916666666667,5.09583333333333,0.625,5.175,655266.333333333,11.1,69240.6666666667,0.706032737580119,-0.988430605249421,3911.18275756668,NA,13.3927970477477
"115",2016,"Marlborough District","Other",0.520324989565966,1.17538149474708,0.51494952635836,5.69916666666667,5.09583333333333,14.2,970210.75,14.2,970210.75,8.95,5.69916666666667,5.09583333333333,0.625,5.175,655266.333333333,11.1,69240.6666666667,0.706032737580119,-0.988430605249421,3911.18275756668,NA,13.3927970477477
"116",2016,"Masterton District","Wellington Rural",0.91429372070634,1.79991105824976,0.529245107632041,5.69916666666667,5.09583333333333,14.2,970210.75,14.2,970210.75,8.95,5.69916666666667,5.09583333333333,0.625,5.175,598234,14,73447,1.75813814841738,-0.992887968247044,3452.57080245527,NA,13.301737260741
"117",2016,"Matamata Piako District","Other",-0.00362479660323864,0.344786404441249,0.301945365380517,5.69916666666667,5.09583333333333,14.2,970210.75,14.2,970210.75,8.95,5.69916666666667,5.09583333333333,0.625,5.175,655266.333333333,11.1,69240.6666666667,0.706032737580119,-0.988430605249421,3911.18275756668,NA,13.3927970477477
"118",2016,"Napier City","Other",0.324861393393913,0.865714859905784,0.923564891097735,5.69916666666667,5.09583333333333,14.2,970210.75,14.2,970210.75,8.95,5.69916666666667,5.09583333333333,0.625,5.175,655266.333333333,11.1,69240.6666666667,0.706032737580119,-0.988430605249421,3911.18275756668,NA,13.3927970477477
"119",2016,"Nelson","Other",0.347941305436196,0.901764148282693,1.13370993582084,5.69916666666667,5.09583333333333,14.2,970210.75,14.2,970210.75,8.95,5.69916666666667,5.09583333333333,0.625,5.175,655266.333333333,11.1,69240.6666666667,0.706032737580119,-0.988430605249421,3911.18275756668,NA,13.3927970477477
"120",2016,"Nelson City","Other",0.347941305436196,0.901764148282693,1.13513949394821,5.69916666666667,5.09583333333333,14.2,970210.75,14.2,970210.75,8.95,5.69916666666667,5.09583333333333,0.625,5.175,655266.333333333,11.1,69240.6666666667,0.706032737580119,-0.988430605249421,3911.18275756668,NA,13.3927970477477
"121",2016,"New Plymouth District","Other",0.320925284363446,0.858245187539397,0.968357712421936,5.69916666666667,5.09583333333333,14.2,970210.75,14.2,970210.75,8.95,5.69916666666667,5.09583333333333,0.625,5.175,655266.333333333,11.1,69240.6666666667,0.706032737580119,-0.988430605249421,3911.18275756668,NA,13.3927970477477
"122",2016,"New Zealand","Other",-0.245963873047216,-0.040551259155179,0.637176746248331,5.69916666666667,5.09583333333333,14.2,970210.75,14.2,970210.75,8.95,5.69916666666667,5.09583333333333,0.625,5.175,655266.333333333,11.1,69240.6666666667,0.706032737580119,-0.988430605249421,3911.18275756668,NA,13.3927970477477
"123",2016,"Northland","Other",0.296682431016706,0.820734441525585,0.620498568095702,5.69916666666667,5.09583333333333,14.2,970210.75,14.2,970210.75,8.95,5.69916666666667,5.09583333333333,0.625,5.175,655266.333333333,11.1,69240.6666666667,0.706032737580119,-0.988430605249421,3911.18275756668,NA,13.3927970477477
"124",2016,"Opotiki District","Other",0.692261388578636,1.44834930448395,0.731051063278834,5.69916666666667,5.09583333333333,14.2,970210.75,14.2,970210.75,8.95,5.69916666666667,5.09583333333333,0.625,5.175,655266.333333333,11.1,69240.6666666667,0.706032737580119,-0.988430605249421,3911.18275756668,NA,13.3927970477477
"125",2016,"Otago","Other",0.0803753483878627,0.47761666521743,0.938336991747205,5.69916666666667,5.09583333333333,14.2,970210.75,14.2,970210.75,8.95,5.69916666666667,5.09583333333333,0.625,5.175,655266.333333333,11.1,69240.6666666667,0.706032737580119,-0.988430605249421,3911.18275756668,NA,13.3927970477477
"126",2016,"Otorohanga District","Other",0.407609140057139,0.997083663045063,0.195443284891595,5.69916666666667,5.09583333333333,14.2,970210.75,14.2,970210.75,8.95,5.69916666666667,5.09583333333333,0.625,5.175,655266.333333333,11.1,69240.6666666667,0.706032737580119,-0.988430605249421,3911.18275756668,NA,13.3927970477477
"127",2016,"Palmerston North City","Other",0.534011914149179,1.19714097511873,0.573323149892556,5.69916666666667,5.09583333333333,14.2,970210.75,14.2,970210.75,8.95,5.69916666666667,5.09583333333333,0.625,5.175,655266.333333333,11.1,69240.6666666667,0.706032737580119,-0.988430605249421,3911.18275756668,NA,13.3927970477477
"128",2016,"Porirua City","Wellington Urban",0.502433584882024,1.14728903128219,1.14943507522189,5.69916666666667,5.09583333333333,14.2,970210.75,14.2,970210.75,8.95,5.69916666666667,5.09583333333333,0.625,5.175,598234,14,73447,1.75813814841738,-0.992887968247044,3452.57080245527,NA,13.301737260741
"129",2016,"Queenstown Lakes District","Other",-0.0162382369054172,0.32465076588838,-0.133831603778852,5.69916666666667,5.09583333333333,14.2,970210.75,14.2,970210.75,8.95,5.69916666666667,5.09583333333333,0.625,5.175,655266.333333333,11.1,69240.6666666667,0.706032737580119,-0.988430605249421,3911.18275756668,NA,13.3927970477477
"130",2016,"Rangitikei District","Other",1.14079890400503,2.15926725274571,0.818015849360393,5.69916666666667,5.09583333333333,14.2,970210.75,14.2,970210.75,8.95,5.69916666666667,5.09583333333333,0.625,5.175,655266.333333333,11.1,69240.6666666667,0.706032737580119,-0.988430605249421,3911.18275756668,NA,13.3927970477477
"131",2016,"Rotorua District","Other",0.211608801744568,0.686605107294381,0.0374771118174223,5.69916666666667,5.09583333333333,14.2,970210.75,14.2,970210.75,8.95,5.69916666666667,5.09583333333333,0.625,5.175,655266.333333333,11.1,69240.6666666667,0.706032737580119,-0.988430605249421,3911.18275756668,NA,13.3927970477477
"132",2016,"Ruapehu District","Other",1.25879271789562,2.34649621445101,0.630028955611491,5.69916666666667,5.09583333333333,14.2,970210.75,14.2,970210.75,8.95,5.69916666666667,5.09583333333333,0.625,5.175,655266.333333333,11.1,69240.6666666667,0.706032737580119,-0.988430605249421,3911.18275756668,NA,13.3927970477477
"133",2016,"Selwyn District","Canterbury Rural",0.464145978858391,1.08509588962292,1.52493234334391,5.69916666666667,5.09583333333333,14.2,970210.75,14.2,970210.75,8.95,5.69916666666667,5.09583333333333,0.625,5.175,472184,5,22505,-1.28545250436184,-1.7037300772558,2061.49477505801,NA,13.065124019112
"134",2016,"South Taranaki District","Other",0.874127517190893,1.7369059956811,1.00528796404561,5.69916666666667,5.09583333333333,14.2,970210.75,14.2,970210.75,8.95,5.69916666666667,5.09583333333333,0.625,5.175,655266.333333333,11.1,69240.6666666667,0.706032737580119,-0.988430605249421,3911.18275756668,NA,13.3927970477477
"135",2016,"South Waikato District","Other",0.25633731345442,0.757566994775054,-0.140026355664114,5.69916666666667,5.09583333333333,14.2,970210.75,14.2,970210.75,8.95,5.69916666666667,5.09583333333333,0.625,5.175,655266.333333333,11.1,69240.6666666667,0.706032737580119,-0.988430605249421,3911.18275756668,NA,13.3927970477477
"136",2016,"South Wairarapa District","Wellington Rural",1.05456233342844,2.02270215578634,1.33384807365237,5.69916666666667,5.09583333333333,14.2,970210.75,14.2,970210.75,8.95,5.69916666666667,5.09583333333333,0.625,5.175,598234,14,73447,1.75813814841738,-0.992887968247044,3452.57080245527,NA,13.301737260741
"137",2016,"Southland","Other",0.879226567525816,1.74453805222937,0.919752736091421,5.69916666666667,5.09583333333333,14.2,970210.75,14.2,970210.75,8.95,5.69916666666667,5.09583333333333,0.625,5.175,655266.333333333,11.1,69240.6666666667,0.706032737580119,-0.988430605249421,3911.18275756668,NA,13.3927970477477
"138",2016,"Southland District","Other",1.17649225634949,2.21480264294798,1.50062985517865,5.69916666666667,5.09583333333333,14.2,970210.75,14.2,970210.75,8.95,5.69916666666667,5.09583333333333,0.625,5.175,655266.333333333,11.1,69240.6666666667,0.706032737580119,-0.988430605249421,3911.18275756668,NA,13.3927970477477
"139",2016,"Stratford District","Other",0.501181186554148,1.14485326855402,0.472539301913106,5.69916666666667,5.09583333333333,14.2,970210.75,14.2,970210.75,8.95,5.69916666666667,5.09583333333333,0.625,5.175,655266.333333333,11.1,69240.6666666667,0.706032737580119,-0.988430605249421,3911.18275756668,NA,13.3927970477477
"140",2016,"Taranaki","Other",0.373257643063972,0.94122350447904,0.926662267040365,5.69916666666667,5.09583333333333,14.2,970210.75,14.2,970210.75,8.95,5.69916666666667,5.09583333333333,0.625,5.175,655266.333333333,11.1,69240.6666666667,0.706032737580119,-0.988430605249421,3911.18275756668,NA,13.3927970477477
"141",2016,"Tararua District","Other",0.875916657659287,1.73852983749988,1.09106145168769,5.69916666666667,5.09583333333333,14.2,970210.75,14.2,970210.75,8.95,5.69916666666667,5.09583333333333,0.625,5.175,655266.333333333,11.1,69240.6666666667,0.706032737580119,-0.988430605249421,3911.18275756668,NA,13.3927970477477
"142",2016,"Tasman","Other",0.484363266151244,1.11805987854415,0.89068505416827,5.69916666666667,5.09583333333333,14.2,970210.75,14.2,970210.75,8.95,5.69916666666667,5.09583333333333,0.625,5.175,655266.333333333,11.1,69240.6666666667,0.706032737580119,-0.988430605249421,3911.18275756668,NA,13.3927970477477
"143",2016,"Tasman District","Other",0.484363266151244,1.11805987854415,0.89068505416827,5.69916666666667,5.09583333333333,14.2,970210.75,14.2,970210.75,8.95,5.69916666666667,5.09583333333333,0.625,5.175,655266.333333333,11.1,69240.6666666667,0.706032737580119,-0.988430605249421,3911.18275756668,NA,13.3927970477477
"144",2016,"Taupo District","Other",0.59126440913779,1.28856326951602,0.544731987345195,5.69916666666667,5.09583333333333,14.2,970210.75,14.2,970210.75,8.95,5.69916666666667,5.09583333333333,0.625,5.175,655266.333333333,11.1,69240.6666666667,0.706032737580119,-0.988430605249421,3911.18275756668,NA,13.3927970477477
"145",2016,"Tauranga City","Other",-0.114372591596832,0.168599567103649,-0.0289973411051928,5.69916666666667,5.09583333333333,14.2,970210.75,14.2,970210.75,8.95,5.69916666666667,5.09583333333333,0.625,5.175,655266.333333333,11.1,69240.6666666667,0.706032737580119,-0.988430605249421,3911.18275756668,NA,13.3927970477477
"146",2016,"Thames Coromandel District","Other",0.436772129691962,1.04287600233465,0.300754066941043,5.69916666666667,5.09583333333333,14.2,970210.75,14.2,970210.75,8.95,5.69916666666667,5.09583333333333,0.625,5.175,655266.333333333,11.1,69240.6666666667,0.706032737580119,-0.988430605249421,3911.18275756668,NA,13.3927970477477
"147",2016,"Timaru District","Canterbury Rural",0.213487399236382,0.687904180749404,0.478257534422579,5.69916666666667,5.09583333333333,14.2,970210.75,14.2,970210.75,8.95,5.69916666666667,5.09583333333333,0.625,5.175,472184,5,22505,-1.28545250436184,-1.7037300772558,2061.49477505801,NA,13.065124019112
"148",2016,"Upper Hutt City","Wellington Urban",0.544299471842446,1.21435369839779,1.13180385831768,5.69916666666667,5.09583333333333,14.2,970210.75,14.2,970210.75,8.95,5.69916666666667,5.09583333333333,0.625,5.175,598234,14,73447,1.75813814841738,-0.992887968247044,3452.57080245527,NA,13.301737260741
"149",2016,"Waikato","Other",-0.0416440315566131,0.284379488782643,0.518999941052569,5.69916666666667,5.09583333333333,14.2,970210.75,14.2,970210.75,8.95,5.69916666666667,5.09583333333333,0.625,5.175,655266.333333333,11.1,69240.6666666667,0.706032737580119,-0.988430605249421,3911.18275756668,NA,13.3927970477477
"150",2016,"Waikato District","Other",-0.26287125047354,-0.0670198808012888,0.640512381878855,5.69916666666667,5.09583333333333,14.2,970210.75,14.2,970210.75,8.95,5.69916666666667,5.09583333333333,0.625,5.175,655266.333333333,11.1,69240.6666666667,0.706032737580119,-0.988430605249421,3911.18275756668,NA,13.3927970477477
"151",2016,"Waimakariri District","Canterbury Rural",0.566305899603692,1.24715530313714,1.19518093529767,5.69916666666667,5.09583333333333,14.2,970210.75,14.2,970210.75,8.95,5.69916666666667,5.09583333333333,0.625,5.175,472184,5,22505,-1.28545250436184,-1.7037300772558,2061.49477505801,NA,13.065124019112
"152",2016,"Waimate District","Canterbury Rural",0.266356500077427,0.77072011350717,-0.0208965117167735,5.69916666666667,5.09583333333333,14.2,970210.75,14.2,970210.75,8.95,5.69916666666667,5.09583333333333,0.625,5.175,472184,5,22505,-1.28545250436184,-1.7037300772558,2061.49477505801,NA,13.065124019112
"153",2016,"Waipa District","Other",-0.195241740768244,0.0401536792381726,0.54544676640888,5.69916666666667,5.09583333333333,14.2,970210.75,14.2,970210.75,8.95,5.69916666666667,5.09583333333333,0.625,5.175,655266.333333333,11.1,69240.6666666667,0.706032737580119,-0.988430605249421,3911.18275756668,NA,13.3927970477477
"154",2016,"Wairoa District","Other",1.39906133061771,2.56880015944196,0.161848668898445,5.69916666666667,5.09583333333333,14.2,970210.75,14.2,970210.75,8.95,5.69916666666667,5.09583333333333,0.625,5.175,655266.333333333,11.1,69240.6666666667,0.706032737580119,-0.988430605249421,3911.18275756668,NA,13.3927970477477
"155",2016,"Waitaki District","Other",0.695213470351486,1.45257129321278,0.560695386434138,5.69916666666667,5.09583333333333,14.2,970210.75,14.2,970210.75,8.95,5.69916666666667,5.09583333333333,0.625,5.175,655266.333333333,11.1,69240.6666666667,0.706032737580119,-0.988430605249421,3911.18275756668,NA,13.3927970477477
"156",2016,"Waitomo District","Other",0.571404949938616,1.25673596986794,0.651472327522011,5.69916666666667,5.09583333333333,14.2,970210.75,14.2,970210.75,8.95,5.69916666666667,5.09583333333333,0.625,5.175,655266.333333333,11.1,69240.6666666667,0.706032737580119,-0.988430605249421,3911.18275756668,NA,13.3927970477477
"157",2016,"Wellington","Wellington Rural",0.411366335040766,1.00276710941079,1.18112361371188,5.69916666666667,5.09583333333333,14.2,970210.75,14.2,970210.75,8.95,5.69916666666667,5.09583333333333,0.625,5.175,598234,14,73447,1.75813814841738,-0.992887968247044,3452.57080245527,NA,13.301737260741
"158",2016,"Wellington City","Wellington Urban",0.315289491888004,0.849963594263621,1.28238398106712,5.69916666666667,5.09583333333333,14.2,970210.75,14.2,970210.75,8.95,5.69916666666667,5.09583333333333,0.625,5.175,598234,14,73447,1.75813814841738,-0.992887968247044,3452.57080245527,NA,13.301737260741
"159",2016,"West Coast","Other",1.02065812155237,1.96781630231158,1.82561606946699,5.69916666666667,5.09583333333333,14.2,970210.75,14.2,970210.75,8.95,5.69916666666667,5.09583333333333,0.625,5.175,655266.333333333,11.1,69240.6666666667,0.706032737580119,-0.988430605249421,3911.18275756668,NA,13.3927970477477
"160",2016,"Western Bay of Plenty District","Other",0.115710872638646,0.53445112887472,0.512566929479414,5.69916666666667,5.09583333333333,14.2,970210.75,14.2,970210.75,8.95,5.69916666666667,5.09583333333333,0.625,5.175,655266.333333333,11.1,69240.6666666667,0.706032737580119,-0.988430605249421,3911.18275756668,NA,13.3927970477477
"161",2016,"Westland District","Other",0.997041467369566,1.93063032466153,0.596196079930447,5.69916666666667,5.09583333333333,14.2,970210.75,14.2,970210.75,8.95,5.69916666666667,5.09583333333333,0.625,5.175,655266.333333333,11.1,69240.6666666667,0.706032737580119,-0.988430605249421,3911.18275756668,NA,13.3927970477477
"162",2016,"Whakatane District","Other",0.415660272164912,1.00958724504967,0.330774787615773,5.69916666666667,5.09583333333333,14.2,970210.75,14.2,970210.75,8.95,5.69916666666667,5.09583333333333,0.625,5.175,655266.333333333,11.1,69240.6666666667,0.706032737580119,-0.988430605249421,3911.18275756668,NA,13.3927970477477
"163",2016,"Whanganui District","Other",0.839865477221147,1.68250729475198,0.779179520233559,5.69916666666667,5.09583333333333,14.2,970210.75,14.2,970210.75,8.95,5.69916666666667,5.09583333333333,0.625,5.175,655266.333333333,11.1,69240.6666666667,0.706032737580119,-0.988430605249421,3911.18275756668,NA,13.3927970477477
"164",2016,"Whangarei District","Other",0.157576759599067,0.600379106717177,0.445854216868903,5.69916666666667,5.09583333333333,14.2,970210.75,14.2,970210.75,8.95,5.69916666666667,5.09583333333333,0.625,5.175,655266.333333333,11.1,69240.6666666667,0.706032737580119,-0.988430605249421,3911.18275756668,NA,13.3927970477477
"165",2017,"Ashburton District","Canterbury Rural",0.492682769329277,1.05229428488357,0.703651199170946,5.72,5.08166666666667,6.625,1048186,6.625,1048186,8.425,5.72,5.08166666666667,1.85,4.75,474972,0.6,2788,-0.533948639478082,-1.69242106181189,179.865753424658,NA,13.0710111339109
"166",2017,"Auckland","Auckland Urban",-0.663862357952361,-0.759263648147084,0.45181070906627,5.72,5.08166666666667,6.625,1048186,6.625,1048186,8.425,5.72,5.08166666666667,1.85,4.75,987902,10.3,92521,0.518156771359179,-0.0507606490158055,3489.84246575342,NA,13.8033387815269
"167",2017,"Bay of Plenty","Other",-0.185669839262336,-0.00986064878024312,-0.141455913791482,5.72,5.08166666666667,6.625,1048186,6.625,1048186,8.425,5.72,5.08166666666667,1.85,4.75,721158,9.33333333333333,65891.6666666667,0.192505096576217,-0.873471429186856,1840.57305936073,NA,13.4886135323426
"168",2017,"Buller District","Other",0.717398812159572,1.40499272792253,1.93045033214065,5.72,5.08166666666667,6.625,1048186,6.625,1048186,8.425,5.72,5.08166666666667,1.85,4.75,721158,9.33333333333333,65891.6666666667,0.192505096576217,-0.873471429186856,1840.57305936073,NA,13.4886135323426
"169",2017,"Canterbury","Canterbury Rural",0.486331320666478,1.04238884978902,1.16968714869294,5.72,5.08166666666667,6.625,1048186,6.625,1048186,8.425,5.72,5.08166666666667,1.85,4.75,474972,0.6,2788,-0.533948639478082,-1.69242106181189,179.865753424658,NA,13.0710111339109
"170",2017,"Carterton District","Wellington Rural",-0.13315856651497,0.0727928997956454,-0.394725962023526,5.72,5.08166666666667,6.625,1048186,6.625,1048186,8.425,5.72,5.08166666666667,1.85,4.75,700600,17.1,102366,0.593307157847555,-0.877232576732875,1852.01095890411,NA,13.4596923897455
"171",2017,"Central Hawkes Bay District","Other",0.17162151227596,0.551339083790029,-0.673489796860301,5.72,5.08166666666667,6.625,1048186,6.625,1048186,8.425,5.72,5.08166666666667,1.85,4.75,721158,9.33333333333333,65891.6666666667,0.192505096576217,-0.873471429186856,1840.57305936073,NA,13.4886135323426
"172",2017,"Central Otago District","Other",-0.0834204614936146,0.15008777036956,-0.488838538741924,5.72,5.08166666666667,6.625,1048186,6.625,1048186,8.425,5.72,5.08166666666667,1.85,4.75,721158,9.33333333333333,65891.6666666667,0.192505096576217,-0.873471429186856,1840.57305936073,NA,13.4886135323426
"173",2017,"Christchurch City","Canterbury Urban",0.416644299422528,0.93326667956702,1.03173478940192,5.72,5.08166666666667,6.625,1048186,6.625,1048186,8.425,5.72,5.08166666666667,1.85,4.75,474972,0.6,2788,-0.533948639478082,-1.69242106181189,179.865753424658,NA,13.0710111339109
"174",2017,"Clutha District","Other",0.30750673085049,0.763737593686417,0.136354882293714,5.72,5.08166666666667,6.625,1048186,6.625,1048186,8.425,5.72,5.08166666666667,1.85,4.75,721158,9.33333333333333,65891.6666666667,0.192505096576217,-0.873471429186856,1840.57305936073,NA,13.4886135323426
"175",2017,"Dunedin City","Other",0.0954041283223729,0.431012405018452,1.70315058988912,5.72,5.08166666666667,6.625,1048186,6.625,1048186,8.425,5.72,5.08166666666667,1.85,4.75,721158,9.33333333333333,65891.6666666667,0.192505096576217,-0.873471429186856,1840.57305936073,NA,13.4886135323426
"176",2017,"Far North District","Other",0.403225745909573,0.912643888468518,0.569034475510451,5.72,5.08166666666667,6.625,1048186,6.625,1048186,8.425,5.72,5.08166666666667,1.85,4.75,721158,9.33333333333333,65891.6666666667,0.192505096576217,-0.873471429186856,1840.57305936073,NA,13.4886135323426
"177",2017,"Gisborne","Other",0.350356645068528,0.829665571528874,0.556644971739929,5.72,5.08166666666667,6.625,1048186,6.625,1048186,8.425,5.72,5.08166666666667,1.85,4.75,721158,9.33333333333333,65891.6666666667,0.192505096576217,-0.873471429186856,1840.57305936073,NA,13.4886135323426
"178",2017,"Gisborne District","Other",0.350356645068528,0.829665571528874,0.556644971739929,5.72,5.08166666666667,6.625,1048186,6.625,1048186,8.425,5.72,5.08166666666667,1.85,4.75,721158,9.33333333333333,65891.6666666667,0.192505096576217,-0.873471429186856,1840.57305936073,NA,13.4886135323426
"179",2017,"Gore District","Other",0.714536187410141,1.39995881828431,0.0534405109063667,5.72,5.08166666666667,6.625,1048186,6.625,1048186,8.425,5.72,5.08166666666667,1.85,4.75,721158,9.33333333333333,65891.6666666667,0.192505096576217,-0.873471429186856,1840.57305936073,NA,13.4886135323426
"180",2017,"Grey District","Other",1.07263265215921,1.96067139830895,1.14800551709452,5.72,5.08166666666667,6.625,1048186,6.625,1048186,8.425,5.72,5.08166666666667,1.85,4.75,721158,9.33333333333333,65891.6666666667,0.192505096576217,-0.873471429186856,1840.57305936073,NA,13.4886135323426
"181",2017,"Hamilton City","Other",-0.480788559523938,-0.472006030404952,0.134448804790557,5.72,5.08166666666667,6.625,1048186,6.625,1048186,8.425,5.72,5.08166666666667,1.85,4.75,721158,9.33333333333333,65891.6666666667,0.192505096576217,-0.873471429186856,1840.57305936073,NA,13.4886135323426
"182",2017,"Hastings District","Other",-0.0762638996200383,0.162428968192286,0.370564155494184,5.72,5.08166666666667,6.625,1048186,6.625,1048186,8.425,5.72,5.08166666666667,1.85,4.75,721158,9.33333333333333,65891.6666666667,0.192505096576217,-0.873471429186856,1840.57305936073,NA,13.4886135323426
"183",2017,"Hauraki District","Other",-0.174308797288033,0.0068649219531887,0.0136511430279549,5.72,5.08166666666667,6.625,1048186,6.625,1048186,8.425,5.72,5.08166666666667,1.85,4.75,721158,9.33333333333333,65891.6666666667,0.192505096576217,-0.873471429186856,1840.57305936073,NA,13.4886135323426
"184",2017,"Hawke's Bay","Other",-0.047100909985215,0.208058923299996,0.2847906678521,5.72,5.08166666666667,6.625,1048186,6.625,1048186,8.425,5.72,5.08166666666667,1.85,4.75,721158,9.33333333333333,65891.6666666667,0.192505096576217,-0.873471429186856,1840.57305936073,NA,13.4886135323426
"185",2017,"Horowhenua District","Other",0.154266849732538,0.523571388688896,0.423457806206803,5.72,5.08166666666667,6.625,1048186,6.625,1048186,8.425,5.72,5.08166666666667,1.85,4.75,721158,9.33333333333333,65891.6666666667,0.192505096576217,-0.873471429186856,1840.57305936073,NA,13.4886135323426
"186",2017,"Hurunui District","Canterbury Rural",0.683762971353764,1.35173071626655,0.768457834278298,5.72,5.08166666666667,6.625,1048186,6.625,1048186,8.425,5.72,5.08166666666667,1.85,4.75,474972,0.6,2788,-0.533948639478082,-1.69242106181189,179.865753424658,NA,13.0710111339109
"187",2017,"Hutt City","Wellington Urban",0.083059059090454,0.410876766465583,0.563077983313085,5.72,5.08166666666667,6.625,1048186,6.625,1048186,8.425,5.72,5.08166666666667,1.85,4.75,700600,17.1,102366,0.593307157847555,-0.877232576732875,1852.01095890411,NA,13.4596923897455
"188",2017,"Invercargill City","Other",0.52166684491726,1.09906092926443,0.55878930893098,5.72,5.08166666666667,6.625,1048186,6.625,1048186,8.425,5.72,5.08166666666667,1.85,4.75,721158,9.33333333333333,65891.6666666667,0.192505096576217,-0.873471429186856,1840.57305936073,NA,13.4886135323426
"189",2017,"Kaikoura District","Other",0.84469615648581,1.60228950890426,0.489217480065735,5.72,5.08166666666667,6.625,1048186,6.625,1048186,8.425,5.72,5.08166666666667,1.85,4.75,721158,9.33333333333333,65891.6666666667,0.192505096576217,-0.873471429186856,1840.57305936073,NA,13.4886135323426
"190",2017,"Kaipara District","Other",-0.320034288438731,-0.221122469403484,0.194251986452122,5.72,5.08166666666667,6.625,1048186,6.625,1048186,8.425,5.72,5.08166666666667,1.85,4.75,721158,9.33333333333333,65891.6666666667,0.192505096576217,-0.873471429186856,1840.57305936073,NA,13.4886135323426
"191",2017,"Kapiti Coast District","Wellington Rural",0.0179343460409097,0.309873805337485,0.497318309454154,5.72,5.08166666666667,6.625,1048186,6.625,1048186,8.425,5.72,5.08166666666667,1.85,4.75,700600,17.1,102366,0.593307157847555,-0.877232576732875,1852.01095890411,NA,13.4596923897455
"192",2017,"Kawerau District","Other",-0.36547845633594,-0.290622899247257,0.0305675808684768,5.72,5.08166666666667,6.625,1048186,6.625,1048186,8.425,5.72,5.08166666666667,1.85,4.75,721158,9.33333333333333,65891.6666666667,0.192505096576217,-0.873471429186856,1840.57305936073,NA,13.4886135323426
"193",2017,"MacKenzie District","Canterbury Rural",-0.530705578592133,-0.548813748433232,1.38078523216763,5.72,5.08166666666667,6.625,1048186,6.625,1048186,8.425,5.72,5.08166666666667,1.85,4.75,474972,0.6,2788,-0.533948639478082,-1.69242106181189,179.865753424658,NA,13.0710111339109
"194",2017,"Manawatu District","Other",0.341321485703139,0.816187684433002,0.296465392558938,5.72,5.08166666666667,6.625,1048186,6.625,1048186,8.425,5.72,5.08166666666667,1.85,4.75,721158,9.33333333333333,65891.6666666667,0.192505096576217,-0.873471429186856,1840.57305936073,NA,13.4886135323426
"195",2017,"Manawatu-Wanganui","Other",0.312247953091734,0.770882497689048,0.358651171099451,5.72,5.08166666666667,6.625,1048186,6.625,1048186,8.425,5.72,5.08166666666667,1.85,4.75,721158,9.33333333333333,65891.6666666667,0.192505096576217,-0.873471429186856,1840.57305936073,NA,13.4886135323426
"196",2017,"Marlborough","Other",0.357423749918685,0.841357232624088,0.278834175654733,5.72,5.08166666666667,6.625,1048186,6.625,1048186,8.425,5.72,5.08166666666667,1.85,4.75,721158,9.33333333333333,65891.6666666667,0.192505096576217,-0.873471429186856,1840.57305936073,NA,13.4886135323426
"197",2017,"Marlborough District","Other",0.357423749918685,0.841357232624088,0.278834175654733,5.72,5.08166666666667,6.625,1048186,6.625,1048186,8.425,5.72,5.08166666666667,1.85,4.75,721158,9.33333333333333,65891.6666666667,0.192505096576217,-0.873471429186856,1840.57305936073,NA,13.4886135323426
"198",2017,"Masterton District","Wellington Rural",0.367264022494853,0.857270882448129,0.0682126115558362,5.72,5.08166666666667,6.625,1048186,6.625,1048186,8.425,5.72,5.08166666666667,1.85,4.75,700600,17.1,102366,0.593307157847555,-0.877232576732875,1852.01095890411,NA,13.4596923897455
"199",2017,"Matamata Piako District","Other",-0.353133387104021,-0.27194871833129,-0.0294738604809832,5.72,5.08166666666667,6.625,1048186,6.625,1048186,8.425,5.72,5.08166666666667,1.85,4.75,721158,9.33333333333333,65891.6666666667,0.192505096576217,-0.873471429186856,1840.57305936073,NA,13.4886135323426
"200",2017,"Napier City","Other",-0.0792159813928884,0.15804459528158,0.352456419214189,5.72,5.08166666666667,6.625,1048186,6.625,1048186,8.425,5.72,5.08166666666667,1.85,4.75,721158,9.33333333333333,65891.6666666667,0.192505096576217,-0.873471429186856,1840.57305936073,NA,13.4886135323426
"201",2017,"Nelson","Other",0.0545222686195683,0.366870653176653,1.06699722321033,5.72,5.08166666666667,6.625,1048186,6.625,1048186,8.425,5.72,5.08166666666667,1.85,4.75,721158,9.33333333333333,65891.6666666667,0.192505096576217,-0.873471429186856,1840.57305936073,NA,13.4886135323426
"202",2017,"Nelson City","Other",0.0545222686195683,0.366870653176653,1.06723548289823,5.72,5.08166666666667,6.625,1048186,6.625,1048186,8.425,5.72,5.08166666666667,1.85,4.75,721158,9.33333333333333,65891.6666666667,0.192505096576217,-0.873471429186856,1840.57305936073,NA,13.4886135323426
"203",2017,"New Plymouth District","Other",0.155250876990155,0.524545693780164,0.87233905820038,5.72,5.08166666666667,6.625,1048186,6.625,1048186,8.425,5.72,5.08166666666667,1.85,4.75,721158,9.33333333333333,65891.6666666667,0.192505096576217,-0.873471429186856,1840.57305936073,NA,13.4886135323426
"204",2017,"New Zealand","Other",-0.313861753822771,-0.210567497581416,0.547114584224141,5.72,5.08166666666667,6.625,1048186,6.625,1048186,8.425,5.72,5.08166666666667,1.85,4.75,721158,9.33333333333333,65891.6666666667,0.192505096576217,-0.873471429186856,1840.57305936073,NA,13.4886135323426
"205",2017,"Northland","Other",0.05407498350247,0.365571579721629,0.24404826122211,5.72,5.08166666666667,6.625,1048186,6.625,1048186,8.425,5.72,5.08166666666667,1.85,4.75,721158,9.33333333333333,65891.6666666667,0.192505096576217,-0.873471429186856,1840.57305936073,NA,13.4886135323426
"206",2017,"Opotiki District","Other",0.321462026503964,0.78436038478492,0.170426017662654,5.72,5.08166666666667,6.625,1048186,6.625,1048186,8.425,5.72,5.08166666666667,1.85,4.75,721158,9.33333333333333,65891.6666666667,0.192505096576217,-0.873471429186856,1840.57305936073,NA,13.4886135323426
"207",2017,"Otago","Other",-0.214385543780061,-0.0538667620691734,0.736531036100412,5.72,5.08166666666667,6.625,1048186,6.625,1048186,8.425,5.72,5.08166666666667,1.85,4.75,721158,9.33333333333333,65891.6666666667,0.192505096576217,-0.873471429186856,1840.57305936073,NA,13.4886135323426
"208",2017,"Otorohanga District","Other",-0.0136439832262455,0.259859477319069,-0.307284656566178,5.72,5.08166666666667,6.625,1048186,6.625,1048186,8.425,5.72,5.08166666666667,1.85,4.75,721158,9.33333333333333,65891.6666666667,0.192505096576217,-0.873471429186856,1840.57305936073,NA,13.4886135323426
"209",2017,"Palmerston North City","Other",0.260631250578566,0.68985279093194,0.411783081499963,5.72,5.08166666666667,6.625,1048186,6.625,1048186,8.425,5.72,5.08166666666667,1.85,4.75,721158,9.33333333333333,65891.6666666667,0.192505096576217,-0.873471429186856,1840.57305936073,NA,13.4886135323426
"210",2017,"Porirua City","Wellington Urban",0.0457554803244375,0.353879918626415,0.564269281752558,5.72,5.08166666666667,6.625,1048186,6.625,1048186,8.425,5.72,5.08166666666667,1.85,4.75,700600,17.1,102366,0.593307157847555,-0.877232576732875,1852.01095890411,NA,13.4596923897455
"211",2017,"Queenstown Lakes District","Other",-0.212149118194568,-0.0519181518866373,-0.236998048637248,5.72,5.08166666666667,6.625,1048186,6.625,1048186,8.425,5.72,5.08166666666667,1.85,4.75,721158,9.33333333333333,65891.6666666667,0.192505096576217,-0.873471429186856,1840.57305936073,NA,13.4886135323426
"212",2017,"Rangitikei District","Other",0.477385618324507,1.02956049942066,-0.230565037064092,5.72,5.08166666666667,6.625,1048186,6.625,1048186,8.425,5.72,5.08166666666667,1.85,4.75,721158,9.33333333333333,65891.6666666667,0.192505096576217,-0.873471429186856,1840.57305936073,NA,13.4886135323426
"213",2017,"Rotorua District","Other",-0.158295990095906,0.0333335435992978,-0.627982196472416,5.72,5.08166666666667,6.625,1048186,6.625,1048186,8.425,5.72,5.08166666666667,1.85,4.75,721158,9.33333333333333,65891.6666666667,0.192505096576217,-0.873471429186856,1840.57305936073,NA,13.4886135323426
"214",2017,"Ruapehu District","Other",0.895149917694523,1.68364398402513,0.353885977341557,5.72,5.08166666666667,6.625,1048186,6.625,1048186,8.425,5.72,5.08166666666667,1.85,4.75,721158,9.33333333333333,65891.6666666667,0.192505096576217,-0.873471429186856,1840.57305936073,NA,13.4886135323426
"215",2017,"Selwyn District","Canterbury Rural",0.536427253781512,1.1206580254542,1.88661054956803,5.72,5.08166666666667,6.625,1048186,6.625,1048186,8.425,5.72,5.08166666666667,1.85,4.75,474972,0.6,2788,-0.533948639478082,-1.69242106181189,179.865753424658,NA,13.0710111339109
"216",2017,"South Taranaki District","Other",0.637424233222357,1.280606444604,0.645039315948854,5.72,5.08166666666667,6.625,1048186,6.625,1048186,8.425,5.72,5.08166666666667,1.85,4.75,721158,9.33333333333333,65891.6666666667,0.192505096576217,-0.873471429186856,1840.57305936073,NA,13.4886135323426
"217",2017,"South Waikato District","Other",-0.344008770715211,-0.256197452689126,-0.938196310111289,5.72,5.08166666666667,6.625,1048186,6.625,1048186,8.425,5.72,5.08166666666667,1.85,4.75,721158,9.33333333333333,65891.6666666667,0.192505096576217,-0.873471429186856,1840.57305936073,NA,13.4886135323426
"218",2017,"South Wairarapa District","Wellington Rural",0.345257594733605,0.823494972617511,0.331727826367351,5.72,5.08166666666667,6.625,1048186,6.625,1048186,8.425,5.72,5.08166666666667,1.85,4.75,700600,17.1,102366,0.593307157847555,-0.877232576732875,1852.01095890411,NA,13.4596923897455
"219",2017,"Southland","Other",0.592427350442246,1.20996932548708,0.616686413089388,5.72,5.08166666666667,6.625,1048186,6.625,1048186,8.425,5.72,5.08166666666667,1.85,4.75,721158,9.33333333333333,65891.6666666667,0.192505096576217,-0.873471429186856,1840.57305936073,NA,13.4886135323426
"220",2017,"Southland District","Other",0.620516855796033,1.25478735968541,0.95024997614194,5.72,5.08166666666667,6.625,1048186,6.625,1048186,8.425,5.72,5.08166666666667,1.85,4.75,721158,9.33333333333333,65891.6666666667,0.192505096576217,-0.873471429186856,1840.57305936073,NA,13.4886135323426
"221",2017,"Stratford District","Other",0.326113791721789,0.791992441333184,-0.00922178700993395,5.72,5.08166666666667,6.625,1048186,6.625,1048186,8.425,5.72,5.08166666666667,1.85,4.75,721158,9.33333333333333,65891.6666666667,0.192505096576217,-0.873471429186856,1840.57305936073,NA,13.4886135323426
"222",2017,"Taranaki","Other",0.185397893882595,0.571799490706654,0.754877032068302,5.72,5.08166666666667,6.625,1048186,6.625,1048186,8.425,5.72,5.08166666666667,1.85,4.75,721158,9.33333333333333,65891.6666666667,0.192505096576217,-0.873471429186856,1840.57305936073,NA,13.4886135323426
"223",2017,"Tararua District","Other",0.587596671177582,1.2024996531207,0.71556418356568,5.72,5.08166666666667,6.625,1048186,6.625,1048186,8.425,5.72,5.08166666666667,1.85,4.75,721158,9.33333333333333,65891.6666666667,0.192505096576217,-0.873471429186856,1840.57305936073,NA,13.4886135323426
"224",2017,"Tasman","Other",0.211966629838247,0.613207457085537,1.08319888198717,5.72,5.08166666666667,6.625,1048186,6.625,1048186,8.425,5.72,5.08166666666667,1.85,4.75,721158,9.33333333333333,65891.6666666667,0.192505096576217,-0.873471429186856,1840.57305936073,NA,13.4886135323426
"225",2017,"Tasman District","Other",0.211966629838247,0.613207457085537,1.08415192073875,5.72,5.08166666666667,6.625,1048186,6.625,1048186,8.425,5.72,5.08166666666667,1.85,4.75,721158,9.33333333333333,65891.6666666667,0.192505096576217,-0.873471429186856,1840.57305936073,NA,13.4886135323426
"226",2017,"Taupo District","Other",0.348388590553295,0.82674265625507,0.19472850582791,5.72,5.08166666666667,6.625,1048186,6.625,1048186,8.425,5.72,5.08166666666667,1.85,4.75,721158,9.33333333333333,65891.6666666667,0.192505096576217,-0.873471429186856,1840.57305936073,NA,13.4886135323426
"227",2017,"Tauranga City","Other",-0.193005315182752,-0.0215523098754565,-0.0316181976720345,5.72,5.08166666666667,6.625,1048186,6.625,1048186,8.425,5.72,5.08166666666667,1.85,4.75,721158,9.33333333333333,65891.6666666667,0.192505096576217,-0.873471429186856,1840.57305936073,NA,13.4886135323426
"228",2017,"Thames Coromandel District","Other",0.0986245811654823,0.434909625383523,-0.00064443824572644,5.72,5.08166666666667,6.625,1048186,6.625,1048186,8.425,5.72,5.08166666666667,1.85,4.75,721158,9.33333333333333,65891.6666666667,0.192505096576217,-0.873471429186856,1840.57305936073,NA,13.4886135323426
"229",2017,"Timaru District","Canterbury Rural",0.129934539362379,0.484274416674427,0.313858349775251,5.72,5.08166666666667,6.625,1048186,6.625,1048186,8.425,5.72,5.08166666666667,1.85,4.75,474972,0.6,2788,-0.533948639478082,-1.69242106181189,179.865753424658,NA,13.0710111339109
"230",2017,"Upper Hutt City","Wellington Urban",0.19881644739555,0.592747050168912,0.468488887218898,5.72,5.08166666666667,6.625,1048186,6.625,1048186,8.425,5.72,5.08166666666667,1.85,4.75,700600,17.1,102366,0.593307157847555,-0.877232576732875,1852.01095890411,NA,13.4596923897455
"231",2017,"Waikato","Other",-0.233797717862136,-0.0848821408078659,0.232373536515271,5.72,5.08166666666667,6.625,1048186,6.625,1048186,8.425,5.72,5.08166666666667,1.85,4.75,721158,9.33333333333333,65891.6666666667,0.192505096576217,-0.873471429186856,1840.57305936073,NA,13.4886135323426
"232",2017,"Waikato District","Other",-0.46218149865264,-0.442776877666916,0.340066915443666,5.72,5.08166666666667,6.625,1048186,6.625,1048186,8.425,5.72,5.08166666666667,1.85,4.75,721158,9.33333333333333,65891.6666666667,0.192505096576217,-0.873471429186856,1840.57305936073,NA,13.4886135323426
"233",2017,"Waimakariri District","Canterbury Rural",0.622574367334686,1.25624881732231,1.51706977364338,5.72,5.08166666666667,6.625,1048186,6.625,1048186,8.425,5.72,5.08166666666667,1.85,4.75,474972,0.6,2788,-0.533948639478082,-1.69242106181189,179.865753424658,NA,13.0710111339109
"234",2017,"Waimate District","Canterbury Rural",0.22010721896944,0.625873423272018,-0.504325418455079,5.72,5.08166666666667,6.625,1048186,6.625,1048186,8.425,5.72,5.08166666666667,1.85,4.75,474972,0.6,2788,-0.533948639478082,-1.69242106181189,179.865753424658,NA,13.0710111339109
"235",2017,"Waipa District","Other",-0.437133532095123,-0.403479905652447,0.289317601922099,5.72,5.08166666666667,6.625,1048186,6.625,1048186,8.425,5.72,5.08166666666667,1.85,4.75,721158,9.33333333333333,65891.6666666667,0.192505096576217,-0.873471429186856,1840.57305936073,NA,13.4886135323426
"236",2017,"Wairoa District","Other",1.23803868846225,2.2212980102231,-0.81191867552711,5.72,5.08166666666667,6.625,1048186,6.625,1048186,8.425,5.72,5.08166666666667,1.85,4.75,721158,9.33333333333333,65891.6666666667,0.192505096576217,-0.873471429186856,1840.57305936073,NA,13.4886135323426
"237",2017,"Waitaki District","Other",0.309743156435983,0.766822893142099,0.515426045734149,5.72,5.08166666666667,6.625,1048186,6.625,1048186,8.425,5.72,5.08166666666667,1.85,4.75,721158,9.33333333333333,65891.6666666667,0.192505096576217,-0.873471429186856,1840.57305936073,NA,13.4886135323426
"238",2017,"Waitomo District","Other",0.0105094130970746,0.297857375878515,0.416071755882068,5.72,5.08166666666667,6.625,1048186,6.625,1048186,8.425,5.72,5.08166666666667,1.85,4.75,721158,9.33333333333333,65891.6666666667,0.192505096576217,-0.873471429186856,1840.57305936073,NA,13.4886135323426
"239",2017,"Wellington","Wellington Rural",0.114190103240511,0.460403941938365,0.775605624915139,5.72,5.08166666666667,6.625,1048186,6.625,1048186,8.425,5.72,5.08166666666667,1.85,4.75,700600,17.1,102366,0.593307157847555,-0.877232576732875,1852.01095890411,NA,13.4596923897455
"240",2017,"Wellington City","Wellington Urban",0.0668673378514876,0.386194370820131,0.901883259499319,5.72,5.08166666666667,6.625,1048186,6.625,1048186,8.425,5.72,5.08166666666667,1.85,4.75,700600,17.1,102366,0.593307157847555,-0.877232576732875,1852.01095890411,NA,13.4596923897455
"241",2017,"West Coast","Other",1.01564852824086,1.87152248245794,1.52802971928654,5.72,5.08166666666667,6.625,1048186,6.625,1048186,8.425,5.72,5.08166666666667,1.85,4.75,721158,9.33333333333333,65891.6666666667,0.192505096576217,-0.873471429186856,1840.57305936073,NA,13.4886135323426
"242",2017,"Western Bay of Plenty District","Other",-0.0569411825613825,0.191333352566565,0.236423951209479,5.72,5.08166666666667,6.625,1048186,6.625,1048186,8.425,5.72,5.08166666666667,1.85,4.75,721158,9.33333333333333,65891.6666666667,0.192505096576217,-0.873471429186856,1840.57305936073,NA,13.4886135323426
"243",2017,"Westland District","Other",0.790932485410568,1.5194735761465,0.890208534792479,5.72,5.08166666666667,6.625,1048186,6.625,1048186,8.425,5.72,5.08166666666667,1.85,4.75,721158,9.33333333333333,65891.6666666667,0.192505096576217,-0.873471429186856,1840.57305936073,NA,13.4886135323426
"244",2017,"Whakatane District","Other",0.127161371636368,0.480214812127477,0.0207989336647955,5.72,5.08166666666667,6.625,1048186,6.625,1048186,8.425,5.72,5.08166666666667,1.85,4.75,721158,9.33333333333333,65891.6666666667,0.192505096576217,-0.873471429186856,1840.57305936073,NA,13.4886135323426
"245",2017,"Whanganui District","Other",0.411455792064186,0.925959391382511,-0.0468668176972944,5.72,5.08166666666667,6.625,1048186,6.625,1048186,8.425,5.72,5.08166666666667,1.85,4.75,721158,9.33333333333333,65891.6666666667,0.192505096576217,-0.873471429186856,1840.57305936073,NA,13.4886135323426
"246",2017,"Whangarei District","Other",-0.115267161831029,0.100235826533023,-0.00850700794625052,5.72,5.08166666666667,6.625,1048186,6.625,1048186,8.425,5.72,5.08166666666667,1.85,4.75,721158,9.33333333333333,65891.6666666667,0.192505096576217,-0.873471429186856,1840.57305936073,NA,13.4886135323426
"247",2018,"Ashburton District","Canterbury Rural",0.871622720535141,1.22474628603798,0.896403286677741,5.76416666666667,5.00083333333333,3.6,1098300.75,3.6,1098300.75,8.225,5.76416666666667,5.00083333333333,1.6,4.325,474295,-0.1,-677,-0.75939979894321,-1.52690909411649,2653.44383561644,NA,13.069584769959
"248",2018,"Auckland","Auckland Urban",-0.365210085265681,-0.590708867357749,0.671128751773322,5.76416666666667,5.00083333333333,3.6,1098300.75,3.6,1098300.75,8.225,5.76416666666667,5.00083333333333,1.6,4.325,1001320,1.4,13418,-0.0454711273036399,0.221600270600448,4366.41780821918,NA,13.8168296875302
"249",2018,"Bay of Plenty","Other",0.0538960694556302,0.0252143345053993,-0.158372351632004,5.76416666666667,5.00083333333333,3.6,1098300.75,3.6,1098300.75,8.225,5.76416666666667,5.00083333333333,1.6,4.325,742162,2.83333333333333,21004,-0.083046320547827,-0.634731754171284,3827.41095890411,NA,13.5173228271602
"250",2018,"Buller District","Other",0.969578161179716,1.36731959772684,1.36291575557552,5.76416666666667,5.00083333333333,3.6,1098300.75,3.6,1098300.75,8.225,5.76416666666667,5.00083333333333,1.6,4.325,742162,2.83333333333333,21004,-0.083046320547827,-0.634731754171284,3827.41095890411,NA,13.5173228271602
"251",2018,"Canterbury","Canterbury Rural",0.825731267520833,1.15654492964923,1.33932804647395,5.76416666666667,5.00083333333333,3.6,1098300.75,3.6,1098300.75,8.225,5.76416666666667,5.00083333333333,1.6,4.325,474295,-0.1,-677,-0.75939979894321,-1.52690909411649,2653.44383561644,NA,13.069584769959
"252",2018,"Carterton District","Wellington Rural",-0.131816711163674,-0.243369102320767,-0.627029157720839,5.76416666666667,5.00083333333333,3.6,1098300.75,3.6,1098300.75,8.225,5.76416666666667,5.00083333333333,1.6,4.325,750871,7.2,50271,0.555731964603367,-0.598886438997809,4462.37123287671,NA,13.5289891450199
"253",2018,"Central Hawkes Bay District","Other",-0.0936185621634605,-0.187996096300378,-1.38159758928329,5.76416666666667,5.00083333333333,3.6,1098300.75,3.6,1098300.75,8.225,5.76416666666667,5.00083333333333,1.6,4.325,742162,2.83333333333333,21004,-0.083046320547827,-0.634731754171284,3827.41095890411,NA,13.5173228271602
"254",2018,"Central Otago District","Other",-0.00228294125194343,-0.0567896773429766,-0.464536050576667,5.76416666666667,5.00083333333333,3.6,1098300.75,3.6,1098300.75,8.225,5.76416666666667,5.00083333333333,1.6,4.325,742162,2.83333333333333,21004,-0.083046320547827,-0.634731754171284,3827.41095890411,NA,13.5173228271602
"255",2018,"Christchurch City","Canterbury Urban",0.744593747279162,1.03767970851456,1.15848894336189,5.76416666666667,5.00083333333333,3.6,1098300.75,3.6,1098300.75,8.225,5.76416666666667,5.00083333333333,1.6,4.325,474295,-0.1,-677,-0.75939979894321,-1.52690909411649,2653.44383561644,NA,13.069584769959
"256",2018,"Clutha District","Other",0.448759370830203,0.604601095446005,-0.271545703381976,5.76416666666667,5.00083333333333,3.6,1098300.75,3.6,1098300.75,8.225,5.76416666666667,5.00083333333333,1.6,4.325,742162,2.83333333333333,21004,-0.083046320547827,-0.634731754171284,3827.41095890411,NA,13.5173228271602
"257",2018,"Dunedin City","Other",0.0446819960434012,0.0172575095933785,1.55852695933705,5.76416666666667,5.00083333333333,3.6,1098300.75,3.6,1098300.75,8.225,5.76416666666667,5.00083333333333,1.6,4.325,742162,2.83333333333333,21004,-0.083046320547827,-0.634731754171284,3827.41095890411,NA,13.5173228271602
"258",2018,"Far North District","Other",0.593858662816961,0.820247288979952,0.375091089564183,5.76416666666667,5.00083333333333,3.6,1098300.75,3.6,1098300.75,8.225,5.76416666666667,5.00083333333333,1.6,4.325,742162,2.83333333333333,21004,-0.083046320547827,-0.634731754171284,3827.41095890411,NA,13.5173228271602
"259",2018,"Gisborne","Other",0.531507117493429,0.725577310945094,0.189248533006333,5.76416666666667,5.00083333333333,3.6,1098300.75,3.6,1098300.75,8.225,5.76416666666667,5.00083333333333,1.6,4.325,742162,2.83333333333333,21004,-0.083046320547827,-0.634731754171284,3827.41095890411,NA,13.5173228271602
"260",2018,"Gisborne District","Other",0.531507117493429,0.725577310945094,0.189248533006333,5.76416666666667,5.00083333333333,3.6,1098300.75,3.6,1098300.75,8.225,5.76416666666667,5.00083333333333,1.6,4.325,742162,2.83333333333333,21004,-0.083046320547827,-0.634731754171284,3827.41095890411,NA,13.5173228271602
"261",2018,"Gore District","Other",0.904095620036493,1.27817068187583,0.0565378868489966,5.76416666666667,5.00083333333333,3.6,1098300.75,3.6,1098300.75,8.225,5.76416666666667,5.00083333333333,1.6,4.325,742162,2.83333333333333,21004,-0.083046320547827,-0.634731754171284,3827.41095890411,NA,13.5173228271602
"262",2018,"Grey District","Other",1.46168124701151,2.08538244999123,1.05770509538244,5.76416666666667,5.00083333333333,3.6,1098300.75,3.6,1098300.75,8.225,5.76416666666667,5.00083333333333,1.6,4.325,742162,2.83333333333333,21004,-0.083046320547827,-0.634731754171284,3827.41095890411,NA,13.5173228271602
"263",2018,"Hamilton City","Other",-0.319587003321632,-0.521695590059611,0.0205606739769003,5.76416666666667,5.00083333333333,3.6,1098300.75,3.6,1098300.75,8.225,5.76416666666667,5.00083333333333,1.6,4.325,742162,2.83333333333333,21004,-0.083046320547827,-0.634731754171284,3827.41095890411,NA,13.5173228271602
"264",2018,"Hastings District","Other",-0.02742036483288,-0.0894288979004487,0.271209865642103,5.76416666666667,5.00083333333333,3.6,1098300.75,3.6,1098300.75,8.225,5.76416666666667,5.00083333333333,1.6,4.325,742162,2.83333333333333,21004,-0.083046320547827,-0.634731754171284,3827.41095890411,NA,13.5173228271602
"265",2018,"Hauraki District","Other",-0.0707175641680165,-0.158279791016709,0.0772664796958341,5.76416666666667,5.00083333333333,3.6,1098300.75,3.6,1098300.75,8.225,5.76416666666667,5.00083333333333,1.6,4.325,742162,2.83333333333333,21004,-0.083046320547827,-0.634731754171284,3827.41095890411,NA,13.5173228271602
"266",2018,"Hawke's Bay","Other",-0.0420913166737113,-0.111513146635853,0.0870351268995165,5.76416666666667,5.00083333333333,3.6,1098300.75,3.6,1098300.75,8.225,5.76416666666667,5.00083333333333,1.6,4.325,742162,2.83333333333333,21004,-0.083046320547827,-0.634731754171284,3827.41095890411,NA,13.5173228271602
"267",2018,"Horowhenua District","Other",0.0419982853408099,0.0125483683189175,0.0203224142890051,5.76416666666667,5.00083333333333,3.6,1098300.75,3.6,1098300.75,8.225,5.76416666666667,5.00083333333333,1.6,4.325,742162,2.83333333333333,21004,-0.083046320547827,-0.634731754171284,3827.41095890411,NA,13.5173228271602
"268",2018,"Hurunui District","Canterbury Rural",1.01144404814014,1.42723936083981,0.822781043118286,5.76416666666667,5.00083333333333,3.6,1098300.75,3.6,1098300.75,8.225,5.76416666666667,5.00083333333333,1.6,4.325,474295,-0.1,-677,-0.75939979894321,-1.52690909411649,2653.44383561644,NA,13.069584769959
"269",2018,"Hutt City","Wellington Urban",0.142100694547458,0.157557442735947,0.362939845481554,5.76416666666667,5.00083333333333,3.6,1098300.75,3.6,1098300.75,8.225,5.76416666666667,5.00083333333333,1.6,4.325,750871,7.2,50271,0.555731964603367,-0.598886438997809,4462.37123287671,NA,13.5289891450199
"270",2018,"Invercargill City","Other",0.570599836727839,0.785821842421821,0.349835562647347,5.76416666666667,5.00083333333333,3.6,1098300.75,3.6,1098300.75,8.225,5.76416666666667,5.00083333333333,1.6,4.325,742162,2.83333333333333,21004,-0.083046320547827,-0.634731754171284,3827.41095890411,NA,13.5173228271602
"271",2018,"Kaikoura District","Other",1.3063838543549,1.860805126454,1.84610640262593,5.76416666666667,5.00083333333333,3.6,1098300.75,3.6,1098300.75,8.225,5.76416666666667,5.00083333333333,1.6,4.325,742162,2.83333333333333,21004,-0.083046320547827,-0.634731754171284,3827.41095890411,NA,13.5173228271602
"272",2018,"Kaipara District","Other",-0.182717757489485,-0.321151125440315,0.0415275265116319,5.76416666666667,5.00083333333333,3.6,1098300.75,3.6,1098300.75,8.225,5.76416666666667,5.00083333333333,1.6,4.325,742162,2.83333333333333,21004,-0.083046320547827,-0.634731754171284,3827.41095890411,NA,13.5173228271602
"273",2018,"Kapiti Coast District","Wellington Rural",0.13861187063409,0.150574922915194,0.509707813224677,5.76416666666667,5.00083333333333,3.6,1098300.75,3.6,1098300.75,8.225,5.76416666666667,5.00083333333333,1.6,4.325,750871,7.2,50271,0.555731964603367,-0.598886438997809,4462.37123287671,NA,13.5289891450199
"274",2018,"Kawerau District","Other",-0.469248603502796,-0.733606947410364,-1.17192906393597,5.76416666666667,5.00083333333333,3.6,1098300.75,3.6,1098300.75,8.225,5.76416666666667,5.00083333333333,1.6,4.325,742162,2.83333333333333,21004,-0.083046320547827,-0.634731754171284,3827.41095890411,NA,13.5173228271602
"275",2018,"MacKenzie District","Canterbury Rural",-0.388916196471902,-0.626271003189026,0.855184360671963,5.76416666666667,5.00083333333333,3.6,1098300.75,3.6,1098300.75,8.225,5.76416666666667,5.00083333333333,1.6,4.325,474295,-0.1,-677,-0.75939979894321,-1.52690909411649,2653.44383561644,NA,13.069584769959
"276",2018,"Manawatu District","Other",0.273870890044682,0.352905613535147,0.0720247665621507,5.76416666666667,5.00083333333333,3.6,1098300.75,3.6,1098300.75,8.225,5.76416666666667,5.00083333333333,1.6,4.325,742162,2.83333333333333,21004,-0.083046320547827,-0.634731754171284,3827.41095890411,NA,13.5173228271602
"277",2018,"Manawatu-Wanganui","Other",0.255174372149964,0.32546268679777,0.0960889950395144,5.76416666666667,5.00083333333333,3.6,1098300.75,3.6,1098300.75,8.225,5.76416666666667,5.00083333333333,1.6,4.325,742162,2.83333333333333,21004,-0.083046320547827,-0.634731754171284,3827.41095890411,NA,13.5173228271602
"278",2018,"Marlborough","Other",0.530523090235811,0.725739695126972,0.189963312070017,5.76416666666667,5.00083333333333,3.6,1098300.75,3.6,1098300.75,8.225,5.76416666666667,5.00083333333333,1.6,4.325,742162,2.83333333333333,21004,-0.083046320547827,-0.634731754171284,3827.41095890411,NA,13.5173228271602
"279",2018,"Marlborough District","Other",0.530523090235811,0.725739695126972,0.190201571757911,5.76416666666667,5.00083333333333,3.6,1098300.75,3.6,1098300.75,8.225,5.76416666666667,5.00083333333333,1.6,4.325,742162,2.83333333333333,21004,-0.083046320547827,-0.634731754171284,3827.41095890411,NA,13.5173228271602
"280",2018,"Masterton District","Wellington Rural",0.356618636707907,0.472257987215457,-0.189107851370418,5.76416666666667,5.00083333333333,3.6,1098300.75,3.6,1098300.75,8.225,5.76416666666667,5.00083333333333,1.6,4.325,750871,7.2,50271,0.555731964603367,-0.598886438997809,4462.37123287671,NA,13.5289891450199
"281",2018,"Matamata Piako District","Other",-0.345708454160186,-0.55855679934591,-0.452623066181933,5.76416666666667,5.00083333333333,3.6,1098300.75,3.6,1098300.75,8.225,5.76416666666667,5.00083333333333,1.6,4.325,742162,2.83333333333333,21004,-0.083046320547827,-0.634731754171284,3827.41095890411,NA,13.5173228271602
"282",2018,"Napier City","Other",-0.0899508242032528,-0.183286955025917,0.114434991007404,5.76416666666667,5.00083333333333,3.6,1098300.75,3.6,1098300.75,8.225,5.76416666666667,5.00083333333333,1.6,4.325,742162,2.83333333333333,21004,-0.083046320547827,-0.634731754171284,3827.41095890411,NA,13.5173228271602
"283",2018,"Nelson","Other",0.160976126489016,0.184350832745813,0.975028983682986,5.76416666666667,5.00083333333333,3.6,1098300.75,3.6,1098300.75,8.225,5.76416666666667,5.00083333333333,1.6,4.325,742162,2.83333333333333,21004,-0.083046320547827,-0.634731754171284,3827.41095890411,NA,13.5173228271602
"284",2018,"Nelson City","Other",0.160976126489016,0.184350832745813,0.976458541810353,5.76416666666667,5.00083333333333,3.6,1098300.75,3.6,1098300.75,8.225,5.76416666666667,5.00083333333333,1.6,4.325,742162,2.83333333333333,21004,-0.083046320547827,-0.634731754171284,3827.41095890411,NA,13.5173228271602
"285",2018,"New Plymouth District","Other",0.346778364131741,0.454233343027002,0.892352871983533,5.76416666666667,5.00083333333333,3.6,1098300.75,3.6,1098300.75,8.225,5.76416666666667,5.00083333333333,1.6,4.325,742162,2.83333333333333,21004,-0.083046320547827,-0.634731754171284,3827.41095890411,NA,13.5173228271602
"286",2018,"New Zealand","Other",-0.0925450778824242,-0.18945755393728,0.59429000242729,5.76416666666667,5.00083333333333,3.6,1098300.75,3.6,1098300.75,8.225,5.76416666666667,5.00083333333333,1.6,4.325,742162,2.83333333333333,21004,-0.083046320547827,-0.634731754171284,3827.41095890411,NA,13.5173228271602
"287",2018,"Northland","Other",0.194701424318244,0.233715624036716,0.0713099874984673,5.76416666666667,5.00083333333333,3.6,1098300.75,3.6,1098300.75,8.225,5.76416666666667,5.00083333333333,1.6,4.325,742162,2.83333333333333,21004,-0.083046320547827,-0.634731754171284,3827.41095890411,NA,13.5173228271602
"288",2018,"Opotiki District","Other",0.698433923194595,0.97889663467473,-0.413071957991416,5.76416666666667,5.00083333333333,3.6,1098300.75,3.6,1098300.75,8.225,5.76416666666667,5.00083333333333,1.6,4.325,742162,2.83333333333333,21004,-0.083046320547827,-0.634731754171284,3827.41095890411,NA,13.5173228271602
"289",2018,"Otago","Other",-0.215816856154776,-0.36645631218427,0.765836977711457,5.76416666666667,5.00083333333333,3.6,1098300.75,3.6,1098300.75,8.225,5.76416666666667,5.00083333333333,1.6,4.325,742162,2.83333333333333,21004,-0.083046320547827,-0.634731754171284,3827.41095890411,NA,13.5173228271602
"290",2018,"Otorohanga District","Other",0.233436315458976,0.30061790697044,-0.306093358126706,5.76416666666667,5.00083333333333,3.6,1098300.75,3.6,1098300.75,8.225,5.76416666666667,5.00083333333333,1.6,4.325,742162,2.83333333333333,21004,-0.083046320547827,-0.634731754171284,3827.41095890411,NA,13.5173228271602
"291",2018,"Palmerston North City","Other",0.261078535695664,0.333581895891669,0.329821748864194,5.76416666666667,5.00083333333333,3.6,1098300.75,3.6,1098300.75,8.225,5.76416666666667,5.00083333333333,1.6,4.325,742162,2.83333333333333,21004,-0.083046320547827,-0.634731754171284,3827.41095890411,NA,13.5173228271602
"292",2018,"Porirua City","Wellington Urban",0.122241235348284,0.127029216542888,0.350312082023136,5.76416666666667,5.00083333333333,3.6,1098300.75,3.6,1098300.75,8.225,5.76416666666667,5.00083333333333,1.6,4.325,750871,7.2,50271,0.555731964603367,-0.598886438997809,4462.37123287671,NA,13.5289891450199
"293",2018,"Queenstown Lakes District","Other",-0.0619507758728857,-0.143665214647692,-0.225323323930409,5.76416666666667,5.00083333333333,3.6,1098300.75,3.6,1098300.75,8.225,5.76416666666667,5.00083333333333,1.6,4.325,742162,2.83333333333333,21004,-0.083046320547827,-0.634731754171284,3827.41095890411,NA,13.5173228271602
"294",2018,"Rangitikei District","Other",0.405462171495066,0.544843716514911,-0.389007729514053,5.76416666666667,5.00083333333333,3.6,1098300.75,3.6,1098300.75,8.225,5.76416666666667,5.00083333333333,1.6,4.325,742162,2.83333333333333,21004,-0.083046320547827,-0.634731754171284,3827.41095890411,NA,13.5173228271602
"295",2018,"Rotorua District","Other",0.0398513167787369,0.0068649219531887,-0.869339260309727,5.76416666666667,5.00083333333333,3.6,1098300.75,3.6,1098300.75,8.225,5.76416666666667,5.00083333333333,1.6,4.325,742162,2.83333333333333,21004,-0.083046320547827,-0.634731754171284,3827.41095890411,NA,13.5173228271602
"296",2018,"Ruapehu District","Other",0.730012252461751,1.02144129032676,-0.0151782792073019,5.76416666666667,5.00083333333333,3.6,1098300.75,3.6,1098300.75,8.225,5.76416666666667,5.00083333333333,1.6,4.325,742162,2.83333333333333,21004,-0.083046320547827,-0.634731754171284,3827.41095890411,NA,13.5173228271602
"297",2018,"Selwyn District","Canterbury Rural",0.895865573881881,1.25982126932362,2.33096486749161,5.76416666666667,5.00083333333333,3.6,1098300.75,3.6,1098300.75,8.225,5.76416666666667,5.00083333333333,1.6,4.325,474295,-0.1,-677,-0.75939979894321,-1.52690909411649,2653.44383561644,NA,13.069584769959
"298",2018,"South Taranaki District","Other",0.631430612653237,0.874483605727194,0.135163583854242,5.76416666666667,5.00083333333333,3.6,1098300.75,3.6,1098300.75,8.225,5.76416666666667,5.00083333333333,1.6,4.325,742162,2.83333333333333,21004,-0.083046320547827,-0.634731754171284,3827.41095890411,NA,13.5173228271602
"299",2018,"South Waikato District","Other",-0.324596596633136,-0.519584595695197,-1.33942562452593,5.76416666666667,5.00083333333333,3.6,1098300.75,3.6,1098300.75,8.225,5.76416666666667,5.00083333333333,1.6,4.325,742162,2.83333333333333,21004,-0.083046320547827,-0.634731754171284,3827.41095890411,NA,13.5173228271602
"300",2018,"South Wairarapa District","Wellington Rural",0.288631298908933,0.372229331178626,0.443709879677851,5.76416666666667,5.00083333333333,3.6,1098300.75,3.6,1098300.75,8.225,5.76416666666667,5.00083333333333,1.6,4.325,750871,7.2,50271,0.555731964603367,-0.598886438997809,4462.37123287671,NA,13.5289891450199
"301",2018,"Southland","Other",0.638676631550233,0.887149571913676,0.400108356793124,5.76416666666667,5.00083333333333,3.6,1098300.75,3.6,1098300.75,8.225,5.76416666666667,5.00083333333333,1.6,4.325,742162,2.83333333333333,21004,-0.083046320547827,-0.634731754171284,3827.41095890411,NA,13.5173228271602
"302",2018,"Southland District","Other",0.623290023522044,0.864253402268882,0.57094055301361,5.76416666666667,5.00083333333333,3.6,1098300.75,3.6,1098300.75,8.225,5.76416666666667,5.00083333333333,1.6,4.325,742162,2.83333333333333,21004,-0.083046320547827,-0.634731754171284,3827.41095890411,NA,13.5173228271602
"303",2018,"Stratford District","Other",0.4074302260103,0.544518948151154,0.0937063981605668,5.76416666666667,5.00083333333333,3.6,1098300.75,3.6,1098300.75,8.225,5.76416666666667,5.00083333333333,1.6,4.325,742162,2.83333333333333,21004,-0.083046320547827,-0.634731754171284,3827.41095890411,NA,13.5173228271602
"304",2018,"Taranaki","Other",0.342484427007594,0.448387512479395,0.688164319457792,5.76416666666667,5.00083333333333,3.6,1098300.75,3.6,1098300.75,8.225,5.76416666666667,5.00083333333333,1.6,4.325,742162,2.83333333333333,21004,-0.083046320547827,-0.634731754171284,3827.41095890411,NA,13.5173228271602
"305",2018,"Tararua District","Other",0.447596429525746,0.607686394901685,0.207594528974224,5.76416666666667,5.00083333333333,3.6,1098300.75,3.6,1098300.75,8.225,5.76416666666667,5.00083333333333,1.6,4.325,742162,2.83333333333333,21004,-0.083046320547827,-0.634731754171284,3827.41095890411,NA,13.5173228271602
"306",2018,"Tasman","Other",0.376657009953921,0.500025682316591,1.14633769927926,5.76416666666667,5.00083333333333,3.6,1098300.75,3.6,1098300.75,8.225,5.76416666666667,5.00083333333333,1.6,4.325,742162,2.83333333333333,21004,-0.083046320547827,-0.634731754171284,3827.41095890411,NA,13.5173228271602
"307",2018,"Tasman District","Other",0.376657009953921,0.500025682316591,1.144669881464,5.76416666666667,5.00083333333333,3.6,1098300.75,3.6,1098300.75,8.225,5.76416666666667,5.00083333333333,1.6,4.325,742162,2.83333333333333,21004,-0.083046320547827,-0.634731754171284,3827.41095890411,NA,13.5173228271602
"308",2018,"Taupo District","Other",0.415123530024394,0.55929590870205,-0.0861796661999159,5.76416666666667,5.00083333333333,3.6,1098300.75,3.6,1098300.75,8.225,5.76416666666667,5.00083333333333,1.6,4.325,742162,2.83333333333333,21004,-0.083046320547827,-0.634731754171284,3827.41095890411,NA,13.5173228271602
"309",2018,"Tauranga City","Other",0.0985351241420624,0.0909799281659784,0.0410510071358426,5.76416666666667,5.00083333333333,3.6,1098300.75,3.6,1098300.75,8.225,5.76416666666667,5.00083333333333,1.6,4.325,742162,2.83333333333333,21004,-0.083046320547827,-0.634731754171284,3827.41095890411,NA,13.5173228271602
"310",2018,"Thames Coromandel District","Other",0.330049900752255,0.431499557564086,-0.0251851860988784,5.76416666666667,5.00083333333333,3.6,1098300.75,3.6,1098300.75,8.225,5.76416666666667,5.00083333333333,1.6,4.325,742162,2.83333333333333,21004,-0.083046320547827,-0.634731754171284,3827.41095890411,NA,13.5173228271602
"311",2018,"Timaru District","Canterbury Rural",0.421474978687193,0.564816970885901,0.483499247556262,5.76416666666667,5.00083333333333,3.6,1098300.75,3.6,1098300.75,8.225,5.76416666666667,5.00083333333333,1.6,4.325,474295,-0.1,-677,-0.75939979894321,-1.52690909411649,2653.44383561644,NA,13.069584769959
"312",2018,"Upper Hutt City","Wellington Urban",0.22610083953856,0.281294189326962,0.118485405701614,5.76416666666667,5.00083333333333,3.6,1098300.75,3.6,1098300.75,8.225,5.76416666666667,5.00083333333333,1.6,4.325,750871,7.2,50271,0.555731964603367,-0.598886438997809,4462.37123287671,NA,13.5289891450199
"313",2018,"Waikato","Other",-0.101401323200975,-0.200824446668738,0.0975185531668812,5.76416666666667,5.00083333333333,3.6,1098300.75,3.6,1098300.75,8.225,5.76416666666667,5.00083333333333,1.6,4.325,742162,2.83333333333333,21004,-0.083046320547827,-0.634731754171284,3827.41095890411,NA,13.5173228271602
"314",2018,"Waikato District","Other",-0.265554961176131,-0.444238335303818,0.447045515308376,5.76416666666667,5.00083333333333,3.6,1098300.75,3.6,1098300.75,8.225,5.76416666666667,5.00083333333333,1.6,4.325,742162,2.83333333333333,21004,-0.083046320547827,-0.634731754171284,3827.41095890411,NA,13.5173228271602
"315",2018,"Waimakariri District","Canterbury Rural",0.902485393614939,1.27070100950945,1.53350969210811,5.76416666666667,5.00083333333333,3.6,1098300.75,3.6,1098300.75,8.225,5.76416666666667,5.00083333333333,1.6,4.325,474295,-0.1,-677,-0.75939979894321,-1.52690909411649,2653.44383561644,NA,13.069584769959
"316",2018,"Waimate District","Canterbury Rural",0.445807289057352,0.59615711798835,-0.173382711969368,5.76416666666667,5.00083333333333,3.6,1098300.75,3.6,1098300.75,8.225,5.76416666666667,5.00083333333333,1.6,4.325,474295,-0.1,-677,-0.75939979894321,-1.52690909411649,2653.44383561644,NA,13.069584769959
"317",2018,"Waipa District","Other",-0.34731868058174,-0.562778788074738,0.0624943790463646,5.76416666666667,5.00083333333333,3.6,1098300.75,3.6,1098300.75,8.225,5.76416666666667,5.00083333333333,1.6,4.325,742162,2.83333333333333,21004,-0.083046320547827,-0.634731754171284,3827.41095890411,NA,13.5173228271602
"318",2018,"Wairoa District","Other",0.871354349464882,1.22669489622052,-1.54766459174588,5.76416666666667,5.00083333333333,3.6,1098300.75,3.6,1098300.75,8.225,5.76416666666667,5.00083333333333,1.6,4.325,742162,2.83333333333333,21004,-0.083046320547827,-0.634731754171284,3827.41095890411,NA,13.5173228271602
"319",2018,"Waitaki District","Other",0.389359907279519,0.51918701577819,0.491600076944682,5.76416666666667,5.00083333333333,3.6,1098300.75,3.6,1098300.75,8.225,5.76416666666667,5.00083333333333,1.6,4.325,742162,2.83333333333333,21004,-0.083046320547827,-0.634731754171284,3827.41095890411,NA,13.5173228271602
"320",2018,"Waitomo District","Other",-0.102116979388332,-0.204559282851931,-0.291082997789341,5.76416666666667,5.00083333333333,3.6,1098300.75,3.6,1098300.75,8.225,5.76416666666667,5.00083333333333,1.6,4.325,742162,2.83333333333333,21004,-0.083046320547827,-0.634731754171284,3827.41095890411,NA,13.5173228271602
"321",2018,"Wellington","Wellington Rural",0.176541648564044,0.209033228391264,0.5892865489815,5.76416666666667,5.00083333333333,3.6,1098300.75,3.6,1098300.75,8.225,5.76416666666667,5.00083333333333,1.6,4.325,750871,7.2,50271,0.555731964603367,-0.598886438997809,4462.37123287671,NA,13.5289891450199
"322",2018,"Wellington City","Wellington Urban",0.153014451404662,0.172821555832476,0.763216121144615,5.76416666666667,5.00083333333333,3.6,1098300.75,3.6,1098300.75,8.225,5.76416666666667,5.00083333333333,1.6,4.325,750871,7.2,50271,0.555731964603367,-0.598886438997809,4462.37123287671,NA,13.5289891450199
"323",2018,"West Coast","Other",1.34985996773688,1.92397257320453,1.28476657794607,5.76416666666667,5.00083333333333,3.6,1098300.75,3.6,1098300.75,8.225,5.76416666666667,5.00083333333333,1.6,4.325,742162,2.83333333333333,21004,-0.083046320547827,-0.634731754171284,3827.41095890411,NA,13.5173228271602
"324",2018,"Western Bay of Plenty District","Other",0.291583380681783,0.374015557179283,0.532819002950461,5.76416666666667,5.00083333333333,3.6,1098300.75,3.6,1098300.75,8.225,5.76416666666667,5.00083333333333,1.6,4.325,742162,2.83333333333333,21004,-0.083046320547827,-0.634731754171284,3827.41095890411,NA,13.5173228271602
"325",2018,"Westland District","Other",1.16128456236814,1.64824423237573,0.699124265100947,5.76416666666667,5.00083333333333,3.6,1098300.75,3.6,1098300.75,8.225,5.76416666666667,5.00083333333333,1.6,4.325,742162,2.83333333333333,21004,-0.083046320547827,-0.634731754171284,3827.41095890411,NA,13.5173228271602
"326",2018,"Whakatane District","Other",0.184145495554719,0.219912968577088,-0.0409103254999265,5.76416666666667,5.00083333333333,3.6,1098300.75,3.6,1098300.75,8.225,5.76416666666667,5.00083333333333,1.6,4.325,742162,2.83333333333333,21004,-0.083046320547827,-0.634731754171284,3827.41095890411,NA,13.5173228271602
"327",2018,"Whanganui District","Other",0.295877317805929,0.386031986638254,-0.786186629234484,5.76416666666667,5.00083333333333,3.6,1098300.75,3.6,1098300.75,8.225,5.76416666666667,5.00083333333333,1.6,4.325,742162,2.83333333333333,21004,-0.083046320547827,-0.634731754171284,3827.41095890411,NA,13.5173228271602
"328",2018,"Whangarei District","Other",-0.0457590546339194,-0.119469971547874,-0.173144452281474,5.76416666666667,5.00083333333333,3.6,1098300.75,3.6,1098300.75,8.225,5.76416666666667,5.00083333333333,1.6,4.325,742162,2.83333333333333,21004,-0.083046320547827,-0.634731754171284,3827.41095890411,NA,13.5173228271602
"329",2019,"Ashburton District","Canterbury Rural",1.67924072796823,1.29489625260926,0.824210601245652,5.6325,4.65583333333333,3.125,1150979,3.125,1150979,7.65,5.6325,4.65583333333333,1.65,4.1,480815,1.4,6520,-0.796974992187398,-1.33819347191744,3026.8990006737,-0.378967021028151,13.0832378597198
"330",2019,"Auckland","Auckland Urban",0.334388566388111,-0.382045193644555,0.769172613341983,5.6325,4.65583333333333,3.125,1150979,3.125,1150979,7.65,5.6325,4.65583333333333,1.65,4.1,974156,-2.7,-27164,0.0296792591847357,0.580649210404503,5759.03984205405,0.623367673535039,13.7893267340708
"331",2019,"Bay of Plenty","Other",0.617296402952924,-0.0278852929686979,-0.279408273082501,5.6325,4.65583333333333,3.125,1150979,3.125,1150979,7.65,5.6325,4.65583333333333,1.65,4.1,750767,1.63333333333333,8605,-0.621624090381188,-0.301909383509693,5338.38744167478,-0.116289322543165,13.5288506296118
"332",2019,"Buller District","Other",1.54165582594872,1.12260663563674,0.822066264054601,5.6325,4.65583333333333,3.125,1150979,3.125,1150979,7.65,5.6325,4.65583333333333,1.65,4.1,750767,1.63333333333333,8605,-0.621624090381188,-0.301909383509693,5338.38744167478,-0.116289322543165,13.5288506296118
"333",2019,"Canterbury","Canterbury Rural",1.62476140070563,1.22474628603798,1.41509462722446,5.6325,4.65583333333333,3.125,1150979,3.125,1150979,7.65,5.6325,4.65583333333333,1.65,4.1,480815,1.4,6520,-0.796974992187398,-1.33819347191744,3026.8990006737,-0.378967021028151,13.0832378597198
"334",2019,"Carterton District","Wellington Rural",0.183519296390781,-0.563590708984128,-0.911034705691296,5.6325,4.65583333333333,3.125,1150979,3.125,1150979,7.65,5.6325,4.65583333333333,1.65,4.1,797330,6.2,46459,-1.0975765381409,-0.148183889016147,7229.22348229658,-0.593268620136383,13.5890239247738
"335",2019,"Central Hawkes Bay District","Other",0.400810406277241,-0.303613633797495,-2.14569640836152,5.6325,4.65583333333333,3.125,1150979,3.125,1150979,7.65,5.6325,4.65583333333333,1.65,4.1,750767,1.63333333333333,8605,-0.621624090381188,-0.301909383509693,5338.38744167478,-0.116289322543165,13.5288506296118
"336",2019,"Central Otago District","Other",0.380324747914129,-0.323911656532241,-0.566987716371379,5.6325,4.65583333333333,3.125,1150979,3.125,1150979,7.65,5.6325,4.65583333333333,1.65,4.1,750767,1.63333333333333,8605,-0.621624090381188,-0.301909383509693,5338.38744167478,-0.116289322543165,13.5288506296118
"337",2019,"Christchurch City","Canterbury Urban",1.54129799785504,1.1206580254542,1.2430711325645,5.6325,4.65583333333333,3.125,1150979,3.125,1150979,7.65,5.6325,4.65583333333333,1.65,4.1,480815,1.4,6520,-0.796974992187398,-1.33819347191744,3026.8990006737,-0.378967021028151,13.0832378597198
"338",2019,"Clutha District","Other",0.600031197432921,-0.0280476771505754,-0.914846860697611,5.6325,4.65583333333333,3.125,1150979,3.125,1150979,7.65,5.6325,4.65583333333333,1.65,4.1,750767,1.63333333333333,8605,-0.621624090381188,-0.301909383509693,5338.38744167478,-0.116289322543165,13.5288506296118
"339",2019,"Dunedin City","Other",0.261257449742504,-0.461126290219128,1.12894474206295,5.6325,4.65583333333333,3.125,1150979,3.125,1150979,7.65,5.6325,4.65583333333333,1.65,4.1,750767,1.63333333333333,8605,-0.621624090381188,-0.301909383509693,5338.38744167478,-0.116289322543165,13.5288506296118
"340",2019,"Far North District","Other",1.09624930634202,0.566278428522803,-0.0037418141883564,5.6325,4.65583333333333,3.125,1150979,3.125,1150979,7.65,5.6325,4.65583333333333,1.65,4.1,750767,1.63333333333333,8605,-0.621624090381188,-0.301909383509693,5338.38744167478,-0.116289322543165,13.5288506296118
"341",2019,"Gisborne","Other",0.85104760514861,0.280157500053816,-0.154560196625689,5.6325,4.65583333333333,3.125,1150979,3.125,1150979,7.65,5.6325,4.65583333333333,1.65,4.1,750767,1.63333333333333,8605,-0.621624090381188,-0.301909383509693,5338.38744167478,-0.116289322543165,13.5288506296118
"342",2019,"Gisborne District","Other",0.85104760514861,0.280157500053816,-0.154560196625689,5.6325,4.65583333333333,3.125,1150979,3.125,1150979,7.65,5.6325,4.65583333333333,1.65,4.1,750767,1.63333333333333,8605,-0.621624090381188,-0.301909383509693,5338.38744167478,-0.116289322543165,13.5288506296118
"343",2019,"Gore District","Other",1.42938726155699,0.987502996314263,-0.491935914684555,5.6325,4.65583333333333,3.125,1150979,3.125,1150979,7.65,5.6325,4.65583333333333,1.65,4.1,750767,1.63333333333333,8605,-0.621624090381188,-0.301909383509693,5338.38744167478,-0.116289322543165,13.5288506296118
"344",2019,"Grey District","Other",2.19084544490551,1.93988622302857,0.934763096428784,5.6325,4.65583333333333,3.125,1150979,3.125,1150979,7.65,5.6325,4.65583333333333,1.65,4.1,750767,1.63333333333333,8605,-0.621624090381188,-0.301909383509693,5338.38744167478,-0.116289322543165,13.5288506296118
"345",2019,"Hamilton City","Other",0.213129571142703,-0.530139567517266,-0.0990456893462282,5.6325,4.65583333333333,3.125,1150979,3.125,1150979,7.65,5.6325,4.65583333333333,1.65,4.1,750767,1.63333333333333,8605,-0.621624090381188,-0.301909383509693,5338.38744167478,-0.116289322543165,13.5288506296118
"346",2019,"Hastings District","Other",0.320567456269767,-0.393574470557891,0.049390096212156,5.6325,4.65583333333333,3.125,1150979,3.125,1150979,7.65,5.6325,4.65583333333333,1.65,4.1,750767,1.63333333333333,8605,-0.621624090381188,-0.301909383509693,5338.38744167478,-0.116289322543165,13.5288506296118
"347",2019,"Hauraki District","Other",0.53991607769488,-0.122717655185433,-0.000882697933620565,5.6325,4.65583333333333,3.125,1150979,3.125,1150979,7.65,5.6325,4.65583333333333,1.65,4.1,750767,1.63333333333333,8605,-0.621624090381188,-0.301909383509693,5338.38744167478,-0.116289322543165,13.5288506296118
"348",2019,"Hawke's Bay","Other",0.342663341054433,-0.369379227458073,-0.149318483492006,5.6325,4.65583333333333,3.125,1150979,3.125,1150979,7.65,5.6325,4.65583333333333,1.65,4.1,750767,1.63333333333333,8605,-0.621624090381188,-0.301909383509693,5338.38744167478,-0.116289322543165,13.5288506296118
"349",2019,"Horowhenua District","Other",0.204720610941251,-0.533387251154825,-0.470016023398245,5.6325,4.65583333333333,3.125,1150979,3.125,1150979,7.65,5.6325,4.65583333333333,1.65,4.1,750767,1.63333333333333,8605,-0.621624090381188,-0.301909383509693,5338.38744167478,-0.116289322543165,13.5288506296118
"350",2019,"Hurunui District","Canterbury Rural",1.73166254369217,1.35838846772355,0.861855631933013,5.6325,4.65583333333333,3.125,1150979,3.125,1150979,7.65,5.6325,4.65583333333333,1.65,4.1,480815,1.4,6520,-0.796974992187398,-1.33819347191744,3026.8990006737,-0.378967021028151,13.0832378597198
"351",2019,"Hutt City","Wellington Urban",0.523366528362236,-0.141067067737644,-0.00112095762151575,5.6325,4.65583333333333,3.125,1150979,3.125,1150979,7.65,5.6325,4.65583333333333,1.65,4.1,797330,6.2,46459,-1.0975765381409,-0.148183889016147,7229.22348229658,-0.593268620136383,13.5890239247738
"352",2019,"Invercargill City","Other",0.791200856480828,0.200589250933609,0.00173815863322115,5.6325,4.65583333333333,3.125,1150979,3.125,1150979,7.65,5.6325,4.65583333333333,1.65,4.1,750767,1.63333333333333,8605,-0.621624090381188,-0.301909383509693,5338.38744167478,-0.116289322543165,13.5288506296118
"353",2019,"Kaikoura District","Other",1.90646156745427,1.58491440144332,1.28238398106712,5.6325,4.65583333333333,3.125,1150979,3.125,1150979,7.65,5.6325,4.65583333333333,1.65,4.1,750767,1.63333333333333,8605,-0.621624090381188,-0.301909383509693,5338.38744167478,-0.116289322543165,13.5288506296118
"354",2019,"Kaipara District","Other",0.375583525672885,-0.327646492715434,-0.227705920809356,5.6325,4.65583333333333,3.125,1150979,3.125,1150979,7.65,5.6325,4.65583333333333,1.65,4.1,750767,1.63333333333333,8605,-0.621624090381188,-0.301909383509693,5338.38744167478,-0.116289322543165,13.5288506296118
"355",2019,"Kapiti Coast District","Wellington Rural",0.617564774023183,-0.0244752251492605,0.233564834954743,5.6325,4.65583333333333,3.125,1150979,3.125,1150979,7.65,5.6325,4.65583333333333,1.65,4.1,797330,6.2,46459,-1.0975765381409,-0.148183889016147,7229.22348229658,-0.593268620136383,13.5890239247738
"356",2019,"Kawerau District","Other",-0.500648018723112,-1.41123613838714,-1.01300985211022,5.6325,4.65583333333333,3.125,1150979,3.125,1150979,7.65,5.6325,4.65583333333333,1.65,4.1,750767,1.63333333333333,8605,-0.621624090381188,-0.301909383509693,5338.38744167478,-0.116289322543165,13.5288506296118
"357",2019,"MacKenzie District","Canterbury Rural",0.0106883271439136,-0.773066303606712,-0.167187960084107,5.6325,4.65583333333333,3.125,1150979,3.125,1150979,7.65,5.6325,4.65583333333333,1.65,4.1,480815,1.4,6520,-0.796974992187398,-1.33819347191744,3026.8990006737,-0.378967021028151,13.0832378597198
"358",2019,"Manawatu District","Other",0.34400519640573,-0.35119219908774,-0.266780509624083,5.6325,4.65583333333333,3.125,1150979,3.125,1150979,7.65,5.6325,4.65583333333333,1.65,4.1,750767,1.63333333333333,8605,-0.621624090381188,-0.301909383509693,5338.38744167478,-0.116289322543165,13.5288506296118
"359",2019,"Manawatu-Wanganui","Other",0.446075660127611,-0.230540751952407,-0.151939340058848,5.6325,4.65583333333333,3.125,1150979,3.125,1150979,7.65,5.6325,4.65583333333333,1.65,4.1,750767,1.63333333333333,8605,-0.621624090381188,-0.301909383509693,5338.38744167478,-0.116289322543165,13.5288506296118
"360",2019,"Marlborough","Other",1.10385315333269,0.580568236528064,-0.115962127186751,5.6325,4.65583333333333,3.125,1150979,3.125,1150979,7.65,5.6325,4.65583333333333,1.65,4.1,750767,1.63333333333333,8605,-0.621624090381188,-0.301909383509693,5338.38744167478,-0.116289322543165,13.5288506296118
"361",2019,"Marlborough District","Other",1.10385315333269,0.580568236528064,-0.115962127186751,5.6325,4.65583333333333,3.125,1150979,3.125,1150979,7.65,5.6325,4.65583333333333,1.65,4.1,750767,1.63333333333333,8605,-0.621624090381188,-0.301909383509693,5338.38744167478,-0.116289322543165,13.5288506296118
"362",2019,"Masterton District","Wellington Rural",0.717219898112733,0.104944967807484,-0.499560224697185,5.6325,4.65583333333333,3.125,1150979,3.125,1150979,7.65,5.6325,4.65583333333333,1.65,4.1,797330,6.2,46459,-1.0975765381409,-0.148183889016147,7229.22348229658,-0.593268620136383,13.5890239247738
"363",2019,"Matamata Piako District","Other",0.0996086084230991,-0.674661489388661,-0.495271550315081,5.6325,4.65583333333333,3.125,1150979,3.125,1150979,7.65,5.6325,4.65583333333333,1.65,4.1,750767,1.63333333333333,8605,-0.621624090381188,-0.301909383509693,5338.38744167478,-0.116289322543165,13.5288506296118
"364",2019,"Napier City","Other",0.349283160787492,-0.360285713272907,-0.0711693058625512,5.6325,4.65583333333333,3.125,1150979,3.125,1150979,7.65,5.6325,4.65583333333333,1.65,4.1,750767,1.63333333333333,8605,-0.621624090381188,-0.301909383509693,5338.38744167478,-0.116289322543165,13.5288506296118
"365",2019,"Nelson","Other",0.677948264831483,0.0474609674226816,0.918084918276157,5.6325,4.65583333333333,3.125,1150979,3.125,1150979,7.65,5.6325,4.65583333333333,1.65,4.1,750767,1.63333333333333,8605,-0.621624090381188,-0.301909383509693,5338.38744167478,-0.116289322543165,13.5288506296118
"366",2019,"Nelson City","Other",0.677948264831483,0.0474609674226816,0.919752736091421,5.6325,4.65583333333333,3.125,1150979,3.125,1150979,7.65,5.6325,4.65583333333333,1.65,4.1,750767,1.63333333333333,8605,-0.621624090381188,-0.301909383509693,5338.38744167478,-0.116289322543165,13.5288506296118
"367",2019,"New Plymouth District","Other",0.955533408502823,0.395612653369054,0.742249268609883,5.6325,4.65583333333333,3.125,1150979,3.125,1150979,7.65,5.6325,4.65583333333333,1.65,4.1,750767,1.63333333333333,8605,-0.621624090381188,-0.301909383509693,5338.38744167478,-0.116289322543165,13.5288506296118
"368",2019,"New Zealand","Other",0.523903270502753,-0.143989983011448,0.565698839879927,5.6325,4.65583333333333,3.125,1150979,3.125,1150979,7.65,5.6325,4.65583333333333,1.65,4.1,750767,1.63333333333333,8605,-0.621624090381188,-0.301909383509693,5338.38744167478,-0.116289322543165,13.5288506296118
"369",2019,"Northland","Other",0.75130302403564,0.136285114909932,-0.138120278160957,5.6325,4.65583333333333,3.125,1150979,3.125,1150979,7.65,5.6325,4.65583333333333,1.65,4.1,750767,1.63333333333333,8605,-0.621624090381188,-0.301909383509693,5338.38744167478,-0.116289322543165,13.5288506296118
"370",2019,"Opotiki District","Other",0.998293865697441,0.45195996448071,-0.749256377610809,5.6325,4.65583333333333,3.125,1150979,3.125,1150979,7.65,5.6325,4.65583333333333,1.65,4.1,750767,1.63333333333333,8605,-0.621624090381188,-0.301909383509693,5338.38744167478,-0.116289322543165,13.5288506296118
"371",2019,"Otago","Other",0.119915352739372,-0.64429564737748,0.506133917906256,5.6325,4.65583333333333,3.125,1150979,3.125,1150979,7.65,5.6325,4.65583333333333,1.65,4.1,750767,1.63333333333333,8605,-0.621624090381188,-0.301909383509693,5338.38744167478,-0.116289322543165,13.5288506296118
"372",2019,"Otorohanga District","Other",0.259647223320949,-0.483210538954532,-0.693027091267664,5.6325,4.65583333333333,3.125,1150979,3.125,1150979,7.65,5.6325,4.65583333333333,1.65,4.1,750767,1.63333333333333,8605,-0.621624090381188,-0.301909383509693,5338.38744167478,-0.116289322543165,13.5288506296118
"373",2019,"Palmerston North City","Other",0.595379432215097,-0.0463970897027861,0.257867323120001,5.6325,4.65583333333333,3.125,1150979,3.125,1150979,7.65,5.6325,4.65583333333333,1.65,4.1,750767,1.63333333333333,8605,-0.621624090381188,-0.301909383509693,5338.38744167478,-0.116289322543165,13.5288506296118
"374",2019,"Porirua City","Wellington Urban",0.581155765491364,-0.0715666378938723,0.182577261745282,5.6325,4.65583333333333,3.125,1150979,3.125,1150979,7.65,5.6325,4.65583333333333,1.65,4.1,797330,6.2,46459,-1.0975765381409,-0.148183889016147,7229.22348229658,-0.593268620136383,13.5890239247738
"375",2019,"Queenstown Lakes District","Other",0.495992679195806,-0.179552118842724,-0.409974582048785,5.6325,4.65583333333333,3.125,1150979,3.125,1150979,7.65,5.6325,4.65583333333333,1.65,4.1,750767,1.63333333333333,8605,-0.621624090381188,-0.301909383509693,5338.38744167478,-0.116289322543165,13.5288506296118
"376",2019,"Rangitikei District","Other",0.597705314824009,-0.0314577449700129,-0.738058172279759,5.6325,4.65583333333333,3.125,1150979,3.125,1150979,7.65,5.6325,4.65583333333333,1.65,4.1,750767,1.63333333333333,8605,-0.621624090381188,-0.301909383509693,5338.38744167478,-0.116289322543165,13.5288506296118
"377",2019,"Rotorua District","Other",0.405819999588745,-0.290298130883501,-1.27009205534858,5.6325,4.65583333333333,3.125,1150979,3.125,1150979,7.65,5.6325,4.65583333333333,1.65,4.1,750767,1.63333333333333,8605,-0.621624090381188,-0.301909383509693,5338.38744167478,-0.116289322543165,13.5288506296118
"378",2019,"Ruapehu District","Other",0.808108233907151,0.224459725669671,-0.339211454744066,5.6325,4.65583333333333,3.125,1150979,3.125,1150979,7.65,5.6325,4.65583333333333,1.65,4.1,750767,1.63333333333333,8605,-0.621624090381188,-0.301909383509693,5338.38744167478,-0.116289322543165,13.5288506296118
"379",2019,"Selwyn District","Canterbury Rural",1.74347087078357,1.36894343954562,2.60853740388891,5.6325,4.65583333333333,3.125,1150979,3.125,1150979,7.65,5.6325,4.65583333333333,1.65,4.1,480815,1.4,6520,-0.796974992187398,-1.33819347191744,3026.8990006737,-0.378967021028151,13.0832378597198
"380",2019,"South Taranaki District","Other",1.00697119696915,0.473232292306725,-0.0177991357741436,5.6325,4.65583333333333,3.125,1150979,3.125,1150979,7.65,5.6325,4.65583333333333,1.65,4.1,750767,1.63333333333333,8605,-0.621624090381188,-0.301909383509693,5338.38744167478,-0.116289322543165,13.5288506296118
"381",2019,"South Waikato District","Other",0.0509439876827801,-0.732632642319097,-1.60246431996166,5.6325,4.65583333333333,3.125,1150979,3.125,1150979,7.65,5.6325,4.65583333333333,1.65,4.1,750767,1.63333333333333,8605,-0.621624090381188,-0.301909383509693,5338.38744167478,-0.116289322543165,13.5288506296118
"382",2019,"South Wairarapa District","Wellington Rural",0.786191263169324,0.191495736748443,0.103713305052143,5.6325,4.65583333333333,3.125,1150979,3.125,1150979,7.65,5.6325,4.65583333333333,1.65,4.1,797330,6.2,46459,-1.0975765381409,-0.148183889016147,7229.22348229658,-0.593268620136383,13.5890239247738
"383",2019,"Southland","Other",0.848184980399179,0.271713522596161,-0.057111984276765,5.6325,4.65583333333333,3.125,1150979,3.125,1150979,7.65,5.6325,4.65583333333333,1.65,4.1,750767,1.63333333333333,8605,-0.621624090381188,-0.301909383509693,5338.38744167478,-0.116289322543165,13.5288506296118
"384",2019,"Southland District","Other",0.882536477392345,0.313608641520678,0.169949498286864,5.6325,4.65583333333333,3.125,1150979,3.125,1150979,7.65,5.6325,4.65583333333333,1.65,4.1,750767,1.63333333333333,8605,-0.621624090381188,-0.301909383509693,5338.38744167478,-0.116289322543165,13.5288506296118
"385",2019,"Stratford District","Other",0.76651071801699,0.17249678746872,-0.38424253575616,5.6325,4.65583333333333,3.125,1150979,3.125,1150979,7.65,5.6325,4.65583333333333,1.65,4.1,750767,1.63333333333333,8605,-0.621624090381188,-0.301909383509693,5338.38744167478,-0.116289322543165,13.5288506296118
"386",2019,"Taranaki","Other",0.895149917694523,0.323514076615234,0.508993034160992,5.6325,4.65583333333333,3.125,1150979,3.125,1150979,7.65,5.6325,4.65583333333333,1.65,4.1,750767,1.63333333333333,8605,-0.621624090381188,-0.301909383509693,5338.38744167478,-0.116289322543165,13.5288506296118
"387",2019,"Tararua District","Other",0.487762633041193,-0.181663113207137,-0.416169333934047,5.6325,4.65583333333333,3.125,1150979,3.125,1150979,7.65,5.6325,4.65583333333333,1.65,4.1,750767,1.63333333333333,8605,-0.621624090381188,-0.301909383509693,5338.38744167478,-0.116289322543165,13.5288506296118
"388",2019,"Tasman","Other",0.997488752486664,0.444977444659958,1.16158631930452,5.6325,4.65583333333333,3.125,1150979,3.125,1150979,7.65,5.6325,4.65583333333333,1.65,4.1,750767,1.63333333333333,8605,-0.621624090381188,-0.301909383509693,5338.38744167478,-0.116289322543165,13.5288506296118
"389",2019,"Tasman District","Other",0.997488752486664,0.444977444659958,1.15920372242557,5.6325,4.65583333333333,3.125,1150979,3.125,1150979,7.65,5.6325,4.65583333333333,1.65,4.1,750767,1.63333333333333,8605,-0.621624090381188,-0.301909383509693,5338.38744167478,-0.116289322543165,13.5288506296118
"390",2019,"Taupo District","Other",0.890855980570377,0.310848110428752,-0.34302360975038,5.6325,4.65583333333333,3.125,1150979,3.125,1150979,7.65,5.6325,4.65583333333333,1.65,4.1,750767,1.63333333333333,8605,-0.621624090381188,-0.301909383509693,5338.38744167478,-0.116289322543165,13.5288506296118
"391",2019,"Tauranga City","Other",0.691635189414697,0.0619131596098213,0.0984715919184598,5.6325,4.65583333333333,3.125,1150979,3.125,1150979,7.65,5.6325,4.65583333333333,1.65,4.1,750767,1.63333333333333,8605,-0.621624090381188,-0.301909383509693,5338.38744167478,-0.116289322543165,13.5288506296118
"392",2019,"Thames Coromandel District","Other",0.9082106431138,0.338615805529886,-0.217937273605673,5.6325,4.65583333333333,3.125,1150979,3.125,1150979,7.65,5.6325,4.65583333333333,1.65,4.1,750767,1.63333333333333,8605,-0.621624090381188,-0.301909383509693,5338.38744167478,-0.116289322543165,13.5288506296118
"393",2019,"Timaru District","Canterbury Rural",1.08918220149186,0.55767206688327,0.439897724671535,5.6325,4.65583333333333,3.125,1150979,3.125,1150979,7.65,5.6325,4.65583333333333,1.65,4.1,480815,1.4,6520,-0.796974992187398,-1.33819347191744,3026.8990006737,-0.378967021028151,13.0832378597198
"394",2019,"Upper Hutt City","Wellington Urban",0.402689003769054,-0.286563294700307,-0.206262548898835,5.6325,4.65583333333333,3.125,1150979,3.125,1150979,7.65,5.6325,4.65583333333333,1.65,4.1,797330,6.2,46459,-1.0975765381409,-0.148183889016147,7229.22348229658,-0.593268620136383,13.5890239247738
"395",2019,"Waikato","Other",0.442855207284502,-0.246129633412692,-0.00779222888256709,5.6325,4.65583333333333,3.125,1150979,3.125,1150979,7.65,5.6325,4.65583333333333,1.65,4.1,750767,1.63333333333333,8605,-0.621624090381188,-0.301909383509693,5338.38744167478,-0.116289322543165,13.5288506296118
"396",2019,"Waikato District","Other",0.329334244564898,-0.385130493100236,0.41106830243628,5.6325,4.65583333333333,3.125,1150979,3.125,1150979,7.65,5.6325,4.65583333333333,1.65,4.1,750767,1.63333333333333,8605,-0.621624090381188,-0.301909383509693,5338.38744167478,-0.116289322543165,13.5288506296118
"397",2019,"Waimakariri District","Canterbury Rural",1.64336846157692,1.24942868168343,1.39365125531394,5.6325,4.65583333333333,3.125,1150979,3.125,1150979,7.65,5.6325,4.65583333333333,1.65,4.1,480815,1.4,6520,-0.796974992187398,-1.33819347191744,3026.8990006737,-0.378967021028151,13.0832378597198
"398",2019,"Waimate District","Canterbury Rural",0.854625886085397,0.268465838958602,-0.406400686730366,5.6325,4.65583333333333,3.125,1150979,3.125,1150979,7.65,5.6325,4.65583333333333,1.65,4.1,480815,1.4,6520,-0.796974992187398,-1.33819347191744,3026.8990006737,-0.378967021028151,13.0832378597198
"399",2019,"Waipa District","Other",0.0625734007273419,-0.720291444496371,-0.0604476199072912,5.6325,4.65583333333333,3.125,1150979,3.125,1150979,7.65,5.6325,4.65583333333333,1.65,4.1,750767,1.63333333333333,8605,-0.621624090381188,-0.301909383509693,5338.38744167478,-0.116289322543165,13.5288506296118
"400",2019,"Wairoa District","Other",1.12970623310099,0.641299920550426,-1.62319291280849,5.6325,4.65583333333333,3.125,1150979,3.125,1150979,7.65,5.6325,4.65583333333333,1.65,4.1,750767,1.63333333333333,8605,-0.621624090381188,-0.301909383509693,5338.38744167478,-0.116289322543165,13.5288506296118
"401",2019,"Waitaki District","Other",0.868133896621773,0.294447308059077,0.135163583854241,5.6325,4.65583333333333,3.125,1150979,3.125,1150979,7.65,5.6325,4.65583333333333,1.65,4.1,750767,1.63333333333333,8605,-0.621624090381188,-0.301909383509693,5338.38744167478,-0.116289322543165,13.5288506296118
"402",2019,"Waitomo District","Other",0.320120171152668,-0.395847849104183,-0.351600958514589,5.6325,4.65583333333333,3.125,1150979,3.125,1150979,7.65,5.6325,4.65583333333333,1.65,4.1,750767,1.63333333333333,8605,-0.621624090381188,-0.301909383509693,5338.38744167478,-0.116289322543165,13.5288506296118
"403",2019,"Wellington","Wellington Rural",0.558970423683277,-0.0988471804493715,0.289555861609993,5.6325,4.65583333333333,3.125,1150979,3.125,1150979,7.65,5.6325,4.65583333333333,1.65,4.1,797330,6.2,46459,-1.0975765381409,-0.148183889016147,7229.22348229658,-0.593268620136383,13.5890239247738
"404",2019,"Wellington City","Wellington Urban",0.682868401119566,0.0565544816078478,0.396534461474704,5.6325,4.65583333333333,3.125,1150979,3.125,1150979,7.65,5.6325,4.65583333333333,1.65,4.1,797330,6.2,46459,-1.0975765381409,-0.148183889016147,7229.22348229658,-0.593268620136383,13.5890239247738
"405",2019,"West Coast","Other",2.02365026813408,1.72894917076908,0.972646386804039,5.6325,4.65583333333333,3.125,1150979,3.125,1150979,7.65,5.6325,4.65583333333333,1.65,4.1,750767,1.63333333333333,8605,-0.621624090381188,-0.301909383509693,5338.38744167478,-0.116289322543165,13.5288506296118
"406",2019,"Western Bay of Plenty District","Other",0.858204167022186,0.271875906778039,0.360318988914713,5.6325,4.65583333333333,3.125,1150979,3.125,1150979,7.65,5.6325,4.65583333333333,1.65,4.1,750767,1.63333333333333,8605,-0.621624090381188,-0.301909383509693,5338.38744167478,-0.116289322543165,13.5288506296118
"407",2019,"Westland District","Other",1.87747749186629,1.54772842379327,0.696026889158315,5.6325,4.65583333333333,3.125,1150979,3.125,1150979,7.65,5.6325,4.65583333333333,1.65,4.1,750767,1.63333333333333,8605,-0.621624090381188,-0.301909383509693,5338.38744167478,-0.116289322543165,13.5288506296118
"408",2019,"Whakatane District","Other",0.644312424025674,0.00897591631760247,-0.158610611319899,5.6325,4.65583333333333,3.125,1150979,3.125,1150979,7.65,5.6325,4.65583333333333,1.65,4.1,750767,1.63333333333333,8605,-0.621624090381188,-0.301909383509693,5338.38744167478,-0.116289322543165,13.5288506296118
"409",2019,"Whanganui District","Other",0.356976464801586,-0.341773916538818,-1.41138005027012,5.6325,4.65583333333333,3.125,1150979,3.125,1150979,7.65,5.6325,4.65583333333333,1.65,4.1,750767,1.63333333333333,8605,-0.621624090381188,-0.301909383509693,5338.38744167478,-0.116289322543165,13.5288506296118
"410",2019,"Whangarei District","Other",0.701475461990865,0.0713314421587434,-0.263683133681452,5.6325,4.65583333333333,3.125,1150979,3.125,1150979,7.65,5.6325,4.65583333333333,1.65,4.1,750767,1.63333333333333,8605,-0.621624090381188,-0.301909383509693,5338.38744167478,-0.116289322543165,13.5288506296118
"411",2020,"Ashburton District","Canterbury Rural",2.83627786887867,0.97970855558412,1.03030523127455,4.76833333333333,3.87833333333333,10.125,1280598,10.125,1280598,6.45,4.76833333333333,3.87833333333333,1.7,4.6,497627,3.5,16812,-0.083046320547827,-1.1222200454728,3461.94928699753,-0.0412385515474548,13.1176060793852
"412",2020,"Auckland","Auckland Urban",1.14715035266783,-0.642996573922457,0.900334571528003,4.76833333333333,3.87833333333333,10.125,1280598,10.125,1280598,6.45,4.76833333333333,3.87833333333333,1.7,4.6,1032727,6,58571,1.081784670022,0.990235858584353,6565.67419904184,1.22693863304873,13.8477134343744
"413",2020,"Bay of Plenty","Other",1.49155989283369,-0.310433769436369,-0.48407334498403,4.76833333333333,3.87833333333333,10.125,1280598,10.125,1280598,6.45,4.76833333333333,3.87833333333333,1.7,4.6,798633.333333333,6.03333333333333,47866.3333333333,0.49310664252972,0.070444556306849,5968.86415649874,0.0446629333271531,13.5906572124513
"414",2020,"Buller District","Other",2.86007343710831,1.00357903032018,0.0841760106447796,4.76833333333333,3.87833333333333,10.125,1280598,10.125,1280598,6.45,4.76833333333333,3.87833333333333,1.7,4.6,798633.333333333,6.03333333333333,47866.3333333333,0.49310664252972,0.070444556306849,5968.86415649874,0.0446629333271531,13.5906572124513
"415",2020,"Canterbury","Canterbury Rural",2.85282741821132,0.995946973771918,1.4358232200713,4.76833333333333,3.87833333333333,10.125,1280598,10.125,1280598,6.45,4.76833333333333,3.87833333333333,1.7,4.6,497627,3.5,16812,-0.083046320547827,-1.1222200454728,3461.94928699753,-0.0412385515474548,13.1176060793852
"416",2020,"Carterton District","Wellington Rural",0.758996328049734,-1.00560045205597,-1.38421844585013,4.76833333333333,3.87833333333333,10.125,1280598,10.125,1280598,6.45,4.76833333333333,3.87833333333333,1.7,4.6,865546,8.6,68216,0.480581578114992,0.343317855808996,7878.96898345685,-1.05171128151982,13.6711158006552
"417",2020,"Central Hawkes Bay District","Other",1.20762330049955,-0.578042901171268,-1.60437039746481,4.76833333333333,3.87833333333333,10.125,1280598,10.125,1280598,6.45,4.76833333333333,3.87833333333333,1.7,4.6,798633.333333333,6.03333333333333,47866.3333333333,0.49310664252972,0.070444556306849,5968.86415649874,0.0446629333271531,13.5906572124513
"418",2020,"Central Otago District","Other",1.20726547240587,-0.598340923906014,-0.568655534186642,4.76833333333333,3.87833333333333,10.125,1280598,10.125,1280598,6.45,4.76833333333333,3.87833333333333,1.7,4.6,798633.333333333,6.03333333333333,47866.3333333333,0.49310664252972,0.070444556306849,5968.86415649874,0.0446629333271531,13.5906572124513
"419",2020,"Christchurch City","Canterbury Urban",2.72132559378435,0.870424001180245,1.21900690408714,4.76833333333333,3.87833333333333,10.125,1280598,10.125,1280598,6.45,4.76833333333333,3.87833333333333,1.7,4.6,497627,3.5,16812,-0.083046320547827,-1.1222200454728,3461.94928699753,-0.0412385515474548,13.1176060793852
"420",2020,"Clutha District","Other",0.983801827903449,-0.797748699252164,-0.782136214540274,4.76833333333333,3.87833333333333,10.125,1280598,10.125,1280598,6.45,4.76833333333333,3.87833333333333,1.7,4.6,798633.333333333,6.03333333333333,47866.3333333333,0.49310664252972,0.070444556306849,5968.86415649874,0.0446629333271531,13.5906572124513
"421",2020,"Dunedin City","Other",0.85391022989804,-0.930416575846467,0.940004809562468,4.76833333333333,3.87833333333333,10.125,1280598,10.125,1280598,6.45,4.76833333333333,3.87833333333333,1.7,4.6,798633.333333333,6.03333333333333,47866.3333333333,0.49310664252972,0.070444556306849,5968.86415649874,0.0446629333271531,13.5906572124513
"422",2020,"Far North District","Other",2.26097975126656,0.430362868290941,-0.0170843567104591,4.76833333333333,3.87833333333333,10.125,1280598,10.125,1280598,6.45,4.76833333333333,3.87833333333333,1.7,4.6,798633.333333333,6.03333333333333,47866.3333333333,0.49310664252972,0.070444556306849,5968.86415649874,0.0446629333271531,13.5906572124513
"423",2020,"Gisborne","Other",1.18901623962825,-0.589247409720848,-0.284173466840394,4.76833333333333,3.87833333333333,10.125,1280598,10.125,1280598,6.45,4.76833333333333,3.87833333333333,1.7,4.6,798633.333333333,6.03333333333333,47866.3333333333,0.49310664252972,0.070444556306849,5968.86415649874,0.0446629333271531,13.5906572124513
"424",2020,"Gisborne District","Other",1.19000026688587,-0.588597872993336,-0.282267389337237,4.76833333333333,3.87833333333333,10.125,1280598,10.125,1280598,6.45,4.76833333333333,3.87833333333333,1.7,4.6,798633.333333333,6.03333333333333,47866.3333333333,0.49310664252972,0.070444556306849,5968.86415649874,0.0446629333271531,13.5906572124513
"425",2020,"Gore District","Other",2.13788688704105,0.313771025702556,-0.846704589959732,4.76833333333333,3.87833333333333,10.125,1280598,10.125,1280598,6.45,4.76833333333333,3.87833333333333,1.7,4.6,798633.333333333,6.03333333333333,47866.3333333333,0.49310664252972,0.070444556306849,5968.86415649874,0.0446629333271531,13.5906572124513
"426",2020,"Grey District","Other",3.50183812312127,1.61917746381958,0.510422592288361,4.76833333333333,3.87833333333333,10.125,1280598,10.125,1280598,6.45,4.76833333333333,3.87833333333333,1.7,4.6,798633.333333333,6.03333333333333,47866.3333333333,0.49310664252972,0.070444556306849,5968.86415649874,0.0446629333271531,13.5906572124513
"427",2020,"Hamilton City","Other",1.00983382171858,-0.774690145425492,-0.0933274568367565,4.76833333333333,3.87833333333333,10.125,1280598,10.125,1280598,6.45,4.76833333333333,3.87833333333333,1.7,4.6,798633.333333333,6.03333333333333,47866.3333333333,0.49310664252972,0.070444556306849,5968.86415649874,0.0446629333271531,13.5906572124513
"428",2020,"Hastings District","Other",1.00044083425951,-0.781185512700611,-0.207930366714097,4.76833333333333,3.87833333333333,10.125,1280598,10.125,1280598,6.45,4.76833333333333,3.87833333333333,1.7,4.6,798633.333333333,6.03333333333333,47866.3333333333,0.49310664252972,0.070444556306849,5968.86415649874,0.0446629333271531,13.5906572124513
"429",2020,"Hauraki District","Other",1.31354041622848,-0.473792256405609,-0.356604411960377,4.76833333333333,3.87833333333333,10.125,1280598,10.125,1280598,6.45,4.76833333333333,3.87833333333333,1.7,4.6,798633.333333333,6.03333333333333,47866.3333333333,0.49310664252972,0.070444556306849,5968.86415649874,0.0446629333271531,13.5906572124513
"430",2020,"Hawke's Bay","Other",1.06306075065331,-0.724513433225198,-0.271069184006187,4.76833333333333,3.87833333333333,10.125,1280598,10.125,1280598,6.45,4.76833333333333,3.87833333333333,1.7,4.6,798633.333333333,6.03333333333333,47866.3333333333,0.49310664252972,0.070444556306849,5968.86415649874,0.0446629333271531,13.5906572124513
"431",2020,"Horowhenua District","Other",0.717846097276671,-1.05593954843814,-1.06685654157442,4.76833333333333,3.87833333333333,10.125,1280598,10.125,1280598,6.45,4.76833333333333,3.87833333333333,1.7,4.6,798633.333333333,6.03333333333333,47866.3333333333,0.49310664252972,0.070444556306849,5968.86415649874,0.0446629333271531,13.5906572124513
"432",2020,"Hurunui District","Canterbury Rural",3.00508327207165,1.1427422741896,0.907124972633002,4.76833333333333,3.87833333333333,10.125,1280598,10.125,1280598,6.45,4.76833333333333,3.87833333333333,1.7,4.6,497627,3.5,16812,-0.083046320547827,-1.1222200454728,3461.94928699753,-0.0412385515474548,13.1176060793852
"433",2020,"Hutt City","Wellington Urban",1.21451149130287,-0.574470449169952,-0.159087130695688,4.76833333333333,3.87833333333333,10.125,1280598,10.125,1280598,6.45,4.76833333333333,3.87833333333333,1.7,4.6,865546,8.6,68216,0.480581578114992,0.343317855808996,7878.96898345685,-1.05171128151982,13.6711158006552
"434",2020,"Invercargill City","Other",1.498448083637,-0.312707147982661,-0.423555384258782,4.76833333333333,3.87833333333333,10.125,1280598,10.125,1280598,6.45,4.76833333333333,3.87833333333333,1.7,4.6,798633.333333333,6.03333333333333,47866.3333333333,0.49310664252972,0.070444556306849,5968.86415649874,0.0446629333271531,13.5906572124513
"435",2020,"Kaikoura District","Other",3.11860423479126,1.2570607382317,1.61380320692862,4.76833333333333,3.87833333333333,10.125,1280598,10.125,1280598,6.45,4.76833333333333,3.87833333333333,1.7,4.6,798633.333333333,6.03333333333333,47866.3333333333,0.49310664252972,0.070444556306849,5968.86415649874,0.0446629333271531,13.5906572124513
"436",2020,"Kaipara District","Other",1.09598093527176,-0.69236136521336,-0.447619612736144,4.76833333333333,3.87833333333333,10.125,1280598,10.125,1280598,6.45,4.76833333333333,3.87833333333333,1.7,4.6,798633.333333333,6.03333333333333,47866.3333333333,0.49310664252972,0.070444556306849,5968.86415649874,0.0446629333271531,13.5906572124513
"437",2020,"Kapiti Coast District","Wellington Rural",1.3000324056921,-0.492953589867209,0.0622561193584694,4.76833333333333,3.87833333333333,10.125,1280598,10.125,1280598,6.45,4.76833333333333,3.87833333333333,1.7,4.6,865546,8.6,68216,0.480581578114992,0.343317855808996,7878.96898345685,-1.05171128151982,13.6711158006552
"438",2020,"Kawerau District","Other",0.152209338193885,-1.60236232045752,-1.1659725717386,4.76833333333333,3.87833333333333,10.125,1280598,10.125,1280598,6.45,4.76833333333333,3.87833333333333,1.7,4.6,798633.333333333,6.03333333333333,47866.3333333333,0.49310664252972,0.070444556306849,5968.86415649874,0.0446629333271531,13.5906572124513
"439",2020,"MacKenzie District","Canterbury Rural",0.737258271358746,-1.04863226025363,1.05913465350981,4.76833333333333,3.87833333333333,10.125,1280598,10.125,1280598,6.45,4.76833333333333,3.87833333333333,1.7,4.6,497627,3.5,16812,-0.083046320547827,-1.1222200454728,3461.94928699753,-0.0412385515474548,13.1176060793852
"440",2020,"Manawatu District","Other",1.03139296436273,-0.751793975780698,-0.412118919239837,4.76833333333333,3.87833333333333,10.125,1280598,10.125,1280598,6.45,4.76833333333333,3.87833333333333,1.7,4.6,798633.333333333,6.03333333333333,47866.3333333333,0.49310664252972,0.070444556306849,5968.86415649874,0.0446629333271531,13.5906572124513
"441",2020,"Manawatu-Wanganui","Other",1.017169297639,-0.764297557785301,-0.466680387767719,4.76833333333333,3.87833333333333,10.125,1280598,10.125,1280598,6.45,4.76833333333333,3.87833333333333,1.7,4.6,798633.333333333,6.03333333333333,47866.3333333333,0.49310664252972,0.070444556306849,5968.86415649874,0.0446629333271531,13.5906572124513
"442",2020,"Marlborough","Other",2.01461510876869,0.19815348820544,-0.398776376717735,4.76833333333333,3.87833333333333,10.125,1280598,10.125,1280598,6.45,4.76833333333333,3.87833333333333,1.7,4.6,798633.333333333,6.03333333333333,47866.3333333333,0.49310664252972,0.070444556306849,5968.86415649874,0.0446629333271531,13.5906572124513
"443",2020,"Marlborough District","Other",2.01461510876869,0.19815348820544,-0.398776376717735,4.76833333333333,3.87833333333333,10.125,1280598,10.125,1280598,6.45,4.76833333333333,3.87833333333333,1.7,4.6,798633.333333333,6.03333333333333,47866.3333333333,0.49310664252972,0.070444556306849,5968.86415649874,0.0446629333271531,13.5906572124513
"444",2020,"Masterton District","Wellington Rural",1.26335502609002,-0.51861029060393,-0.813348233654478,4.76833333333333,3.87833333333333,10.125,1280598,10.125,1280598,6.45,4.76833333333333,3.87833333333333,1.7,4.6,865546,8.6,68216,0.480581578114992,0.343317855808996,7878.96898345685,-1.05171128151982,13.6711158006552
"445",2020,"Matamata Piako District","Other",0.903290506825716,-0.878616021827394,-0.749494637298703,4.76833333333333,3.87833333333333,10.125,1280598,10.125,1280598,6.45,4.76833333333333,3.87833333333333,1.7,4.6,798633.333333333,6.03333333333333,47866.3333333333,0.49310664252972,0.070444556306849,5968.86415649874,0.0446629333271531,13.5906572124513
"446",2020,"Napier City","Other",1.08077324129041,-0.709086935946791,-0.23151807581567,4.76833333333333,3.87833333333333,10.125,1280598,10.125,1280598,6.45,4.76833333333333,3.87833333333333,1.7,4.6,798633.333333333,6.03333333333333,47866.3333333333,0.49310664252972,0.070444556306849,5968.86415649874,0.0446629333271531,13.5906572124513
"447",2020,"Nelson","Other",1.72584783716989,-0.0930013499017644,0.96144818147299,4.76833333333333,3.87833333333333,10.125,1280598,10.125,1280598,6.45,4.76833333333333,3.87833333333333,1.7,4.6,798633.333333333,6.03333333333333,47866.3333333333,0.49310664252972,0.070444556306849,5968.86415649874,0.0446629333271531,13.5906572124513
"448",2020,"Nelson City","Other",1.72584783716989,-0.0930013499017644,0.962162960536672,4.76833333333333,3.87833333333333,10.125,1280598,10.125,1280598,6.45,4.76833333333333,3.87833333333333,1.7,4.6,798633.333333333,6.03333333333333,47866.3333333333,0.49310664252972,0.070444556306849,5968.86415649874,0.0446629333271531,13.5906572124513
"449",2020,"New Plymouth District","Other",1.86486405156411,0.0490848092414619,0.659334897222536,4.76833333333333,3.87833333333333,10.125,1280598,10.125,1280598,6.45,4.76833333333333,3.87833333333333,1.7,4.6,798633.333333333,6.03333333333333,47866.3333333333,0.49310664252972,0.070444556306849,5968.86415649874,0.0446629333271531,13.5906572124513
"450",2020,"New Zealand","Other",1.36506766171823,-0.433520979299872,0.640274122190961,4.76833333333333,3.87833333333333,10.125,1280598,10.125,1280598,6.45,4.76833333333333,3.87833333333333,1.7,4.6,798633.333333333,6.03333333333333,47866.3333333333,0.49310664252972,0.070444556306849,5968.86415649874,0.0446629333271531,13.5906572124513
"451",2020,"Northland","Other",1.73729833616761,-0.0748143215314313,-0.286794323407236,4.76833333333333,3.87833333333333,10.125,1280598,10.125,1280598,6.45,4.76833333333333,3.87833333333333,1.7,4.6,798633.333333333,6.03333333333333,47866.3333333333,0.49310664252972,0.070444556306849,5968.86415649874,0.0446629333271531,13.5906572124513
"452",2020,"Opotiki District","Other",1.82103011008846,0.00280531740623948,-0.761169362005543,4.76833333333333,3.87833333333333,10.125,1280598,10.125,1280598,6.45,4.76833333333333,3.87833333333333,1.7,4.6,798633.333333333,6.03333333333333,47866.3333333333,0.49310664252972,0.070444556306849,5968.86415649874,0.0446629333271531,13.5906572124513
"453",2020,"Otago","Other",0.924491821376186,-0.865625287277156,1.29930041890764,4.76833333333333,3.87833333333333,10.125,1280598,10.125,1280598,6.45,4.76833333333333,3.87833333333333,1.7,4.6,798633.333333333,6.03333333333333,47866.3333333333,0.49310664252972,0.070444556306849,5968.86415649874,0.0446629333271531,13.5906572124513
"454",2020,"Otorohanga District","Other",1.01278590349143,-0.771929614333566,-0.827167295552368,4.76833333333333,3.87833333333333,10.125,1280598,10.125,1280598,6.45,4.76833333333333,3.87833333333333,1.7,4.6,798633.333333333,6.03333333333333,47866.3333333333,0.49310664252972,0.070444556306849,5968.86415649874,0.0446629333271531,13.5906572124513
"455",2020,"Palmerston North City","Other",1.20547633193748,-0.583076810809485,-0.00445659325204089,4.76833333333333,3.87833333333333,10.125,1280598,10.125,1280598,6.45,4.76833333333333,3.87833333333333,1.7,4.6,798633.333333333,6.03333333333333,47866.3333333333,0.49310664252972,0.070444556306849,5968.86415649874,0.0446629333271531,13.5906572124513
"456",2020,"Porirua City","Wellington Urban",1.30575765519096,-0.48337292313641,0.117532366950034,4.76833333333333,3.87833333333333,10.125,1280598,10.125,1280598,6.45,4.76833333333333,3.87833333333333,1.7,4.6,865546,8.6,68216,0.480581578114992,0.343317855808996,7878.96898345685,-1.05171128151982,13.6711158006552
"457",2020,"Queenstown Lakes District","Other",1.62887642378293,-0.186372254481599,1.29810912046817,4.76833333333333,3.87833333333333,10.125,1280598,10.125,1280598,6.45,4.76833333333333,3.87833333333333,1.7,4.6,798633.333333333,6.03333333333333,47866.3333333333,0.49310664252972,0.070444556306849,5968.86415649874,0.0446629333271531,13.5906572124513
"458",2020,"Rangitikei District","Other",0.855073171202496,-0.920835909115666,-1.17312036237544,4.76833333333333,3.87833333333333,10.125,1280598,10.125,1280598,6.45,4.76833333333333,3.87833333333333,1.7,4.6,798633.333333333,6.03333333333333,47866.3333333333,0.49310664252972,0.070444556306849,5968.86415649874,0.0446629333271531,13.5906572124513
"459",2020,"Rotorua District","Other",0.982817800645833,-0.796936778342774,-1.57077578147166,4.76833333333333,3.87833333333333,10.125,1280598,10.125,1280598,6.45,4.76833333333333,3.87833333333333,1.7,4.6,798633.333333333,6.03333333333333,47866.3333333333,0.49310664252972,0.070444556306849,5968.86415649874,0.0446629333271531,13.5906572124513
"460",2020,"Ruapehu District","Other",1.37848621523118,-0.402992753106813,-0.371853031985637,4.76833333333333,3.87833333333333,10.125,1280598,10.125,1280598,6.45,4.76833333333333,3.87833333333333,1.7,4.6,798633.333333333,6.03333333333333,47866.3333333333,0.49310664252972,0.070444556306849,5968.86415649874,0.0446629333271531,13.5906572124513
"461",2020,"Selwyn District","Canterbury Rural",3.18453406105158,1.30821175552326,2.60496350857049,4.76833333333333,3.87833333333333,10.125,1280598,10.125,1280598,6.45,4.76833333333333,3.87833333333333,1.7,4.6,497627,3.5,16812,-0.083046320547827,-1.1222200454728,3461.94928699753,-0.0412385515474548,13.1176060793852
"462",2020,"South Taranaki District","Other",1.55364306708696,-0.239796650319451,-0.595817138606635,4.76833333333333,3.87833333333333,10.125,1280598,10.125,1280598,6.45,4.76833333333333,3.87833333333333,1.7,4.6,798633.333333333,6.03333333333333,47866.3333333333,0.49310664252972,0.070444556306849,5968.86415649874,0.0446629333271531,13.5906572124513
"463",2020,"South Waikato District","Other",0.411903077181284,-1.35732459000366,-2.14569640836152,4.76833333333333,3.87833333333333,10.125,1280598,10.125,1280598,6.45,4.76833333333333,3.87833333333333,1.7,4.6,798633.333333333,6.03333333333333,47866.3333333333,0.49310664252972,0.070444556306849,5968.86415649874,0.0446629333271531,13.5906572124513
"464",2020,"South Wairarapa District","Wellington Rural",1.35656924449336,-0.43287144257236,-0.297516009362497,4.76833333333333,3.87833333333333,10.125,1280598,10.125,1280598,6.45,4.76833333333333,3.87833333333333,1.7,4.6,865546,8.6,68216,0.480581578114992,0.343317855808996,7878.96898345685,-1.05171128151982,13.6711158006552
"465",2020,"Southland","Other",1.52286985103058,-0.291434820156647,-0.492888953436134,4.76833333333333,3.87833333333333,10.125,1280598,10.125,1280598,6.45,4.76833333333333,3.87833333333333,1.7,4.6,798633.333333333,6.03333333333333,47866.3333333333,0.49310664252972,0.070444556306849,5968.86415649874,0.0446629333271531,13.5906572124513
"466",2020,"Southland District","Other",1.56249931240551,-0.261068978145465,0.170902537038443,4.76833333333333,3.87833333333333,10.125,1280598,10.125,1280598,6.45,4.76833333333333,3.87833333333333,1.7,4.6,798633.333333333,6.03333333333333,47866.3333333333,0.49310664252972,0.070444556306849,5968.86415649874,0.0446629333271531,13.5906572124513
"467",2020,"Stratford District","Other",1.29994294866868,-0.499124188778573,-0.986801286441804,4.76833333333333,3.87833333333333,10.125,1280598,10.125,1280598,6.45,4.76833333333333,3.87833333333333,1.7,4.6,798633.333333333,6.03333333333333,47866.3333333333,0.49310664252972,0.070444556306849,5968.86415649874,0.0446629333271531,13.5906572124513
"468",2020,"Taranaki","Other",1.69641647646481,-0.112812220090877,0.324103516354722,4.76833333333333,3.87833333333333,10.125,1280598,10.125,1280598,6.45,4.76833333333333,3.87833333333333,1.7,4.6,798633.333333333,6.03333333333333,47866.3333333333,0.49310664252972,0.070444556306849,5968.86415649874,0.0446629333271531,13.5906572124513
"469",2020,"Tararua District","Other",1.01198079028066,-0.771280077606054,-1.02659065432022,4.76833333333333,3.87833333333333,10.125,1280598,10.125,1280598,6.45,4.76833333333333,3.87833333333333,1.7,4.6,798633.333333333,6.03333333333333,47866.3333333333,0.49310664252972,0.070444556306849,5968.86415649874,0.0446629333271531,13.5906572124513
"470",2020,"Tasman","Other",2.03259597047605,0.208221307481874,0.988133266517193,4.76833333333333,3.87833333333333,10.125,1280598,10.125,1280598,6.45,4.76833333333333,3.87833333333333,1.7,4.6,798633.333333333,6.03333333333333,47866.3333333333,0.49310664252972,0.070444556306849,5968.86415649874,0.0446629333271531,13.5906572124513
"471",2020,"Tasman District","Other",2.03340108368683,0.209195612573141,0.988133266517193,4.76833333333333,3.87833333333333,10.125,1280598,10.125,1280598,6.45,4.76833333333333,3.87833333333333,1.7,4.6,798633.333333333,6.03333333333333,47866.3333333333,0.49310664252972,0.070444556306849,5968.86415649874,0.0446629333271531,13.5906572124513
"472",2020,"Taupo District","Other",1.80233359219374,-0.0119716431446562,-0.610827498944,4.76833333333333,3.87833333333333,10.125,1280598,10.125,1280598,6.45,4.76833333333333,3.87833333333333,1.7,4.6,798633.333333333,6.03333333333333,47866.3333333333,0.49310664252972,0.070444556306849,5968.86415649874,0.0446629333271531,13.5906572124513
"473",2020,"Tauranga City","Other",1.65821832746459,-0.15178442374159,-0.0463902983215041,4.76833333333333,3.87833333333333,10.125,1280598,10.125,1280598,6.45,4.76833333333333,3.87833333333333,1.7,4.6,798633.333333333,6.03333333333333,47866.3333333333,0.49310664252972,0.070444556306849,5968.86415649874,0.0446629333271531,13.5906572124513
"474",2020,"Thames Coromandel District","Other",1.65356656224677,-0.153245881378492,-0.507422794397709,4.76833333333333,3.87833333333333,10.125,1280598,10.125,1280598,6.45,4.76833333333333,3.87833333333333,1.7,4.6,798633.333333333,6.03333333333333,47866.3333333333,0.49310664252972,0.070444556306849,5968.86415649874,0.0446629333271531,13.5906572124513
"475",2020,"Timaru District","Canterbury Rural",2.21732472383774,0.381322845363793,0.544970247033089,4.76833333333333,3.87833333333333,10.125,1280598,10.125,1280598,6.45,4.76833333333333,3.87833333333333,1.7,4.6,497627,3.5,16812,-0.083046320547827,-1.1222200454728,3461.94928699753,-0.0412385515474548,13.1176060793852
"476",2020,"Upper Hutt City","Wellington Urban",1.2886713637178,-0.50091041477923,-0.312526369699862,4.76833333333333,3.87833333333333,10.125,1280598,10.125,1280598,6.45,4.76833333333333,3.87833333333333,1.7,4.6,865546,8.6,68216,0.480581578114992,0.343317855808996,7878.96898345685,-1.05171128151982,13.6711158006552
"477",2020,"Waikato","Other",1.29922729248132,-0.496363657686648,-0.0749814608688667,4.76833333333333,3.87833333333333,10.125,1280598,10.125,1280598,6.45,4.76833333333333,3.87833333333333,1.7,4.6,798633.333333333,6.03333333333333,47866.3333333333,0.49310664252972,0.070444556306849,5968.86415649874,0.0446629333271531,13.5906572124513
"478",2020,"Waikato District","Other",1.23088212658867,-0.566188855894175,0.353409457965767,4.76833333333333,3.87833333333333,10.125,1280598,10.125,1280598,6.45,4.76833333333333,3.87833333333333,1.7,4.6,798633.333333333,6.03333333333333,47866.3333333333,0.49310664252972,0.070444556306849,5968.86415649874,0.0446629333271531,13.5906572124513
"479",2020,"Waimakariri District","Canterbury Rural",2.83001587723929,0.974999414309659,1.33051243802185,4.76833333333333,3.87833333333333,10.125,1280598,10.125,1280598,6.45,4.76833333333333,3.87833333333333,1.7,4.6,497627,3.5,16812,-0.083046320547827,-1.1222200454728,3461.94928699753,-0.0412385515474548,13.1176060793852
"480",2020,"Waimate District","Canterbury Rural",1.90744559471189,0.0828607190720793,-0.495271550315081,4.76833333333333,3.87833333333333,10.125,1280598,10.125,1280598,6.45,4.76833333333333,3.87833333333333,1.7,4.6,497627,3.5,16812,-0.083046320547827,-1.1222200454728,3461.94928699753,-0.0412385515474548,13.1176060793852
"481",2020,"Waipa District","Other",0.827609865012647,-0.954124666400651,-0.230088517688302,4.76833333333333,3.87833333333333,10.125,1280598,10.125,1280598,6.45,4.76833333333333,3.87833333333333,1.7,4.6,798633.333333333,6.03333333333333,47866.3333333333,0.49310664252972,0.070444556306849,5968.86415649874,0.0446629333271531,13.5906572124513
"482",2020,"Wairoa District","Other",1.80770101359892,-0.0116468747809003,-1.51859690982273,4.76833333333333,3.87833333333333,10.125,1280598,10.125,1280598,6.45,4.76833333333333,3.87833333333333,1.7,4.6,798633.333333333,6.03333333333333,47866.3333333333,0.49310664252972,0.070444556306849,5968.86415649874,0.0446629333271531,13.5906572124513
"483",2020,"Waitaki District","Other",1.62163040488594,-0.186534638663476,-0.0742666818051822,4.76833333333333,3.87833333333333,10.125,1280598,10.125,1280598,6.45,4.76833333333333,3.87833333333333,1.7,4.6,798633.333333333,6.03333333333333,47866.3333333333,0.49310664252972,0.070444556306849,5968.86415649874,0.0446629333271531,13.5906572124513
"484",2020,"Waitomo District","Other",1.09687550550596,-0.68667791884763,-0.815492570845529,4.76833333333333,3.87833333333333,10.125,1280598,10.125,1280598,6.45,4.76833333333333,3.87833333333333,1.7,4.6,798633.333333333,6.03333333333333,47866.3333333333,0.49310664252972,0.070444556306849,5968.86415649874,0.0446629333271531,13.5906572124513
"485",2020,"Wellington","Wellington Rural",1.31926566572734,-0.473467488041854,0.267159450947893,4.76833333333333,3.87833333333333,10.125,1280598,10.125,1280598,6.45,4.76833333333333,3.87833333333333,1.7,4.6,865546,8.6,68216,0.480581578114992,0.343317855808996,7878.96898345685,-1.05171128151982,13.6711158006552
"486",2020,"Wellington City","Wellington Urban",1.50131070838643,-0.299554029250545,0.343164291386296,4.76833333333333,3.87833333333333,10.125,1280598,10.125,1280598,6.45,4.76833333333333,3.87833333333333,1.7,4.6,865546,8.6,68216,0.480581578114992,0.343317855808996,7878.96898345685,-1.05171128151982,13.6711158006552
"487",2020,"West Coast","Other",3.32650235721865,1.45224652484902,0.433941232474169,4.76833333333333,3.87833333333333,10.125,1280598,10.125,1280598,6.45,4.76833333333333,3.87833333333333,1.7,4.6,798633.333333333,6.03333333333333,47866.3333333333,0.49310664252972,0.070444556306849,5968.86415649874,0.0446629333271531,13.5906572124513
"488",2020,"Western Bay of Plenty District","Other",1.78095336359643,-0.0338935076981825,0.0315206196200554,4.76833333333333,3.87833333333333,10.125,1280598,10.125,1280598,6.45,4.76833333333333,3.87833333333333,1.7,4.6,798633.333333333,6.03333333333333,47866.3333333333,0.49310664252972,0.070444556306849,5968.86415649874,0.0446629333271531,13.5906572124513
"489",2020,"Westland District","Other",3.02485327424741,1.1575192347405,0.343640810762085,4.76833333333333,3.87833333333333,10.125,1280598,10.125,1280598,6.45,4.76833333333333,3.87833333333333,1.7,4.6,798633.333333333,6.03333333333333,47866.3333333333,0.49310664252972,0.070444556306849,5968.86415649874,0.0446629333271531,13.5906572124513
"490",2020,"Whakatane District","Other",1.50444170420612,-0.299716413432423,-0.270592664630397,4.76833333333333,3.87833333333333,10.125,1280598,10.125,1280598,6.45,4.76833333333333,3.87833333333333,1.7,4.6,798633.333333333,6.03333333333333,47866.3333333333,0.49310664252972,0.070444556306849,5968.86415649874,0.0446629333271531,13.5906572124513
"491",2020,"Whanganui District","Other",0.737437185405586,-1.0319066895202,-1.69347952073742,4.76833333333333,3.87833333333333,10.125,1280598,10.125,1280598,6.45,4.76833333333333,3.87833333333333,1.7,4.6,798633.333333333,6.03333333333333,47866.3333333333,0.49310664252972,0.070444556306849,5968.86415649874,0.0446629333271531,13.5906572124513
"492",2020,"Whangarei District","Other",1.60445465638935,-0.205371203761321,-0.423078864882992,4.76833333333333,3.87833333333333,10.125,1280598,10.125,1280598,6.45,4.76833333333333,3.87833333333333,1.7,4.6,798633.333333333,6.03333333333333,47866.3333333333,0.49310664252972,0.070444556306849,5968.86415649874,0.0446629333271531,13.5906572124513
"493",2021,"Ashburton District","Canterbury Rural",1.93857663886195,0.128653058361667,0.87901032946143,4.5775,3.805,26.45,1632673.25,26.45,1632673.25,5.325,4.5775,3.805,3.9,3.775,598688,20.3,101061,-0.684249412454834,-0.956760886920121,2650.64520547945,1.75997995234959,13.3024958732851
"494",2021,"Auckland","Auckland Urban",0.410382307783149,-1.33986829045177,1.09701794388506,4.5775,3.805,26.45,1632673.25,26.45,1632673.25,5.325,4.5775,3.805,3.9,3.775,1274463,23.4,241736,-0.496373446233895,1.30718789842352,5077.69452054795,2.40559742814401,14.0580354713844
"495",2021,"Bay of Plenty","Other",0.51585213839498,-1.24300612596156,-0.687547118446087,4.5775,3.805,26.45,1632673.25,26.45,1632673.25,5.325,4.5775,3.805,3.9,3.775,1001570.66666667,24.8,202937.333333333,-0.696774476869564,0.349093579564536,4463.92237442922,0.849876325757032,13.8170799924241
"496",2021,"Buller District","Other",1.43412848379824,-0.364832470365489,-0.776417982030801,4.5775,3.805,26.45,1632673.25,26.45,1632673.25,5.325,4.5775,3.805,3.9,3.775,1001570.66666667,24.8,202937.333333333,-0.696774476869564,0.349093579564536,4463.92237442922,0.849876325757032,13.8170799924241
"497",2021,"Canterbury","Canterbury Rural",1.6927487385046,-0.126939643914261,1.23473204348818,4.5775,3.805,26.45,1632673.25,26.45,1632673.25,5.325,4.5775,3.805,3.9,3.775,598688,20.3,101061,-0.684249412454834,-0.956760886920121,2650.64520547945,1.75997995234959,13.3024958732851
"498",2021,"Carterton District","Wellington Rural",-0.276021432916237,-1.98981097841836,-1.73994015987689,4.5775,3.805,26.45,1632673.25,26.45,1632673.25,5.325,4.5775,3.805,3.9,3.775,1131561,30.7,266015,-0.909700571919962,0.69685372719021,5663.42739726027,-1.61594840322251,13.9391086533406
"499",2021,"Central Hawkes Bay District","Other",0.314931663794326,-1.42763694075682,-2.12782693176942,4.5775,3.805,26.45,1632673.25,26.45,1632673.25,5.325,4.5775,3.805,3.9,3.775,1001570.66666667,24.8,202937.333333333,-0.696774476869564,0.349093579564536,4463.92237442922,0.849876325757032,13.8170799924241
"500",2021,"Central Otago District","Other",0.652005728039769,-1.10822725500285,-0.526007050053494,4.5775,3.805,26.45,1632673.25,26.45,1632673.25,5.325,4.5775,3.805,3.9,3.775,1001570.66666667,24.8,202937.333333333,-0.696774476869564,0.349093579564536,4463.92237442922,0.849876325757032,13.8170799924241
"501",2021,"Christchurch City","Canterbury Urban",1.55444818029774,-0.260581825599832,1.01052967717929,4.5775,3.805,26.45,1632673.25,26.45,1632673.25,5.325,4.5775,3.805,3.9,3.775,598688,20.3,101061,-0.684249412454834,-0.956760886920121,2650.64520547945,1.75997995234959,13.3024958732851
"502",2021,"Clutha District","Other",0.218049707430787,-1.53269950643187,-1.11712933572019,4.5775,3.805,26.45,1632673.25,26.45,1632673.25,5.325,4.5775,3.805,3.9,3.775,1001570.66666667,24.8,202937.333333333,-0.696774476869564,0.349093579564536,4463.92237442922,0.849876325757032,13.8170799924241
"503",2021,"Dunedin City","Other",0.296324602923027,-1.43754237585137,0.803720268086711,4.5775,3.805,26.45,1632673.25,26.45,1632673.25,5.325,4.5775,3.805,3.9,3.775,1001570.66666667,24.8,202937.333333333,-0.696774476869564,0.349093579564536,4463.92237442922,0.849876325757032,13.8170799924241
"504",2021,"Far North District","Other",1.25682466338039,-0.534686324609848,-0.504801937830867,4.5775,3.805,26.45,1632673.25,26.45,1632673.25,5.325,4.5775,3.805,3.9,3.775,1001570.66666667,24.8,202937.333333333,-0.696774476869564,0.349093579564536,4463.92237442922,0.849876325757032,13.8170799924241
"505",2021,"Gisborne","Other",0.330586642892774,-1.40311692929324,-0.806676962393426,4.5775,3.805,26.45,1632673.25,26.45,1632673.25,5.325,4.5775,3.805,3.9,3.775,1001570.66666667,24.8,202937.333333333,-0.696774476869564,0.349093579564536,4463.92237442922,0.849876325757032,13.8170799924241
"506",2021,"Gisborne District","Other",0.330586642892774,-1.40311692929324,-0.806676962393426,4.5775,3.805,26.45,1632673.25,26.45,1632673.25,5.325,4.5775,3.805,3.9,3.775,1001570.66666667,24.8,202937.333333333,-0.696774476869564,0.349093579564536,4463.92237442922,0.849876325757032,13.8170799924241
"507",2021,"Gore District","Other",1.17908651002866,-0.590708867357749,-1.42305477497696,4.5775,3.805,26.45,1632673.25,26.45,1632673.25,5.325,4.5775,3.805,3.9,3.775,1001570.66666667,24.8,202937.333333333,-0.696774476869564,0.349093579564536,4463.92237442922,0.849876325757032,13.8170799924241
"508",2021,"Grey District","Other",1.97936904154133,0.180291228198863,0.144217451994238,4.5775,3.805,26.45,1632673.25,26.45,1632673.25,5.325,4.5775,3.805,3.9,3.775,1001570.66666667,24.8,202937.333333333,-0.696774476869564,0.349093579564536,4463.92237442922,0.849876325757032,13.8170799924241
"509",2021,"Hamilton City","Other",0.217691879337108,-1.5221445346098,0.0196076352253217,4.5775,3.805,26.45,1632673.25,26.45,1632673.25,5.325,4.5775,3.805,3.9,3.775,1001570.66666667,24.8,202937.333333333,-0.696774476869564,0.349093579564536,4463.92237442922,0.849876325757032,13.8170799924241
"510",2021,"Hastings District","Other",0.126803543542689,-1.6179512019178,-0.450002209615092,4.5775,3.805,26.45,1632673.25,26.45,1632673.25,5.325,4.5775,3.805,3.9,3.775,1001570.66666667,24.8,202937.333333333,-0.696774476869564,0.349093579564536,4463.92237442922,0.849876325757032,13.8170799924241
"511",2021,"Hauraki District","Other",0.3107271836936,-1.43673045494198,-0.869815779685516,4.5775,3.805,26.45,1632673.25,26.45,1632673.25,5.325,4.5775,3.805,3.9,3.775,1001570.66666667,24.8,202937.333333333,-0.696774476869564,0.349093579564536,4463.92237442922,0.849876325757032,13.8170799924241
"512",2021,"Hawke's Bay","Other",0.213219028166123,-1.5302637437037,-0.556504290104013,4.5775,3.805,26.45,1632673.25,26.45,1632673.25,5.325,4.5775,3.805,3.9,3.775,1001570.66666667,24.8,202937.333333333,-0.696774476869564,0.349093579564536,4463.92237442922,0.849876325757032,13.8170799924241
"513",2021,"Horowhenua District","Other",-0.185580382238916,-1.91349041293571,-1.60913559122271,4.5775,3.805,26.45,1632673.25,26.45,1632673.25,5.325,4.5775,3.805,3.9,3.775,1001570.66666667,24.8,202937.333333333,-0.696774476869564,0.349093579564536,4463.92237442922,0.849876325757032,13.8170799924241
"514",2021,"Hurunui District","Canterbury Rural",1.87881934721758,0.0425894419663423,0.22165185056001,4.5775,3.805,26.45,1632673.25,26.45,1632673.25,5.325,4.5775,3.805,3.9,3.775,598688,20.3,101061,-0.684249412454834,-0.956760886920121,2650.64520547945,1.75997995234959,13.3024958732851
"515",2021,"Hutt City","Wellington Urban",0.276017858606755,-1.4623871556787,-0.349218361635643,4.5775,3.805,26.45,1632673.25,26.45,1632673.25,5.325,4.5775,3.805,3.9,3.775,1131561,30.7,266015,-0.909700571919962,0.69685372719021,5663.42739726027,-1.61594840322251,13.9391086533406
"516",2021,"Invercargill City","Other",0.829041177387362,-0.931878033483369,-0.795717016750271,4.5775,3.805,26.45,1632673.25,26.45,1632673.25,5.325,4.5775,3.805,3.9,3.775,1001570.66666667,24.8,202937.333333333,-0.696774476869564,0.349093579564536,4463.92237442922,0.849876325757032,13.8170799924241
"517",2021,"Kaikoura District","Other",1.81843585640928,0.0325216226899084,1.11369612203769,4.5775,3.805,26.45,1632673.25,26.45,1632673.25,5.325,4.5775,3.805,3.9,3.775,1001570.66666667,24.8,202937.333333333,-0.696774476869564,0.349093579564536,4463.92237442922,0.849876325757032,13.8170799924241
"518",2021,"Kaipara District","Other",0.212235000908506,-1.54861315625591,-0.901027798799719,4.5775,3.805,26.45,1632673.25,26.45,1632673.25,5.325,4.5775,3.805,3.9,3.775,1001570.66666667,24.8,202937.333333333,-0.696774476869564,0.349093579564536,4463.92237442922,0.849876325757032,13.8170799924241
"519",2021,"Kapiti Coast District","Wellington Rural",0.338816689047386,-1.40295454511137,-0.227705920809356,4.5775,3.805,26.45,1632673.25,26.45,1632673.25,5.325,4.5775,3.805,3.9,3.775,1131561,30.7,266015,-0.909700571919962,0.69685372719021,5663.42739726027,-1.61594840322251,13.9391086533406
"520",2021,"Kawerau District","Other",-0.340341032755003,-2.04485921607499,-1.32894219825856,4.5775,3.805,26.45,1632673.25,26.45,1632673.25,5.325,4.5775,3.805,3.9,3.775,1001570.66666667,24.8,202937.333333333,-0.696774476869564,0.349093579564536,4463.92237442922,0.849876325757032,13.8170799924241
"521",2021,"MacKenzie District","Canterbury Rural",0.432120364474137,-1.30568642016646,1.96976318064327,4.5775,3.805,26.45,1632673.25,26.45,1632673.25,5.325,4.5775,3.805,3.9,3.775,598688,20.3,101061,-0.684249412454834,-0.956760886920121,2650.64520547945,1.75997995234959,13.3024958732851
"522",2021,"Manawatu District","Other",0.145231690367148,-1.59294403790859,-1.10902850633177,4.5775,3.805,26.45,1632673.25,26.45,1632673.25,5.325,4.5775,3.805,3.9,3.775,1001570.66666667,24.8,202937.333333333,-0.696774476869564,0.349093579564536,4463.92237442922,0.849876325757032,13.8170799924241
"523",2021,"Manawatu-Wanganui","Other",0.0642730841723163,-1.67137559775565,-0.923900728837608,4.5775,3.805,26.45,1632673.25,26.45,1632673.25,5.325,4.5775,3.805,3.9,3.775,1001570.66666667,24.8,202937.333333333,-0.696774476869564,0.349093579564536,4463.92237442922,0.849876325757032,13.8170799924241
"524",2021,"Marlborough","Other",1.01350155967879,-0.746110529414969,-0.67754021155451,4.5775,3.805,26.45,1632673.25,26.45,1632673.25,5.325,4.5775,3.805,3.9,3.775,1001570.66666667,24.8,202937.333333333,-0.696774476869564,0.349093579564536,4463.92237442922,0.849876325757032,13.8170799924241
"525",2021,"Marlborough District","Other",1.01350155967879,-0.746110529414969,-0.67754021155451,4.5775,3.805,26.45,1632673.25,26.45,1632673.25,5.325,4.5775,3.805,3.9,3.775,1001570.66666667,24.8,202937.333333333,-0.696774476869564,0.349093579564536,4463.92237442922,0.849876325757032,13.8170799924241
"526",2021,"Masterton District","Wellington Rural",0.245602470644056,-1.4948639920543,-1.36825504676119,4.5775,3.805,26.45,1632673.25,26.45,1632673.25,5.325,4.5775,3.805,3.9,3.775,1131561,30.7,266015,-0.909700571919962,0.69685372719021,5663.42739726027,-1.61594840322251,13.9391086533406
"527",2021,"Matamata Piako District","Other",0.173142281674095,-1.56355250098868,-1.02802021244758,4.5775,3.805,26.45,1632673.25,26.45,1632673.25,5.325,4.5775,3.805,3.9,3.775,1001570.66666667,24.8,202937.333333333,-0.696774476869564,0.349093579564536,4463.92237442922,0.849876325757032,13.8170799924241
"528",2021,"Napier City","Other",0.231557717967162,-1.50558134805825,-0.472636879965086,4.5775,3.805,26.45,1632673.25,26.45,1632673.25,5.325,4.5775,3.805,3.9,3.775,1001570.66666667,24.8,202937.333333333,-0.696774476869564,0.349093579564536,4463.92237442922,0.849876325757032,13.8170799924241
"529",2021,"Nelson","Other",1.03819169814263,-0.730196879590927,0.785374272118821,4.5775,3.805,26.45,1632673.25,26.45,1632673.25,5.325,4.5775,3.805,3.9,3.775,1001570.66666667,24.8,202937.333333333,-0.696774476869564,0.349093579564536,4463.92237442922,0.849876325757032,13.8170799924241
"530",2021,"Nelson City","Other",1.03819169814263,-0.730196879590927,0.788709907749348,4.5775,3.805,26.45,1632673.25,26.45,1632673.25,5.325,4.5775,3.805,3.9,3.775,1001570.66666667,24.8,202937.333333333,-0.696774476869564,0.349093579564536,4463.92237442922,0.849876325757032,13.8170799924241
"531",2021,"New Plymouth District","Other",0.957769834088316,-0.819183411260056,0.271924644705786,4.5775,3.805,26.45,1632673.25,26.45,1632673.25,5.325,4.5775,3.805,3.9,3.775,1001570.66666667,24.8,202937.333333333,-0.696774476869564,0.349093579564536,4463.92237442922,0.849876325757032,13.8170799924241
"532",2021,"New Zealand","Other",0.539737163648041,-1.2147512783148,0.636938486560435,4.5775,3.805,26.45,1632673.25,26.45,1632673.25,5.325,4.5775,3.805,3.9,3.775,1001570.66666667,24.8,202937.333333333,-0.696774476869564,0.349093579564536,4463.92237442922,0.849876325757032,13.8170799924241
"533",2021,"Northland","Other",0.865271271872342,-0.91336623674928,-0.74377640478923,4.5775,3.805,26.45,1632673.25,26.45,1632673.25,5.325,4.5775,3.805,3.9,3.775,1001570.66666667,24.8,202937.333333333,-0.696774476869564,0.349093579564536,4463.92237442922,0.849876325757032,13.8170799924241
"534",2021,"Opotiki District","Other",0.77241488156269,-0.966303480041499,-1.42639041060749,4.5775,3.805,26.45,1632673.25,26.45,1632673.25,5.325,4.5775,3.805,3.9,3.775,1001570.66666667,24.8,202937.333333333,-0.696774476869564,0.349093579564536,4463.92237442922,0.849876325757032,13.8170799924241
"535",2021,"Otago","Other",0.284874103925305,-1.45702847767673,1.03173478940192,4.5775,3.805,26.45,1632673.25,26.45,1632673.25,5.325,4.5775,3.805,3.9,3.775,1001570.66666667,24.8,202937.333333333,-0.696774476869564,0.349093579564536,4463.92237442922,0.849876325757032,13.8170799924241
"536",2021,"Otorohanga District","Other",0.231199889873483,-1.52198215042792,-1.20862105587175,4.5775,3.805,26.45,1632673.25,26.45,1632673.25,5.325,4.5775,3.805,3.9,3.775,1001570.66666667,24.8,202937.333333333,-0.696774476869564,0.349093579564536,4463.92237442922,0.849876325757032,13.8170799924241
"537",2021,"Palmerston North City","Other",0.263762246398255,-1.47261735913702,-0.33944971443196,4.5775,3.805,26.45,1632673.25,26.45,1632673.25,5.325,4.5775,3.805,3.9,3.775,1001570.66666667,24.8,202937.333333333,-0.696774476869564,0.349093579564536,4463.92237442922,0.849876325757032,13.8170799924241
"538",2021,"Porirua City","Wellington Urban",0.352145785536922,-1.39304911001681,-0.192443487000943,4.5775,3.805,26.45,1632673.25,26.45,1632673.25,5.325,4.5775,3.805,3.9,3.775,1131561,30.7,266015,-0.909700571919962,0.69685372719021,5663.42739726027,-1.61594840322251,13.9391086533406
"539",2021,"Queenstown Lakes District","Other",0.705143199951073,-1.0539909382556,1.30263605453817,4.5775,3.805,26.45,1632673.25,26.45,1632673.25,5.325,4.5775,3.805,3.9,3.775,1001570.66666667,24.8,202937.333333333,-0.696774476869564,0.349093579564536,4463.92237442922,0.849876325757032,13.8170799924241
"540",2021,"Rangitikei District","Other",-0.191305631737777,-1.93037836785102,-1.9543738789821,4.5775,3.805,26.45,1632673.25,26.45,1632673.25,5.325,4.5775,3.805,3.9,3.775,1001570.66666667,24.8,202937.333333333,-0.696774476869564,0.349093579564536,4463.92237442922,0.849876325757032,13.8170799924241
"541",2021,"Rotorua District","Other",0.41619701430543,-1.33085596835755,-1.59960520370692,4.5775,3.805,26.45,1632673.25,26.45,1632673.25,5.325,4.5775,3.805,3.9,3.775,1001570.66666667,24.8,202937.333333333,-0.696774476869564,0.349093579564536,4463.92237442922,0.849876325757032,13.8170799924241
"542",2021,"Ruapehu District","Other",0.308669672154947,-1.44549920076339,-1.44545118563906,4.5775,3.805,26.45,1632673.25,26.45,1632673.25,5.325,4.5775,3.805,3.9,3.775,1001570.66666667,24.8,202937.333333333,-0.696774476869564,0.349093579564536,4463.92237442922,0.849876325757032,13.8170799924241
"543",2021,"Selwyn District","Canterbury Rural",1.84768830306753,0.0123859841370391,2.69788478684941,4.5775,3.805,26.45,1632673.25,26.45,1632673.25,5.325,4.5775,3.805,3.9,3.775,598688,20.3,101061,-0.684249412454834,-0.956760886920121,2650.64520547945,1.75997995234959,13.3024958732851
"544",2021,"South Taranaki District","Other",0.586791557966805,-1.16847178647957,-1.04255405340916,4.5775,3.805,26.45,1632673.25,26.45,1632673.25,5.325,4.5775,3.805,3.9,3.775,1001570.66666667,24.8,202937.333333333,-0.696774476869564,0.349093579564536,4463.92237442922,0.849876325757032,13.8170799924241
"545",2021,"South Waikato District","Other",-0.326654108171789,-2.05784995062523,-2.50737461458565,4.5775,3.805,26.45,1632673.25,26.45,1632673.25,5.325,4.5775,3.805,3.9,3.775,1001570.66666667,24.8,202937.333333333,-0.696774476869564,0.349093579564536,4463.92237442922,0.849876325757032,13.8170799924241
"546",2021,"South Wairarapa District","Wellington Rural",0.285321389042404,-1.45816516694988,-0.685879300630825,4.5775,3.805,26.45,1632673.25,26.45,1632673.25,5.325,4.5775,3.805,3.9,3.775,1131561,30.7,266015,-0.909700571919962,0.69685372719021,5663.42739726027,-1.61594840322251,13.9391086533406
"547",2021,"Southland","Other",0.889245754148823,-0.872607807097909,-0.871245337812884,4.5775,3.805,26.45,1632673.25,26.45,1632673.25,5.325,4.5775,3.805,3.9,3.775,1001570.66666667,24.8,202937.333333333,-0.696774476869564,0.349093579564536,4463.92237442922,0.849876325757032,13.8170799924241
"548",2021,"Southland District","Other",0.95061327221474,-0.809602744529256,0.144217451994238,4.5775,3.805,26.45,1632673.25,26.45,1632673.25,5.325,4.5775,3.805,3.9,3.775,1001570.66666667,24.8,202937.333333333,-0.696774476869564,0.349093579564536,4463.92237442922,0.849876325757032,13.8170799924241
"549",2021,"Stratford District","Other",0.36189660108967,-1.38233175401286,-1.49620049916063,4.5775,3.805,26.45,1632673.25,26.45,1632673.25,5.325,4.5775,3.805,3.9,3.775,1001570.66666667,24.8,202937.333333333,-0.696774476869564,0.349093579564536,4463.92237442922,0.849876325757032,13.8170799924241
"550",2021,"Taranaki","Other",0.783954837583832,-0.98384097168432,-0.0602093602193961,4.5775,3.805,26.45,1632673.25,26.45,1632673.25,5.325,4.5775,3.805,3.9,3.775,1001570.66666667,24.8,202937.333333333,-0.696774476869564,0.349093579564536,4463.92237442922,0.849876325757032,13.8170799924241
"551",2021,"Tararua District","Other",-0.307331391113133,-2.02699695606841,-1.78902165558319,4.5775,3.805,26.45,1632673.25,26.45,1632673.25,5.325,4.5775,3.805,3.9,3.775,1001570.66666667,24.8,202937.333333333,-0.696774476869564,0.349093579564536,4463.92237442922,0.849876325757032,13.8170799924241
"552",2021,"Tasman","Other",1.14276695852026,-0.629518686826585,0.66362357160464,4.5775,3.805,26.45,1632673.25,26.45,1632673.25,5.325,4.5775,3.805,3.9,3.775,1001570.66666667,24.8,202937.333333333,-0.696774476869564,0.349093579564536,4463.92237442922,0.849876325757032,13.8170799924241
"553",2021,"Tasman District","Other",1.14419827089498,-0.628381997553439,0.661955753789377,4.5775,3.805,26.45,1632673.25,26.45,1632673.25,5.325,4.5775,3.805,3.9,3.775,1001570.66666667,24.8,202937.333333333,-0.696774476869564,0.349093579564536,4463.92237442922,0.849876325757032,13.8170799924241
"554",2021,"Taupo District","Other",0.710957906473354,-1.05155517552743,-0.891020891908143,4.5775,3.805,26.45,1632673.25,26.45,1632673.25,5.325,4.5775,3.805,3.9,3.775,1001570.66666667,24.8,202937.333333333,-0.696774476869564,0.349093579564536,4463.92237442922,0.849876325757032,13.8170799924241
"555",2021,"Tauranga City","Other",0.659788489077283,-1.10238142445524,-0.247004955528824,4.5775,3.805,26.45,1632673.25,26.45,1632673.25,5.325,4.5775,3.805,3.9,3.775,1001570.66666667,24.8,202937.333333333,-0.696774476869564,0.349093579564536,4463.92237442922,0.849876325757032,13.8170799924241
"556",2021,"Thames Coromandel District","Other",0.582587077866079,-1.19250464539751,-0.979891755492857,4.5775,3.805,26.45,1632673.25,26.45,1632673.25,5.325,4.5775,3.805,3.9,3.775,1001570.66666667,24.8,202937.333333333,-0.696774476869564,0.349093579564536,4463.92237442922,0.849876325757032,13.8170799924241
"557",2021,"Timaru District","Canterbury Rural",1.59425655571951,-0.196440073758032,0.208071048350013,4.5775,3.805,26.45,1632673.25,26.45,1632673.25,5.325,4.5775,3.805,3.9,3.775,598688,20.3,101061,-0.684249412454834,-0.956760886920121,2650.64520547945,1.75997995234959,13.3024958732851
"558",2021,"Upper Hutt City","Wellington Urban",0.280759080847999,-1.4675834494988,-0.668009824038723,4.5775,3.805,26.45,1632673.25,26.45,1632673.25,5.325,4.5775,3.805,3.9,3.775,1131561,30.7,266015,-0.909700571919962,0.69685372719021,5663.42739726027,-1.61594840322251,13.9391086533406
"559",2021,"Waikato","Other",0.393117102263147,-1.36024750527746,-0.0880857437030731,4.5775,3.805,26.45,1632673.25,26.45,1632673.25,5.325,4.5775,3.805,3.9,3.775,1001570.66666667,24.8,202937.333333333,-0.696774476869564,0.349093579564536,4463.92237442922,0.849876325757032,13.8170799924241
"560",2021,"Waikato District","Other",0.481590098425234,-1.30942125634965,-0.225323323930409,4.5775,3.805,26.45,1632673.25,26.45,1632673.25,5.325,4.5775,3.805,3.9,3.775,1001570.66666667,24.8,202937.333333333,-0.696774476869564,0.349093579564536,4463.92237442922,0.849876325757032,13.8170799924241
"561",2021,"Waimakariri District","Canterbury Rural",1.60991153481796,-0.220472932675973,1.18231491215136,4.5775,3.805,26.45,1632673.25,26.45,1632673.25,5.325,4.5775,3.805,3.9,3.775,598688,20.3,101061,-0.684249412454834,-0.956760886920121,2650.64520547945,1.75997995234959,13.3024958732851
"562",2021,"Waimate District","Canterbury Rural",0.968862504992359,-0.814961422531229,-0.906507771621297,4.5775,3.805,26.45,1632673.25,26.45,1632673.25,5.325,4.5775,3.805,3.9,3.775,598688,20.3,101061,-0.684249412454834,-0.956760886920121,2650.64520547945,1.75997995234959,13.3024958732851
"563",2021,"Waipa District","Other",0.173142281674095,-1.57719277226643,-0.400682454220893,4.5775,3.805,26.45,1632673.25,26.45,1632673.25,5.325,4.5775,3.805,3.9,3.775,1001570.66666667,24.8,202937.333333333,-0.696774476869564,0.349093579564536,4463.92237442922,0.849876325757032,13.8170799924241
"564",2021,"Wairoa District","Other",0.647085591751685,-1.14167839646971,-2.02513700628682,4.5775,3.805,26.45,1632673.25,26.45,1632673.25,5.325,4.5775,3.805,3.9,3.775,1001570.66666667,24.8,202937.333333333,-0.696774476869564,0.349093579564536,4463.92237442922,0.849876325757032,13.8170799924241
"565",2021,"Waitaki District","Other",0.988095765027596,-0.783946043792536,0.0165102592826907,4.5775,3.805,26.45,1632673.25,26.45,1632673.25,5.325,4.5775,3.805,3.9,3.775,1001570.66666667,24.8,202937.333333333,-0.696774476869564,0.349093579564536,4463.92237442922,0.849876325757032,13.8170799924241
"566",2021,"Waitomo District","Other",0.113206075982894,-1.62639517937546,-0.629888273975575,4.5775,3.805,26.45,1632673.25,26.45,1632673.25,5.325,4.5775,3.805,3.9,3.775,1001570.66666667,24.8,202937.333333333,-0.696774476869564,0.349093579564536,4463.92237442922,0.849876325757032,13.8170799924241
"567",2021,"Wellington","Wellington Rural",0.382113888382523,-1.36690525673446,0.165184304528971,4.5775,3.805,26.45,1632673.25,26.45,1632673.25,5.325,4.5775,3.805,3.9,3.775,1131561,30.7,266015,-0.909700571919962,0.69685372719021,5663.42739726027,-1.61594840322251,13.9391086533406
"568",2021,"Wellington City","Wellington Urban",0.47675941916057,-1.2670389848795,0.247860416228425,4.5775,3.805,26.45,1632673.25,26.45,1632673.25,5.325,4.5775,3.805,3.9,3.775,1131561,30.7,266015,-0.909700571919962,0.69685372719021,5663.42739726027,-1.61594840322251,13.9391086533406
"569",2021,"West Coast","Other",1.87819314805365,0.072955283977523,-0.0144635001436174,4.5775,3.805,26.45,1632673.25,26.45,1632673.25,5.325,4.5775,3.805,3.9,3.775,1001570.66666667,24.8,202937.333333333,-0.696774476869564,0.349093579564536,4463.92237442922,0.849876325757032,13.8170799924241
"570",2021,"Western Bay of Plenty District","Other",0.801756785244353,-0.98627673441249,-0.295371672171445,4.5775,3.805,26.45,1632673.25,26.45,1632673.25,5.325,4.5775,3.805,3.9,3.775,1001570.66666667,24.8,202937.333333333,-0.696774476869564,0.349093579564536,4463.92237442922,0.849876325757032,13.8170799924241
"571",2021,"Westland District","Other",2.03000171679688,0.207247002390606,0.295035834431571,4.5775,3.805,26.45,1632673.25,26.45,1632673.25,5.325,4.5775,3.805,3.9,3.775,1001570.66666667,24.8,202937.333333333,-0.696774476869564,0.349093579564536,4463.92237442922,0.849876325757032,13.8170799924241
"572",2021,"Whakatane District","Other",0.532133316657366,-1.22757962868316,-0.616783991141367,4.5775,3.805,26.45,1632673.25,26.45,1632673.25,5.325,4.5775,3.805,3.9,3.775,1001570.66666667,24.8,202937.333333333,-0.696774476869564,0.349093579564536,4463.92237442922,0.849876325757032,13.8170799924241
"573",2021,"Whanganui District","Other",-0.185222554145237,-1.91170418693505,-2.20692914815046,4.5775,3.805,26.45,1632673.25,26.45,1632673.25,5.325,4.5775,3.805,3.9,3.775,1001570.66666667,24.8,202937.333333333,-0.696774476869564,0.349093579564536,4463.92237442922,0.849876325757032,13.8170799924241
"574",2021,"Whangarei District","Other",0.783149724373055,-0.98627673441249,-0.854090640284468,4.5775,3.805,26.45,1632673.25,26.45,1632673.25,5.325,4.5775,3.805,3.9,3.775,1001570.66666667,24.8,202937.333333333,-0.696774476869564,0.349093579564536,4463.92237442922,0.849876325757032,13.8170799924241
"575",2022,"Ashburton District","Canterbury Rural",-0.644137084288317,-0.254248842506591,0.69054691633674,6.105,5.8225,1.075,1660763,1.075,1660763,6.375,6.105,5.8225,7.15,3.3,758913,26.8,160225,-1.51090366382697,-0.720139613063811,3793.44931506849,2.29573395012017,13.5396424253019
"576",2022,"Auckland","Auckland Urban",-1.12885996568798,-1.07274631126251,1.58342509672205,6.105,5.8225,1.075,1660763,1.075,1660763,6.375,6.105,5.8225,7.15,3.3,1446245,13.5,171782,-1.13515173138509,1.59670665408288,4641.48767123288,2.48426510376602,14.1844811002671
"577",2022,"Bay of Plenty","Other",-1.10367781359533,-1.02752231660949,-0.581283297645059,6.105,5.8225,1.075,1660763,1.075,1660763,6.375,6.105,5.8225,7.15,3.3,1138662,15.7666666666667,137091.333333333,-1.57352898590061,0.631590616935856,4528.91735159817,1.18444000368972,13.9453644468534
"578",2022,"Buller District","Other",-0.889070414411466,-0.680994472481901,-1.05732615405863,6.105,5.8225,1.075,1660763,1.075,1660763,6.375,6.105,5.8225,7.15,3.3,1138662,15.7666666666667,137091.333333333,-1.57352898590061,0.631590616935856,4528.91735159817,1.18444000368972,13.9453644468534
"579",2022,"Canterbury","Canterbury Rural",-0.683319260546147,-0.305237475616274,0.965736855855092,6.105,5.8225,1.075,1660763,1.075,1660763,6.375,6.105,5.8225,7.15,3.3,758913,26.8,160225,-1.51090366382697,-0.720139613063811,3793.44931506849,2.29573395012017,13.5396424253019
"580",2022,"Carterton District","Wellington Rural",-1.49505229105654,-1.704177202495,-2.04920123476418,6.105,5.8225,1.075,1660763,1.075,1660763,6.375,6.105,5.8225,7.15,3.3,1210828,7,79267,-2.07453156248979,1.0182048097885,5151.81506849315,-1.22667904281705,14.0068149810688
"581",2022,"Central Hawkes Bay District","Other",-1.39459205375621,-1.54601500934586,-2.57718470313879,6.105,5.8225,1.075,1660763,1.075,1660763,6.375,6.105,5.8225,7.15,3.3,1138662,15.7666666666667,137091.333333333,-1.57352898590061,0.631590616935856,4528.91735159817,1.18444000368972,13.9453644468534
"582",2022,"Central Otago District","Other",-1.21192081193318,-1.24105751577903,-0.484788124047714,6.105,5.8225,1.075,1660763,1.075,1660763,6.375,6.105,5.8225,7.15,3.3,1138662,15.7666666666667,137091.333333333,-1.57352898590061,0.631590616935856,4528.91735159817,1.18444000368972,13.9453644468534
"583",2022,"Christchurch City","Canterbury Urban",-0.750054200017246,-0.419555939658366,0.794428140258819,6.105,5.8225,1.075,1660763,1.075,1660763,6.375,6.105,5.8225,7.15,3.3,758913,26.8,160225,-1.51090366382697,-0.720139613063811,3793.44931506849,2.29573395012017,13.5396424253019
"584",2022,"Clutha District","Other",-1.40979974773756,-1.57621846717516,-1.13285447512124,6.105,5.8225,1.075,1660763,1.075,1660763,6.375,6.105,5.8225,7.15,3.3,1138662,15.7666666666667,137091.333333333,-1.57352898590061,0.631590616935856,4528.91735159817,1.18444000368972,13.9453644468534
"585",2022,"Dunedin City","Other",-1.11226568784363,-1.04700841843485,0.890208534792479,6.105,5.8225,1.075,1660763,1.075,1660763,6.375,6.105,5.8225,7.15,3.3,1138662,15.7666666666667,137091.333333333,-1.57352898590061,0.631590616935856,4528.91735159817,1.18444000368972,13.9453644468534
"586",2022,"Far North District","Other",-0.909019330634059,-0.703728257944818,-0.750447676050283,6.105,5.8225,1.075,1660763,1.075,1660763,6.375,6.105,5.8225,7.15,3.3,1138662,15.7666666666667,137091.333333333,-1.57352898590061,0.631590616935856,4528.91735159817,1.18444000368972,13.9453644468534
"587",2022,"Gisborne","Other",-1.27132027548386,-1.33166788926694,-1.14786483545861,6.105,5.8225,1.075,1660763,1.075,1660763,6.375,6.105,5.8225,7.15,3.3,1138662,15.7666666666667,137091.333333333,-1.57352898590061,0.631590616935856,4528.91735159817,1.18444000368972,13.9453644468534
"588",2022,"Gisborne District","Other",-1.27132027548386,-1.33166788926694,-1.14786483545861,6.105,5.8225,1.075,1660763,1.075,1660763,6.375,6.105,5.8225,7.15,3.3,1138662,15.7666666666667,137091.333333333,-1.57352898590061,0.631590616935856,4528.91735159817,1.18444000368972,13.9453644468534
"589",2022,"Gore District","Other",-0.918770146186807,-0.726949195953367,-1.47404234818642,6.105,5.8225,1.075,1660763,1.075,1660763,6.375,6.105,5.8225,7.15,3.3,1138662,15.7666666666667,137091.333333333,-1.57352898590061,0.631590616935856,4528.91735159817,1.18444000368972,13.9453644468534
"590",2022,"Grey District","Other",-0.547523498995037,-0.0733528638945294,0.176144250172126,6.105,5.8225,1.075,1660763,1.075,1660763,6.375,6.105,5.8225,7.15,3.3,1138662,15.7666666666667,137091.333333333,-1.57352898590061,0.631590616935856,4528.91735159817,1.18444000368972,13.9453644468534
"591",2022,"Hamilton City","Other",-1.24099434454458,-1.27856826179284,0.270733346266314,6.105,5.8225,1.075,1660763,1.075,1660763,6.375,6.105,5.8225,7.15,3.3,1138662,15.7666666666667,137091.333333333,-1.57352898590061,0.631590616935856,4528.91735159817,1.18444000368972,13.9453644468534
"592",2022,"Hastings District","Other",-1.27221484571806,-1.31559185526102,-0.283458687776711,6.105,5.8225,1.075,1660763,1.075,1660763,6.375,6.105,5.8225,7.15,3.3,1138662,15.7666666666667,137091.333333333,-1.57352898590061,0.631590616935856,4528.91735159817,1.18444000368972,13.9453644468534
"593",2022,"Hauraki District","Other",-1.314617474819,-1.4144838220247,-0.803341326762901,6.105,5.8225,1.075,1660763,1.075,1660763,6.375,6.105,5.8225,7.15,3.3,1138662,15.7666666666667,137091.333333333,-1.57352898590061,0.631590616935856,4528.91735159817,1.18444000368972,13.9453644468534
"594",2022,"Hawke's Bay","Other",-1.20941601527742,-1.21020452122221,-0.443092678666145,6.105,5.8225,1.075,1660763,1.075,1660763,6.375,6.105,5.8225,7.15,3.3,1138662,15.7666666666667,137091.333333333,-1.57352898590061,0.631590616935856,4528.91735159817,1.18444000368972,13.9453644468534
"595",2022,"Horowhenua District","Other",-1.44271993235601,-1.6231474957379,-1.74017841956478,6.105,5.8225,1.075,1660763,1.075,1660763,6.375,6.105,5.8225,7.15,3.3,1138662,15.7666666666667,137091.333333333,-1.57352898590061,0.631590616935856,4528.91735159817,1.18444000368972,13.9453644468534
"596",2022,"Hurunui District","Canterbury Rural",-0.807306695005856,-0.541181691884967,0.0746456231289924,6.105,5.8225,1.075,1660763,1.075,1660763,6.375,6.105,5.8225,7.15,3.3,758913,26.8,160225,-1.51090366382697,-0.720139613063811,3793.44931506849,2.29573395012017,13.5396424253019
"597",2022,"Hutt City","Wellington Urban",-0.937466664081525,-0.723701512315808,0.101807227548986,6.105,5.8225,1.075,1660763,1.075,1660763,6.375,6.105,5.8225,7.15,3.3,1210828,7,79267,-2.07453156248979,1.0182048097885,5151.81506849315,-1.22667904281705,14.0068149810688
"598",2022,"Invercargill City","Other",-0.952584901039455,-0.776801139789905,-0.762360660445016,6.105,5.8225,1.075,1660763,1.075,1660763,6.375,6.105,5.8225,7.15,3.3,1138662,15.7666666666667,137091.333333333,-1.57352898590061,0.631590616935856,4528.91735159817,1.18444000368972,13.9453644468534
"599",2022,"Kaikoura District","Other",-0.841568734975602,-0.598178539724136,0.357936392035766,6.105,5.8225,1.075,1660763,1.075,1660763,6.375,6.105,5.8225,7.15,3.3,1138662,15.7666666666667,137091.333333333,-1.57352898590061,0.631590616935856,4528.91735159817,1.18444000368972,13.9453644468534
"600",2022,"Kaipara District","Other",-1.41990839138399,-1.58937158590728,-0.808106520520794,6.105,5.8225,1.075,1660763,1.075,1660763,6.375,6.105,5.8225,7.15,3.3,1138662,15.7666666666667,137091.333333333,-1.57352898590061,0.631590616935856,4528.91735159817,1.18444000368972,13.9453644468534
"601",2022,"Kapiti Coast District","Wellington Rural",-1.06386943817357,-0.954774203128163,-0.154798456313584,6.105,5.8225,1.075,1660763,1.075,1660763,6.375,6.105,5.8225,7.15,3.3,1210828,7,79267,-2.07453156248979,1.0182048097885,5151.81506849315,-1.22667904281705,14.0068149810688
"602",2022,"Kawerau District","Other",-1.67003022886548,-2.03803908043612,-1.08472601816652,6.105,5.8225,1.075,1660763,1.075,1660763,6.375,6.105,5.8225,7.15,3.3,1138662,15.7666666666667,137091.333333333,-1.57352898590061,0.631590616935856,4528.91735159817,1.18444000368972,13.9453644468534
"603",2022,"MacKenzie District","Canterbury Rural",-1.29475801561982,-1.39694633038188,0.635985447808859,6.105,5.8225,1.075,1660763,1.075,1660763,6.375,6.105,5.8225,7.15,3.3,758913,26.8,160225,-1.51090366382697,-0.720139613063811,3793.44931506849,2.29573395012017,13.5396424253019
"604",2022,"Manawatu District","Other",-1.26452154170396,-1.31429278180599,-1.19337243584649,6.105,5.8225,1.075,1660763,1.075,1660763,6.375,6.105,5.8225,7.15,3.3,1138662,15.7666666666667,137091.333333333,-1.57352898590061,0.631590616935856,4528.91735159817,1.18444000368972,13.9453644468534
"605",2022,"Manawatu-Wanganui","Other",-1.27579312665484,-1.33020643163003,-0.991804739887592,6.105,5.8225,1.075,1660763,1.075,1660763,6.375,6.105,5.8225,7.15,3.3,1138662,15.7666666666667,137091.333333333,-1.57352898590061,0.631590616935856,4528.91735159817,1.18444000368972,13.9453644468534
"606",2022,"Marlborough","Other",-0.879945798022656,-0.646406641741893,-0.605585785810317,6.105,5.8225,1.075,1660763,1.075,1660763,6.375,6.105,5.8225,7.15,3.3,1138662,15.7666666666667,137091.333333333,-1.57352898590061,0.631590616935856,4528.91735159817,1.18444000368972,13.9453644468534
"607",2022,"Marlborough District","Other",-0.879945798022656,-0.646406641741893,-0.605824045498212,6.105,5.8225,1.075,1660763,1.075,1660763,6.375,6.105,5.8225,7.15,3.3,1138662,15.7666666666667,137091.333333333,-1.57352898590061,0.631590616935856,4528.91735159817,1.18444000368972,13.9453644468534
"608",2022,"Masterton District","Wellington Rural",-1.1938504932024,-1.17772768484662,-1.35658032205435,6.105,5.8225,1.075,1660763,1.075,1660763,6.375,6.105,5.8225,7.15,3.3,1210828,7,79267,-2.07453156248979,1.0182048097885,5151.81506849315,-1.22667904281705,14.0068149810688
"609",2022,"Matamata Piako District","Other",-1.43395314406088,-1.62087411719161,-0.921756391646557,6.105,5.8225,1.075,1660763,1.075,1660763,6.375,6.105,5.8225,7.15,3.3,1138662,15.7666666666667,137091.333333333,-1.57352898590061,0.631590616935856,4528.91735159817,1.18444000368972,13.9453644468534
"610",2022,"Napier City","Other",-1.14447021627472,-1.09621082554388,-0.348503582571958,6.105,5.8225,1.075,1660763,1.075,1660763,6.375,6.105,5.8225,7.15,3.3,1138662,15.7666666666667,137091.333333333,-1.57352898590061,0.631590616935856,4528.91735159817,1.18444000368972,13.9453644468534
"611",2022,"Nelson","Other",-0.820009592331454,-0.538096392429287,0.827784496564073,6.105,5.8225,1.075,1660763,1.075,1660763,6.375,6.105,5.8225,7.15,3.3,1138662,15.7666666666667,137091.333333333,-1.57352898590061,0.631590616935856,4528.91735159817,1.18444000368972,13.9453644468534
"612",2022,"Nelson City","Other",-0.820009592331454,-0.538096392429287,0.82969057406723,6.105,5.8225,1.075,1660763,1.075,1660763,6.375,6.105,5.8225,7.15,3.3,1138662,15.7666666666667,137091.333333333,-1.57352898590061,0.631590616935856,4528.91735159817,1.18444000368972,13.9453644468534
"613",2022,"New Plymouth District","Other",-1.01305784887117,-0.885760925830025,0.105857642243195,6.105,5.8225,1.075,1660763,1.075,1660763,6.375,6.105,5.8225,7.15,3.3,1138662,15.7666666666667,137091.333333333,-1.57352898590061,0.631590616935856,4528.91735159817,1.18444000368972,13.9453644468534
"614",2022,"New Zealand","Other",-1.06878957446165,-0.970525468770326,0.906410193569318,6.105,5.8225,1.075,1660763,1.075,1660763,6.375,6.105,5.8225,7.15,3.3,1138662,15.7666666666667,137091.333333333,-1.57352898590061,0.631590616935856,4528.91735159817,1.18444000368972,13.9453644468534
"615",2022,"Northland","Other",-1.04517292027885,-0.932689954392759,-0.769746710769751,6.105,5.8225,1.075,1660763,1.075,1660763,6.375,6.105,5.8225,7.15,3.3,1138662,15.7666666666667,137091.333333333,-1.57352898590061,0.631590616935856,4528.91735159817,1.18444000368972,13.9453644468534
"616",2022,"Opotiki District","Other",-0.957952322444637,-0.791253331977044,-1.10950502570756,6.105,5.8225,1.075,1660763,1.075,1660763,6.375,6.105,5.8225,7.15,3.3,1138662,15.7666666666667,137091.333333333,-1.57352898590061,0.631590616935856,4528.91735159817,1.18444000368972,13.9453644468534
"617",2022,"Otago","Other",-1.28983787933174,-1.37096486128141,0.882345965091954,6.105,5.8225,1.075,1660763,1.075,1660763,6.375,6.105,5.8225,7.15,3.3,1138662,15.7666666666667,137091.333333333,-1.57352898590061,0.631590616935856,4528.91735159817,1.18444000368972,13.9453644468534
"618",2022,"Otorohanga District","Other",-1.28232348936448,-1.35375213800234,-1.470468452868,6.105,5.8225,1.075,1660763,1.075,1660763,6.375,6.105,5.8225,7.15,3.3,1138662,15.7666666666667,137091.333333333,-1.57352898590061,0.631590616935856,4528.91735159817,1.18444000368972,13.9453644468534
"619",2022,"Palmerston North City","Other",-1.11163948867969,-1.03986351443222,-0.399491155781419,6.105,5.8225,1.075,1660763,1.075,1660763,6.375,6.105,5.8225,7.15,3.3,1138662,15.7666666666667,137091.333333333,-1.57352898590061,0.631590616935856,4528.91735159817,1.18444000368972,13.9453644468534
"620",2022,"Porirua City","Wellington Urban",-0.988457167430756,-0.815286190894985,0.0655917549889945,6.105,5.8225,1.075,1660763,1.075,1660763,6.375,6.105,5.8225,7.15,3.3,1210828,7,79267,-2.07453156248979,1.0182048097885,5151.81506849315,-1.22667904281705,14.0068149810688
"621",2022,"Queenstown Lakes District","Other",-1.11933279269378,-1.08029717571983,0.941196108001943,6.105,5.8225,1.075,1660763,1.075,1660763,6.375,6.105,5.8225,7.15,3.3,1138662,15.7666666666667,137091.333333333,-1.57352898590061,0.631590616935856,4528.91735159817,1.18444000368972,13.9453644468534
"622",2022,"Rangitikei District","Other",-1.53172967065862,-1.76815657015493,-2.46782350639513,6.105,5.8225,1.075,1660763,1.075,1660763,6.375,6.105,5.8225,7.15,3.3,1138662,15.7666666666667,137091.333333333,-1.57352898590061,0.631590616935856,4528.91735159817,1.18444000368972,13.9453644468534
"623",2022,"Rotorua District","Other",-1.11539668366332,-1.05236709643682,-1.52455340202009,6.105,5.8225,1.075,1660763,1.075,1660763,6.375,6.105,5.8225,7.15,3.3,1138662,15.7666666666667,137091.333333333,-1.57352898590061,0.631590616935856,4528.91735159817,1.18444000368972,13.9453644468534
"624",2022,"Ruapehu District","Other",-1.34136512482149,-1.45605417258546,-1.50978130137063,6.105,5.8225,1.075,1660763,1.075,1660763,6.375,6.105,5.8225,7.15,3.3,1138662,15.7666666666667,137091.333333333,-1.57352898590061,0.631590616935856,4528.91735159817,1.18444000368972,13.9453644468534
"625",2022,"Selwyn District","Canterbury Rural",-0.724916776436309,-0.383181882917701,2.16775698128375,6.105,5.8225,1.075,1660763,1.075,1660763,6.375,6.105,5.8225,7.15,3.3,758913,26.8,160225,-1.51090366382697,-0.720139613063811,3793.44931506849,2.29573395012017,13.5396424253019
"626",2022,"South Taranaki District","Other",-1.25709660876013,-1.31981384398984,-1.43877991437801,6.105,5.8225,1.075,1660763,1.075,1660763,6.375,6.105,5.8225,7.15,3.3,1138662,15.7666666666667,137091.333333333,-1.57352898590061,0.631590616935856,4528.91735159817,1.18444000368972,13.9453644468534
"627",2022,"South Waikato District","Other",-1.71431145545823,-2.1081890470074,-2.58218815658458,6.105,5.8225,1.075,1660763,1.075,1660763,6.375,6.105,5.8225,7.15,3.3,1138662,15.7666666666667,137091.333333333,-1.57352898590061,0.631590616935856,4528.91735159817,1.18444000368972,13.9453644468534
"628",2022,"South Wairarapa District","Wellington Rural",-1.24162054370852,-1.26314176451443,-0.337067117553014,6.105,5.8225,1.075,1660763,1.075,1660763,6.375,6.105,5.8225,7.15,3.3,1210828,7,79267,-2.07453156248979,1.0182048097885,5151.81506849315,-1.22667904281705,14.0068149810688
"629",2022,"Southland","Other",-1.0163677587377,-0.89014529874073,-0.937005011671816,6.105,5.8225,1.075,1660763,1.075,1660763,6.375,6.105,5.8225,7.15,3.3,1138662,15.7666666666667,137091.333333333,-1.57352898590061,0.631590616935856,4528.91735159817,1.18444000368972,13.9453644468534
"630",2022,"Southland District","Other",-1.06682151994642,-0.993584022596998,-0.274404819636713,6.105,5.8225,1.075,1660763,1.075,1660763,6.375,6.105,5.8225,7.15,3.3,1138662,15.7666666666667,137091.333333333,-1.57352898590061,0.631590616935856,4528.91735159817,1.18444000368972,13.9453644468534
"631",2022,"Stratford District","Other",-1.32096892348179,-1.42195349439109,-1.93912525895684,6.105,5.8225,1.075,1660763,1.075,1660763,6.375,6.105,5.8225,7.15,3.3,1138662,15.7666666666667,137091.333333333,-1.57352898590061,0.631590616935856,4528.91735159817,1.18444000368972,13.9453644468534
"632",2022,"Taranaki","Other",-1.09419536911285,-1.02947092679203,-0.276072637451975,6.105,5.8225,1.075,1660763,1.075,1660763,6.375,6.105,5.8225,7.15,3.3,1138662,15.7666666666667,137091.333333333,-1.57352898590061,0.631590616935856,4528.91735159817,1.18444000368972,13.9453644468534
"633",2022,"Tararua District","Other",-1.55507795377116,-1.82385434453907,-1.87527166260106,6.105,5.8225,1.075,1660763,1.075,1660763,6.375,6.105,5.8225,7.15,3.3,1138662,15.7666666666667,137091.333333333,-1.57352898590061,0.631590616935856,4528.91735159817,1.18444000368972,13.9453644468534
"634",2022,"Tasman","Other",-0.801581445506995,-0.511140618237543,0.818492368736181,6.105,5.8225,1.075,1660763,1.075,1660763,6.375,6.105,5.8225,7.15,3.3,1138662,15.7666666666667,137091.333333333,-1.57352898590061,0.631590616935856,4528.91735159817,1.18444000368972,13.9453644468534
"635",2022,"Tasman District","Other",-0.801313074436736,-0.510653465691909,0.815871512169339,6.105,5.8225,1.075,1660763,1.075,1660763,6.375,6.105,5.8225,7.15,3.3,1138662,15.7666666666667,137091.333333333,-1.57352898590061,0.631590616935856,4528.91735159817,1.18444000368972,13.9453644468534
"636",2022,"Taupo District","Other",-1.16110922263078,-1.13485826083083,-0.870768818437095,6.105,5.8225,1.075,1660763,1.075,1660763,6.375,6.105,5.8225,7.15,3.3,1138662,15.7666666666667,137091.333333333,-1.57352898590061,0.631590616935856,4528.91735159817,1.18444000368972,13.9453644468534
"637",2022,"Tauranga City","Other",-0.996955584655628,-0.839481433994802,-0.0511554920793982,6.105,5.8225,1.075,1660763,1.075,1660763,6.375,6.105,5.8225,7.15,3.3,1138662,15.7666666666667,137091.333333333,-1.57352898590061,0.631590616935856,4528.91735159817,1.18444000368972,13.9453644468534
"638",2022,"Thames Coromandel District","Other",-1.32213186478625,-1.42747455657494,-1.13261621543335,6.105,5.8225,1.075,1660763,1.075,1660763,6.375,6.105,5.8225,7.15,3.3,1138662,15.7666666666667,137091.333333333,-1.57352898590061,0.631590616935856,4528.91735159817,1.18444000368972,13.9453644468534
"639",2022,"Timaru District","Canterbury Rural",-0.753811395000874,-0.443588798576306,-0.107623038110438,6.105,5.8225,1.075,1660763,1.075,1660763,6.375,6.105,5.8225,7.15,3.3,758913,26.8,160225,-1.51090366382697,-0.720139613063811,3793.44931506849,2.29573395012017,13.5396424253019
"640",2022,"Upper Hutt City","Wellington Urban",-0.985773456728165,-0.805218371618551,-0.708990490356608,6.105,5.8225,1.075,1660763,1.075,1660763,6.375,6.105,5.8225,7.15,3.3,1210828,7,79267,-2.07453156248979,1.0182048097885,5151.81506849315,-1.22667904281705,14.0068149810688
"641",2022,"Waikato","Other",-1.23491126695204,-1.26963713178955,0.128015793217401,6.105,5.8225,1.075,1660763,1.075,1660763,6.375,6.105,5.8225,7.15,3.3,1138662,15.7666666666667,137091.333333333,-1.57352898590061,0.631590616935856,4528.91735159817,1.18444000368972,13.9453644468534
"642",2022,"Waikato District","Other",-1.39647065124802,-1.54731408280088,0.123012339771612,6.105,5.8225,1.075,1660763,1.075,1660763,6.375,6.105,5.8225,7.15,3.3,1138662,15.7666666666667,137091.333333333,-1.57352898590061,0.631590616935856,4528.91735159817,1.18444000368972,13.9453644468534
"643",2022,"Waimakariri District","Canterbury Rural",-0.892201410231155,-0.679370630663122,0.668865284738324,6.105,5.8225,1.075,1660763,1.075,1660763,6.375,6.105,5.8225,7.15,3.3,758913,26.8,160225,-1.51090366382697,-0.720139613063811,3793.44931506849,2.29573395012017,13.5396424253019
"644",2022,"Waimate District","Canterbury Rural",-1.16218270691182,-1.16067734574943,-1.36229855456382,6.105,5.8225,1.075,1660763,1.075,1660763,6.375,6.105,5.8225,7.15,3.3,758913,26.8,160225,-1.51090366382697,-0.720139613063811,3793.44931506849,2.29573395012017,13.5396424253019
"645",2022,"Waipa District","Other",-1.40434286930896,-1.56144150662427,-0.284173466840394,6.105,5.8225,1.075,1660763,1.075,1660763,6.375,6.105,5.8225,7.15,3.3,1138662,15.7666666666667,137091.333333333,-1.57352898590061,0.631590616935856,4528.91735159817,1.18444000368972,13.9453644468534
"646",2022,"Wairoa District","Other",-1.15207406326539,-1.12820050937384,-2.19477790406783,6.105,5.8225,1.075,1660763,1.075,1660763,6.375,6.105,5.8225,7.15,3.3,1138662,15.7666666666667,137091.333333333,-1.57352898590061,0.631590616935856,4528.91735159817,1.18444000368972,13.9453644468534
"647",2022,"Waitaki District","Other",-1.04535183432569,-0.945518304761118,-0.46977776371035,6.105,5.8225,1.075,1660763,1.075,1660763,6.375,6.105,5.8225,7.15,3.3,1138662,15.7666666666667,137091.333333333,-1.57352898590061,0.631590616935856,4528.91735159817,1.18444000368972,13.9453644468534
"648",2022,"Waitomo District","Other",-1.49854111496991,-1.72723575632168,-1.31321705885751,6.105,5.8225,1.075,1660763,1.075,1660763,6.375,6.105,5.8225,7.15,3.3,1138662,15.7666666666667,137091.333333333,-1.57352898590061,0.631590616935856,4528.91735159817,1.18444000368972,13.9453644468534
"649",2022,"Wellington","Wellington Rural",-1.02477671893916,-0.886410462557537,0.596672599306235,6.105,5.8225,1.075,1660763,1.075,1660763,6.375,6.105,5.8225,7.15,3.3,1210828,7,79267,-2.07453156248979,1.0182048097885,5151.81506849315,-1.22667904281705,14.0068149810688
"650",2022,"Wellington City","Wellington Urban",-0.91501295120318,-0.691062291758336,0.6564757809678,6.105,5.8225,1.075,1660763,1.075,1660763,6.375,6.105,5.8225,7.15,3.3,1210828,7,79267,-2.07453156248979,1.0182048097885,5151.81506849315,-1.22667904281705,14.0068149810688
"651",2022,"West Coast","Other",-0.635370295993186,-0.237198503409404,-0.186010475427787,6.105,5.8225,1.075,1660763,1.075,1660763,6.375,6.105,5.8225,7.15,3.3,1138662,15.7666666666667,137091.333333333,-1.57352898590061,0.631590616935856,4528.91735159817,1.18444000368972,13.9453644468534
"652",2022,"Western Bay of Plenty District","Other",-1.15189514921855,-1.12089322118933,-0.433085771774569,6.105,5.8225,1.075,1660763,1.075,1660763,6.375,6.105,5.8225,7.15,3.3,1138662,15.7666666666667,137091.333333333,-1.57352898590061,0.631590616935856,4528.91735159817,1.18444000368972,13.9453644468534
"653",2022,"Westland District","Other",-0.631613101009558,-0.239471881955695,0.0055503136395356,6.105,5.8225,1.075,1660763,1.075,1660763,6.375,6.105,5.8225,7.15,3.3,1138662,15.7666666666667,137091.333333333,-1.57352898590061,0.631590616935856,4528.91735159817,1.18444000368972,13.9453644468534
"654",2022,"Whakatane District","Other",-1.15940953918581,-1.1395674021053,-0.713993943802396,6.105,5.8225,1.075,1660763,1.075,1660763,6.375,6.105,5.8225,7.15,3.3,1138662,15.7666666666667,137091.333333333,-1.57352898590061,0.631590616935856,4528.91735159817,1.18444000368972,13.9453644468534
"655",2022,"Whanganui District","Other",-1.50310342316431,-1.73113297668675,-2.25076893072308,6.105,5.8225,1.075,1660763,1.075,1660763,6.375,6.105,5.8225,7.15,3.3,1138662,15.7666666666667,137091.333333333,-1.57352898590061,0.631590616935856,4528.91735159817,1.18444000368972,13.9453644468534
"656",2022,"Whangarei District","Other",-1.06959468767243,-0.973123615680373,-0.821925582418686,6.105,5.8225,1.075,1660763,1.075,1660763,6.375,6.105,5.8225,7.15,3.3,1138662,15.7666666666667,137091.333333333,-1.57352898590061,0.631590616935856,4528.91735159817,1.18444000368972,13.9453644468534
"657",2023,"Ashburton District","Canterbury Rural",-1.15243189135907,-0.0852069091716219,0.312190531959989,8.35166666666667,7.28333333333333,-6.325,1587321.75,-6.325,1587321.75,8.525,8.35166666666667,7.28333333333333,5.75,3.725,709252,-6.5,-49661,-1.17272692462928,-0.407347927590934,5017.36406168126,1.4005500551111,13.4719661725473
"658",2023,"Auckland","Auckland Urban",-1.32266860692677,-0.463562052947297,1.65871515809677,8.35166666666667,7.28333333333333,-6.325,1587321.75,-6.325,1587321.75,8.525,8.35166666666667,7.28333333333333,5.75,3.725,1237941,-14.4,-208304,-0.609099025966459,2.07948207611683,7743.43287296953,0.860727039635929,14.0289600735789
"659",2023,"Bay of Plenty","Other",-1.32231077883309,-0.461775826946639,-0.433562291150359,8.35166666666667,7.28333333333333,-6.325,1587321.75,-6.325,1587321.75,8.525,8.35166666666667,7.28333333333333,5.75,3.725,983306.666666667,-12.7,-155355.333333333,-1.13515173138509,1.03838686520977,6525.03329840058,-0.0755991454972981,13.7986763206361
"660",2023,"Buller District","Other",-1.35728847499019,-0.540694539339334,-1.28843805131647,8.35166666666667,7.28333333333333,-6.325,1587321.75,-6.325,1587321.75,8.525,8.35166666666667,7.28333333333333,5.75,3.725,983306.666666667,-12.7,-155355.333333333,-1.13515173138509,1.03838686520977,6525.03329840058,-0.0755991454972981,13.7986763206361
"661",2023,"Canterbury","Canterbury Rural",-1.11110274653917,0.00556584849816435,0.872100798512484,8.35166666666667,7.28333333333333,-6.325,1587321.75,-6.325,1587321.75,8.525,8.35166666666667,7.28333333333333,5.75,3.725,709252,-6.5,-49661,-1.17272692462928,-0.407347927590934,5017.36406168126,1.4005500551111,13.4719661725473
"662",2023,"Carterton District","Wellington Rural",-1.66672031899895,-1.22644293941001,-1.90600716233948,8.35166666666667,7.28333333333333,-6.325,1587321.75,-6.325,1587321.75,8.525,8.35166666666667,7.28333333333333,5.75,3.725,1002727,-17.2,-208101,-1.62362924355953,1.44302644710341,6814.30296055094,-2.48807453123892,13.8182338464458
"663",2023,"Central Hawkes Bay District","Other",-1.61447741732184,-1.10920156009411,-2.7201405158756,8.35166666666667,7.28333333333333,-6.325,1587321.75,-6.325,1587321.75,8.525,8.35166666666667,7.28333333333333,5.75,3.725,983306.666666667,-12.7,-155355.333333333,-1.13515173138509,1.03838686520977,6525.03329840058,-0.0755991454972981,13.7986763206361
"664",2023,"Central Otago District","Other",-1.59506524323977,-1.0687678988065,-0.783804032355537,8.35166666666667,7.28333333333333,-6.325,1587321.75,-6.325,1587321.75,8.525,8.35166666666667,7.28333333333333,5.75,3.725,983306.666666667,-12.7,-155355.333333333,-1.13515173138509,1.03838686520977,6525.03329840058,-0.0755991454972981,13.7986763206361
"665",2023,"Christchurch City","Canterbury Urban",-1.12353727279451,-0.0225266149667243,0.696265148846212,8.35166666666667,7.28333333333333,-6.325,1587321.75,-6.325,1587321.75,8.525,8.35166666666667,7.28333333333333,5.75,3.725,709252,-6.5,-49661,-1.17272692462928,-0.407347927590934,5017.36406168126,1.4005500551111,13.4719661725473
"666",2023,"Clutha District","Other",-1.65688004642278,-1.20614491667526,-1.36086899643645,8.35166666666667,7.28333333333333,-6.325,1587321.75,-6.325,1587321.75,8.525,8.35166666666667,7.28333333333333,5.75,3.725,983306.666666667,-12.7,-155355.333333333,-1.13515173138509,1.03838686520977,6525.03329840058,-0.0755991454972981,13.7986763206361
"667",2023,"Dunedin City","Other",-1.35845141629465,-0.543455070431259,0.804435047150396,8.35166666666667,7.28333333333333,-6.325,1587321.75,-6.325,1587321.75,8.525,8.35166666666667,7.28333333333333,5.75,3.725,983306.666666667,-12.7,-155355.333333333,-1.13515173138509,1.03838686520977,6525.03329840058,-0.0755991454972981,13.7986763206361
"668",2023,"Far North District","Other",-1.22981221661712,-0.258146062871662,-0.590813685160847,8.35166666666667,7.28333333333333,-6.325,1587321.75,-6.325,1587321.75,8.525,8.35166666666667,7.28333333333333,5.75,3.725,983306.666666667,-12.7,-155355.333333333,-1.13515173138509,1.03838686520977,6525.03329840058,-0.0755991454972981,13.7986763206361
"669",2023,"Gisborne","Other",-1.44477744389466,-0.732307873955341,-1.33108653544962,8.35166666666667,7.28333333333333,-6.325,1587321.75,-6.325,1587321.75,8.525,8.35166666666667,7.28333333333333,5.75,3.725,983306.666666667,-12.7,-155355.333333333,-1.13515173138509,1.03838686520977,6525.03329840058,-0.0755991454972981,13.7986763206361
"670",2023,"Gisborne District","Other",-1.44477744389466,-0.732307873955341,-1.33108653544962,8.35166666666667,7.28333333333333,-6.325,1587321.75,-6.325,1587321.75,8.525,8.35166666666667,7.28333333333333,5.75,3.725,983306.666666667,-12.7,-155355.333333333,-1.13515173138509,1.03838686520977,6525.03329840058,-0.0755991454972981,13.7986763206361
"671",2023,"Gore District","Other",-1.33528204722895,-0.490842595502796,-2.0258517853505,8.35166666666667,7.28333333333333,-6.325,1587321.75,-6.325,1587321.75,8.525,8.35166666666667,7.28333333333333,5.75,3.725,983306.666666667,-12.7,-155355.333333333,-1.13515173138509,1.03838686520977,6525.03329840058,-0.0755991454972981,13.7986763206361
"672",2023,"Grey District","Other",-1.11888550757668,-0.0158688635097278,0.32195917916367,8.35166666666667,7.28333333333333,-6.325,1587321.75,-6.325,1587321.75,8.525,8.35166666666667,7.28333333333333,5.75,3.725,983306.666666667,-12.7,-155355.333333333,-1.13515173138509,1.03838686520977,6525.03329840058,-0.0755991454972981,13.7986763206361
"673",2023,"Hamilton City","Other",-1.45327586111954,-0.753580201781355,0.374138050812605,8.35166666666667,7.28333333333333,-6.325,1587321.75,-6.325,1587321.75,8.525,8.35166666666667,7.28333333333333,5.75,3.725,983306.666666667,-12.7,-155355.333333333,-1.13515173138509,1.03838686520977,6525.03329840058,-0.0755991454972981,13.7986763206361
"674",2023,"Hastings District","Other",-1.46714169974959,-0.78362127542878,-0.0506789727036089,8.35166666666667,7.28333333333333,-6.325,1587321.75,-6.325,1587321.75,8.525,8.35166666666667,7.28333333333333,5.75,3.725,983306.666666667,-12.7,-155355.333333333,-1.13515173138509,1.03838686520977,6525.03329840058,-0.0755991454972981,13.7986763206361
"675",2023,"Hauraki District","Other",-1.57359555761904,-1.0194031075156,-1.17169080424807,8.35166666666667,7.28333333333333,-6.325,1587321.75,-6.325,1587321.75,8.525,8.35166666666667,7.28333333333333,5.75,3.725,983306.666666667,-12.7,-155355.333333333,-1.13515173138509,1.03838686520977,6525.03329840058,-0.0755991454972981,13.7986763206361
"676",2023,"Hawke's Bay","Other",-1.41695630961114,-0.672388110842369,-0.278693494018817,8.35166666666667,7.28333333333333,-6.325,1587321.75,-6.325,1587321.75,8.525,8.35166666666667,7.28333333333333,5.75,3.725,983306.666666667,-12.7,-155355.333333333,-1.13515173138509,1.03838686520977,6525.03329840058,-0.0755991454972981,13.7986763206361
"677",2023,"Horowhenua District","Other",-1.59739112584868,-1.07217796662594,-1.64678062191007,8.35166666666667,7.28333333333333,-6.325,1587321.75,-6.325,1587321.75,8.525,8.35166666666667,7.28333333333333,5.75,3.725,983306.666666667,-12.7,-155355.333333333,-1.13515173138509,1.03838686520977,6525.03329840058,-0.0755991454972981,13.7986763206361
"678",2023,"Hurunui District","Canterbury Rural",-1.27140973250728,-0.349730741450839,0.201161517401066,8.35166666666667,7.28333333333333,-6.325,1587321.75,-6.325,1587321.75,8.525,8.35166666666667,7.28333333333333,5.75,3.725,709252,-6.5,-49661,-1.17272692462928,-0.407347927590934,5017.36406168126,1.4005500551111,13.4719661725473
"679",2023,"Hutt City","Wellington Urban",-1.09678962279202,0.0365812272368576,0.409877003996806,8.35166666666667,7.28333333333333,-6.325,1587321.75,-6.325,1587321.75,8.525,8.35166666666667,7.28333333333333,5.75,3.725,1002727,-17.2,-208101,-1.62362924355953,1.44302644710341,6814.30296055094,-2.48807453123892,13.8182338464458
"680",2023,"Invercargill City","Other",-1.30298806177443,-0.419718323840245,-0.735675575400812,8.35166666666667,7.28333333333333,-6.325,1587321.75,-6.325,1587321.75,8.525,8.35166666666667,7.28333333333333,5.75,3.725,983306.666666667,-12.7,-155355.333333333,-1.13515173138509,1.03838686520977,6525.03329840058,-0.0755991454972981,13.7986763206361
"681",2023,"Kaikoura District","Other",-1.26085380374375,-0.327971261079191,0.376758907379446,8.35166666666667,7.28333333333333,-6.325,1587321.75,-6.325,1587321.75,8.525,8.35166666666667,7.28333333333333,5.75,3.725,983306.666666667,-12.7,-155355.333333333,-1.13515173138509,1.03838686520977,6525.03329840058,-0.0755991454972981,13.7986763206361
"682",2023,"Kaipara District","Other",-1.67575547836434,-1.24690334632663,-0.790951822992378,8.35166666666667,7.28333333333333,-6.325,1587321.75,-6.325,1587321.75,8.525,8.35166666666667,7.28333333333333,5.75,3.725,983306.666666667,-12.7,-155355.333333333,-1.13515173138509,1.03838686520977,6525.03329840058,-0.0755991454972981,13.7986763206361
"683",2023,"Kapiti Coast District","Wellington Rural",-1.1975182311626,-0.184748412662818,0.124441897898981,8.35166666666667,7.28333333333333,-6.325,1587321.75,-6.325,1587321.75,8.525,8.35166666666667,7.28333333333333,5.75,3.725,1002727,-17.2,-208101,-1.62362924355953,1.44302644710341,6814.30296055094,-2.48807453123892,13.8182338464458
"684",2023,"Kawerau District","Other",-1.8026949945969,-1.52522983406548,-1.82166323282476,8.35166666666667,7.28333333333333,-6.325,1587321.75,-6.325,1587321.75,8.525,8.35166666666667,7.28333333333333,5.75,3.725,983306.666666667,-12.7,-155355.333333333,-1.13515173138509,1.03838686520977,6525.03329840058,-0.0755991454972981,13.7986763206361
"685",2023,"MacKenzie District","Canterbury Rural",-1.67879701716061,-1.25924454414936,1.01148271593087,8.35166666666667,7.28333333333333,-6.325,1587321.75,-6.325,1587321.75,8.525,8.35166666666667,7.28333333333333,5.75,3.725,709252,-6.5,-49661,-1.17272692462928,-0.407347927590934,5017.36406168126,1.4005500551111,13.4719661725473
"686",2023,"Manawatu District","Other",-1.46910975426482,-0.786381806520706,-1.01729852649232,8.35166666666667,7.28333333333333,-6.325,1587321.75,-6.325,1587321.75,8.525,8.35166666666667,7.28333333333333,5.75,3.725,983306.666666667,-12.7,-155355.333333333,-1.13515173138509,1.03838686520977,6525.03329840058,-0.0755991454972981,13.7986763206361
"687",2023,"Manawatu-Wanganui","Other",-1.47107780878006,-0.792065252886435,-0.869577519997622,8.35166666666667,7.28333333333333,-6.325,1587321.75,-6.325,1587321.75,8.525,8.35166666666667,7.28333333333333,5.75,3.725,983306.666666667,-12.7,-155355.333333333,-1.13515173138509,1.03838686520977,6525.03329840058,-0.0755991454972981,13.7986763206361
"688",2023,"Marlborough","Other",-1.16352456226312,-0.10940215227144,-0.72185651350292,8.35166666666667,7.28333333333333,-6.325,1587321.75,-6.325,1587321.75,8.525,8.35166666666667,7.28333333333333,5.75,3.725,983306.666666667,-12.7,-155355.333333333,-1.13515173138509,1.03838686520977,6525.03329840058,-0.0755991454972981,13.7986763206361
"689",2023,"Marlborough District","Other",-1.16352456226312,-0.10940215227144,-0.722333032878711,8.35166666666667,7.28333333333333,-6.325,1587321.75,-6.325,1587321.75,8.525,8.35166666666667,7.28333333333333,5.75,3.725,983306.666666667,-12.7,-155355.333333333,-1.13515173138509,1.03838686520977,6525.03329840058,-0.0755991454972981,13.7986763206361
"690",2023,"Masterton District","Wellington Rural",-1.29663661311163,-0.405103747471226,-1.06447394469547,8.35166666666667,7.28333333333333,-6.325,1587321.75,-6.325,1587321.75,8.525,8.35166666666667,7.28333333333333,5.75,3.725,1002727,-17.2,-208101,-1.62362924355953,1.44302644710341,6814.30296055094,-2.48807453123892,13.8182338464458
"691",2023,"Matamata Piako District","Other",-1.68801109057284,-1.27288481542711,-0.998237751460748,8.35166666666667,7.28333333333333,-6.325,1587321.75,-6.325,1587321.75,8.525,8.35166666666667,7.28333333333333,5.75,3.725,983306.666666667,-12.7,-155355.333333333,-1.13515173138509,1.03838686520977,6525.03329840058,-0.0755991454972981,13.7986763206361
"692",2023,"Napier City","Other",-1.31801684170894,-0.452357544397717,-0.189107851370418,8.35166666666667,7.28333333333333,-6.325,1587321.75,-6.325,1587321.75,8.525,8.35166666666667,7.28333333333333,5.75,3.725,983306.666666667,-12.7,-155355.333333333,-1.13515173138509,1.03838686520977,6525.03329840058,-0.0755991454972981,13.7986763206361
"693",2023,"Nelson","Other",-1.07755636275678,0.0825359507083241,1.03649998315981,8.35166666666667,7.28333333333333,-6.325,1587321.75,-6.325,1587321.75,8.525,8.35166666666667,7.28333333333333,5.75,3.725,983306.666666667,-12.7,-155355.333333333,-1.13515173138509,1.03838686520977,6525.03329840058,-0.0755991454972981,13.7986763206361
"694",2023,"Nelson City","Other",-1.07755636275678,0.0825359507083241,1.04126517691771,8.35166666666667,7.28333333333333,-6.325,1587321.75,-6.325,1587321.75,8.525,8.35166666666667,7.28333333333333,5.75,3.725,983306.666666667,-12.7,-155355.333333333,-1.13515173138509,1.03838686520977,6525.03329840058,-0.0755991454972981,13.7986763206361
"695",2023,"New Plymouth District","Other",-1.32678363000407,-0.472006030404952,-0.0409103254999276,8.35166666666667,7.28333333333333,-6.325,1587321.75,-6.325,1587321.75,8.525,8.35166666666667,7.28333333333333,5.75,3.725,983306.666666667,-12.7,-155355.333333333,-1.13515173138509,1.03838686520977,6525.03329840058,-0.0755991454972981,13.7986763206361
"696",2023,"New Zealand","Other",-1.30254077665734,-0.418744018748977,0.984321111510878,8.35166666666667,7.28333333333333,-6.325,1587321.75,-6.325,1587321.75,8.525,8.35166666666667,7.28333333333333,5.75,3.725,983306.666666667,-12.7,-155355.333333333,-1.13515173138509,1.03838686520977,6525.03329840058,-0.0755991454972981,13.7986763206361
"697",2023,"Northland","Other",-1.29126919170645,-0.393249702194135,-0.597961475797688,8.35166666666667,7.28333333333333,-6.325,1587321.75,-6.325,1587321.75,8.525,8.35166666666667,7.28333333333333,5.75,3.725,983306.666666667,-12.7,-155355.333333333,-1.13515173138509,1.03838686520977,6525.03329840058,-0.0755991454972981,13.7986763206361
"698",2023,"Opotiki District","Other",-1.24144162966168,-0.283802763608381,-1.76138353178741,8.35166666666667,7.28333333333333,-6.325,1587321.75,-6.325,1587321.75,8.525,8.35166666666667,7.28333333333333,5.75,3.725,983306.666666667,-12.7,-155355.333333333,-1.13515173138509,1.03838686520977,6525.03329840058,-0.0755991454972981,13.7986763206361
"699",2023,"Otago","Other",-1.61903972551625,-1.1218675262806,0.556168452364139,8.35166666666667,7.28333333333333,-6.325,1587321.75,-6.325,1587321.75,8.525,8.35166666666667,7.28333333333333,5.75,3.725,983306.666666667,-12.7,-155355.333333333,-1.13515173138509,1.03838686520977,6525.03329840058,-0.0755991454972981,13.7986763206361
"700",2023,"Otorohanga District","Other",-1.64739760194029,-1.18146252102981,-1.31154924104225,8.35166666666667,7.28333333333333,-6.325,1587321.75,-6.325,1587321.75,8.525,8.35166666666667,7.28333333333333,5.75,3.725,983306.666666667,-12.7,-155355.333333333,-1.13515173138509,1.03838686520977,6525.03329840058,-0.0755991454972981,13.7986763206361
"701",2023,"Palmerston North City","Other",-1.29887303869713,-0.409000967836298,-0.180530502606209,8.35166666666667,7.28333333333333,-6.325,1587321.75,-6.325,1587321.75,8.525,8.35166666666667,7.28333333333333,5.75,3.725,983306.666666667,-12.7,-155355.333333333,-1.13515173138509,1.03838686520977,6525.03329840058,-0.0755991454972981,13.7986763206361
"702",2023,"Porirua City","Wellington Urban",-1.17864279922105,-0.145126672284593,0.36675200048787,8.35166666666667,7.28333333333333,-6.325,1587321.75,-6.325,1587321.75,8.525,8.35166666666667,7.28333333333333,5.75,3.725,1002727,-17.2,-208101,-1.62362924355953,1.44302644710341,6814.30296055094,-2.48807453123892,13.8182338464458
"703",2023,"Queenstown Lakes District","Other",-1.55794057852059,-0.98708865532188,0.0446249024542629,8.35166666666667,7.28333333333333,-6.325,1587321.75,-6.325,1587321.75,8.525,8.35166666666667,7.28333333333333,5.75,3.725,983306.666666667,-12.7,-155355.333333333,-1.13515173138509,1.03838686520977,6525.03329840058,-0.0755991454972981,13.7986763206361
"704",2023,"Rangitikei District","Other",-1.6828225832145,-1.26281699615068,-2.3884830303262,8.35166666666667,7.28333333333333,-6.325,1587321.75,-6.325,1587321.75,8.525,8.35166666666667,7.28333333333333,5.75,3.725,983306.666666667,-12.7,-155355.333333333,-1.13515173138509,1.03838686520977,6525.03329840058,-0.0755991454972981,13.7986763206361
"705",2023,"Rotorua District","Other",-1.34789548753113,-0.518123138058296,-1.28939109006805,8.35166666666667,7.28333333333333,-6.325,1587321.75,-6.325,1587321.75,8.525,8.35166666666667,7.28333333333333,5.75,3.725,983306.666666667,-12.7,-155355.333333333,-1.13515173138509,1.03838686520977,6525.03329840058,-0.0755991454972981,13.7986763206361
"706",2023,"Ruapehu District","Other",-1.5003302554383,-0.854745547091332,-1.72373850110005,8.35166666666667,7.28333333333333,-6.325,1587321.75,-6.325,1587321.75,8.525,8.35166666666667,7.28333333333333,5.75,3.725,983306.666666667,-12.7,-155355.333333333,-1.13515173138509,1.03838686520977,6525.03329840058,-0.0755991454972981,13.7986763206361
"707",2023,"Selwyn District","Canterbury Rural",-1.09249568566787,0.0469738148770474,2.2640138951932,8.35166666666667,7.28333333333333,-6.325,1587321.75,-6.325,1587321.75,8.525,8.35166666666667,7.28333333333333,5.75,3.725,709252,-6.5,-49661,-1.17272692462928,-0.407347927590934,5017.36406168126,1.4005500551111,13.4719661725473
"708",2023,"South Taranaki District","Other",-1.57082238989303,-1.01355727696799,-1.61580686248376,8.35166666666667,7.28333333333333,-6.325,1587321.75,-6.325,1587321.75,8.525,8.35166666666667,7.28333333333333,5.75,3.725,983306.666666667,-12.7,-155355.333333333,-1.13515173138509,1.03838686520977,6525.03329840058,-0.0755991454972981,13.7986763206361
"709",2023,"South Waikato District","Other",-1.84429251048706,-1.61843835446344,-2.61435321445036,8.35166666666667,7.28333333333333,-6.325,1587321.75,-6.325,1587321.75,8.525,8.35166666666667,7.28333333333333,5.75,3.725,983306.666666667,-12.7,-155355.333333333,-1.13515173138509,1.03838686520977,6525.03329840058,-0.0755991454972981,13.7986763206361
"710",2023,"South Wairarapa District","Wellington Rural",-1.34610634706273,-0.513251612601956,-0.280837831209869,8.35166666666667,7.28333333333333,-6.325,1587321.75,-6.325,1587321.75,8.525,8.35166666666667,7.28333333333333,5.75,3.725,1002727,-17.2,-208101,-1.62362924355953,1.44302644710341,6814.30296055094,-2.48807453123892,13.8182338464458
"711",2023,"Southland","Other",-1.39843870576326,-0.631142528645365,-1.07781648721757,8.35166666666667,7.28333333333333,-6.325,1587321.75,-6.325,1587321.75,8.525,8.35166666666667,7.28333333333333,5.75,3.725,983306.666666667,-12.7,-155355.333333333,-1.13515173138509,1.03838686520977,6525.03329840058,-0.0755991454972981,13.7986763206361
"712",2023,"Southland District","Other",-1.52797247567499,-0.919861604024399,-0.744967703228704,8.35166666666667,7.28333333333333,-6.325,1587321.75,-6.325,1587321.75,8.525,8.35166666666667,7.28333333333333,5.75,3.725,983306.666666667,-12.7,-155355.333333333,-1.13515173138509,1.03838686520977,6525.03329840058,-0.0755991454972981,13.7986763206361
"713",2023,"Stratford District","Other",-1.60463714474567,-1.08955307408688,-2.49236425424828,8.35166666666667,7.28333333333333,-6.325,1587321.75,-6.325,1587321.75,8.525,8.35166666666667,7.28333333333333,5.75,3.725,983306.666666667,-12.7,-155355.333333333,-1.13515173138509,1.03838686520977,6525.03329840058,-0.0755991454972981,13.7986763206361
"714",2023,"Taranaki","Other",-1.40765277917549,-0.651440551380111,-0.470492542774034,8.35166666666667,7.28333333333333,-6.325,1587321.75,-6.325,1587321.75,8.525,8.35166666666667,7.28333333333333,5.75,3.725,983306.666666667,-12.7,-155355.333333333,-1.13515173138509,1.03838686520977,6525.03329840058,-0.0755991454972981,13.7986763206361
"715",2023,"Tararua District","Other",-1.71261177201326,-1.32906974235689,-2.15737113306836,8.35166666666667,7.28333333333333,-6.325,1587321.75,-6.325,1587321.75,8.525,8.35166666666667,7.28333333333333,5.75,3.725,983306.666666667,-12.7,-155355.333333333,-1.13515173138509,1.03838686520977,6525.03329840058,-0.0755991454972981,13.7986763206361
"716",2023,"Tasman","Other",-1.07451482396051,0.0883817812559304,0.941434367689837,8.35166666666667,7.28333333333333,-6.325,1587321.75,-6.325,1587321.75,8.525,8.35166666666667,7.28333333333333,5.75,3.725,983306.666666667,-12.7,-155355.333333333,-1.13515173138509,1.03838686520977,6525.03329840058,-0.0755991454972981,13.7986763206361
"717",2023,"Tasman District","Other",-1.07451482396051,0.0883817812559304,0.933571797989311,8.35166666666667,7.28333333333333,-6.325,1587321.75,-6.325,1587321.75,8.525,8.35166666666667,7.28333333333333,5.75,3.725,983306.666666667,-12.7,-155355.333333333,-1.13515173138509,1.03838686520977,6525.03329840058,-0.0755991454972981,13.7986763206361
"718",2023,"Taupo District","Other",-1.39620228017776,-0.626271003189026,-0.989422143008646,8.35166666666667,7.28333333333333,-6.325,1587321.75,-6.325,1587321.75,8.525,8.35166666666667,7.28333333333333,5.75,3.725,983306.666666667,-12.7,-155355.333333333,-1.13515173138509,1.03838686520977,6525.03329840058,-0.0755991454972981,13.7986763206361
"719",2023,"Tauranga City","Other",-1.18785687263328,-0.164450389928072,0.126824494777927,8.35166666666667,7.28333333333333,-6.325,1587321.75,-6.325,1587321.75,8.525,8.35166666666667,7.28333333333333,5.75,3.725,983306.666666667,-12.7,-155355.333333333,-1.13515173138509,1.03838686520977,6525.03329840058,-0.0755991454972981,13.7986763206361
"720",2023,"Thames Coromandel District","Other",-1.55445175460722,-0.974422689135398,-1.14286138201282,8.35166666666667,7.28333333333333,-6.325,1587321.75,-6.325,1587321.75,8.525,8.35166666666667,7.28333333333333,5.75,3.725,983306.666666667,-12.7,-155355.333333333,-1.13515173138509,1.03838686520977,6525.03329840058,-0.0755991454972981,13.7986763206361
"721",2023,"Timaru District","Canterbury Rural",-1.18973547012509,-0.168672378656899,-0.0945187552762303,8.35166666666667,7.28333333333333,-6.325,1587321.75,-6.325,1587321.75,8.525,8.35166666666667,7.28333333333333,5.75,3.725,709252,-6.5,-49661,-1.17272692462928,-0.407347927590934,5017.36406168126,1.4005500551111,13.4719661725473
"722",2023,"Upper Hutt City","Wellington Urban",-1.13767148249482,-0.0524053044322708,-0.0778405771236025,8.35166666666667,7.28333333333333,-6.325,1587321.75,-6.325,1587321.75,8.525,8.35166666666667,7.28333333333333,5.75,3.725,1002727,-17.2,-208101,-1.62362924355953,1.44302644710341,6814.30296055094,-2.48807453123892,13.8182338464458
"723",2023,"Waikato","Other",-1.4390521943958,-0.721265749587639,0.169711238598969,8.35166666666667,7.28333333333333,-6.325,1587321.75,-6.325,1587321.75,8.525,8.35166666666667,7.28333333333333,5.75,3.725,983306.666666667,-12.7,-155355.333333333,-1.13515173138509,1.03838686520977,6525.03329840058,-0.0755991454972981,13.7986763206361
"724",2023,"Waikato District","Other",-1.60964673805718,-1.09994566172707,0.0501048752758405,8.35166666666667,7.28333333333333,-6.325,1587321.75,-6.325,1587321.75,8.525,8.35166666666667,7.28333333333333,5.75,3.725,983306.666666667,-12.7,-155355.333333333,-1.13515173138509,1.03838686520977,6525.03329840058,-0.0755991454972981,13.7986763206361
"725",2023,"Waimakariri District","Canterbury Rural",-1.27928195056821,-0.366618696366147,0.705795536361998,8.35166666666667,7.28333333333333,-6.325,1587321.75,-6.325,1587321.75,8.525,8.35166666666667,7.28333333333333,5.75,3.725,709252,-6.5,-49661,-1.17272692462928,-0.407347927590934,5017.36406168126,1.4005500551111,13.4719661725473
"726",2023,"Waimate District","Canterbury Rural",-1.60982565210402,-1.09848420409017,-1.53146293296904,8.35166666666667,7.28333333333333,-6.325,1587321.75,-6.325,1587321.75,8.525,8.35166666666667,7.28333333333333,5.75,3.725,709252,-6.5,-49661,-1.17272692462928,-0.407347927590934,5017.36406168126,1.4005500551111,13.4719661725473
"727",2023,"Waipa District","Other",-1.71350634224745,-1.33053119999379,-0.206500808586729,8.35166666666667,7.28333333333333,-6.325,1587321.75,-6.325,1587321.75,8.525,8.35166666666667,7.28333333333333,5.75,3.725,983306.666666667,-12.7,-155355.333333333,-1.13515173138509,1.03838686520977,6525.03329840058,-0.0755991454972981,13.7986763206361
"728",2023,"Wairoa District","Other",-1.44200427616865,-0.72841065359027,-2.10233314516469,8.35166666666667,7.28333333333333,-6.325,1587321.75,-6.325,1587321.75,8.525,8.35166666666667,7.28333333333333,5.75,3.725,983306.666666667,-12.7,-155355.333333333,-1.13515173138509,1.03838686520977,6525.03329840058,-0.0755991454972981,13.7986763206361
"729",2023,"Waitaki District","Other",-1.35478367833444,-0.534036787882337,-0.352315737578273,8.35166666666667,7.28333333333333,-6.325,1587321.75,-6.325,1587321.75,8.525,8.35166666666667,7.28333333333333,5.75,3.725,983306.666666667,-12.7,-155355.333333333,-1.13515173138509,1.03838686520977,6525.03329840058,-0.0755991454972981,13.7986763206361
"730",2023,"Waitomo District","Other",-1.729608606463,-1.36024750527746,-0.971552666416544,8.35166666666667,7.28333333333333,-6.325,1587321.75,-6.325,1587321.75,8.525,8.35166666666667,7.28333333333333,5.75,3.725,983306.666666667,-12.7,-155355.333333333,-1.13515173138509,1.03838686520977,6525.03329840058,-0.0755991454972981,13.7986763206361
"731",2023,"Wellington","Wellington Rural",-1.19572909069421,-0.180851192297747,1.12060565298663,8.35166666666667,7.28333333333333,-6.325,1587321.75,-6.325,1587321.75,8.525,8.35166666666667,7.28333333333333,5.75,3.725,1002727,-17.2,-208101,-1.62362924355953,1.44302644710341,6814.30296055094,-2.48807453123892,13.8182338464458
"732",2023,"Wellington City","Wellington Urban",-1.12568424135658,-0.0257742986042841,1.17754971839346,8.35166666666667,7.28333333333333,-6.325,1587321.75,-6.325,1587321.75,8.525,8.35166666666667,7.28333333333333,5.75,3.725,1002727,-17.2,-208101,-1.62362924355953,1.44302644710341,6814.30296055094,-2.48807453123892,13.8182338464458
"733",2023,"West Coast","Other",-1.17452777614374,-0.13895607337323,-0.353745295705641,8.35166666666667,7.28333333333333,-6.325,1587321.75,-6.325,1587321.75,8.525,8.35166666666667,7.28333333333333,5.75,3.725,983306.666666667,-12.7,-155355.333333333,-1.13515173138509,1.03838686520977,6525.03329840058,-0.0755991454972981,13.7986763206361
"734",2023,"Western Bay of Plenty District","Other",-1.4394994795129,-0.72435104904332,-0.627505677096628,8.35166666666667,7.28333333333333,-6.325,1587321.75,-6.325,1587321.75,8.525,8.35166666666667,7.28333333333333,5.75,3.725,983306.666666667,-12.7,-155355.333333333,-1.13515173138509,1.03838686520977,6525.03329840058,-0.0755991454972981,13.7986763206361
"735",2023,"Westland District","Other",-1.16110922263078,-0.105667316088246,-0.101190026537282,8.35166666666667,7.28333333333333,-6.325,1587321.75,-6.325,1587321.75,8.525,8.35166666666667,7.28333333333333,5.75,3.725,983306.666666667,-12.7,-155355.333333333,-1.13515173138509,1.03838686520977,6525.03329840058,-0.0755991454972981,13.7986763206361
"736",2023,"Whakatane District","Other",-1.4290330077728,-0.698369579942844,-0.547212162276121,8.35166666666667,7.28333333333333,-6.325,1587321.75,-6.325,1587321.75,8.525,8.35166666666667,7.28333333333333,5.75,3.725,983306.666666667,-12.7,-155355.333333333,-1.13515173138509,1.03838686520977,6525.03329840058,-0.0755991454972981,13.7986763206361
"737",2023,"Whanganui District","Other",-1.69972996064082,-1.29870390034571,-2.26816188793939,8.35166666666667,7.28333333333333,-6.325,1587321.75,-6.325,1587321.75,8.525,8.35166666666667,7.28333333333333,5.75,3.725,983306.666666667,-12.7,-155355.333333333,-1.13515173138509,1.03838686520977,6525.03329840058,-0.0755991454972981,13.7986763206361
"738",2023,"Whangarei District","Other",-1.23956303216986,-0.277307396333263,-0.595340619230846,8.35166666666667,7.28333333333333,-6.325,1587321.75,-6.325,1587321.75,8.525,8.35166666666667,7.28333333333333,5.75,3.725,983306.666666667,-12.7,-155355.333333333,-1.13515173138509,1.03838686520977,6525.03329840058,-0.0755991454972981,13.7986763206361
"739",2024,"Ashburton District","Canterbury Rural",-1.04642531860672,-0.167210921019998,0.197587622082647,8.40833333333333,6.94916666666667,0.175,1626352,0.175,1626352,10.175,8.40833333333333,6.94916666666667,2.925,4.725,746388,5.2,37136,0.555731964603367,-0.197771251576641,3360.62703420915,1.03976381863774,13.5230008512156
"740",2024,"Auckland","Auckland Urban",-1.04284703766994,-0.167616881474693,1.90209742928118,8.40833333333333,6.94916666666667,0.175,1626352,0.175,1626352,10.175,8.40833333333333,6.94916666666667,2.925,4.725,1261676,1.9,23735,1.19451024975456,2.66826728173065,9437.29281196197,0.177132065265364,14.0479515537804
"741",2024,"Bay of Plenty","Other",-1.07183111325792,-0.226481147405457,-0.258917939923559,8.40833333333333,6.94916666666667,0.175,1626352,0.175,1626352,10.175,8.40833333333333,6.94916666666667,2.925,4.725,1014364,3.43333333333333,31057.3333333333,0.743607930824307,1.41617869039216,6056.43930433915,-0.583322132414061,13.8297723730764
"742",2024,"Buller District","Other",-1.18302619336861,-0.459502448400347,-1.20838279618386,8.40833333333333,6.94916666666667,0.175,1626352,0.175,1626352,10.175,8.40833333333333,6.94916666666667,2.925,4.725,1014364,3.43333333333333,31057.3333333333,0.743607930824307,1.41617869039216,6056.43930433915,-0.583322132414061,13.8297723730764
"743",2024,"Canterbury","Canterbury Rural",-0.903562452205457,0.124918222178474,0.87543643414301,8.40833333333333,6.94916666666667,0.175,1626352,0.175,1626352,10.175,8.40833333333333,6.94916666666667,2.925,4.725,746388,5.2,37136,0.555731964603367,-0.197771251576641,3360.62703420915,1.03976381863774,13.5230008512156
"744",2024,"Carterton District","Wellington Rural",-1.46928866831166,-1.05480285916499,-1.58912177743955,8.40833333333333,6.94916666666667,0.175,1626352,0.175,1626352,10.175,8.40833333333333,6.94916666666667,2.925,4.725,1035028,3.2,32301,0.480581578114992,1.77804004102247,5371.39806684632,-2.96686228114529,13.8499390374558
"745",2024,"Central Hawkes Bay District","Other",-1.28813819588676,-0.677746788844342,-2.46591742889197,8.40833333333333,6.94916666666667,0.175,1626352,0.175,1626352,10.175,8.40833333333333,6.94916666666667,2.925,4.725,1014364,3.43333333333333,31057.3333333333,0.743607930824307,1.41617869039216,6056.43930433915,-0.583322132414061,13.8297723730764
"746",2024,"Central Otago District","Other",-1.4458509281757,-1.00300230514592,-0.798099613629218,8.40833333333333,6.94916666666667,0.175,1626352,0.175,1626352,10.175,8.40833333333333,6.94916666666667,2.925,4.725,1014364,3.43333333333333,31057.3333333333,0.743607930824307,1.41617869039216,6056.43930433915,-0.583322132414061,13.8297723730764
"747",2024,"Christchurch City","Canterbury Urban",-0.916891548694993,0.0974752954410973,0.708654652616734,8.40833333333333,6.94916666666667,0.175,1626352,0.175,1626352,10.175,8.40833333333333,6.94916666666667,2.925,4.725,746388,5.2,37136,0.555731964603367,-0.197771251576641,3360.62703420915,1.03976381863774,13.5230008512156
"748",2024,"Clutha District","Other",-1.55033673152991,-1.21540081504231,-1.46880063505274,8.40833333333333,6.94916666666667,0.175,1626352,0.175,1626352,10.175,8.40833333333333,6.94916666666667,2.925,4.725,1014364,3.43333333333333,31057.3333333333,0.743607930824307,1.41617869039216,6056.43930433915,-0.583322132414061,13.8297723730764
"749",2024,"Dunedin City","Other",-1.19760768818602,-0.486458222592091,1.00171406872719,8.40833333333333,6.94916666666667,0.175,1626352,0.175,1626352,10.175,8.40833333333333,6.94916666666667,2.925,4.725,1014364,3.43333333333333,31057.3333333333,0.743607930824307,1.41617869039216,6056.43930433915,-0.583322132414061,13.8297723730764
"750",2024,"Far North District","Other",-0.975933184151997,-0.0270733720593077,-0.505278457206658,8.40833333333333,6.94916666666667,0.175,1626352,0.175,1626352,10.175,8.40833333333333,6.94916666666667,2.925,4.725,1014364,3.43333333333333,31057.3333333333,0.743607930824307,1.41617869039216,6056.43930433915,-0.583322132414061,13.8297723730764
"751",2024,"Gisborne","Other",-1.21943520190043,-0.532575330245435,-1.15763348266229,8.40833333333333,6.94916666666667,0.175,1626352,0.175,1626352,10.175,8.40833333333333,6.94916666666667,2.925,4.725,1014364,3.43333333333333,31057.3333333333,0.743607930824307,1.41617869039216,6056.43930433915,-0.583322132414061,13.8297723730764
"752",2024,"Gisborne District","Other",-1.21943520190043,-0.532575330245435,-1.15763348266229,8.40833333333333,6.94916666666667,0.175,1626352,0.175,1626352,10.175,8.40833333333333,6.94916666666667,2.925,4.725,1014364,3.43333333333333,31057.3333333333,0.743607930824307,1.41617869039216,6056.43930433915,-0.583322132414061,13.8297723730764
"753",2024,"Gore District","Other",-1.16495587463783,-0.422154086568414,-2.0167979172105,8.40833333333333,6.94916666666667,0.175,1626352,0.175,1626352,10.175,8.40833333333333,6.94916666666667,2.925,4.725,1014364,3.43333333333333,31057.3333333333,0.743607930824307,1.41617869039216,6056.43930433915,-0.583322132414061,13.8297723730764
"754",2024,"Grey District","Other",-1.13418265858145,-0.346320673631401,-0.30228120312039,8.40833333333333,6.94916666666667,0.175,1626352,0.175,1626352,10.175,8.40833333333333,6.94916666666667,2.925,4.725,1014364,3.43333333333333,31057.3333333333,0.743607930824307,1.41617869039216,6056.43930433915,-0.583322132414061,13.8297723730764
"755",2024,"Hamilton City","Other",-1.20959492932426,-0.512764460056322,0.482069689428894,8.40833333333333,6.94916666666667,0.175,1626352,0.175,1626352,10.175,8.40833333333333,6.94916666666667,2.925,4.725,1014364,3.43333333333333,31057.3333333333,0.743607930824307,1.41617869039216,6056.43930433915,-0.583322132414061,13.8297723730764
"756",2024,"Hastings District","Other",-1.19107732547638,-0.477851860952559,0.152080021694764,8.40833333333333,6.94916666666667,0.175,1626352,0.175,1626352,10.175,8.40833333333333,6.94916666666667,2.925,4.725,1014364,3.43333333333333,31057.3333333333,0.743607930824307,1.41617869039216,6056.43930433915,-0.583322132414061,13.8297723730764
"757",2024,"Hauraki District","Other",-1.31721172849817,-0.736854631047924,-0.942246724805499,8.40833333333333,6.94916666666667,0.175,1626352,0.175,1626352,10.175,8.40833333333333,6.94916666666667,2.925,4.725,1014364,3.43333333333333,31057.3333333333,0.743607930824307,1.41617869039216,6056.43930433915,-0.583322132414061,13.8297723730764
"758",2024,"Hawke's Bay","Other",-1.13015709252757,-0.349893125632716,-0.153607157874111,8.40833333333333,6.94916666666667,0.175,1626352,0.175,1626352,10.175,8.40833333333333,6.94916666666667,2.925,4.725,1014364,3.43333333333333,31057.3333333333,0.743607930824307,1.41617869039216,6056.43930433915,-0.583322132414061,13.8297723730764
"759",2024,"Horowhenua District","Other",-1.36659200542584,-0.839806202358559,-1.57053752178377,8.40833333333333,6.94916666666667,0.175,1626352,0.175,1626352,10.175,8.40833333333333,6.94916666666667,2.925,4.725,1014364,3.43333333333333,31057.3333333333,0.743607930824307,1.41617869039216,6056.43930433915,-0.583322132414061,13.8297723730764
"760",2024,"Hurunui District","Canterbury Rural",-1.06691097696984,-0.212028955218318,0.331966086055246,8.40833333333333,6.94916666666667,0.175,1626352,0.175,1626352,10.175,8.40833333333333,6.94916666666667,2.925,4.725,746388,5.2,37136,0.555731964603367,-0.197771251576641,3360.62703420915,1.03976381863774,13.5230008512156
"761",2024,"Hutt City","Wellington Urban",-0.82135144768275,0.289738166784616,0.659096637534642,8.40833333333333,6.94916666666667,0.175,1626352,0.175,1626352,10.175,8.40833333333333,6.94916666666667,2.925,4.725,1035028,3.2,32301,0.480581578114992,1.77804004102247,5371.39806684632,-2.96686228114529,13.8499390374558
"762",2024,"Invercargill City","Other",-1.1489430674457,-0.382532346190189,-0.84098635745026,8.40833333333333,6.94916666666667,0.175,1626352,0.175,1626352,10.175,8.40833333333333,6.94916666666667,2.925,4.725,1014364,3.43333333333333,31057.3333333333,0.743607930824307,1.41617869039216,6056.43930433915,-0.583322132414061,13.8297723730764
"763",2024,"Kaikoura District","Other",-1.32204240776283,-0.754554506872623,0.223319668375273,8.40833333333333,6.94916666666667,0.175,1626352,0.175,1626352,10.175,8.40833333333333,6.94916666666667,2.925,4.725,1014364,3.43333333333333,31057.3333333333,0.743607930824307,1.41617869039216,6056.43930433915,-0.583322132414061,13.8297723730764
"764",2024,"Kaipara District","Other",-1.49746763068887,-1.1122868595498,-0.800005691132375,8.40833333333333,6.94916666666667,0.175,1626352,0.175,1626352,10.175,8.40833333333333,6.94916666666667,2.925,4.725,1014364,3.43333333333333,31057.3333333333,0.743607930824307,1.41617869039216,6056.43930433915,-0.583322132414061,13.8297723730764
"765",2024,"Kapiti Coast District","Wellington Rural",-0.98711531207946,-0.0525676886141491,0.244763040285794,8.40833333333333,6.94916666666667,0.175,1626352,0.175,1626352,10.175,8.40833333333333,6.94916666666667,2.925,4.725,1035028,3.2,32301,0.480581578114992,1.77804004102247,5371.39806684632,-2.96686228114529,13.8499390374558
"766",2024,"Kawerau District","Other",-1.72048399007419,-1.5700478682638,-2.14855552461626,8.40833333333333,6.94916666666667,0.175,1626352,0.175,1626352,10.175,8.40833333333333,6.94916666666667,2.925,4.725,1014364,3.43333333333333,31057.3333333333,0.743607930824307,1.41617869039216,6056.43930433915,-0.583322132414061,13.8297723730764
"767",2024,"MacKenzie District","Canterbury Rural",-1.53978080276639,-1.19299179794315,1.85611330951751,8.40833333333333,6.94916666666667,0.175,1626352,0.175,1626352,10.175,8.40833333333333,6.94916666666667,2.925,4.725,746388,5.2,37136,0.555731964603367,-0.197771251576641,3360.62703420915,1.03976381863774,13.5230008512156
"768",2024,"Manawatu District","Other",-1.25002950390997,-0.598016155542258,-0.814301272406056,8.40833333333333,6.94916666666667,0.175,1626352,0.175,1626352,10.175,8.40833333333333,6.94916666666667,2.925,4.725,1014364,3.43333333333333,31057.3333333333,0.743607930824307,1.41617869039216,6056.43930433915,-0.583322132414061,13.8297723730764
"769",2024,"Manawatu-Wanganui","Other",-1.2537866988936,-0.605648212090523,-0.717567839120816,8.40833333333333,6.94916666666667,0.175,1626352,0.175,1626352,10.175,8.40833333333333,6.94916666666667,2.925,4.725,1014364,3.43333333333333,31057.3333333333,0.743607930824307,1.41617869039216,6056.43930433915,-0.583322132414061,13.8297723730764
"770",2024,"Marlborough","Other",-0.90561996374411,0.11728616563021,-0.434515329901937,8.40833333333333,6.94916666666667,0.175,1626352,0.175,1626352,10.175,8.40833333333333,6.94916666666667,2.925,4.725,1014364,3.43333333333333,31057.3333333333,0.743607930824307,1.41617869039216,6056.43930433915,-0.583322132414061,13.8297723730764
"771",2024,"Marlborough District","Other",-0.90561996374411,0.11728616563021,-0.434515329901937,8.40833333333333,6.94916666666667,0.175,1626352,0.175,1626352,10.175,8.40833333333333,6.94916666666667,2.925,4.725,1014364,3.43333333333333,31057.3333333333,0.743607930824307,1.41617869039216,6056.43930433915,-0.583322132414061,13.8297723730764
"772",2024,"Masterton District","Wellington Rural",-1.07836147596756,-0.241582876320109,-0.821687322730791,8.40833333333333,6.94916666666667,0.175,1626352,0.175,1626352,10.175,8.40833333333333,6.94916666666667,2.925,4.725,1035028,3.2,32301,0.480581578114992,1.77804004102247,5371.39806684632,-2.96686228114529,13.8499390374558
"773",2024,"Matamata Piako District","Other",-1.50113536864908,-1.12024368446182,-1.18789246302491,8.40833333333333,6.94916666666667,0.175,1626352,0.175,1626352,10.175,8.40833333333333,6.94916666666667,2.925,4.725,1014364,3.43333333333333,31057.3333333333,0.743607930824307,1.41617869039216,6056.43930433915,-0.583322132414061,13.8297723730764
"774",2024,"Napier City","Other",-1.03014414034434,-0.13976799428262,-0.112149972180437,8.40833333333333,6.94916666666667,0.175,1626352,0.175,1626352,10.175,8.40833333333333,6.94916666666667,2.925,4.725,1014364,3.43333333333333,31057.3333333333,0.743607930824307,1.41617869039216,6056.43930433915,-0.583322132414061,13.8297723730764
"775",2024,"Nelson","Other",-0.792814657211864,0.356315681354585,1.26713536104186,8.40833333333333,6.94916666666667,0.175,1626352,0.175,1626352,10.175,8.40833333333333,6.94916666666667,2.925,4.725,1014364,3.43333333333333,31057.3333333333,0.743607930824307,1.41617869039216,6056.43930433915,-0.583322132414061,13.8297723730764
"776",2024,"Nelson City","Other",-0.792814657211864,0.356315681354585,1.27047099667239,8.40833333333333,6.94916666666667,0.175,1626352,0.175,1626352,10.175,8.40833333333333,6.94916666666667,2.925,4.725,1014364,3.43333333333333,31057.3333333333,0.743607930824307,1.41617869039216,6056.43930433915,-0.583322132414061,13.8297723730764
"777",2024,"New Plymouth District","Other",-1.09204840055077,-0.266752424511195,0.000308600505852172,8.40833333333333,6.94916666666667,0.175,1626352,0.175,1626352,10.175,8.40833333333333,6.94916666666667,2.925,4.725,1014364,3.43333333333333,31057.3333333333,0.743607930824307,1.41617869039216,6056.43930433915,-0.583322132414061,13.8297723730764
"778",2024,"New Zealand","Other",-1.05894930188548,-0.200012525759348,1.19065400122767,8.40833333333333,6.94916666666667,0.175,1626352,0.175,1626352,10.175,8.40833333333333,6.94916666666667,2.925,4.725,1014364,3.43333333333333,31057.3333333333,0.743607930824307,1.41617869039216,6056.43930433915,-0.583322132414061,13.8297723730764
"779",2024,"Northland","Other",-1.03345405021087,-0.148049587558397,-0.339687974119854,8.40833333333333,6.94916666666667,0.175,1626352,0.175,1626352,10.175,8.40833333333333,6.94916666666667,2.925,4.725,1014364,3.43333333333333,31057.3333333333,0.743607930824307,1.41617869039216,6056.43930433915,-0.583322132414061,13.8297723730764
"780",2024,"Opotiki District","Other",-1.0944637401831,-0.260581825599831,-1.64487454440691,8.40833333333333,6.94916666666667,0.175,1626352,0.175,1626352,10.175,8.40833333333333,6.94916666666667,2.925,4.725,1014364,3.43333333333333,31057.3333333333,0.743607930824307,1.41617869039216,6056.43930433915,-0.583322132414061,13.8297723730764
"781",2024,"Otago","Other",-1.51437500811519,-1.1454132326529,0.592860444299921,8.40833333333333,6.94916666666667,0.175,1626352,0.175,1626352,10.175,8.40833333333333,6.94916666666667,2.925,4.725,1014364,3.43333333333333,31057.3333333333,0.743607930824307,1.41617869039216,6056.43930433915,-0.583322132414061,13.8297723730764
"782",2024,"Otorohanga District","Other",-1.44155699105155,-0.993096870051364,-1.708013361699,8.40833333333333,6.94916666666667,0.175,1626352,0.175,1626352,10.175,8.40833333333333,6.94916666666667,2.925,4.725,1014364,3.43333333333333,31057.3333333333,0.743607930824307,1.41617869039216,6056.43930433915,-0.583322132414061,13.8297723730764
"783",2024,"Palmerston North City","Other",-1.01914092646371,-0.118170898092851,0.0748838828168876,8.40833333333333,6.94916666666667,0.175,1626352,0.175,1626352,10.175,8.40833333333333,6.94916666666667,2.925,4.725,1014364,3.43333333333333,31057.3333333333,0.743607930824307,1.41617869039216,6056.43930433915,-0.583322132414061,13.8297723730764
"784",2024,"Porirua City","Wellington Urban",-0.921811684983077,0.0831854874358359,0.82349582218197,8.40833333333333,6.94916666666667,0.175,1626352,0.175,1626352,10.175,8.40833333333333,6.94916666666667,2.925,4.725,1035028,3.2,32301,0.480581578114992,1.77804004102247,5371.39806684632,-2.96686228114529,13.8499390374558
"785",2024,"Queenstown Lakes District","Other",-1.46472636011726,-1.0444102715248,-0.129066410020959,8.40833333333333,6.94916666666667,0.175,1626352,0.175,1626352,10.175,8.40833333333333,6.94916666666667,2.925,4.725,1014364,3.43333333333333,31057.3333333333,0.743607930824307,1.41617869039216,6056.43930433915,-0.583322132414061,13.8297723730764
"786",2024,"Rangitikei District","Other",-1.48163373754358,-1.08078432826547,-2.26601755074834,8.40833333333333,6.94916666666667,0.175,1626352,0.175,1626352,10.175,8.40833333333333,6.94916666666667,2.925,4.725,1014364,3.43333333333333,31057.3333333333,0.743607930824307,1.41617869039216,6056.43930433915,-0.583322132414061,13.8297723730764
"787",2024,"Rotorua District","Other",-1.1802530256426,-0.446674098031988,-1.23077920684596,8.40833333333333,6.94916666666667,0.175,1626352,0.175,1626352,10.175,8.40833333333333,6.94916666666667,2.925,4.725,1014364,3.43333333333333,31057.3333333333,0.743607930824307,1.41617869039216,6056.43930433915,-0.583322132414061,13.8297723730764
"788",2024,"Ruapehu District","Other",-1.26192728802479,-0.618963715004517,-1.64463628471901,8.40833333333333,6.94916666666667,0.175,1626352,0.175,1626352,10.175,8.40833333333333,6.94916666666667,2.925,4.725,1014364,3.43333333333333,31057.3333333333,0.743607930824307,1.41617869039216,6056.43930433915,-0.583322132414061,13.8297723730764
"789",2024,"Selwyn District","Canterbury Rural",-0.867511271767316,0.199290177478586,2.28974594148583,8.40833333333333,6.94916666666667,0.175,1626352,0.175,1626352,10.175,8.40833333333333,6.94916666666667,2.925,4.725,746388,5.2,37136,0.555731964603367,-0.197771251576641,3360.62703420915,1.03976381863774,13.5230008512156
"790",2024,"South Taranaki District","Other",-1.35102648335081,-0.808303671074232,-1.74661143113794,8.40833333333333,6.94916666666667,0.175,1626352,0.175,1626352,10.175,8.40833333333333,6.94916666666667,2.925,4.725,1014364,3.43333333333333,31057.3333333333,0.743607930824307,1.41617869039216,6056.43930433915,-0.583322132414061,13.8297723730764
"791",2024,"South Waikato District","Other",-1.67414525194278,-1.47229259077326,-2.70250929897139,8.40833333333333,6.94916666666667,0.175,1626352,0.175,1626352,10.175,8.40833333333333,6.94916666666667,2.925,4.725,1014364,3.43333333333333,31057.3333333333,0.743607930824307,1.41617869039216,6056.43930433915,-0.583322132414061,13.8297723730764
"792",2024,"South Wairarapa District","Wellington Rural",-1.14545424353234,-0.382532346190189,-0.224132025490935,8.40833333333333,6.94916666666667,0.175,1626352,0.175,1626352,10.175,8.40833333333333,6.94916666666667,2.925,4.725,1035028,3.2,32301,0.480581578114992,1.77804004102247,5371.39806684632,-2.96686228114529,13.8499390374558
"793",2024,"Southland","Other",-1.23347995457732,-0.558719183527789,-1.15977781985334,8.40833333333333,6.94916666666667,0.175,1626352,0.175,1626352,10.175,8.40833333333333,6.94916666666667,2.925,4.725,1014364,3.43333333333333,31057.3333333333,0.743607930824307,1.41617869039216,6056.43930433915,-0.583322132414061,13.8297723730764
"794",2024,"Southland District","Other",-1.39647065124802,-0.896640666015849,-0.742823366037653,8.40833333333333,6.94916666666667,0.175,1626352,0.175,1626352,10.175,8.40833333333333,6.94916666666667,2.925,4.725,1014364,3.43333333333333,31057.3333333333,0.743607930824307,1.41617869039216,6056.43930433915,-0.583322132414061,13.8297723730764
"795",2024,"Stratford District","Other",-1.35871978736491,-0.816422880168131,-2.3394015346199,8.40833333333333,6.94916666666667,0.175,1626352,0.175,1626352,10.175,8.40833333333333,6.94916666666667,2.925,4.725,1014364,3.43333333333333,31057.3333333333,0.743607930824307,1.41617869039216,6056.43930433915,-0.583322132414061,13.8297723730764
"796",2024,"Taranaki","Other",-1.17273863567535,-0.434657668573018,-0.457864779315616,8.40833333333333,6.94916666666667,0.175,1626352,0.175,1626352,10.175,8.40833333333333,6.94916666666667,2.925,4.725,1014364,3.43333333333333,31057.3333333333,0.743607930824307,1.41617869039216,6056.43930433915,-0.583322132414061,13.8297723730764
"797",2024,"Tararua District","Other",-1.52126319891851,-1.15954065647629,-2.34297542993832,8.40833333333333,6.94916666666667,0.175,1626352,0.175,1626352,10.175,8.40833333333333,6.94916666666667,2.925,4.725,1014364,3.43333333333333,31057.3333333333,0.743607930824307,1.41617869039216,6056.43930433915,-0.583322132414061,13.8297723730764
"798",2024,"Tasman","Other",-0.873415435313017,0.181103149108253,1.27404489199081,8.40833333333333,6.94916666666667,0.175,1626352,0.175,1626352,10.175,8.40833333333333,6.94916666666667,2.925,4.725,1014364,3.43333333333333,31057.3333333333,0.743607930824307,1.41617869039216,6056.43930433915,-0.583322132414061,13.8297723730764
"799",2024,"Tasman District","Other",-0.873415435313017,0.181103149108253,1.27047099667239,8.40833333333333,6.94916666666667,0.175,1626352,0.175,1626352,10.175,8.40833333333333,6.94916666666667,2.925,4.725,1014364,3.43333333333333,31057.3333333333,0.743607930824307,1.41617869039216,6056.43930433915,-0.583322132414061,13.8297723730764
"800",2024,"Taupo District","Other",-1.18794632965669,-0.470382188586172,-1.06113830906494,8.40833333333333,6.94916666666667,0.175,1626352,0.175,1626352,10.175,8.40833333333333,6.94916666666667,2.925,4.725,1014364,3.43333333333333,31057.3333333333,0.743607930824307,1.41617869039216,6056.43930433915,-0.583322132414061,13.8297723730764
"801",2024,"Tauranga City","Other",-0.905351592673851,0.117935702357722,0.348882523895768,8.40833333333333,6.94916666666667,0.175,1626352,0.175,1626352,10.175,8.40833333333333,6.94916666666667,2.925,4.725,1014364,3.43333333333333,31057.3333333333,0.743607930824307,1.41617869039216,6056.43930433915,-0.583322132414061,13.8297723730764
"802",2024,"Thames Coromandel District","Other",-1.31792738468552,-0.734906020865388,-1.14953265327387,8.40833333333333,6.94916666666667,0.175,1626352,0.175,1626352,10.175,8.40833333333333,6.94916666666667,2.925,4.725,1014364,3.43333333333333,31057.3333333333,0.743607930824307,1.41617869039216,6056.43930433915,-0.583322132414061,13.8297723730764
"803",2024,"Timaru District","Canterbury Rural",-1.01475753231615,-0.108265462998294,-0.327774989725121,8.40833333333333,6.94916666666667,0.175,1626352,0.175,1626352,10.175,8.40833333333333,6.94916666666667,2.925,4.725,746388,5.2,37136,0.555731964603367,-0.197771251576641,3360.62703420915,1.03976381863774,13.5230008512156
"804",2024,"Upper Hutt City","Wellington Urban",-0.884418649193641,0.158694132009093,0.101330708173197,8.40833333333333,6.94916666666667,0.175,1626352,0.175,1626352,10.175,8.40833333333333,6.94916666666667,2.925,4.725,1035028,3.2,32301,0.480581578114992,1.77804004102247,5371.39806684632,-2.96686228114529,13.8499390374558
"805",2024,"Waikato","Other",-1.23124352899183,-0.556932957527131,0.216171877738432,8.40833333333333,6.94916666666667,0.175,1626352,0.175,1626352,10.175,8.40833333333333,6.94916666666667,2.925,4.725,1014364,3.43333333333333,31057.3333333333,0.743607930824307,1.41617869039216,6056.43930433915,-0.583322132414061,13.8297723730764
"806",2024,"Waikato District","Other",-1.44755061162068,-1.00576283623785,0.18400681987265,8.40833333333333,6.94916666666667,0.175,1626352,0.175,1626352,10.175,8.40833333333333,6.94916666666667,2.925,4.725,1014364,3.43333333333333,31057.3333333333,0.743607930824307,1.41617869039216,6056.43930433915,-0.583322132414061,13.8297723730764
"807",2024,"Waimakariri District","Canterbury Rural",-1.07684070656942,-0.235737045772502,0.854469581608278,8.40833333333333,6.94916666666667,0.175,1626352,0.175,1626352,10.175,8.40833333333333,6.94916666666667,2.925,4.725,746388,5.2,37136,0.555731964603367,-0.197771251576641,3360.62703420915,1.03976381863774,13.5230008512156
"808",2024,"Waimate District","Canterbury Rural",-1.40613200977735,-0.917263457114351,-1.73755756299794,8.40833333333333,6.94916666666667,0.175,1626352,0.175,1626352,10.175,8.40833333333333,6.94916666666667,2.925,4.725,746388,5.2,37136,0.555731964603367,-0.197771251576641,3360.62703420915,1.03976381863774,13.5230008512156
"809",2024,"Waipa District","Other",-1.5125858676468,-1.14313985410661,-0.125015995326749,8.40833333333333,6.94916666666667,0.175,1626352,0.175,1626352,10.175,8.40833333333333,6.94916666666667,2.925,4.725,1014364,3.43333333333333,31057.3333333333,0.743607930824307,1.41617869039216,6056.43930433915,-0.583322132414061,13.8297723730764
"810",2024,"Wairoa District","Other",-1.23714769253753,-0.574470449169952,-2.33678067805306,8.40833333333333,6.94916666666667,0.175,1626352,0.175,1626352,10.175,8.40833333333333,6.94916666666667,2.925,4.725,1014364,3.43333333333333,31057.3333333333,0.743607930824307,1.41617869039216,6056.43930433915,-0.583322132414061,13.8297723730764
"811",2024,"Waitaki District","Other",-1.21818280357255,-0.52819095733473,-0.442854418978251,8.40833333333333,6.94916666666667,0.175,1626352,0.175,1626352,10.175,8.40833333333333,6.94916666666667,2.925,4.725,1014364,3.43333333333333,31057.3333333333,0.743607930824307,1.41617869039216,6056.43930433915,-0.583322132414061,13.8297723730764
"812",2024,"Waitomo District","Other",-1.51741654691146,-1.15580582029309,-1.52765077796273,8.40833333333333,6.94916666666667,0.175,1626352,0.175,1626352,10.175,8.40833333333333,6.94916666666667,2.925,4.725,1014364,3.43333333333333,31057.3333333333,0.743607930824307,1.41617869039216,6056.43930433915,-0.583322132414061,13.8297723730764
"813",2024,"Wellington","Wellington Rural",-0.932099242676343,0.0625626963373332,1.60093718378231,8.40833333333333,6.94916666666667,0.175,1626352,0.175,1626352,10.175,8.40833333333333,6.94916666666667,2.925,4.725,1035028,3.2,32301,0.480581578114992,1.77804004102247,5371.39806684632,-2.96686228114529,13.8499390374558
"814",2024,"Wellington City","Wellington Urban",-0.855255659558817,0.22137442621399,1.72816785711807,8.40833333333333,6.94916666666667,0.175,1626352,0.175,1626352,10.175,8.40833333333333,6.94916666666667,2.925,4.725,1035028,3.2,32301,0.480581578114992,1.77804004102247,5371.39806684632,-2.96686228114529,13.8499390374558
"815",2024,"West Coast","Other",-1.14151813450187,-0.366618696366147,-0.683734963439771,8.40833333333333,6.94916666666667,0.175,1626352,0.175,1626352,10.175,8.40833333333333,6.94916666666667,2.925,4.725,1014364,3.43333333333333,31057.3333333333,0.743607930824307,1.41617869039216,6056.43930433915,-0.583322132414061,13.8297723730764
"816",2024,"Western Bay of Plenty District","Other",-1.21075787062872,-0.516824064603272,-0.477878593098769,8.40833333333333,6.94916666666667,0.175,1626352,0.175,1626352,10.175,8.40833333333333,6.94916666666667,2.925,4.725,1014364,3.43333333333333,31057.3333333333,0.743607930824307,1.41617869039216,6056.43930433915,-0.583322132414061,13.8297723730764
"817",2024,"Westland District","Other",-1.15019546577358,-0.381882809462677,-0.714946982553975,8.40833333333333,6.94916666666667,0.175,1626352,0.175,1626352,10.175,8.40833333333333,6.94916666666667,2.925,4.725,1014364,3.43333333333333,31057.3333333333,0.743607930824307,1.41617869039216,6056.43930433915,-0.583322132414061,13.8297723730764
"818",2024,"Whakatane District","Other",-1.17166515139431,-0.435469589482408,-0.372329551361425,8.40833333333333,6.94916666666667,0.175,1626352,0.175,1626352,10.175,8.40833333333333,6.94916666666667,2.925,4.725,1014364,3.43333333333333,31057.3333333333,0.743607930824307,1.41617869039216,6056.43930433915,-0.583322132414061,13.8297723730764
"819",2024,"Whanganui District","Other",-1.5539150124667,-1.22839154959255,-2.21502997753888,8.40833333333333,6.94916666666667,0.175,1626352,0.175,1626352,10.175,8.40833333333333,6.94916666666667,2.925,4.725,1014364,3.43333333333333,31057.3333333333,0.743607930824307,1.41617869039216,6056.43930433915,-0.583322132414061,13.8297723730764
"820",2024,"Whangarei District","Other",-0.947306936657692,0.0305730125073729,-0.213886858911465,8.40833333333333,6.94916666666667,0.175,1626352,0.175,1626352,10.175,8.40833333333333,6.94916666666667,2.925,4.725,1014364,3.43333333333333,31057.3333333333,0.743607930824307,1.41617869039216,6056.43930433915,-0.583322132414061,13.8297723730764
"821",2025,"Ashburton District","Canterbury Rural",-0.580622597660327,-0.188320864664134,0.216410137426326,7.04125,5.67625,-2,1642553,-2,1642553,10.1,7.4,5.82666666666667,2.5,5.1,752357,0.8,5969,1.11935986326619,-0.170375377525626,733.945205479452,1.01806239087995,13.530966224324
"822",2025,"Auckland","Auckland Urban",-0.50744675250301,-0.061661202799316,2.0090760291459,7.04125,5.67625,-2,1642553,-2,1642553,10.1,7.4,5.82666666666667,2.5,5.1,1225448,-2.9,-36228,3.14842029845233,2.86843571039033,4572.19178082192,0.128303852810324,14.0188170493895
"823",2025,"Bay of Plenty","Other",-0.522654446484359,-0.0882922086273034,-0.249625812095666,7.04125,5.67625,-2,1642553,-2,1642553,10.1,7.4,5.82666666666667,2.5,5.1,977205,-3.3,-37159,1.67046269751428,1.52533360162296,2538.18721461187,-0.60773623864158,13.7924517350125
"824",2025,"Buller District","Other",-0.753095738813516,-0.485808685864579,-1.39613143024486,7.04125,5.67625,-2,1642553,-2,1642553,10.1,7.4,5.82666666666667,2.5,5.1,977205,-3.3,-37159,1.67046269751428,1.52533360162296,2538.18721461187,-0.60773623864158,13.7924517350125
"825",2025,"Canterbury","Canterbury Rural",-0.369861850483505,0.175419702742524,0.76440741958409,7.04125,5.67625,-2,1642553,-2,1642553,10.1,7.4,5.82666666666667,2.5,5.1,752357,0.8,5969,1.11935986326619,-0.170375377525626,733.945205479452,1.01806239087995,13.530966224324
"826",2025,"Carterton District","Wellington Rural",-1.02933902713356,-0.961919107130794,-1.15977781985334,7.04125,5.67625,-2,1642553,-2,1642553,10.1,7.4,5.82666666666667,2.5,5.1,953810,-7.8,-81218,0.743607930824307,1.87794047200419,2308.42465753425,-2.96957495961501,13.7682197691696
"827",2025,"Central Hawkes Bay District","Other",-0.73663564650429,-0.457229069854056,-2.90955696775187,7.04125,5.67625,-2,1642553,-2,1642553,10.1,7.4,5.82666666666667,2.5,5.1,977205,-3.3,-37159,1.67046269751428,1.52533360162296,2538.18721461187,-0.60773623864158,13.7924517350125
"828",2025,"Central Otago District","Other",-1.0404316980376,-0.980755672228638,-0.686117560318719,7.04125,5.67625,-2,1642553,-2,1642553,10.1,7.4,5.82666666666667,2.5,5.1,977205,-3.3,-37159,1.67046269751428,1.52533360162296,2538.18721461187,-0.60773623864158,13.7924517350125
"829",2025,"Christchurch City","Canterbury Urban",-0.392047192291592,0.137097035819323,0.568081436758872,7.04125,5.67625,-2,1642553,-2,1642553,10.1,7.4,5.82666666666667,2.5,5.1,752357,0.8,5969,1.11935986326619,-0.170375377525626,733.945205479452,1.01806239087995,13.530966224324
"830",2025,"Clutha District","Other",-1.16495587463783,-1.19575232903507,-2.08041325387838,7.04125,5.67625,-2,1642553,-2,1642553,10.1,7.4,5.82666666666667,2.5,5.1,977205,-3.3,-37159,1.67046269751428,1.52533360162296,2538.18721461187,-0.60773623864158,13.7924517350125
"831",2025,"Dunedin City","Other",-0.695127587637548,-0.385780029827748,-0.0590180617799223,7.04125,5.67625,-2,1642553,-2,1642553,10.1,7.4,5.82666666666667,2.5,5.1,977205,-3.3,-37159,1.67046269751428,1.52533360162296,2538.18721461187,-0.60773623864158,13.7924517350125
"832",2025,"Far North District","Other",-0.329069447804121,0.245569669313808,-0.404971128602997,7.04125,5.67625,-2,1642553,-2,1642553,10.1,7.4,5.82666666666667,2.5,5.1,977205,-3.3,-37159,1.67046269751428,1.52533360162296,2538.18721461187,-0.60773623864158,13.7924517350125
"833",2025,"Gisborne","Other",-0.753095738813516,-0.485159149137067,-1.06542698344705,7.04125,5.67625,-2,1642553,-2,1642553,10.1,7.4,5.82666666666667,2.5,5.1,977205,-3.3,-37159,1.67046269751428,1.52533360162296,2538.18721461187,-0.60773623864158,13.7924517350125
"834",2025,"Gisborne District","Other",-0.753095738813516,-0.485159149137067,-1.06542698344705,7.04125,5.67625,-2,1642553,-2,1642553,10.1,7.4,5.82666666666667,2.5,5.1,977205,-3.3,-37159,1.67046269751428,1.52533360162296,2538.18721461187,-0.60773623864158,13.7924517350125
"835",2025,"Gore District","Other",-0.682603604358789,-0.364345317819856,-2.28055139170991,7.04125,5.67625,-2,1642553,-2,1642553,10.1,7.4,5.82666666666667,2.5,5.1,977205,-3.3,-37159,1.67046269751428,1.52533360162296,2538.18721461187,-0.60773623864158,13.7924517350125
"836",2025,"Grey District","Other",-0.66113391873806,-0.326672187624166,-0.234377192070407,7.04125,5.67625,-2,1642553,-2,1642553,10.1,7.4,5.82666666666667,2.5,5.1,977205,-3.3,-37159,1.67046269751428,1.52533360162296,2538.18721461187,-0.60773623864158,13.7924517350125
"837",2025,"Hamilton City","Other",-0.809632577614768,-0.583239194991362,0.583330056784132,7.04125,5.67625,-2,1642553,-2,1642553,10.1,7.4,5.82666666666667,2.5,5.1,977205,-3.3,-37159,1.67046269751428,1.52533360162296,2538.18721461187,-0.60773623864158,13.7924517350125
"838",2025,"Hastings District","Other",-0.720533382288744,-0.429298990571045,0.16875819984739,7.04125,5.67625,-2,1642553,-2,1642553,10.1,7.4,5.82666666666667,2.5,5.1,977205,-3.3,-37159,1.67046269751428,1.52533360162296,2538.18721461187,-0.60773623864158,13.7924517350125
"839",2025,"Hauraki District","Other",-0.915907521437377,-0.766408552149715,-1.63820327314586,7.04125,5.67625,-2,1642553,-2,1642553,10.1,7.4,5.82666666666667,2.5,5.1,977205,-3.3,-37159,1.67046269751428,1.52533360162296,2538.18721461187,-0.60773623864158,13.7924517350125
"840",2025,"Hawke's Bay","Other",-0.647178623084587,-0.302639328706226,-0.236283269573564,7.04125,5.67625,-2,1642553,-2,1642553,10.1,7.4,5.82666666666667,2.5,5.1,977205,-3.3,-37159,1.67046269751428,1.52533360162296,2538.18721461187,-0.60773623864158,13.7924517350125
"841",2025,"Horowhenua District","Other",-0.879766883975816,-0.704053026308574,-1.56863144428061,7.04125,5.67625,-2,1642553,-2,1642553,10.1,7.4,5.82666666666667,2.5,5.1,977205,-3.3,-37159,1.67046269751428,1.52533360162296,2538.18721461187,-0.60773623864158,13.7924517350125
"842",2025,"Hurunui District","Canterbury Rural",-0.550565037791307,-0.136357926463183,0.245001299973688,7.04125,5.67625,-2,1642553,-2,1642553,10.1,7.4,5.82666666666667,2.5,5.1,752357,0.8,5969,1.11935986326619,-0.170375377525626,733.945205479452,1.01806239087995,13.530966224324
"843",2025,"Hutt City","Wellington Urban",-0.233529346791877,0.410551998101827,1.01886876625561,7.04125,5.67625,-2,1642553,-2,1642553,10.1,7.4,5.82666666666667,2.5,5.1,953810,-7.8,-81218,0.743607930824307,1.87794047200419,2308.42465753425,-2.96957495961501,13.7682197691696
"844",2025,"Invercargill City","Other",-0.669721792986352,-0.341611532356939,-0.80429436551448,7.04125,5.67625,-2,1642553,-2,1642553,10.1,7.4,5.82666666666667,2.5,5.1,977205,-3.3,-37159,1.67046269751428,1.52533360162296,2538.18721461187,-0.60773623864158,13.7924517350125
"845",2025,"Kaikoura District","Other",-0.876904259226386,-0.698856732488479,0.193537207388438,7.04125,5.67625,-2,1642553,-2,1642553,10.1,7.4,5.82666666666667,2.5,5.1,977205,-3.3,-37159,1.67046269751428,1.52533360162296,2538.18721461187,-0.60773623864158,13.7924517350125
"846",2025,"Kaipara District","Other",-0.934156754214996,-0.798235851797798,-0.577471142638745,7.04125,5.67625,-2,1642553,-2,1642553,10.1,7.4,5.82666666666667,2.5,5.1,977205,-3.3,-37159,1.67046269751428,1.52533360162296,2538.18721461187,-0.60773623864158,13.7924517350125
"847",2025,"Kapiti Coast District","Wellington Rural",-0.478283762868186,-0.0116468747809003,0.31076097383262,7.04125,5.67625,-2,1642553,-2,1642553,10.1,7.4,5.82666666666667,2.5,5.1,953810,-7.8,-81218,0.743607930824307,1.87794047200419,2308.42465753425,-2.96957495961501,13.7682197691696
"848",2025,"Kawerau District","Other",-1.30415100307889,-1.43608091821447,-2.01370054126787,7.04125,5.67625,-2,1642553,-2,1642553,10.1,7.4,5.82666666666667,2.5,5.1,977205,-3.3,-37159,1.67046269751428,1.52533360162296,2538.18721461187,-0.60773623864158,13.7924517350125
"849",2025,"MacKenzie District","Canterbury Rural",-1.22399751009484,-1.29772959525444,-2.00321711500051,7.04125,5.67625,-2,1642553,-2,1642553,10.1,7.4,5.82666666666667,2.5,5.1,752357,0.8,5969,1.11935986326619,-0.170375377525626,733.945205479452,1.01806239087995,13.530966224324
"850",2025,"Manawatu District","Other",-0.807843437146375,-0.579991511353803,-0.652761204013463,7.04125,5.67625,-2,1642553,-2,1642553,10.1,7.4,5.82666666666667,2.5,5.1,977205,-3.3,-37159,1.67046269751428,1.52533360162296,2538.18721461187,-0.60773623864158,13.7924517350125
"851",2025,"Manawatu-Wanganui","Other",-0.766693206373311,-0.509192008055007,-0.816683869285003,7.04125,5.67625,-2,1642553,-2,1642553,10.1,7.4,5.82666666666667,2.5,5.1,977205,-3.3,-37159,1.67046269751428,1.52533360162296,2538.18721461187,-0.60773623864158,13.7924517350125
"852",2025,"Marlborough","Other",-0.298654059841421,0.298831680969782,-0.593672801415583,7.04125,5.67625,-2,1642553,-2,1642553,10.1,7.4,5.82666666666667,2.5,5.1,977205,-3.3,-37159,1.67046269751428,1.52533360162296,2538.18721461187,-0.60773623864158,13.7924517350125
"853",2025,"Marlborough District","Other",-0.298654059841421,0.298831680969782,-0.593672801415583,7.04125,5.67625,-2,1642553,-2,1642553,10.1,7.4,5.82666666666667,2.5,5.1,977205,-3.3,-37159,1.67046269751428,1.52533360162296,2538.18721461187,-0.60773623864158,13.7924517350125
"854",2025,"Masterton District","Wellington Rural",-0.398488097977811,0.12605491145162,-0.701366180343978,7.04125,5.67625,-2,1642553,-2,1642553,10.1,7.4,5.82666666666667,2.5,5.1,953810,-7.8,-81218,0.743607930824307,1.87794047200419,2308.42465753425,-2.96957495961501,13.7682197691696
"855",2025,"Matamata Piako District","Other",-0.960636033147228,-0.84370342272363,-1.22839660996701,7.04125,5.67625,-2,1642553,-2,1642553,10.1,7.4,5.82666666666667,2.5,5.1,977205,-3.3,-37159,1.67046269751428,1.52533360162296,2538.18721461187,-0.60773623864158,13.7924517350125
"856",2025,"Napier City","Other",-0.514782228423425,-0.0746519373495537,-0.210551223280939,7.04125,5.67625,-2,1642553,-2,1642553,10.1,7.4,5.82666666666667,2.5,5.1,977205,-3.3,-37159,1.67046269751428,1.52533360162296,2538.18721461187,-0.60773623864158,13.7924517350125
"857",2025,"Nelson","Other",-0.224941472543586,0.425491342834601,1.17040192775662,7.04125,5.67625,-2,1642553,-2,1642553,10.1,7.4,5.82666666666667,2.5,5.1,977205,-3.3,-37159,1.67046269751428,1.52533360162296,2538.18721461187,-0.60773623864158,13.7924517350125
"858",2025,"Nelson City","Other",-0.224941472543586,0.425491342834601,1.17326104401136,7.04125,5.67625,-2,1642553,-2,1642553,10.1,7.4,5.82666666666667,2.5,5.1,977205,-3.3,-37159,1.67046269751428,1.52533360162296,2538.18721461187,-0.60773623864158,13.7924517350125
"859",2025,"New Plymouth District","Other",-0.584916534784473,-0.195465768666765,0.155415657325289,7.04125,5.67625,-2,1642553,-2,1642553,10.1,7.4,5.82666666666667,2.5,5.1,977205,-3.3,-37159,1.67046269751428,1.52533360162296,2538.18721461187,-0.60773623864158,13.7924517350125
"860",2025,"New Zealand","Other",-0.489734261865908,-0.0311329766062569,1.19804005155241,7.04125,5.67625,-2,1642553,-2,1642553,10.1,7.4,5.82666666666667,2.5,5.1,977205,-3.3,-37159,1.67046269751428,1.52533360162296,2538.18721461187,-0.60773623864158,13.7924517350125
"861",2025,"Northland","Other",-0.43784918828248,0.0578535550628721,-0.227705920809356,7.04125,5.67625,-2,1642553,-2,1642553,10.1,7.4,5.82666666666667,2.5,5.1,977205,-3.3,-37159,1.67046269751428,1.52533360162296,2538.18721461187,-0.60773623864158,13.7924517350125
"862",2025,"Opotiki District","Other",-0.726258631787605,-0.439042041483723,-1.25889385001753,7.04125,5.67625,-2,1642553,-2,1642553,10.1,7.4,5.82666666666667,2.5,5.1,977205,-3.3,-37159,1.67046269751428,1.52533360162296,2538.18721461187,-0.60773623864158,13.7924517350125
"863",2025,"Otago","Other",-1.10841903583658,-1.09832181990829,0.0267554258621624,7.04125,5.67625,-2,1642553,-2,1642553,10.1,7.4,5.82666666666667,2.5,5.1,977205,-3.3,-37159,1.67046269751428,1.52533360162296,2538.18721461187,-0.60773623864158,13.7924517350125
"864",2025,"Otorohanga District","Other",-1.02611857429045,-0.956722813310698,-1.80593809342371,7.04125,5.67625,-2,1642553,-2,1642553,10.1,7.4,5.82666666666667,2.5,5.1,977205,-3.3,-37159,1.67046269751428,1.52533360162296,2538.18721461187,-0.60773623864158,13.7924517350125
"865",2025,"Palmerston North City","Other",-0.466475435776785,0.00913830049948006,0.149697424815816,7.04125,5.67625,-2,1642553,-2,1642553,10.1,7.4,5.82666666666667,2.5,5.1,977205,-3.3,-37159,1.67046269751428,1.52533360162296,2538.18721461187,-0.60773623864158,13.7924517350125
"866",2025,"Porirua City","Wellington Urban",-0.288992701312094,0.31507009915758,0.71199028824726,7.04125,5.67625,-2,1642553,-2,1642553,10.1,7.4,5.82666666666667,2.5,5.1,953810,-7.8,-81218,0.743607930824307,1.87794047200419,2308.42465753425,-2.96957495961501,13.7682197691696
"867",2025,"Queenstown Lakes District","Other",-1.01037413816858,-0.929442270755199,0.300277547565254,7.04125,5.67625,-2,1642553,-2,1642553,10.1,7.4,5.82666666666667,2.5,5.1,977205,-3.3,-37159,1.67046269751428,1.52533360162296,2538.18721461187,-0.60773623864158,13.7924517350125
"868",2025,"Rangitikei District","Other",-1.03005468332092,-0.963218180585817,-2.56741605593511,7.04125,5.67625,-2,1642553,-2,1642553,10.1,7.4,5.82666666666667,2.5,5.1,977205,-3.3,-37159,1.67046269751428,1.52533360162296,2538.18721461187,-0.60773623864158,13.7924517350125
"869",2025,"Rotorua District","Other",-0.658986950175987,-0.323424503986607,-1.19980544741965,7.04125,5.67625,-2,1642553,-2,1642553,10.1,7.4,5.82666666666667,2.5,5.1,977205,-3.3,-37159,1.67046269751428,1.52533360162296,2538.18721461187,-0.60773623864158,13.7924517350125
"870",2025,"Ruapehu District","Other",-0.658629122082309,-0.322774967259095,-2.44256797947829,7.04125,5.67625,-2,1642553,-2,1642553,10.1,7.4,5.82666666666667,2.5,5.1,977205,-3.3,-37159,1.67046269751428,1.52533360162296,2538.18721461187,-0.60773623864158,13.7924517350125
"871",2025,"Selwyn District","Canterbury Rural",-0.325491166867333,0.252065036588926,2.85537444054779,7.04125,5.67625,-2,1642553,-2,1642553,10.1,7.4,5.82666666666667,2.5,5.1,752357,0.8,5969,1.11935986326619,-0.170375377525626,733.945205479452,1.01806239087995,13.530966224324
"872",2025,"South Taranaki District","Other",-0.924853223779347,-0.781997433610001,-1.53146293296904,7.04125,5.67625,-2,1642553,-2,1642553,10.1,7.4,5.82666666666667,2.5,5.1,977205,-3.3,-37159,1.67046269751428,1.52533360162296,2538.18721461187,-0.60773623864158,13.7924517350125
"873",2025,"South Waikato District","Other",-1.27409344320987,-1.38476751674103,-2.5588387071709,7.04125,5.67625,-2,1642553,-2,1642553,10.1,7.4,5.82666666666667,2.5,5.1,977205,-3.3,-37159,1.67046269751428,1.52533360162296,2538.18721461187,-0.60773623864158,13.7924517350125
"874",2025,"South Wairarapa District","Wellington Rural",-0.496175167552127,-0.0421751009739593,-0.000882697933620565,7.04125,5.67625,-2,1642553,-2,1642553,10.1,7.4,5.82666666666667,2.5,5.1,953810,-7.8,-81218,0.743607930824307,1.87794047200419,2308.42465753425,-2.96957495961501,13.7682197691696
"875",2025,"Southland","Other",-0.785658095338288,-0.541668844430602,-1.16930820736913,7.04125,5.67625,-2,1642553,-2,1642553,10.1,7.4,5.82666666666667,2.5,5.1,977205,-3.3,-37159,1.67046269751428,1.52533360162296,2538.18721461187,-0.60773623864158,13.7924517350125
"876",2025,"Southland District","Other",-0.993556217765679,-0.900862654744676,-0.807153481769215,7.04125,5.67625,-2,1642553,-2,1642553,10.1,7.4,5.82666666666667,2.5,5.1,977205,-3.3,-37159,1.67046269751428,1.52533360162296,2538.18721461187,-0.60773623864158,13.7924517350125
"877",2025,"Stratford District","Other",-0.844699730795292,-0.643646110649968,-2.17667016778783,7.04125,5.67625,-2,1642553,-2,1642553,10.1,7.4,5.82666666666667,2.5,5.1,977205,-3.3,-37159,1.67046269751428,1.52533360162296,2538.18721461187,-0.60773623864158,13.7924517350125
"878",2025,"Taranaki","Other",-0.681887948171432,-0.363046244364832,-0.280123052146185,7.04125,5.67625,-2,1642553,-2,1642553,10.1,7.4,5.82666666666667,2.5,5.1,977205,-3.3,-37159,1.67046269751428,1.52533360162296,2538.18721461187,-0.60773623864158,13.7924517350125
"879",2025,"Tararua District","Other",-1.13454048667513,-1.14378939083412,-2.16142154776257,7.04125,5.67625,-2,1642553,-2,1642553,10.1,7.4,5.82666666666667,2.5,5.1,977205,-3.3,-37159,1.67046269751428,1.52533360162296,2538.18721461187,-0.60773623864158,13.7924517350125
"880",2025,"Tasman","Other",-0.338730806333449,0.229331251126011,1.21424171032924,7.04125,5.67625,-2,1642553,-2,1642553,10.1,7.4,5.82666666666667,2.5,5.1,977205,-3.3,-37159,1.67046269751428,1.52533360162296,2538.18721461187,-0.60773623864158,13.7924517350125
"881",2025,"Tasman District","Other",-0.338730806333449,0.229331251126011,1.21042955532293,7.04125,5.67625,-2,1642553,-2,1642553,10.1,7.4,5.82666666666667,2.5,5.1,977205,-3.3,-37159,1.67046269751428,1.52533360162296,2538.18721461187,-0.60773623864158,13.7924517350125
"882",2025,"Tauranga City","Other",-0.292213154155203,0.309873805337485,0.312667051335777,7.04125,5.67625,-2,1642553,-2,1642553,10.1,7.4,5.82666666666667,2.5,5.1,977205,-3.3,-37159,1.67046269751428,1.52533360162296,2538.18721461187,-0.60773623864158,13.7924517350125
"883",2025,"Thames Coromandel District","Other",-0.880124712069495,-0.704702563036086,-1.19789936991649,7.04125,5.67625,-2,1642553,-2,1642553,10.1,7.4,5.82666666666667,2.5,5.1,977205,-3.3,-37159,1.67046269751428,1.52533360162296,2538.18721461187,-0.60773623864158,13.7924517350125
"884",2025,"Timaru District","Canterbury Rural",-0.451088827748596,0.0351197695999556,-0.32110371846407,7.04125,5.67625,-2,1642553,-2,1642553,10.1,7.4,5.82666666666667,2.5,5.1,752357,0.8,5969,1.11935986326619,-0.170375377525626,733.945205479452,1.01806239087995,13.530966224324
"885",2025,"Upper Hutt City","Wellington Urban",-0.275395233752299,0.338453421348008,0.364131143921028,7.04125,5.67625,-2,1642553,-2,1642553,10.1,7.4,5.82666666666667,2.5,5.1,953810,-7.8,-81218,0.743607930824307,1.87794047200419,2308.42465753425,-2.96957495961501,13.7682197691696
"886",2025,"Waikato","Other",-0.825019185642957,-0.60987020081935,0.313620090087355,7.04125,5.67625,-2,1642553,-2,1642553,10.1,7.4,5.82666666666667,2.5,5.1,977205,-3.3,-37159,1.67046269751428,1.52533360162296,2538.18721461187,-0.60773623864158,13.7924517350125
"887",2025,"Waikato District","Other",-0.998207982983504,-0.908007558747307,-0.00469485293993607,7.04125,5.67625,-2,1642553,-2,1642553,10.1,7.4,5.82666666666667,2.5,5.1,977205,-3.3,-37159,1.67046269751428,1.52533360162296,2538.18721461187,-0.60773623864158,13.7924517350125
"888",2025,"Waimakariri District","Canterbury Rural",-0.562015536789029,-0.15584402828854,0.938813511122995,7.04125,5.67625,-2,1642553,-2,1642553,10.1,7.4,5.82666666666667,2.5,5.1,752357,0.8,5969,1.11935986326619,-0.170375377525626,733.945205479452,1.01806239087995,13.530966224324
"889",2025,"Waimate District","Canterbury Rural",-0.919127974280486,-0.77160484596981,-1.25794081126595,7.04125,5.67625,-2,1642553,-2,1642553,10.1,7.4,5.82666666666667,2.5,5.1,752357,0.8,5969,1.11935986326619,-0.170375377525626,733.945205479452,1.01806239087995,13.530966224324
"890",2025,"Waipa District","Other",-1.04794608800486,-0.994395943506388,-0.122871658135697,7.04125,5.67625,-2,1642553,-2,1642553,10.1,7.4,5.82666666666667,2.5,5.1,977205,-3.3,-37159,1.67046269751428,1.52533360162296,2538.18721461187,-0.60773623864158,13.7924517350125
"891",2025,"Wairoa District","Other",-0.558437255852241,-0.149998197740932,-2.59505417973089,7.04125,5.67625,-2,1642553,-2,1642553,10.1,7.4,5.82666666666667,2.5,5.1,977205,-3.3,-37159,1.67046269751428,1.52533360162296,2538.18721461187,-0.60773623864158,13.7924517350125
"892",2025,"Waitaki District","Other",-0.827523982298709,-0.613767421184421,-0.976794379550227,7.04125,5.67625,-2,1642553,-2,1642553,10.1,7.4,5.82666666666667,2.5,5.1,977205,-3.3,-37159,1.67046269751428,1.52533360162296,2538.18721461187,-0.60773623864158,13.7924517350125
"893",2025,"Waitomo District","Other",-1.16960763985566,-1.20354676976522,-1.22267837745754,7.04125,5.67625,-2,1642553,-2,1642553,10.1,7.4,5.82666666666667,2.5,5.1,977205,-3.3,-37159,1.67046269751428,1.52533360162296,2538.18721461187,-0.60773623864158,13.7924517350125
"894",2025,"Wellington","Wellington Rural",-0.148366260496319,0.557347298519514,1.81465612382383,7.04125,5.67625,-2,1642553,-2,1642553,10.1,7.4,5.82666666666667,2.5,5.1,953810,-7.8,-81218,0.743607930824307,1.87794047200419,2308.42465753425,-2.96957495961501,13.7682197691696
"895",2025,"Wellington City","Wellington Urban",0.0337682391861973,0.871723074635269,1.80798485256278,7.04125,5.67625,-2,1642553,-2,1642553,10.1,7.4,5.82666666666667,2.5,5.1,953810,-7.8,-81218,0.743607930824307,1.87794047200419,2308.42465753425,-2.96957495961501,13.7682197691696
"896",2025,"West Coast","Other",-0.64932559164666,-0.306536549071298,-0.816683869285003,7.04125,5.67625,-2,1642553,-2,1642553,10.1,7.4,5.82666666666667,2.5,5.1,977205,-3.3,-37159,1.67046269751428,1.52533360162296,2538.18721461187,-0.60773623864158,13.7924517350125
"897",2025,"Western Bay of Plenty District","Other",-0.772418455872172,-0.518935058967685,-0.502181081264027,7.04125,5.67625,-2,1642553,-2,1642553,10.1,7.4,5.82666666666667,2.5,5.1,977205,-3.3,-37159,1.67046269751428,1.52533360162296,2538.18721461187,-0.60773623864158,13.7924517350125
"898",2025,"Westland District","Other",-0.681887948171432,-0.362396707637321,-0.647042971503992,7.04125,5.67625,-2,1642553,-2,1642553,10.1,7.4,5.82666666666667,2.5,5.1,977205,-3.3,-37159,1.67046269751428,1.52533360162296,2538.18721461187,-0.60773623864158,13.7924517350125
"899",2025,"Whakatane District","Other",-0.661849574925418,-0.32797126107919,-0.0599711005315009,7.04125,5.67625,-2,1642553,-2,1642553,10.1,7.4,5.82666666666667,2.5,5.1,977205,-3.3,-37159,1.67046269751428,1.52533360162296,2538.18721461187,-0.60773623864158,13.7924517350125
"900",2025,"Whanganui District","Other",-1.15243189135907,-1.17431761702718,-2.81520613134557,7.04125,5.67625,-2,1642553,-2,1642553,10.1,7.4,5.82666666666667,2.5,5.1,977205,-3.3,-37159,1.67046269751428,1.52533360162296,2538.18721461187,-0.60773623864158,13.7924517350125
"901",2025,"Whangarei District","Other",-0.381312349481227,0.155284064189655,-0.140979394415692,7.04125,5.67625,-2,1642553,-2,1642553,10.1,7.4,5.82666666666667,2.5,5.1,977205,-3.3,-37159,1.67046269751428,1.52533360162296,2538.18721461187,-0.60773623864158,13.7924517350125
