Year,govt_Housing_Affordability_Indices_Area_Name,govt_Housing_Affordability_Indices_Category,govt_Housing_Affordability_Indices_Mortgage Affordability Index,govt_Housing_Affordability_Indices_Deposit Affordability Index,govt_Housing_Affordability_Indices_Rent Affordability Index,govt_Banks_Mortgage_Rates_Category,govt_Banks_Mortgage_Rates_Floating rate,govt_Banks_Mortgage_Rates_2 year fixed rate,govt_House_Price_Index_Category,govt_House_Price_Index_House prices (annual % change),govt_Value_of_Housing_Stock_Category,govt_Value_of_Housing_Stock_House values,figure_Category,figure_Auckland,figure_Christchurch,figure_Wellington,infometrics_avg_quarterly_income_change_Category,infometrics_avg_quarterly_income_change_nz_change,infometrics_avg_quarterly_income_change_wlg_change,infometrics_avg_quarterly_income_change_akl_change,infometrics_avg_quarterly_income_change_chc_change,infometrics_avg_quarterly_income_Category,infometrics_avg_quarterly_income_nz_level,infometrics_avg_quarterly_income_wlg_level,infometrics_avg_quarterly_income_akl_level,infometrics_avg_quarterly_income_chc_level,infometrics_avg_house_price_wide_Category,infometrics_avg_house_price_wide_...1,infometrics_avg_house_price_wide_Christchurch City Level,infometrics_avg_house_price_wide_Christchurch City % Change,infometrics_avg_house_price_wide_Christchurch City Absolute change,infometrics_avg_house_price_wide_Auckland Level,infometrics_avg_house_price_wide_Auckland % Change,infometrics_avg_house_price_wide_Auckland Absolute change,infometrics_avg_house_price_wide_Wellington City Level,infometrics_avg_house_price_wide_Wellington City % Change,infometrics_avg_house_price_wide_Wellington City Absolute change,infometrics_avg_house_price_wide_Metro areas Level,infometrics_avg_house_price_wide_Metro areas % Change,infometrics_avg_house_price_wide_Metro areas Absolute change,infometrics_avg_house_price_wide_Rural areas Level,infometrics_avg_house_price_wide_Rural areas % Change,infometrics_avg_house_price_wide_Rural areas Absolute change,rbnz_Category,rbnz_house_price_annual_pct_change,rbnz_house_value_index,rbnz_debt_servicing_pct,rbnz_floating_rate,rbnz_two_year_fixed_rate,rbnz_cpi_annual_pct_change,rbnz_unemployment_rate,statsnz_Category,statsnz_official_cash_rate,statsnz_rent_auckland,statsnz_rent_canterbury,statsnz_rent_wellington,statsnz_consents_auckland,statsnz_consents_canterbury,statsnz_consents_wellington,statsnz_population_auckland,statsnz_population_canterbury,statsnz_population_wellington,statsnz_rent_yoy_auckland,statsnz_rent_yoy_canterbury,statsnz_rent_yoy_wellington,statsnz_rent_index_auckland,statsnz_rent_index_canterbury,statsnz_rent_index_wellington,statsnz_consents_per_1000_auckland,statsnz_consents_per_1000_canterbury,statsnz_consents_per_1000_wellington,statsnz_mortgage_Auckland,statsnz_mortgage_Canterbury,statsnz_mortgage_New_Zealand,statsnz_mortgage_Wellington,statsnz_deposit_Auckland,statsnz_deposit_Canterbury,statsnz_deposit_New_Zealand,statsnz_deposit_Wellington,statsnz_rent_Auckland,statsnz_rent_Canterbury,statsnz_rent_New_Zealand,statsnz_rent_Wellington
2003,Ashburton District,Canterbury Rural,1.0705,1.3343,1.072,National,7.266666666666667,6.87,National,19.425,National,329750,NA,NA,NA,NA,NA,NA,NA,NA,NA,NA,NA,NA,NA,NA,NA,NA,NA,NA,NA,NA,NA,NA,NA,NA,NA,NA,NA,NA,NA,NA,NA,NA,NA,NA,NA,NA,NA,NA,NA,NA,NA,NA,NA,NA,NA,NA,NA,NA,NA,NA,NA,NA,NA,NA,NA,NA,NA,NA,NA,NA,NA,NA,NA,NA,NA,NA,NA,NA,NA,NA,NA
2003,Auckland,Auckland Urban,0.85785,1.0692,0.92145,National,7.266666666666667,6.87,National,19.425,National,329750,NA,NA,NA,NA,NA,NA,NA,NA,NA,NA,NA,NA,NA,NA,NA,NA,NA,NA,NA,NA,NA,NA,NA,NA,NA,NA,NA,NA,NA,NA,NA,NA,NA,NA,NA,NA,NA,NA,NA,NA,NA,NA,NA,NA,NA,NA,NA,NA,NA,NA,NA,NA,NA,NA,NA,NA,NA,NA,NA,NA,NA,NA,NA,NA,NA,NA,NA,NA,NA,NA,NA
2003,Bay of Plenty,Other,0.8476,1.0565,0.9759,National,7.266666666666667,6.87,National,19.425,National,329750,NA,NA,NA,NA,NA,NA,NA,NA,NA,NA,NA,NA,NA,NA,NA,NA,NA,NA,NA,NA,NA,NA,NA,NA,NA,NA,NA,NA,NA,NA,NA,NA,NA,NA,NA,NA,NA,NA,NA,NA,NA,NA,NA,NA,NA,NA,NA,NA,NA,NA,NA,NA,NA,NA,NA,NA,NA,NA,NA,NA,NA,NA,NA,NA,NA,NA,NA,NA,NA,NA,NA
2003,Buller District,Other,1.128,1.406,1.0342,National,7.266666666666667,6.87,National,19.425,National,329750,NA,NA,NA,NA,NA,NA,NA,NA,NA,NA,NA,NA,NA,NA,NA,NA,NA,NA,NA,NA,NA,NA,NA,NA,NA,NA,NA,NA,NA,NA,NA,NA,NA,NA,NA,NA,NA,NA,NA,NA,NA,NA,NA,NA,NA,NA,NA,NA,NA,NA,NA,NA,NA,NA,NA,NA,NA,NA,NA,NA,NA,NA,NA,NA,NA,NA,NA,NA,NA,NA,NA
2003,Canterbury,Canterbury Rural,0.9211,1.1481,0.914,National,7.266666666666667,6.87,National,19.425,National,329750,NA,NA,NA,NA,NA,NA,NA,NA,NA,NA,NA,NA,NA,NA,NA,NA,NA,NA,NA,NA,NA,NA,NA,NA,NA,NA,NA,NA,NA,NA,NA,NA,NA,NA,NA,NA,NA,NA,NA,NA,NA,NA,NA,NA,NA,NA,NA,NA,NA,NA,NA,NA,NA,NA,NA,NA,NA,NA,NA,NA,NA,NA,NA,NA,NA,NA,NA,NA,NA,NA,NA
2003,Carterton District,Wellington Rural,0.9156,1.1412,0.9947,National,7.266666666666667,6.87,National,19.425,National,329750,NA,NA,NA,NA,NA,NA,NA,NA,NA,NA,NA,NA,NA,NA,NA,NA,NA,NA,NA,NA,NA,NA,NA,NA,NA,NA,NA,NA,NA,NA,NA,NA,NA,NA,NA,NA,NA,NA,NA,NA,NA,NA,NA,NA,NA,NA,NA,NA,NA,NA,NA,NA,NA,NA,NA,NA,NA,NA,NA,NA,NA,NA,NA,NA,NA,NA,NA,NA,NA,NA,NA
2003,Central Hawkes Bay District,Other,0.9222,1.1494,0.944,National,7.266666666666667,6.87,National,19.425,National,329750,NA,NA,NA,NA,NA,NA,NA,NA,NA,NA,NA,NA,NA,NA,NA,NA,NA,NA,NA,NA,NA,NA,NA,NA,NA,NA,NA,NA,NA,NA,NA,NA,NA,NA,NA,NA,NA,NA,NA,NA,NA,NA,NA,NA,NA,NA,NA,NA,NA,NA,NA,NA,NA,NA,NA,NA,NA,NA,NA,NA,NA,NA,NA,NA,NA,NA,NA,NA,NA,NA,NA
2003,Central Otago District,Other,0.779,0.9709,0.8494,National,7.266666666666667,6.87,National,19.425,National,329750,NA,NA,NA,NA,NA,NA,NA,NA,NA,NA,NA,NA,NA,NA,NA,NA,NA,NA,NA,NA,NA,NA,NA,NA,NA,NA,NA,NA,NA,NA,NA,NA,NA,NA,NA,NA,NA,NA,NA,NA,NA,NA,NA,NA,NA,NA,NA,NA,NA,NA,NA,NA,NA,NA,NA,NA,NA,NA,NA,NA,NA,NA,NA,NA,NA,NA,NA,NA,NA,NA,NA
2003,Christchurch City,Canterbury Urban,0.8847,1.1027,0.9037,National,7.266666666666667,6.87,National,19.425,National,329750,NA,NA,NA,NA,NA,NA,NA,NA,NA,NA,NA,NA,NA,NA,NA,NA,NA,NA,NA,NA,NA,NA,NA,NA,NA,NA,NA,NA,NA,NA,NA,NA,NA,NA,NA,NA,NA,NA,NA,NA,NA,NA,NA,NA,NA,NA,NA,NA,NA,NA,NA,NA,NA,NA,NA,NA,NA,NA,NA,NA,NA,NA,NA,NA,NA,NA,NA,NA,NA,NA,NA
2003,Clutha District,Other,1.0894,1.3579,1.0584,National,7.266666666666667,6.87,National,19.425,National,329750,NA,NA,NA,NA,NA,NA,NA,NA,NA,NA,NA,NA,NA,NA,NA,NA,NA,NA,NA,NA,NA,NA,NA,NA,NA,NA,NA,NA,NA,NA,NA,NA,NA,NA,NA,NA,NA,NA,NA,NA,NA,NA,NA,NA,NA,NA,NA,NA,NA,NA,NA,NA,NA,NA,NA,NA,NA,NA,NA,NA,NA,NA,NA,NA,NA,NA,NA,NA,NA,NA,NA
2003,Dunedin City,Other,0.8725,1.0875,1.0148,National,7.266666666666667,6.87,National,19.425,National,329750,NA,NA,NA,NA,NA,NA,NA,NA,NA,NA,NA,NA,NA,NA,NA,NA,NA,NA,NA,NA,NA,NA,NA,NA,NA,NA,NA,NA,NA,NA,NA,NA,NA,NA,NA,NA,NA,NA,NA,NA,NA,NA,NA,NA,NA,NA,NA,NA,NA,NA,NA,NA,NA,NA,NA,NA,NA,NA,NA,NA,NA,NA,NA,NA,NA,NA,NA,NA,NA,NA,NA
2003,Far North District,Other,0.9359,1.1665,1.0308,National,7.266666666666667,6.87,National,19.425,National,329750,NA,NA,NA,NA,NA,NA,NA,NA,NA,NA,NA,NA,NA,NA,NA,NA,NA,NA,NA,NA,NA,NA,NA,NA,NA,NA,NA,NA,NA,NA,NA,NA,NA,NA,NA,NA,NA,NA,NA,NA,NA,NA,NA,NA,NA,NA,NA,NA,NA,NA,NA,NA,NA,NA,NA,NA,NA,NA,NA,NA,NA,NA,NA,NA,NA,NA,NA,NA,NA,NA,NA
2003,Gisborne,Other,0.9897,1.2336,1.0514,National,7.266666666666667,6.87,National,19.425,National,329750,NA,NA,NA,NA,NA,NA,NA,NA,NA,NA,NA,NA,NA,NA,NA,NA,NA,NA,NA,NA,NA,NA,NA,NA,NA,NA,NA,NA,NA,NA,NA,NA,NA,NA,NA,NA,NA,NA,NA,NA,NA,NA,NA,NA,NA,NA,NA,NA,NA,NA,NA,NA,NA,NA,NA,NA,NA,NA,NA,NA,NA,NA,NA,NA,NA,NA,NA,NA,NA,NA,NA
2003,Gisborne District,Other,0.9897,1.2336,1.0514,National,7.266666666666667,6.87,National,19.425,National,329750,NA,NA,NA,NA,NA,NA,NA,NA,NA,NA,NA,NA,NA,NA,NA,NA,NA,NA,NA,NA,NA,NA,NA,NA,NA,NA,NA,NA,NA,NA,NA,NA,NA,NA,NA,NA,NA,NA,NA,NA,NA,NA,NA,NA,NA,NA,NA,NA,NA,NA,NA,NA,NA,NA,NA,NA,NA,NA,NA,NA,NA,NA,NA,NA,NA,NA,NA,NA,NA,NA,NA
2003,Gore District,Other,1.216,1.5156,1.0917,National,7.266666666666667,6.87,National,19.425,National,329750,NA,NA,NA,NA,NA,NA,NA,NA,NA,NA,NA,NA,NA,NA,NA,NA,NA,NA,NA,NA,NA,NA,NA,NA,NA,NA,NA,NA,NA,NA,NA,NA,NA,NA,NA,NA,NA,NA,NA,NA,NA,NA,NA,NA,NA,NA,NA,NA,NA,NA,NA,NA,NA,NA,NA,NA,NA,NA,NA,NA,NA,NA,NA,NA,NA,NA,NA,NA,NA,NA,NA
2003,Grey District,Other,1.0456,1.3033,0.9545,National,7.266666666666667,6.87,National,19.425,National,329750,NA,NA,NA,NA,NA,NA,NA,NA,NA,NA,NA,NA,NA,NA,NA,NA,NA,NA,NA,NA,NA,NA,NA,NA,NA,NA,NA,NA,NA,NA,NA,NA,NA,NA,NA,NA,NA,NA,NA,NA,NA,NA,NA,NA,NA,NA,NA,NA,NA,NA,NA,NA,NA,NA,NA,NA,NA,NA,NA,NA,NA,NA,NA,NA,NA,NA,NA,NA,NA,NA,NA
2003,Hamilton City,Other,0.9339,1.164,0.92490000000000006,National,7.266666666666667,6.87,National,19.425,National,329750,NA,NA,NA,NA,NA,NA,NA,NA,NA,NA,NA,NA,NA,NA,NA,NA,NA,NA,NA,NA,NA,NA,NA,NA,NA,NA,NA,NA,NA,NA,NA,NA,NA,NA,NA,NA,NA,NA,NA,NA,NA,NA,NA,NA,NA,NA,NA,NA,NA,NA,NA,NA,NA,NA,NA,NA,NA,NA,NA,NA,NA,NA,NA,NA,NA,NA,NA,NA,NA,NA,NA
2003,Hastings District,Other,0.8368,1.0431,0.9959,National,7.266666666666667,6.87,National,19.425,National,329750,NA,NA,NA,NA,NA,NA,NA,NA,NA,NA,NA,NA,NA,NA,NA,NA,NA,NA,NA,NA,NA,NA,NA,NA,NA,NA,NA,NA,NA,NA,NA,NA,NA,NA,NA,NA,NA,NA,NA,NA,NA,NA,NA,NA,NA,NA,NA,NA,NA,NA,NA,NA,NA,NA,NA,NA,NA,NA,NA,NA,NA,NA,NA,NA,NA,NA,NA,NA,NA,NA,NA
2003,Hauraki District,Other,1.1137,1.3882,1.1371,National,7.266666666666667,6.87,National,19.425,National,329750,NA,NA,NA,NA,NA,NA,NA,NA,NA,NA,NA,NA,NA,NA,NA,NA,NA,NA,NA,NA,NA,NA,NA,NA,NA,NA,NA,NA,NA,NA,NA,NA,NA,NA,NA,NA,NA,NA,NA,NA,NA,NA,NA,NA,NA,NA,NA,NA,NA,NA,NA,NA,NA,NA,NA,NA,NA,NA,NA,NA,NA,NA,NA,NA,NA,NA,NA,NA,NA,NA,NA
2003,Hawke's Bay,Other,0.823,1.0259,0.9863,National,7.266666666666667,6.87,National,19.425,National,329750,NA,NA,NA,NA,NA,NA,NA,NA,NA,NA,NA,NA,NA,NA,NA,NA,NA,NA,NA,NA,NA,NA,NA,NA,NA,NA,NA,NA,NA,NA,NA,NA,NA,NA,NA,NA,NA,NA,NA,NA,NA,NA,NA,NA,NA,NA,NA,NA,NA,NA,NA,NA,NA,NA,NA,NA,NA,NA,NA,NA,NA,NA,NA,NA,NA,NA,NA,NA,NA,NA,NA
2003,Horowhenua District,Other,1.0434,1.3005,1.0367,National,7.266666666666667,6.87,National,19.425,National,329750,NA,NA,NA,NA,NA,NA,NA,NA,NA,NA,NA,NA,NA,NA,NA,NA,NA,NA,NA,NA,NA,NA,NA,NA,NA,NA,NA,NA,NA,NA,NA,NA,NA,NA,NA,NA,NA,NA,NA,NA,NA,NA,NA,NA,NA,NA,NA,NA,NA,NA,NA,NA,NA,NA,NA,NA,NA,NA,NA,NA,NA,NA,NA,NA,NA,NA,NA,NA,NA,NA,NA
2003,Hurunui District,Canterbury Rural,1.0815,1.3481,1.0683,National,7.266666666666667,6.87,National,19.425,National,329750,NA,NA,NA,NA,NA,NA,NA,NA,NA,NA,NA,NA,NA,NA,NA,NA,NA,NA,NA,NA,NA,NA,NA,NA,NA,NA,NA,NA,NA,NA,NA,NA,NA,NA,NA,NA,NA,NA,NA,NA,NA,NA,NA,NA,NA,NA,NA,NA,NA,NA,NA,NA,NA,NA,NA,NA,NA,NA,NA,NA,NA,NA,NA,NA,NA,NA,NA,NA,NA,NA,NA
2003,Hutt City,Wellington Urban,0.9341,1.1643,1.0329,National,7.266666666666667,6.87,National,19.425,National,329750,NA,NA,NA,NA,NA,NA,NA,NA,NA,NA,NA,NA,NA,NA,NA,NA,NA,NA,NA,NA,NA,NA,NA,NA,NA,NA,NA,NA,NA,NA,NA,NA,NA,NA,NA,NA,NA,NA,NA,NA,NA,NA,NA,NA,NA,NA,NA,NA,NA,NA,NA,NA,NA,NA,NA,NA,NA,NA,NA,NA,NA,NA,NA,NA,NA,NA,NA,NA,NA,NA,NA
2003,Invercargill City,Other,0.9768,1.2175,0.8576,National,7.266666666666667,6.87,National,19.425,National,329750,NA,NA,NA,NA,NA,NA,NA,NA,NA,NA,NA,NA,NA,NA,NA,NA,NA,NA,NA,NA,NA,NA,NA,NA,NA,NA,NA,NA,NA,NA,NA,NA,NA,NA,NA,NA,NA,NA,NA,NA,NA,NA,NA,NA,NA,NA,NA,NA,NA,NA,NA,NA,NA,NA,NA,NA,NA,NA,NA,NA,NA,NA,NA,NA,NA,NA,NA,NA,NA,NA,NA
2003,Kaikoura District,Other,0.7359,0.9172,1.0716,National,7.266666666666667,6.87,National,19.425,National,329750,NA,NA,NA,NA,NA,NA,NA,NA,NA,NA,NA,NA,NA,NA,NA,NA,NA,NA,NA,NA,NA,NA,NA,NA,NA,NA,NA,NA,NA,NA,NA,NA,NA,NA,NA,NA,NA,NA,NA,NA,NA,NA,NA,NA,NA,NA,NA,NA,NA,NA,NA,NA,NA,NA,NA,NA,NA,NA,NA,NA,NA,NA,NA,NA,NA,NA,NA,NA,NA,NA,NA
2003,Kaipara District,Other,0.9618,1.1988,1.1758,National,7.266666666666667,6.87,National,19.425,National,329750,NA,NA,NA,NA,NA,NA,NA,NA,NA,NA,NA,NA,NA,NA,NA,NA,NA,NA,NA,NA,NA,NA,NA,NA,NA,NA,NA,NA,NA,NA,NA,NA,NA,NA,NA,NA,NA,NA,NA,NA,NA,NA,NA,NA,NA,NA,NA,NA,NA,NA,NA,NA,NA,NA,NA,NA,NA,NA,NA,NA,NA,NA,NA,NA,NA,NA,NA,NA,NA,NA,NA
2003,Kapiti Coast District,Wellington Rural,0.907,1.1305,0.9838,National,7.266666666666667,6.87,National,19.425,National,329750,NA,NA,NA,NA,NA,NA,NA,NA,NA,NA,NA,NA,NA,NA,NA,NA,NA,NA,NA,NA,NA,NA,NA,NA,NA,NA,NA,NA,NA,NA,NA,NA,NA,NA,NA,NA,NA,NA,NA,NA,NA,NA,NA,NA,NA,NA,NA,NA,NA,NA,NA,NA,NA,NA,NA,NA,NA,NA,NA,NA,NA,NA,NA,NA,NA,NA,NA,NA,NA,NA,NA
2003,Kawerau District,Other,1.2807,1.5963,1.238,National,7.266666666666667,6.87,National,19.425,National,329750,NA,NA,NA,NA,NA,NA,NA,NA,NA,NA,NA,NA,NA,NA,NA,NA,NA,NA,NA,NA,NA,NA,NA,NA,NA,NA,NA,NA,NA,NA,NA,NA,NA,NA,NA,NA,NA,NA,NA,NA,NA,NA,NA,NA,NA,NA,NA,NA,NA,NA,NA,NA,NA,NA,NA,NA,NA,NA,NA,NA,NA,NA,NA,NA,NA,NA,NA,NA,NA,NA,NA
2003,MacKenzie District,Canterbury Rural,0.9976,1.2434,1.2511,National,7.266666666666667,6.87,National,19.425,National,329750,NA,NA,NA,NA,NA,NA,NA,NA,NA,NA,NA,NA,NA,NA,NA,NA,NA,NA,NA,NA,NA,NA,NA,NA,NA,NA,NA,NA,NA,NA,NA,NA,NA,NA,NA,NA,NA,NA,NA,NA,NA,NA,NA,NA,NA,NA,NA,NA,NA,NA,NA,NA,NA,NA,NA,NA,NA,NA,NA,NA,NA,NA,NA,NA,NA,NA,NA,NA,NA,NA,NA
2003,Manawatu District,Other,1.0383,1.2942,1.0129,National,7.266666666666667,6.87,National,19.425,National,329750,NA,NA,NA,NA,NA,NA,NA,NA,NA,NA,NA,NA,NA,NA,NA,NA,NA,NA,NA,NA,NA,NA,NA,NA,NA,NA,NA,NA,NA,NA,NA,NA,NA,NA,NA,NA,NA,NA,NA,NA,NA,NA,NA,NA,NA,NA,NA,NA,NA,NA,NA,NA,NA,NA,NA,NA,NA,NA,NA,NA,NA,NA,NA,NA,NA,NA,NA,NA,NA,NA,NA
2003,Manawatu-Wanganui,Other,1.0091,1.2578,0.9769,National,7.266666666666667,6.87,National,19.425,National,329750,NA,NA,NA,NA,NA,NA,NA,NA,NA,NA,NA,NA,NA,NA,NA,NA,NA,NA,NA,NA,NA,NA,NA,NA,NA,NA,NA,NA,NA,NA,NA,NA,NA,NA,NA,NA,NA,NA,NA,NA,NA,NA,NA,NA,NA,NA,NA,NA,NA,NA,NA,NA,NA,NA,NA,NA,NA,NA,NA,NA,NA,NA,NA,NA,NA,NA,NA,NA,NA,NA,NA
2003,Marlborough,Other,0.7603,0.9476,0.9602,National,7.266666666666667,6.87,National,19.425,National,329750,NA,NA,NA,NA,NA,NA,NA,NA,NA,NA,NA,NA,NA,NA,NA,NA,NA,NA,NA,NA,NA,NA,NA,NA,NA,NA,NA,NA,NA,NA,NA,NA,NA,NA,NA,NA,NA,NA,NA,NA,NA,NA,NA,NA,NA,NA,NA,NA,NA,NA,NA,NA,NA,NA,NA,NA,NA,NA,NA,NA,NA,NA,NA,NA,NA,NA,NA,NA,NA,NA,NA
2003,Marlborough District,Other,0.7603,0.9476,0.9602,National,7.266666666666667,6.87,National,19.425,National,329750,NA,NA,NA,NA,NA,NA,NA,NA,NA,NA,NA,NA,NA,NA,NA,NA,NA,NA,NA,NA,NA,NA,NA,NA,NA,NA,NA,NA,NA,NA,NA,NA,NA,NA,NA,NA,NA,NA,NA,NA,NA,NA,NA,NA,NA,NA,NA,NA,NA,NA,NA,NA,NA,NA,NA,NA,NA,NA,NA,NA,NA,NA,NA,NA,NA,NA,NA,NA,NA,NA,NA
2003,Masterton District,Wellington Rural,0.8954,1.116,1.0644,National,7.266666666666667,6.87,National,19.425,National,329750,NA,NA,NA,NA,NA,NA,NA,NA,NA,NA,NA,NA,NA,NA,NA,NA,NA,NA,NA,NA,NA,NA,NA,NA,NA,NA,NA,NA,NA,NA,NA,NA,NA,NA,NA,NA,NA,NA,NA,NA,NA,NA,NA,NA,NA,NA,NA,NA,NA,NA,NA,NA,NA,NA,NA,NA,NA,NA,NA,NA,NA,NA,NA,NA,NA,NA,NA,NA,NA,NA,NA
2003,Matamata Piako District,Other,1.1284,1.4064,1.1745,National,7.266666666666667,6.87,National,19.425,National,329750,NA,NA,NA,NA,NA,NA,NA,NA,NA,NA,NA,NA,NA,NA,NA,NA,NA,NA,NA,NA,NA,NA,NA,NA,NA,NA,NA,NA,NA,NA,NA,NA,NA,NA,NA,NA,NA,NA,NA,NA,NA,NA,NA,NA,NA,NA,NA,NA,NA,NA,NA,NA,NA,NA,NA,NA,NA,NA,NA,NA,NA,NA,NA,NA,NA,NA,NA,NA,NA,NA,NA
2003,Napier City,Other,0.7789,0.9708,0.967,National,7.266666666666667,6.87,National,19.425,National,329750,NA,NA,NA,NA,NA,NA,NA,NA,NA,NA,NA,NA,NA,NA,NA,NA,NA,NA,NA,NA,NA,NA,NA,NA,NA,NA,NA,NA,NA,NA,NA,NA,NA,NA,NA,NA,NA,NA,NA,NA,NA,NA,NA,NA,NA,NA,NA,NA,NA,NA,NA,NA,NA,NA,NA,NA,NA,NA,NA,NA,NA,NA,NA,NA,NA,NA,NA,NA,NA,NA,NA
2003,Nelson,Other,0.69,0.86,0.9275,National,7.266666666666667,6.87,National,19.425,National,329750,NA,NA,NA,NA,NA,NA,NA,NA,NA,NA,NA,NA,NA,NA,NA,NA,NA,NA,NA,NA,NA,NA,NA,NA,NA,NA,NA,NA,NA,NA,NA,NA,NA,NA,NA,NA,NA,NA,NA,NA,NA,NA,NA,NA,NA,NA,NA,NA,NA,NA,NA,NA,NA,NA,NA,NA,NA,NA,NA,NA,NA,NA,NA,NA,NA,NA,NA,NA,NA,NA,NA
2003,Nelson City,Other,0.69,0.86,0.9275,National,7.266666666666667,6.87,National,19.425,National,329750,NA,NA,NA,NA,NA,NA,NA,NA,NA,NA,NA,NA,NA,NA,NA,NA,NA,NA,NA,NA,NA,NA,NA,NA,NA,NA,NA,NA,NA,NA,NA,NA,NA,NA,NA,NA,NA,NA,NA,NA,NA,NA,NA,NA,NA,NA,NA,NA,NA,NA,NA,NA,NA,NA,NA,NA,NA,NA,NA,NA,NA,NA,NA,NA,NA,NA,NA,NA,NA,NA,NA
2003,New Plymouth District,Other,0.9423,1.1745,0.9478,National,7.266666666666667,6.87,National,19.425,National,329750,NA,NA,NA,NA,NA,NA,NA,NA,NA,NA,NA,NA,NA,NA,NA,NA,NA,NA,NA,NA,NA,NA,NA,NA,NA,NA,NA,NA,NA,NA,NA,NA,NA,NA,NA,NA,NA,NA,NA,NA,NA,NA,NA,NA,NA,NA,NA,NA,NA,NA,NA,NA,NA,NA,NA,NA,NA,NA,NA,NA,NA,NA,NA,NA,NA,NA,NA,NA,NA,NA,NA
2003,New Zealand,Other,0.8687,1.0828,0.9469,National,7.266666666666667,6.87,National,19.425,National,329750,NA,NA,NA,NA,NA,NA,NA,NA,NA,NA,NA,NA,NA,NA,NA,NA,NA,NA,NA,NA,NA,NA,NA,NA,NA,NA,NA,NA,NA,NA,NA,NA,NA,NA,NA,NA,NA,NA,NA,NA,NA,NA,NA,NA,NA,NA,NA,NA,NA,NA,NA,NA,NA,NA,NA,NA,NA,NA,NA,NA,NA,NA,NA,NA,NA,NA,NA,NA,NA,NA,NA
2003,Northland,Other,0.9168,1.1427,1.0315,National,7.266666666666667,6.87,National,19.425,National,329750,NA,NA,NA,NA,NA,NA,NA,NA,NA,NA,NA,NA,NA,NA,NA,NA,NA,NA,NA,NA,NA,NA,NA,NA,NA,NA,NA,NA,NA,NA,NA,NA,NA,NA,NA,NA,NA,NA,NA,NA,NA,NA,NA,NA,NA,NA,NA,NA,NA,NA,NA,NA,NA,NA,NA,NA,NA,NA,NA,NA,NA,NA,NA,NA,NA,NA,NA,NA,NA,NA,NA
2003,Opotiki District,Other,1.0474,1.3055,1.0783,National,7.266666666666667,6.87,National,19.425,National,329750,NA,NA,NA,NA,NA,NA,NA,NA,NA,NA,NA,NA,NA,NA,NA,NA,NA,NA,NA,NA,NA,NA,NA,NA,NA,NA,NA,NA,NA,NA,NA,NA,NA,NA,NA,NA,NA,NA,NA,NA,NA,NA,NA,NA,NA,NA,NA,NA,NA,NA,NA,NA,NA,NA,NA,NA,NA,NA,NA,NA,NA,NA,NA,NA,NA,NA,NA,NA,NA,NA,NA
2003,Otago,Other,0.8319,1.037,0.9843,National,7.266666666666667,6.87,National,19.425,National,329750,NA,NA,NA,NA,NA,NA,NA,NA,NA,NA,NA,NA,NA,NA,NA,NA,NA,NA,NA,NA,NA,NA,NA,NA,NA,NA,NA,NA,NA,NA,NA,NA,NA,NA,NA,NA,NA,NA,NA,NA,NA,NA,NA,NA,NA,NA,NA,NA,NA,NA,NA,NA,NA,NA,NA,NA,NA,NA,NA,NA,NA,NA,NA,NA,NA,NA,NA,NA,NA,NA,NA
2003,Otorohanga District,Other,1.1269,1.4046,1.0444,National,7.266666666666667,6.87,National,19.425,National,329750,NA,NA,NA,NA,NA,NA,NA,NA,NA,NA,NA,NA,NA,NA,NA,NA,NA,NA,NA,NA,NA,NA,NA,NA,NA,NA,NA,NA,NA,NA,NA,NA,NA,NA,NA,NA,NA,NA,NA,NA,NA,NA,NA,NA,NA,NA,NA,NA,NA,NA,NA,NA,NA,NA,NA,NA,NA,NA,NA,NA,NA,NA,NA,NA,NA,NA,NA,NA,NA,NA,NA
2003,Palmerston North City,Other,0.9273,1.1559,0.9587,National,7.266666666666667,6.87,National,19.425,National,329750,NA,NA,NA,NA,NA,NA,NA,NA,NA,NA,NA,NA,NA,NA,NA,NA,NA,NA,NA,NA,NA,NA,NA,NA,NA,NA,NA,NA,NA,NA,NA,NA,NA,NA,NA,NA,NA,NA,NA,NA,NA,NA,NA,NA,NA,NA,NA,NA,NA,NA,NA,NA,NA,NA,NA,NA,NA,NA,NA,NA,NA,NA,NA,NA,NA,NA,NA,NA,NA,NA,NA
2003,Porirua City,Wellington Urban,0.9122,1.137,1.0074,National,7.266666666666667,6.87,National,19.425,National,329750,NA,NA,NA,NA,NA,NA,NA,NA,NA,NA,NA,NA,NA,NA,NA,NA,NA,NA,NA,NA,NA,NA,NA,NA,NA,NA,NA,NA,NA,NA,NA,NA,NA,NA,NA,NA,NA,NA,NA,NA,NA,NA,NA,NA,NA,NA,NA,NA,NA,NA,NA,NA,NA,NA,NA,NA,NA,NA,NA,NA,NA,NA,NA,NA,NA,NA,NA,NA,NA,NA,NA
2003,Queenstown Lakes District,Other,0.7086,0.8832,0.9274,National,7.266666666666667,6.87,National,19.425,National,329750,NA,NA,NA,NA,NA,NA,NA,NA,NA,NA,NA,NA,NA,NA,NA,NA,NA,NA,NA,NA,NA,NA,NA,NA,NA,NA,NA,NA,NA,NA,NA,NA,NA,NA,NA,NA,NA,NA,NA,NA,NA,NA,NA,NA,NA,NA,NA,NA,NA,NA,NA,NA,NA,NA,NA,NA,NA,NA,NA,NA,NA,NA,NA,NA,NA,NA,NA,NA,NA,NA,NA
2003,Rangitikei District,Other,1.1603,1.4463,1.0326,National,7.266666666666667,6.87,National,19.425,National,329750,NA,NA,NA,NA,NA,NA,NA,NA,NA,NA,NA,NA,NA,NA,NA,NA,NA,NA,NA,NA,NA,NA,NA,NA,NA,NA,NA,NA,NA,NA,NA,NA,NA,NA,NA,NA,NA,NA,NA,NA,NA,NA,NA,NA,NA,NA,NA,NA,NA,NA,NA,NA,NA,NA,NA,NA,NA,NA,NA,NA,NA,NA,NA,NA,NA,NA,NA,NA,NA,NA,NA
2003,Rotorua District,Other,0.9929,1.2376,1.0343,National,7.266666666666667,6.87,National,19.425,National,329750,NA,NA,NA,NA,NA,NA,NA,NA,NA,NA,NA,NA,NA,NA,NA,NA,NA,NA,NA,NA,NA,NA,NA,NA,NA,NA,NA,NA,NA,NA,NA,NA,NA,NA,NA,NA,NA,NA,NA,NA,NA,NA,NA,NA,NA,NA,NA,NA,NA,NA,NA,NA,NA,NA,NA,NA,NA,NA,NA,NA,NA,NA,NA,NA,NA,NA,NA,NA,NA,NA,NA
2003,Ruapehu District,Other,1.4638,1.8245,1.1435,National,7.266666666666667,6.87,National,19.425,National,329750,NA,NA,NA,NA,NA,NA,NA,NA,NA,NA,NA,NA,NA,NA,NA,NA,NA,NA,NA,NA,NA,NA,NA,NA,NA,NA,NA,NA,NA,NA,NA,NA,NA,NA,NA,NA,NA,NA,NA,NA,NA,NA,NA,NA,NA,NA,NA,NA,NA,NA,NA,NA,NA,NA,NA,NA,NA,NA,NA,NA,NA,NA,NA,NA,NA,NA,NA,NA,NA,NA,NA
2003,Selwyn District,Canterbury Rural,1.1911,1.4846,1.0218,National,7.266666666666667,6.87,National,19.425,National,329750,NA,NA,NA,NA,NA,NA,NA,NA,NA,NA,NA,NA,NA,NA,NA,NA,NA,NA,NA,NA,NA,NA,NA,NA,NA,NA,NA,NA,NA,NA,NA,NA,NA,NA,NA,NA,NA,NA,NA,NA,NA,NA,NA,NA,NA,NA,NA,NA,NA,NA,NA,NA,NA,NA,NA,NA,NA,NA,NA,NA,NA,NA,NA,NA,NA,NA,NA,NA,NA,NA,NA
2003,South Taranaki District,Other,1.3173,1.6419,1.1757,National,7.266666666666667,6.87,National,19.425,National,329750,NA,NA,NA,NA,NA,NA,NA,NA,NA,NA,NA,NA,NA,NA,NA,NA,NA,NA,NA,NA,NA,NA,NA,NA,NA,NA,NA,NA,NA,NA,NA,NA,NA,NA,NA,NA,NA,NA,NA,NA,NA,NA,NA,NA,NA,NA,NA,NA,NA,NA,NA,NA,NA,NA,NA,NA,NA,NA,NA,NA,NA,NA,NA,NA,NA,NA,NA,NA,NA,NA,NA
2003,South Waikato District,Other,1.3036,1.6248,1.054,National,7.266666666666667,6.87,National,19.425,National,329750,NA,NA,NA,NA,NA,NA,NA,NA,NA,NA,NA,NA,NA,NA,NA,NA,NA,NA,NA,NA,NA,NA,NA,NA,NA,NA,NA,NA,NA,NA,NA,NA,NA,NA,NA,NA,NA,NA,NA,NA,NA,NA,NA,NA,NA,NA,NA,NA,NA,NA,NA,NA,NA,NA,NA,NA,NA,NA,NA,NA,NA,NA,NA,NA,NA,NA,NA,NA,NA,NA,NA
2003,South Wairarapa District,Wellington Rural,0.9689,1.2077,1.0276,National,7.266666666666667,6.87,National,19.425,National,329750,NA,NA,NA,NA,NA,NA,NA,NA,NA,NA,NA,NA,NA,NA,NA,NA,NA,NA,NA,NA,NA,NA,NA,NA,NA,NA,NA,NA,NA,NA,NA,NA,NA,NA,NA,NA,NA,NA,NA,NA,NA,NA,NA,NA,NA,NA,NA,NA,NA,NA,NA,NA,NA,NA,NA,NA,NA,NA,NA,NA,NA,NA,NA,NA,NA,NA,NA,NA,NA,NA,NA
2003,Southland,Other,1.0253,1.278,0.9031,National,7.266666666666667,6.87,National,19.425,National,329750,NA,NA,NA,NA,NA,NA,NA,NA,NA,NA,NA,NA,NA,NA,NA,NA,NA,NA,NA,NA,NA,NA,NA,NA,NA,NA,NA,NA,NA,NA,NA,NA,NA,NA,NA,NA,NA,NA,NA,NA,NA,NA,NA,NA,NA,NA,NA,NA,NA,NA,NA,NA,NA,NA,NA,NA,NA,NA,NA,NA,NA,NA,NA,NA,NA,NA,NA,NA,NA,NA,NA
2003,Southland District,Other,1.053,1.3124,1.0115,National,7.266666666666667,6.87,National,19.425,National,329750,NA,NA,NA,NA,NA,NA,NA,NA,NA,NA,NA,NA,NA,NA,NA,NA,NA,NA,NA,NA,NA,NA,NA,NA,NA,NA,NA,NA,NA,NA,NA,NA,NA,NA,NA,NA,NA,NA,NA,NA,NA,NA,NA,NA,NA,NA,NA,NA,NA,NA,NA,NA,NA,NA,NA,NA,NA,NA,NA,NA,NA,NA,NA,NA,NA,NA,NA,NA,NA,NA,NA
2003,Stratford District,Other,1.4841,1.8498000000000001,1.2388,National,7.266666666666667,6.87,National,19.425,National,329750,NA,NA,NA,NA,NA,NA,NA,NA,NA,NA,NA,NA,NA,NA,NA,NA,NA,NA,NA,NA,NA,NA,NA,NA,NA,NA,NA,NA,NA,NA,NA,NA,NA,NA,NA,NA,NA,NA,NA,NA,NA,NA,NA,NA,NA,NA,NA,NA,NA,NA,NA,NA,NA,NA,NA,NA,NA,NA,NA,NA,NA,NA,NA,NA,NA,NA,NA,NA,NA,NA,NA
2003,Taranaki,Other,1.0333,1.2879,1.0108,National,7.266666666666667,6.87,National,19.425,National,329750,NA,NA,NA,NA,NA,NA,NA,NA,NA,NA,NA,NA,NA,NA,NA,NA,NA,NA,NA,NA,NA,NA,NA,NA,NA,NA,NA,NA,NA,NA,NA,NA,NA,NA,NA,NA,NA,NA,NA,NA,NA,NA,NA,NA,NA,NA,NA,NA,NA,NA,NA,NA,NA,NA,NA,NA,NA,NA,NA,NA,NA,NA,NA,NA,NA,NA,NA,NA,NA,NA,NA
2003,Tararua District,Other,1.159,1.4446,1.0776,National,7.266666666666667,6.87,National,19.425,National,329750,NA,NA,NA,NA,NA,NA,NA,NA,NA,NA,NA,NA,NA,NA,NA,NA,NA,NA,NA,NA,NA,NA,NA,NA,NA,NA,NA,NA,NA,NA,NA,NA,NA,NA,NA,NA,NA,NA,NA,NA,NA,NA,NA,NA,NA,NA,NA,NA,NA,NA,NA,NA,NA,NA,NA,NA,NA,NA,NA,NA,NA,NA,NA,NA,NA,NA,NA,NA,NA,NA,NA
2003,Tasman,Other,0.6938,0.8648,0.9288,National,7.266666666666667,6.87,National,19.425,National,329750,NA,NA,NA,NA,NA,NA,NA,NA,NA,NA,NA,NA,NA,NA,NA,NA,NA,NA,NA,NA,NA,NA,NA,NA,NA,NA,NA,NA,NA,NA,NA,NA,NA,NA,NA,NA,NA,NA,NA,NA,NA,NA,NA,NA,NA,NA,NA,NA,NA,NA,NA,NA,NA,NA,NA,NA,NA,NA,NA,NA,NA,NA,NA,NA,NA,NA,NA,NA,NA,NA,NA
2003,Tasman District,Other,0.6938,0.8648,0.9287,National,7.266666666666667,6.87,National,19.425,National,329750,NA,NA,NA,NA,NA,NA,NA,NA,NA,NA,NA,NA,NA,NA,NA,NA,NA,NA,NA,NA,NA,NA,NA,NA,NA,NA,NA,NA,NA,NA,NA,NA,NA,NA,NA,NA,NA,NA,NA,NA,NA,NA,NA,NA,NA,NA,NA,NA,NA,NA,NA,NA,NA,NA,NA,NA,NA,NA,NA,NA,NA,NA,NA,NA,NA,NA,NA,NA,NA,NA,NA
2003,Taupo District,Other,0.7157,0.8921,0.9959,National,7.266666666666667,6.87,National,19.425,National,329750,NA,NA,NA,NA,NA,NA,NA,NA,NA,NA,NA,NA,NA,NA,NA,NA,NA,NA,NA,NA,NA,NA,NA,NA,NA,NA,NA,NA,NA,NA,NA,NA,NA,NA,NA,NA,NA,NA,NA,NA,NA,NA,NA,NA,NA,NA,NA,NA,NA,NA,NA,NA,NA,NA,NA,NA,NA,NA,NA,NA,NA,NA,NA,NA,NA,NA,NA,NA,NA,NA,NA
2003,Tauranga City,Other,0.7513,0.9364,0.9309,National,7.266666666666667,6.87,National,19.425,National,329750,NA,NA,NA,NA,NA,NA,NA,NA,NA,NA,NA,NA,NA,NA,NA,NA,NA,NA,NA,NA,NA,NA,NA,NA,NA,NA,NA,NA,NA,NA,NA,NA,NA,NA,NA,NA,NA,NA,NA,NA,NA,NA,NA,NA,NA,NA,NA,NA,NA,NA,NA,NA,NA,NA,NA,NA,NA,NA,NA,NA,NA,NA,NA,NA,NA,NA,NA,NA,NA,NA,NA
2003,Thames Coromandel District,Other,0.8223,1.0249,1.0548,National,7.266666666666667,6.87,National,19.425,National,329750,NA,NA,NA,NA,NA,NA,NA,NA,NA,NA,NA,NA,NA,NA,NA,NA,NA,NA,NA,NA,NA,NA,NA,NA,NA,NA,NA,NA,NA,NA,NA,NA,NA,NA,NA,NA,NA,NA,NA,NA,NA,NA,NA,NA,NA,NA,NA,NA,NA,NA,NA,NA,NA,NA,NA,NA,NA,NA,NA,NA,NA,NA,NA,NA,NA,NA,NA,NA,NA,NA,NA
2003,Timaru District,Canterbury Rural,1.0363,1.2916,1.0127,National,7.266666666666667,6.87,National,19.425,National,329750,NA,NA,NA,NA,NA,NA,NA,NA,NA,NA,NA,NA,NA,NA,NA,NA,NA,NA,NA,NA,NA,NA,NA,NA,NA,NA,NA,NA,NA,NA,NA,NA,NA,NA,NA,NA,NA,NA,NA,NA,NA,NA,NA,NA,NA,NA,NA,NA,NA,NA,NA,NA,NA,NA,NA,NA,NA,NA,NA,NA,NA,NA,NA,NA,NA,NA,NA,NA,NA,NA,NA
2003,Upper Hutt City,Wellington Urban,0.9815,1.2234,1.047,National,7.266666666666667,6.87,National,19.425,National,329750,NA,NA,NA,NA,NA,NA,NA,NA,NA,NA,NA,NA,NA,NA,NA,NA,NA,NA,NA,NA,NA,NA,NA,NA,NA,NA,NA,NA,NA,NA,NA,NA,NA,NA,NA,NA,NA,NA,NA,NA,NA,NA,NA,NA,NA,NA,NA,NA,NA,NA,NA,NA,NA,NA,NA,NA,NA,NA,NA,NA,NA,NA,NA,NA,NA,NA,NA,NA,NA,NA,NA
2003,Waikato,Other,0.8906,1.11,0.9785,National,7.266666666666667,6.87,National,19.425,National,329750,NA,NA,NA,NA,NA,NA,NA,NA,NA,NA,NA,NA,NA,NA,NA,NA,NA,NA,NA,NA,NA,NA,NA,NA,NA,NA,NA,NA,NA,NA,NA,NA,NA,NA,NA,NA,NA,NA,NA,NA,NA,NA,NA,NA,NA,NA,NA,NA,NA,NA,NA,NA,NA,NA,NA,NA,NA,NA,NA,NA,NA,NA,NA,NA,NA,NA,NA,NA,NA,NA,NA
2003,Waikato District,Other,0.958,1.1941,1.0593,National,7.266666666666667,6.87,National,19.425,National,329750,NA,NA,NA,NA,NA,NA,NA,NA,NA,NA,NA,NA,NA,NA,NA,NA,NA,NA,NA,NA,NA,NA,NA,NA,NA,NA,NA,NA,NA,NA,NA,NA,NA,NA,NA,NA,NA,NA,NA,NA,NA,NA,NA,NA,NA,NA,NA,NA,NA,NA,NA,NA,NA,NA,NA,NA,NA,NA,NA,NA,NA,NA,NA,NA,NA,NA,NA,NA,NA,NA,NA
2003,Waimakariri District,Canterbury Rural,0.9985,1.2446,1.0016,National,7.266666666666667,6.87,National,19.425,National,329750,NA,NA,NA,NA,NA,NA,NA,NA,NA,NA,NA,NA,NA,NA,NA,NA,NA,NA,NA,NA,NA,NA,NA,NA,NA,NA,NA,NA,NA,NA,NA,NA,NA,NA,NA,NA,NA,NA,NA,NA,NA,NA,NA,NA,NA,NA,NA,NA,NA,NA,NA,NA,NA,NA,NA,NA,NA,NA,NA,NA,NA,NA,NA,NA,NA,NA,NA,NA,NA,NA,NA
2003,Waimate District,Canterbury Rural,1.1052,1.3775,0.9414,National,7.266666666666667,6.87,National,19.425,National,329750,NA,NA,NA,NA,NA,NA,NA,NA,NA,NA,NA,NA,NA,NA,NA,NA,NA,NA,NA,NA,NA,NA,NA,NA,NA,NA,NA,NA,NA,NA,NA,NA,NA,NA,NA,NA,NA,NA,NA,NA,NA,NA,NA,NA,NA,NA,NA,NA,NA,NA,NA,NA,NA,NA,NA,NA,NA,NA,NA,NA,NA,NA,NA,NA,NA,NA,NA,NA,NA,NA,NA
2003,Waipa District,Other,1.0272,1.2803,1.0555,National,7.266666666666667,6.87,National,19.425,National,329750,NA,NA,NA,NA,NA,NA,NA,NA,NA,NA,NA,NA,NA,NA,NA,NA,NA,NA,NA,NA,NA,NA,NA,NA,NA,NA,NA,NA,NA,NA,NA,NA,NA,NA,NA,NA,NA,NA,NA,NA,NA,NA,NA,NA,NA,NA,NA,NA,NA,NA,NA,NA,NA,NA,NA,NA,NA,NA,NA,NA,NA,NA,NA,NA,NA,NA,NA,NA,NA,NA,NA
2003,Wairoa District,Other,1.0639,1.326,1.1159,National,7.266666666666667,6.87,National,19.425,National,329750,NA,NA,NA,NA,NA,NA,NA,NA,NA,NA,NA,NA,NA,NA,NA,NA,NA,NA,NA,NA,NA,NA,NA,NA,NA,NA,NA,NA,NA,NA,NA,NA,NA,NA,NA,NA,NA,NA,NA,NA,NA,NA,NA,NA,NA,NA,NA,NA,NA,NA,NA,NA,NA,NA,NA,NA,NA,NA,NA,NA,NA,NA,NA,NA,NA,NA,NA,NA,NA,NA,NA
2003,Waitaki District,Other,0.8999,1.1216,1.0947,National,7.266666666666667,6.87,National,19.425,National,329750,NA,NA,NA,NA,NA,NA,NA,NA,NA,NA,NA,NA,NA,NA,NA,NA,NA,NA,NA,NA,NA,NA,NA,NA,NA,NA,NA,NA,NA,NA,NA,NA,NA,NA,NA,NA,NA,NA,NA,NA,NA,NA,NA,NA,NA,NA,NA,NA,NA,NA,NA,NA,NA,NA,NA,NA,NA,NA,NA,NA,NA,NA,NA,NA,NA,NA,NA,NA,NA,NA,NA
2003,Waitomo District,Other,1.0286,1.2821,1.079,National,7.266666666666667,6.87,National,19.425,National,329750,NA,NA,NA,NA,NA,NA,NA,NA,NA,NA,NA,NA,NA,NA,NA,NA,NA,NA,NA,NA,NA,NA,NA,NA,NA,NA,NA,NA,NA,NA,NA,NA,NA,NA,NA,NA,NA,NA,NA,NA,NA,NA,NA,NA,NA,NA,NA,NA,NA,NA,NA,NA,NA,NA,NA,NA,NA,NA,NA,NA,NA,NA,NA,NA,NA,NA,NA,NA,NA,NA,NA
2003,Wellington,Wellington Rural,0.8788,1.0954,1.0161,National,7.266666666666667,6.87,National,19.425,National,329750,NA,NA,NA,NA,NA,NA,NA,NA,NA,NA,NA,NA,NA,NA,NA,NA,NA,NA,NA,NA,NA,NA,NA,NA,NA,NA,NA,NA,NA,NA,NA,NA,NA,NA,NA,NA,NA,NA,NA,NA,NA,NA,NA,NA,NA,NA,NA,NA,NA,NA,NA,NA,NA,NA,NA,NA,NA,NA,NA,NA,NA,NA,NA,NA,NA,NA,NA,NA,NA,NA,NA
2003,Wellington City,Wellington Urban,0.8388,1.0455,1.0229,National,7.266666666666667,6.87,National,19.425,National,329750,NA,NA,NA,NA,NA,NA,NA,NA,NA,NA,NA,NA,NA,NA,NA,NA,NA,NA,NA,NA,NA,NA,NA,NA,NA,NA,NA,NA,NA,NA,NA,NA,NA,NA,NA,NA,NA,NA,NA,NA,NA,NA,NA,NA,NA,NA,NA,NA,NA,NA,NA,NA,NA,NA,NA,NA,NA,NA,NA,NA,NA,NA,NA,NA,NA,NA,NA,NA,NA,NA,NA
2003,West Coast,Other,1.1093,1.3827,0.9932,National,7.266666666666667,6.87,National,19.425,National,329750,NA,NA,NA,NA,NA,NA,NA,NA,NA,NA,NA,NA,NA,NA,NA,NA,NA,NA,NA,NA,NA,NA,NA,NA,NA,NA,NA,NA,NA,NA,NA,NA,NA,NA,NA,NA,NA,NA,NA,NA,NA,NA,NA,NA,NA,NA,NA,NA,NA,NA,NA,NA,NA,NA,NA,NA,NA,NA,NA,NA,NA,NA,NA,NA,NA,NA,NA,NA,NA,NA,NA
2003,Western Bay of Plenty District,Other,0.8626,1.0751,1.0001,National,7.266666666666667,6.87,National,19.425,National,329750,NA,NA,NA,NA,NA,NA,NA,NA,NA,NA,NA,NA,NA,NA,NA,NA,NA,NA,NA,NA,NA,NA,NA,NA,NA,NA,NA,NA,NA,NA,NA,NA,NA,NA,NA,NA,NA,NA,NA,NA,NA,NA,NA,NA,NA,NA,NA,NA,NA,NA,NA,NA,NA,NA,NA,NA,NA,NA,NA,NA,NA,NA,NA,NA,NA,NA,NA,NA,NA,NA,NA
2003,Westland District,Other,1.1431,1.4248,0.9987,National,7.266666666666667,6.87,National,19.425,National,329750,NA,NA,NA,NA,NA,NA,NA,NA,NA,NA,NA,NA,NA,NA,NA,NA,NA,NA,NA,NA,NA,NA,NA,NA,NA,NA,NA,NA,NA,NA,NA,NA,NA,NA,NA,NA,NA,NA,NA,NA,NA,NA,NA,NA,NA,NA,NA,NA,NA,NA,NA,NA,NA,NA,NA,NA,NA,NA,NA,NA,NA,NA,NA,NA,NA,NA,NA,NA,NA,NA,NA
2003,Whakatane District,Other,0.9525,1.1872,1.0289,National,7.266666666666667,6.87,National,19.425,National,329750,NA,NA,NA,NA,NA,NA,NA,NA,NA,NA,NA,NA,NA,NA,NA,NA,NA,NA,NA,NA,NA,NA,NA,NA,NA,NA,NA,NA,NA,NA,NA,NA,NA,NA,NA,NA,NA,NA,NA,NA,NA,NA,NA,NA,NA,NA,NA,NA,NA,NA,NA,NA,NA,NA,NA,NA,NA,NA,NA,NA,NA,NA,NA,NA,NA,NA,NA,NA,NA,NA,NA
2003,Whanganui District,Other,1.1076,1.3806,1.0202,National,7.266666666666667,6.87,National,19.425,National,329750,NA,NA,NA,NA,NA,NA,NA,NA,NA,NA,NA,NA,NA,NA,NA,NA,NA,NA,NA,NA,NA,NA,NA,NA,NA,NA,NA,NA,NA,NA,NA,NA,NA,NA,NA,NA,NA,NA,NA,NA,NA,NA,NA,NA,NA,NA,NA,NA,NA,NA,NA,NA,NA,NA,NA,NA,NA,NA,NA,NA,NA,NA,NA,NA,NA,NA,NA,NA,NA,NA,NA
2003,Whangarei District,Other,0.9125,1.1374,1.022,National,7.266666666666667,6.87,National,19.425,National,329750,NA,NA,NA,NA,NA,NA,NA,NA,NA,NA,NA,NA,NA,NA,NA,NA,NA,NA,NA,NA,NA,NA,NA,NA,NA,NA,NA,NA,NA,NA,NA,NA,NA,NA,NA,NA,NA,NA,NA,NA,NA,NA,NA,NA,NA,NA,NA,NA,NA,NA,NA,NA,NA,NA,NA,NA,NA,NA,NA,NA,NA,NA,NA,NA,NA,NA,NA,NA,NA,NA,NA
2004,Ashburton District,Canterbury Rural,0.980225,1.2249750000000001,1.0635,National,7.9366666666666665,7.295,National,18.1,National,406197.5,NA,NA,NA,NA,NA,NA,NA,NA,NA,NA,NA,NA,NA,NA,NA,NA,NA,NA,NA,NA,NA,NA,NA,NA,NA,NA,NA,NA,NA,NA,NA,NA,NA,NA,NA,NA,NA,NA,NA,NA,NA,NA,NA,NA,NA,NA,NA,NA,NA,NA,NA,NA,NA,NA,NA,NA,NA,NA,NA,NA,NA,NA,NA,NA,NA,NA,NA,NA,NA,NA,NA
2004,Auckland,Auckland Urban,0.8524125,1.0655875,0.95865,National,7.9366666666666665,7.295,National,18.1,National,406197.5,NA,NA,NA,NA,NA,NA,NA,NA,NA,NA,NA,NA,NA,NA,NA,NA,NA,NA,NA,NA,NA,NA,NA,NA,NA,NA,NA,NA,NA,NA,NA,NA,NA,NA,NA,NA,NA,NA,NA,NA,NA,NA,NA,NA,NA,NA,NA,NA,NA,NA,NA,NA,NA,NA,NA,NA,NA,NA,NA,NA,NA,NA,NA,NA,NA,NA,NA,NA,NA,NA,NA
2004,Bay of Plenty,Other,0.7724,0.964975,0.9808250000000001,National,7.9366666666666665,7.295,National,18.1,National,406197.5,NA,NA,NA,NA,NA,NA,NA,NA,NA,NA,NA,NA,NA,NA,NA,NA,NA,NA,NA,NA,NA,NA,NA,NA,NA,NA,NA,NA,NA,NA,NA,NA,NA,NA,NA,NA,NA,NA,NA,NA,NA,NA,NA,NA,NA,NA,NA,NA,NA,NA,NA,NA,NA,NA,NA,NA,NA,NA,NA,NA,NA,NA,NA,NA,NA,NA,NA,NA,NA,NA,NA
2004,Buller District,Other,0.954925,1.19265,1.053275,National,7.9366666666666665,7.295,National,18.1,National,406197.5,NA,NA,NA,NA,NA,NA,NA,NA,NA,NA,NA,NA,NA,NA,NA,NA,NA,NA,NA,NA,NA,NA,NA,NA,NA,NA,NA,NA,NA,NA,NA,NA,NA,NA,NA,NA,NA,NA,NA,NA,NA,NA,NA,NA,NA,NA,NA,NA,NA,NA,NA,NA,NA,NA,NA,NA,NA,NA,NA,NA,NA,NA,NA,NA,NA,NA,NA,NA,NA,NA,NA
2004,Canterbury,Canterbury Rural,0.8629,1.078375,0.914125,National,7.9366666666666665,7.295,National,18.1,National,406197.5,NA,NA,NA,NA,NA,NA,NA,NA,NA,NA,NA,NA,NA,NA,NA,NA,NA,NA,NA,NA,NA,NA,NA,NA,NA,NA,NA,NA,NA,NA,NA,NA,NA,NA,NA,NA,NA,NA,NA,NA,NA,NA,NA,NA,NA,NA,NA,NA,NA,NA,NA,NA,NA,NA,NA,NA,NA,NA,NA,NA,NA,NA,NA,NA,NA,NA,NA,NA,NA,NA,NA
2004,Carterton District,Wellington Rural,0.886475,1.10835,1.036225,National,7.9366666666666665,7.295,National,18.1,National,406197.5,NA,NA,NA,NA,NA,NA,NA,NA,NA,NA,NA,NA,NA,NA,NA,NA,NA,NA,NA,NA,NA,NA,NA,NA,NA,NA,NA,NA,NA,NA,NA,NA,NA,NA,NA,NA,NA,NA,NA,NA,NA,NA,NA,NA,NA,NA,NA,NA,NA,NA,NA,NA,NA,NA,NA,NA,NA,NA,NA,NA,NA,NA,NA,NA,NA,NA,NA,NA,NA,NA,NA
2004,Central Hawkes Bay District,Other,0.85585,1.0693,0.912875,National,7.9366666666666665,7.295,National,18.1,National,406197.5,NA,NA,NA,NA,NA,NA,NA,NA,NA,NA,NA,NA,NA,NA,NA,NA,NA,NA,NA,NA,NA,NA,NA,NA,NA,NA,NA,NA,NA,NA,NA,NA,NA,NA,NA,NA,NA,NA,NA,NA,NA,NA,NA,NA,NA,NA,NA,NA,NA,NA,NA,NA,NA,NA,NA,NA,NA,NA,NA,NA,NA,NA,NA,NA,NA,NA,NA,NA,NA,NA,NA
2004,Central Otago District,Other,0.7532000000000001,0.941875,0.875675,National,7.9366666666666665,7.295,National,18.1,National,406197.5,NA,NA,NA,NA,NA,NA,NA,NA,NA,NA,NA,NA,NA,NA,NA,NA,NA,NA,NA,NA,NA,NA,NA,NA,NA,NA,NA,NA,NA,NA,NA,NA,NA,NA,NA,NA,NA,NA,NA,NA,NA,NA,NA,NA,NA,NA,NA,NA,NA,NA,NA,NA,NA,NA,NA,NA,NA,NA,NA,NA,NA,NA,NA,NA,NA,NA,NA,NA,NA,NA,NA
2004,Christchurch City,Canterbury Urban,0.8238749999999999,1.029575,0.9062749999999999,National,7.9366666666666665,7.295,National,18.1,National,406197.5,NA,NA,NA,NA,NA,NA,NA,NA,NA,NA,NA,NA,NA,NA,NA,NA,NA,NA,NA,NA,NA,NA,NA,NA,NA,NA,NA,NA,NA,NA,NA,NA,NA,NA,NA,NA,NA,NA,NA,NA,NA,NA,NA,NA,NA,NA,NA,NA,NA,NA,NA,NA,NA,NA,NA,NA,NA,NA,NA,NA,NA,NA,NA,NA,NA,NA,NA,NA,NA,NA,NA
2004,Clutha District,Other,0.9244749999999999,1.15455,1.039975,National,7.9366666666666665,7.295,National,18.1,National,406197.5,NA,NA,NA,NA,NA,NA,NA,NA,NA,NA,NA,NA,NA,NA,NA,NA,NA,NA,NA,NA,NA,NA,NA,NA,NA,NA,NA,NA,NA,NA,NA,NA,NA,NA,NA,NA,NA,NA,NA,NA,NA,NA,NA,NA,NA,NA,NA,NA,NA,NA,NA,NA,NA,NA,NA,NA,NA,NA,NA,NA,NA,NA,NA,NA,NA,NA,NA,NA,NA,NA,NA
2004,Dunedin City,Other,0.779725,0.9739249999999999,1.0249000000000001,National,7.9366666666666665,7.295,National,18.1,National,406197.5,NA,NA,NA,NA,NA,NA,NA,NA,NA,NA,NA,NA,NA,NA,NA,NA,NA,NA,NA,NA,NA,NA,NA,NA,NA,NA,NA,NA,NA,NA,NA,NA,NA,NA,NA,NA,NA,NA,NA,NA,NA,NA,NA,NA,NA,NA,NA,NA,NA,NA,NA,NA,NA,NA,NA,NA,NA,NA,NA,NA,NA,NA,NA,NA,NA,NA,NA,NA,NA,NA,NA
2004,Far North District,Other,0.849525,1.06135,1.022325,National,7.9366666666666665,7.295,National,18.1,National,406197.5,NA,NA,NA,NA,NA,NA,NA,NA,NA,NA,NA,NA,NA,NA,NA,NA,NA,NA,NA,NA,NA,NA,NA,NA,NA,NA,NA,NA,NA,NA,NA,NA,NA,NA,NA,NA,NA,NA,NA,NA,NA,NA,NA,NA,NA,NA,NA,NA,NA,NA,NA,NA,NA,NA,NA,NA,NA,NA,NA,NA,NA,NA,NA,NA,NA,NA,NA,NA,NA,NA,NA
2004,Gisborne,Other,0.886925,1.108025,1.04155,National,7.9366666666666665,7.295,National,18.1,National,406197.5,NA,NA,NA,NA,NA,NA,NA,NA,NA,NA,NA,NA,NA,NA,NA,NA,NA,NA,NA,NA,NA,NA,NA,NA,NA,NA,NA,NA,NA,NA,NA,NA,NA,NA,NA,NA,NA,NA,NA,NA,NA,NA,NA,NA,NA,NA,NA,NA,NA,NA,NA,NA,NA,NA,NA,NA,NA,NA,NA,NA,NA,NA,NA,NA,NA,NA,NA,NA,NA,NA,NA
2004,Gisborne District,Other,0.880725,1.1001750000000001,1.04155,National,7.9366666666666665,7.295,National,18.1,National,406197.5,NA,NA,NA,NA,NA,NA,NA,NA,NA,NA,NA,NA,NA,NA,NA,NA,NA,NA,NA,NA,NA,NA,NA,NA,NA,NA,NA,NA,NA,NA,NA,NA,NA,NA,NA,NA,NA,NA,NA,NA,NA,NA,NA,NA,NA,NA,NA,NA,NA,NA,NA,NA,NA,NA,NA,NA,NA,NA,NA,NA,NA,NA,NA,NA,NA,NA,NA,NA,NA,NA,NA
2004,Gore District,Other,1.08885,1.361,1.04915,National,7.9366666666666665,7.295,National,18.1,National,406197.5,NA,NA,NA,NA,NA,NA,NA,NA,NA,NA,NA,NA,NA,NA,NA,NA,NA,NA,NA,NA,NA,NA,NA,NA,NA,NA,NA,NA,NA,NA,NA,NA,NA,NA,NA,NA,NA,NA,NA,NA,NA,NA,NA,NA,NA,NA,NA,NA,NA,NA,NA,NA,NA,NA,NA,NA,NA,NA,NA,NA,NA,NA,NA,NA,NA,NA,NA,NA,NA,NA,NA
2004,Grey District,Other,0.88045,1.099825,0.945375,National,7.9366666666666665,7.295,National,18.1,National,406197.5,NA,NA,NA,NA,NA,NA,NA,NA,NA,NA,NA,NA,NA,NA,NA,NA,NA,NA,NA,NA,NA,NA,NA,NA,NA,NA,NA,NA,NA,NA,NA,NA,NA,NA,NA,NA,NA,NA,NA,NA,NA,NA,NA,NA,NA,NA,NA,NA,NA,NA,NA,NA,NA,NA,NA,NA,NA,NA,NA,NA,NA,NA,NA,NA,NA,NA,NA,NA,NA,NA,NA
2004,Hamilton City,Other,0.891025,1.11335,0.9238500000000001,National,7.9366666666666665,7.295,National,18.1,National,406197.5,NA,NA,NA,NA,NA,NA,NA,NA,NA,NA,NA,NA,NA,NA,NA,NA,NA,NA,NA,NA,NA,NA,NA,NA,NA,NA,NA,NA,NA,NA,NA,NA,NA,NA,NA,NA,NA,NA,NA,NA,NA,NA,NA,NA,NA,NA,NA,NA,NA,NA,NA,NA,NA,NA,NA,NA,NA,NA,NA,NA,NA,NA,NA,NA,NA,NA,NA,NA,NA,NA,NA
2004,Hastings District,Other,0.77045,0.962675,0.9895499999999999,National,7.9366666666666665,7.295,National,18.1,National,406197.5,NA,NA,NA,NA,NA,NA,NA,NA,NA,NA,NA,NA,NA,NA,NA,NA,NA,NA,NA,NA,NA,NA,NA,NA,NA,NA,NA,NA,NA,NA,NA,NA,NA,NA,NA,NA,NA,NA,NA,NA,NA,NA,NA,NA,NA,NA,NA,NA,NA,NA,NA,NA,NA,NA,NA,NA,NA,NA,NA,NA,NA,NA,NA,NA,NA,NA,NA,NA,NA,NA,NA
2004,Hauraki District,Other,0.9814,1.22505,1.1206749999999999,National,7.9366666666666665,7.295,National,18.1,National,406197.5,NA,NA,NA,NA,NA,NA,NA,NA,NA,NA,NA,NA,NA,NA,NA,NA,NA,NA,NA,NA,NA,NA,NA,NA,NA,NA,NA,NA,NA,NA,NA,NA,NA,NA,NA,NA,NA,NA,NA,NA,NA,NA,NA,NA,NA,NA,NA,NA,NA,NA,NA,NA,NA,NA,NA,NA,NA,NA,NA,NA,NA,NA,NA,NA,NA,NA,NA,NA,NA,NA,NA
2004,Hawke's Bay,Other,0.75605,0.9445250000000001,0.9828,National,7.9366666666666665,7.295,National,18.1,National,406197.5,NA,NA,NA,NA,NA,NA,NA,NA,NA,NA,NA,NA,NA,NA,NA,NA,NA,NA,NA,NA,NA,NA,NA,NA,NA,NA,NA,NA,NA,NA,NA,NA,NA,NA,NA,NA,NA,NA,NA,NA,NA,NA,NA,NA,NA,NA,NA,NA,NA,NA,NA,NA,NA,NA,NA,NA,NA,NA,NA,NA,NA,NA,NA,NA,NA,NA,NA,NA,NA,NA,NA
2004,Horowhenua District,Other,0.943925,1.1795,1.057625,National,7.9366666666666665,7.295,National,18.1,National,406197.5,NA,NA,NA,NA,NA,NA,NA,NA,NA,NA,NA,NA,NA,NA,NA,NA,NA,NA,NA,NA,NA,NA,NA,NA,NA,NA,NA,NA,NA,NA,NA,NA,NA,NA,NA,NA,NA,NA,NA,NA,NA,NA,NA,NA,NA,NA,NA,NA,NA,NA,NA,NA,NA,NA,NA,NA,NA,NA,NA,NA,NA,NA,NA,NA,NA,NA,NA,NA,NA,NA,NA
2004,Hurunui District,Canterbury Rural,0.9418,1.176,1.0499749999999999,National,7.9366666666666665,7.295,National,18.1,National,406197.5,NA,NA,NA,NA,NA,NA,NA,NA,NA,NA,NA,NA,NA,NA,NA,NA,NA,NA,NA,NA,NA,NA,NA,NA,NA,NA,NA,NA,NA,NA,NA,NA,NA,NA,NA,NA,NA,NA,NA,NA,NA,NA,NA,NA,NA,NA,NA,NA,NA,NA,NA,NA,NA,NA,NA,NA,NA,NA,NA,NA,NA,NA,NA,NA,NA,NA,NA,NA,NA,NA,NA
2004,Hutt City,Wellington Urban,0.890075,1.11225,1.0480749999999999,National,7.9366666666666665,7.295,National,18.1,National,406197.5,NA,NA,NA,NA,NA,NA,NA,NA,NA,NA,NA,NA,NA,NA,NA,NA,NA,NA,NA,NA,NA,NA,NA,NA,NA,NA,NA,NA,NA,NA,NA,NA,NA,NA,NA,NA,NA,NA,NA,NA,NA,NA,NA,NA,NA,NA,NA,NA,NA,NA,NA,NA,NA,NA,NA,NA,NA,NA,NA,NA,NA,NA,NA,NA,NA,NA,NA,NA,NA,NA,NA
2004,Invercargill City,Other,0.931825,1.165125,0.8824,National,7.9366666666666665,7.295,National,18.1,National,406197.5,NA,NA,NA,NA,NA,NA,NA,NA,NA,NA,NA,NA,NA,NA,NA,NA,NA,NA,NA,NA,NA,NA,NA,NA,NA,NA,NA,NA,NA,NA,NA,NA,NA,NA,NA,NA,NA,NA,NA,NA,NA,NA,NA,NA,NA,NA,NA,NA,NA,NA,NA,NA,NA,NA,NA,NA,NA,NA,NA,NA,NA,NA,NA,NA,NA,NA,NA,NA,NA,NA,NA
2004,Kaikoura District,Other,0.6524,0.814975,0.973175,National,7.9366666666666665,7.295,National,18.1,National,406197.5,NA,NA,NA,NA,NA,NA,NA,NA,NA,NA,NA,NA,NA,NA,NA,NA,NA,NA,NA,NA,NA,NA,NA,NA,NA,NA,NA,NA,NA,NA,NA,NA,NA,NA,NA,NA,NA,NA,NA,NA,NA,NA,NA,NA,NA,NA,NA,NA,NA,NA,NA,NA,NA,NA,NA,NA,NA,NA,NA,NA,NA,NA,NA,NA,NA,NA,NA,NA,NA,NA,NA
2004,Kaipara District,Other,0.878625,1.09805,1.14575,National,7.9366666666666665,7.295,National,18.1,National,406197.5,NA,NA,NA,NA,NA,NA,NA,NA,NA,NA,NA,NA,NA,NA,NA,NA,NA,NA,NA,NA,NA,NA,NA,NA,NA,NA,NA,NA,NA,NA,NA,NA,NA,NA,NA,NA,NA,NA,NA,NA,NA,NA,NA,NA,NA,NA,NA,NA,NA,NA,NA,NA,NA,NA,NA,NA,NA,NA,NA,NA,NA,NA,NA,NA,NA,NA,NA,NA,NA,NA,NA
2004,Kapiti Coast District,Wellington Rural,0.865875,1.0823,1.0114,National,7.9366666666666665,7.295,National,18.1,National,406197.5,NA,NA,NA,NA,NA,NA,NA,NA,NA,NA,NA,NA,NA,NA,NA,NA,NA,NA,NA,NA,NA,NA,NA,NA,NA,NA,NA,NA,NA,NA,NA,NA,NA,NA,NA,NA,NA,NA,NA,NA,NA,NA,NA,NA,NA,NA,NA,NA,NA,NA,NA,NA,NA,NA,NA,NA,NA,NA,NA,NA,NA,NA,NA,NA,NA,NA,NA,NA,NA,NA,NA
2004,Kawerau District,Other,1.085575,1.35505,1.1802000000000001,National,7.9366666666666665,7.295,National,18.1,National,406197.5,NA,NA,NA,NA,NA,NA,NA,NA,NA,NA,NA,NA,NA,NA,NA,NA,NA,NA,NA,NA,NA,NA,NA,NA,NA,NA,NA,NA,NA,NA,NA,NA,NA,NA,NA,NA,NA,NA,NA,NA,NA,NA,NA,NA,NA,NA,NA,NA,NA,NA,NA,NA,NA,NA,NA,NA,NA,NA,NA,NA,NA,NA,NA,NA,NA,NA,NA,NA,NA,NA,NA
2004,MacKenzie District,Canterbury Rural,0.83115000000000006,1.038075,0.89055,National,7.9366666666666665,7.295,National,18.1,National,406197.5,NA,NA,NA,NA,NA,NA,NA,NA,NA,NA,NA,NA,NA,NA,NA,NA,NA,NA,NA,NA,NA,NA,NA,NA,NA,NA,NA,NA,NA,NA,NA,NA,NA,NA,NA,NA,NA,NA,NA,NA,NA,NA,NA,NA,NA,NA,NA,NA,NA,NA,NA,NA,NA,NA,NA,NA,NA,NA,NA,NA,NA,NA,NA,NA,NA,NA,NA,NA,NA,NA,NA
2004,Manawatu District,Other,0.9636750000000001,1.20425,1.0134750000000001,National,7.9366666666666665,7.295,National,18.1,National,406197.5,NA,NA,NA,NA,NA,NA,NA,NA,NA,NA,NA,NA,NA,NA,NA,NA,NA,NA,NA,NA,NA,NA,NA,NA,NA,NA,NA,NA,NA,NA,NA,NA,NA,NA,NA,NA,NA,NA,NA,NA,NA,NA,NA,NA,NA,NA,NA,NA,NA,NA,NA,NA,NA,NA,NA,NA,NA,NA,NA,NA,NA,NA,NA,NA,NA,NA,NA,NA,NA,NA,NA
2004,Manawatu-Wanganui,Other,0.9311499999999999,1.163275,0.981175,National,7.9366666666666665,7.295,National,18.1,National,406197.5,NA,NA,NA,NA,NA,NA,NA,NA,NA,NA,NA,NA,NA,NA,NA,NA,NA,NA,NA,NA,NA,NA,NA,NA,NA,NA,NA,NA,NA,NA,NA,NA,NA,NA,NA,NA,NA,NA,NA,NA,NA,NA,NA,NA,NA,NA,NA,NA,NA,NA,NA,NA,NA,NA,NA,NA,NA,NA,NA,NA,NA,NA,NA,NA,NA,NA,NA,NA,NA,NA,NA
2004,Marlborough,Other,0.72055,0.901025,0.9251,National,7.9366666666666665,7.295,National,18.1,National,406197.5,NA,NA,NA,NA,NA,NA,NA,NA,NA,NA,NA,NA,NA,NA,NA,NA,NA,NA,NA,NA,NA,NA,NA,NA,NA,NA,NA,NA,NA,NA,NA,NA,NA,NA,NA,NA,NA,NA,NA,NA,NA,NA,NA,NA,NA,NA,NA,NA,NA,NA,NA,NA,NA,NA,NA,NA,NA,NA,NA,NA,NA,NA,NA,NA,NA,NA,NA,NA,NA,NA,NA
2004,Marlborough District,Other,0.72055,0.901025,0.925125,National,7.9366666666666665,7.295,National,18.1,National,406197.5,NA,NA,NA,NA,NA,NA,NA,NA,NA,NA,NA,NA,NA,NA,NA,NA,NA,NA,NA,NA,NA,NA,NA,NA,NA,NA,NA,NA,NA,NA,NA,NA,NA,NA,NA,NA,NA,NA,NA,NA,NA,NA,NA,NA,NA,NA,NA,NA,NA,NA,NA,NA,NA,NA,NA,NA,NA,NA,NA,NA,NA,NA,NA,NA,NA,NA,NA,NA,NA,NA,NA
2004,Masterton District,Wellington Rural,0.8618,1.077,1.0664,National,7.9366666666666665,7.295,National,18.1,National,406197.5,NA,NA,NA,NA,NA,NA,NA,NA,NA,NA,NA,NA,NA,NA,NA,NA,NA,NA,NA,NA,NA,NA,NA,NA,NA,NA,NA,NA,NA,NA,NA,NA,NA,NA,NA,NA,NA,NA,NA,NA,NA,NA,NA,NA,NA,NA,NA,NA,NA,NA,NA,NA,NA,NA,NA,NA,NA,NA,NA,NA,NA,NA,NA,NA,NA,NA,NA,NA,NA,NA,NA
2004,Matamata Piako District,Other,1.04025,1.29965,1.141325,National,7.9366666666666665,7.295,National,18.1,National,406197.5,NA,NA,NA,NA,NA,NA,NA,NA,NA,NA,NA,NA,NA,NA,NA,NA,NA,NA,NA,NA,NA,NA,NA,NA,NA,NA,NA,NA,NA,NA,NA,NA,NA,NA,NA,NA,NA,NA,NA,NA,NA,NA,NA,NA,NA,NA,NA,NA,NA,NA,NA,NA,NA,NA,NA,NA,NA,NA,NA,NA,NA,NA,NA,NA,NA,NA,NA,NA,NA,NA,NA
2004,Napier City,Other,0.717075,0.895925,0.973175,National,7.9366666666666665,7.295,National,18.1,National,406197.5,NA,NA,NA,NA,NA,NA,NA,NA,NA,NA,NA,NA,NA,NA,NA,NA,NA,NA,NA,NA,NA,NA,NA,NA,NA,NA,NA,NA,NA,NA,NA,NA,NA,NA,NA,NA,NA,NA,NA,NA,NA,NA,NA,NA,NA,NA,NA,NA,NA,NA,NA,NA,NA,NA,NA,NA,NA,NA,NA,NA,NA,NA,NA,NA,NA,NA,NA,NA,NA,NA,NA
2004,Nelson,Other,0.740875,0.92685,0.9847,National,7.9366666666666665,7.295,National,18.1,National,406197.5,NA,NA,NA,NA,NA,NA,NA,NA,NA,NA,NA,NA,NA,NA,NA,NA,NA,NA,NA,NA,NA,NA,NA,NA,NA,NA,NA,NA,NA,NA,NA,NA,NA,NA,NA,NA,NA,NA,NA,NA,NA,NA,NA,NA,NA,NA,NA,NA,NA,NA,NA,NA,NA,NA,NA,NA,NA,NA,NA,NA,NA,NA,NA,NA,NA,NA,NA,NA,NA,NA,NA
2004,Nelson City,Other,0.740875,0.92685,0.98475,National,7.9366666666666665,7.295,National,18.1,National,406197.5,NA,NA,NA,NA,NA,NA,NA,NA,NA,NA,NA,NA,NA,NA,NA,NA,NA,NA,NA,NA,NA,NA,NA,NA,NA,NA,NA,NA,NA,NA,NA,NA,NA,NA,NA,NA,NA,NA,NA,NA,NA,NA,NA,NA,NA,NA,NA,NA,NA,NA,NA,NA,NA,NA,NA,NA,NA,NA,NA,NA,NA,NA,NA,NA,NA,NA,NA,NA,NA,NA,NA
2004,New Plymouth District,Other,0.827275,1.033425,0.9611000000000001,National,7.9366666666666665,7.295,National,18.1,National,406197.5,NA,NA,NA,NA,NA,NA,NA,NA,NA,NA,NA,NA,NA,NA,NA,NA,NA,NA,NA,NA,NA,NA,NA,NA,NA,NA,NA,NA,NA,NA,NA,NA,NA,NA,NA,NA,NA,NA,NA,NA,NA,NA,NA,NA,NA,NA,NA,NA,NA,NA,NA,NA,NA,NA,NA,NA,NA,NA,NA,NA,NA,NA,NA,NA,NA,NA,NA,NA,NA,NA,NA
2004,New Zealand,Other,0.834225,1.0427,0.9659,National,7.9366666666666665,7.295,National,18.1,National,406197.5,NA,NA,NA,NA,NA,NA,NA,NA,NA,NA,NA,NA,NA,NA,NA,NA,NA,NA,NA,NA,NA,NA,NA,NA,NA,NA,NA,NA,NA,NA,NA,NA,NA,NA,NA,NA,NA,NA,NA,NA,NA,NA,NA,NA,NA,NA,NA,NA,NA,NA,NA,NA,NA,NA,NA,NA,NA,NA,NA,NA,NA,NA,NA,NA,NA,NA,NA,NA,NA,NA,NA
2004,Northland,Other,0.8457749999999999,1.05655,1.032425,National,7.9366666666666665,7.295,National,18.1,National,406197.5,NA,NA,NA,NA,NA,NA,NA,NA,NA,NA,NA,NA,NA,NA,NA,NA,NA,NA,NA,NA,NA,NA,NA,NA,NA,NA,NA,NA,NA,NA,NA,NA,NA,NA,NA,NA,NA,NA,NA,NA,NA,NA,NA,NA,NA,NA,NA,NA,NA,NA,NA,NA,NA,NA,NA,NA,NA,NA,NA,NA,NA,NA,NA,NA,NA,NA,NA,NA,NA,NA,NA
2004,Opotiki District,Other,0.910425,1.1373250000000001,1.023775,National,7.9366666666666665,7.295,National,18.1,National,406197.5,NA,NA,NA,NA,NA,NA,NA,NA,NA,NA,NA,NA,NA,NA,NA,NA,NA,NA,NA,NA,NA,NA,NA,NA,NA,NA,NA,NA,NA,NA,NA,NA,NA,NA,NA,NA,NA,NA,NA,NA,NA,NA,NA,NA,NA,NA,NA,NA,NA,NA,NA,NA,NA,NA,NA,NA,NA,NA,NA,NA,NA,NA,NA,NA,NA,NA,NA,NA,NA,NA,NA
2004,Otago,Other,0.780875,0.975625,0.96795,National,7.9366666666666665,7.295,National,18.1,National,406197.5,NA,NA,NA,NA,NA,NA,NA,NA,NA,NA,NA,NA,NA,NA,NA,NA,NA,NA,NA,NA,NA,NA,NA,NA,NA,NA,NA,NA,NA,NA,NA,NA,NA,NA,NA,NA,NA,NA,NA,NA,NA,NA,NA,NA,NA,NA,NA,NA,NA,NA,NA,NA,NA,NA,NA,NA,NA,NA,NA,NA,NA,NA,NA,NA,NA,NA,NA,NA,NA,NA,NA
2004,Otorohanga District,Other,1.030025,1.2874750000000001,1.054,National,7.9366666666666665,7.295,National,18.1,National,406197.5,NA,NA,NA,NA,NA,NA,NA,NA,NA,NA,NA,NA,NA,NA,NA,NA,NA,NA,NA,NA,NA,NA,NA,NA,NA,NA,NA,NA,NA,NA,NA,NA,NA,NA,NA,NA,NA,NA,NA,NA,NA,NA,NA,NA,NA,NA,NA,NA,NA,NA,NA,NA,NA,NA,NA,NA,NA,NA,NA,NA,NA,NA,NA,NA,NA,NA,NA,NA,NA,NA,NA
2004,Palmerston North City,Other,0.874925,1.093175,0.9662000000000001,National,7.9366666666666665,7.295,National,18.1,National,406197.5,NA,NA,NA,NA,NA,NA,NA,NA,NA,NA,NA,NA,NA,NA,NA,NA,NA,NA,NA,NA,NA,NA,NA,NA,NA,NA,NA,NA,NA,NA,NA,NA,NA,NA,NA,NA,NA,NA,NA,NA,NA,NA,NA,NA,NA,NA,NA,NA,NA,NA,NA,NA,NA,NA,NA,NA,NA,NA,NA,NA,NA,NA,NA,NA,NA,NA,NA,NA,NA,NA,NA
2004,Porirua City,Wellington Urban,0.8916499999999999,1.11455,1.03285,National,7.9366666666666665,7.295,National,18.1,National,406197.5,NA,NA,NA,NA,NA,NA,NA,NA,NA,NA,NA,NA,NA,NA,NA,NA,NA,NA,NA,NA,NA,NA,NA,NA,NA,NA,NA,NA,NA,NA,NA,NA,NA,NA,NA,NA,NA,NA,NA,NA,NA,NA,NA,NA,NA,NA,NA,NA,NA,NA,NA,NA,NA,NA,NA,NA,NA,NA,NA,NA,NA,NA,NA,NA,NA,NA,NA,NA,NA,NA,NA
2004,Queenstown Lakes District,Other,0.7132499999999999,0.8920250000000001,0.8812249999999999,National,7.9366666666666665,7.295,National,18.1,National,406197.5,NA,NA,NA,NA,NA,NA,NA,NA,NA,NA,NA,NA,NA,NA,NA,NA,NA,NA,NA,NA,NA,NA,NA,NA,NA,NA,NA,NA,NA,NA,NA,NA,NA,NA,NA,NA,NA,NA,NA,NA,NA,NA,NA,NA,NA,NA,NA,NA,NA,NA,NA,NA,NA,NA,NA,NA,NA,NA,NA,NA,NA,NA,NA,NA,NA,NA,NA,NA,NA,NA,NA
2004,Rangitikei District,Other,1.065825,1.330275,1.00195,National,7.9366666666666665,7.295,National,18.1,National,406197.5,NA,NA,NA,NA,NA,NA,NA,NA,NA,NA,NA,NA,NA,NA,NA,NA,NA,NA,NA,NA,NA,NA,NA,NA,NA,NA,NA,NA,NA,NA,NA,NA,NA,NA,NA,NA,NA,NA,NA,NA,NA,NA,NA,NA,NA,NA,NA,NA,NA,NA,NA,NA,NA,NA,NA,NA,NA,NA,NA,NA,NA,NA,NA,NA,NA,NA,NA,NA,NA,NA,NA
2004,Rotorua District,Other,0.94365,1.179275,1.0339,National,7.9366666666666665,7.295,National,18.1,National,406197.5,NA,NA,NA,NA,NA,NA,NA,NA,NA,NA,NA,NA,NA,NA,NA,NA,NA,NA,NA,NA,NA,NA,NA,NA,NA,NA,NA,NA,NA,NA,NA,NA,NA,NA,NA,NA,NA,NA,NA,NA,NA,NA,NA,NA,NA,NA,NA,NA,NA,NA,NA,NA,NA,NA,NA,NA,NA,NA,NA,NA,NA,NA,NA,NA,NA,NA,NA,NA,NA,NA,NA
2004,Ruapehu District,Other,1.2615750000000001,1.5750250000000001,1.058175,National,7.9366666666666665,7.295,National,18.1,National,406197.5,NA,NA,NA,NA,NA,NA,NA,NA,NA,NA,NA,NA,NA,NA,NA,NA,NA,NA,NA,NA,NA,NA,NA,NA,NA,NA,NA,NA,NA,NA,NA,NA,NA,NA,NA,NA,NA,NA,NA,NA,NA,NA,NA,NA,NA,NA,NA,NA,NA,NA,NA,NA,NA,NA,NA,NA,NA,NA,NA,NA,NA,NA,NA,NA,NA,NA,NA,NA,NA,NA,NA
2004,Selwyn District,Canterbury Rural,1.08815,1.3595,0.995,National,7.9366666666666665,7.295,National,18.1,National,406197.5,NA,NA,NA,NA,NA,NA,NA,NA,NA,NA,NA,NA,NA,NA,NA,NA,NA,NA,NA,NA,NA,NA,NA,NA,NA,NA,NA,NA,NA,NA,NA,NA,NA,NA,NA,NA,NA,NA,NA,NA,NA,NA,NA,NA,NA,NA,NA,NA,NA,NA,NA,NA,NA,NA,NA,NA,NA,NA,NA,NA,NA,NA,NA,NA,NA,NA,NA,NA,NA,NA,NA
2004,South Taranaki District,Other,1.21135,1.513175,1.14595,National,7.9366666666666665,7.295,National,18.1,National,406197.5,NA,NA,NA,NA,NA,NA,NA,NA,NA,NA,NA,NA,NA,NA,NA,NA,NA,NA,NA,NA,NA,NA,NA,NA,NA,NA,NA,NA,NA,NA,NA,NA,NA,NA,NA,NA,NA,NA,NA,NA,NA,NA,NA,NA,NA,NA,NA,NA,NA,NA,NA,NA,NA,NA,NA,NA,NA,NA,NA,NA,NA,NA,NA,NA,NA,NA,NA,NA,NA,NA,NA
2004,South Waikato District,Other,1.190575,1.48695,1.0304,National,7.9366666666666665,7.295,National,18.1,National,406197.5,NA,NA,NA,NA,NA,NA,NA,NA,NA,NA,NA,NA,NA,NA,NA,NA,NA,NA,NA,NA,NA,NA,NA,NA,NA,NA,NA,NA,NA,NA,NA,NA,NA,NA,NA,NA,NA,NA,NA,NA,NA,NA,NA,NA,NA,NA,NA,NA,NA,NA,NA,NA,NA,NA,NA,NA,NA,NA,NA,NA,NA,NA,NA,NA,NA,NA,NA,NA,NA,NA,NA
2004,South Wairarapa District,Wellington Rural,0.90495,1.131125,1.0013750000000001,National,7.9366666666666665,7.295,National,18.1,National,406197.5,NA,NA,NA,NA,NA,NA,NA,NA,NA,NA,NA,NA,NA,NA,NA,NA,NA,NA,NA,NA,NA,NA,NA,NA,NA,NA,NA,NA,NA,NA,NA,NA,NA,NA,NA,NA,NA,NA,NA,NA,NA,NA,NA,NA,NA,NA,NA,NA,NA,NA,NA,NA,NA,NA,NA,NA,NA,NA,NA,NA,NA,NA,NA,NA,NA,NA,NA,NA,NA,NA,NA
2004,Southland,Other,0.965625,1.207325,0.917475,National,7.9366666666666665,7.295,National,18.1,National,406197.5,NA,NA,NA,NA,NA,NA,NA,NA,NA,NA,NA,NA,NA,NA,NA,NA,NA,NA,NA,NA,NA,NA,NA,NA,NA,NA,NA,NA,NA,NA,NA,NA,NA,NA,NA,NA,NA,NA,NA,NA,NA,NA,NA,NA,NA,NA,NA,NA,NA,NA,NA,NA,NA,NA,NA,NA,NA,NA,NA,NA,NA,NA,NA,NA,NA,NA,NA,NA,NA,NA,NA
2004,Southland District,Other,0.939925,1.175175,0.971575,National,7.9366666666666665,7.295,National,18.1,National,406197.5,NA,NA,NA,NA,NA,NA,NA,NA,NA,NA,NA,NA,NA,NA,NA,NA,NA,NA,NA,NA,NA,NA,NA,NA,NA,NA,NA,NA,NA,NA,NA,NA,NA,NA,NA,NA,NA,NA,NA,NA,NA,NA,NA,NA,NA,NA,NA,NA,NA,NA,NA,NA,NA,NA,NA,NA,NA,NA,NA,NA,NA,NA,NA,NA,NA,NA,NA,NA,NA,NA,NA
2004,Stratford District,Other,1.27175,1.58705,1.1672,National,7.9366666666666665,7.295,National,18.1,National,406197.5,NA,NA,NA,NA,NA,NA,NA,NA,NA,NA,NA,NA,NA,NA,NA,NA,NA,NA,NA,NA,NA,NA,NA,NA,NA,NA,NA,NA,NA,NA,NA,NA,NA,NA,NA,NA,NA,NA,NA,NA,NA,NA,NA,NA,NA,NA,NA,NA,NA,NA,NA,NA,NA,NA,NA,NA,NA,NA,NA,NA,NA,NA,NA,NA,NA,NA,NA,NA,NA,NA,NA
2004,Taranaki,Other,0.90995,1.1362999999999999,1.014275,National,7.9366666666666665,7.295,National,18.1,National,406197.5,NA,NA,NA,NA,NA,NA,NA,NA,NA,NA,NA,NA,NA,NA,NA,NA,NA,NA,NA,NA,NA,NA,NA,NA,NA,NA,NA,NA,NA,NA,NA,NA,NA,NA,NA,NA,NA,NA,NA,NA,NA,NA,NA,NA,NA,NA,NA,NA,NA,NA,NA,NA,NA,NA,NA,NA,NA,NA,NA,NA,NA,NA,NA,NA,NA,NA,NA,NA,NA,NA,NA
2004,Tararua District,Other,1.042275,1.302825,1.0836999999999999,National,7.9366666666666665,7.295,National,18.1,National,406197.5,NA,NA,NA,NA,NA,NA,NA,NA,NA,NA,NA,NA,NA,NA,NA,NA,NA,NA,NA,NA,NA,NA,NA,NA,NA,NA,NA,NA,NA,NA,NA,NA,NA,NA,NA,NA,NA,NA,NA,NA,NA,NA,NA,NA,NA,NA,NA,NA,NA,NA,NA,NA,NA,NA,NA,NA,NA,NA,NA,NA,NA,NA,NA,NA,NA,NA,NA,NA,NA,NA,NA
2004,Tasman,Other,0.699675,0.8752,0.969625,National,7.9366666666666665,7.295,National,18.1,National,406197.5,NA,NA,NA,NA,NA,NA,NA,NA,NA,NA,NA,NA,NA,NA,NA,NA,NA,NA,NA,NA,NA,NA,NA,NA,NA,NA,NA,NA,NA,NA,NA,NA,NA,NA,NA,NA,NA,NA,NA,NA,NA,NA,NA,NA,NA,NA,NA,NA,NA,NA,NA,NA,NA,NA,NA,NA,NA,NA,NA,NA,NA,NA,NA,NA,NA,NA,NA,NA,NA,NA,NA
2004,Tasman District,Other,0.699675,0.8752,0.9694750000000001,National,7.9366666666666665,7.295,National,18.1,National,406197.5,NA,NA,NA,NA,NA,NA,NA,NA,NA,NA,NA,NA,NA,NA,NA,NA,NA,NA,NA,NA,NA,NA,NA,NA,NA,NA,NA,NA,NA,NA,NA,NA,NA,NA,NA,NA,NA,NA,NA,NA,NA,NA,NA,NA,NA,NA,NA,NA,NA,NA,NA,NA,NA,NA,NA,NA,NA,NA,NA,NA,NA,NA,NA,NA,NA,NA,NA,NA,NA,NA,NA
2004,Taupo District,Other,0.667575,0.834275,0.981025,National,7.9366666666666665,7.295,National,18.1,National,406197.5,NA,NA,NA,NA,NA,NA,NA,NA,NA,NA,NA,NA,NA,NA,NA,NA,NA,NA,NA,NA,NA,NA,NA,NA,NA,NA,NA,NA,NA,NA,NA,NA,NA,NA,NA,NA,NA,NA,NA,NA,NA,NA,NA,NA,NA,NA,NA,NA,NA,NA,NA,NA,NA,NA,NA,NA,NA,NA,NA,NA,NA,NA,NA,NA,NA,NA,NA,NA,NA,NA,NA
2004,Tauranga City,Other,0.684775,0.8556250000000001,0.9491,National,7.9366666666666665,7.295,National,18.1,National,406197.5,NA,NA,NA,NA,NA,NA,NA,NA,NA,NA,NA,NA,NA,NA,NA,NA,NA,NA,NA,NA,NA,NA,NA,NA,NA,NA,NA,NA,NA,NA,NA,NA,NA,NA,NA,NA,NA,NA,NA,NA,NA,NA,NA,NA,NA,NA,NA,NA,NA,NA,NA,NA,NA,NA,NA,NA,NA,NA,NA,NA,NA,NA,NA,NA,NA,NA,NA,NA,NA,NA,NA
2004,Thames Coromandel District,Other,0.7456499999999999,0.93145,1.04475,National,7.9366666666666665,7.295,National,18.1,National,406197.5,NA,NA,NA,NA,NA,NA,NA,NA,NA,NA,NA,NA,NA,NA,NA,NA,NA,NA,NA,NA,NA,NA,NA,NA,NA,NA,NA,NA,NA,NA,NA,NA,NA,NA,NA,NA,NA,NA,NA,NA,NA,NA,NA,NA,NA,NA,NA,NA,NA,NA,NA,NA,NA,NA,NA,NA,NA,NA,NA,NA,NA,NA,NA,NA,NA,NA,NA,NA,NA,NA,NA
2004,Timaru District,Canterbury Rural,0.910625,1.137575,0.980525,National,7.9366666666666665,7.295,National,18.1,National,406197.5,NA,NA,NA,NA,NA,NA,NA,NA,NA,NA,NA,NA,NA,NA,NA,NA,NA,NA,NA,NA,NA,NA,NA,NA,NA,NA,NA,NA,NA,NA,NA,NA,NA,NA,NA,NA,NA,NA,NA,NA,NA,NA,NA,NA,NA,NA,NA,NA,NA,NA,NA,NA,NA,NA,NA,NA,NA,NA,NA,NA,NA,NA,NA,NA,NA,NA,NA,NA,NA,NA,NA
2004,Upper Hutt City,Wellington Urban,0.901675,1.1265749999999999,1.058725,National,7.9366666666666665,7.295,National,18.1,National,406197.5,NA,NA,NA,NA,NA,NA,NA,NA,NA,NA,NA,NA,NA,NA,NA,NA,NA,NA,NA,NA,NA,NA,NA,NA,NA,NA,NA,NA,NA,NA,NA,NA,NA,NA,NA,NA,NA,NA,NA,NA,NA,NA,NA,NA,NA,NA,NA,NA,NA,NA,NA,NA,NA,NA,NA,NA,NA,NA,NA,NA,NA,NA,NA,NA,NA,NA,NA,NA,NA,NA,NA
2004,Waikato,Other,0.832875,1.0406,0.97065,National,7.9366666666666665,7.295,National,18.1,National,406197.5,NA,NA,NA,NA,NA,NA,NA,NA,NA,NA,NA,NA,NA,NA,NA,NA,NA,NA,NA,NA,NA,NA,NA,NA,NA,NA,NA,NA,NA,NA,NA,NA,NA,NA,NA,NA,NA,NA,NA,NA,NA,NA,NA,NA,NA,NA,NA,NA,NA,NA,NA,NA,NA,NA,NA,NA,NA,NA,NA,NA,NA,NA,NA,NA,NA,NA,NA,NA,NA,NA,NA
2004,Waikato District,Other,0.9010750000000001,1.125875,1.034325,National,7.9366666666666665,7.295,National,18.1,National,406197.5,NA,NA,NA,NA,NA,NA,NA,NA,NA,NA,NA,NA,NA,NA,NA,NA,NA,NA,NA,NA,NA,NA,NA,NA,NA,NA,NA,NA,NA,NA,NA,NA,NA,NA,NA,NA,NA,NA,NA,NA,NA,NA,NA,NA,NA,NA,NA,NA,NA,NA,NA,NA,NA,NA,NA,NA,NA,NA,NA,NA,NA,NA,NA,NA,NA,NA,NA,NA,NA,NA,NA
2004,Waimakariri District,Canterbury Rural,0.9151750000000001,1.1435499999999998,0.983525,National,7.9366666666666665,7.295,National,18.1,National,406197.5,NA,NA,NA,NA,NA,NA,NA,NA,NA,NA,NA,NA,NA,NA,NA,NA,NA,NA,NA,NA,NA,NA,NA,NA,NA,NA,NA,NA,NA,NA,NA,NA,NA,NA,NA,NA,NA,NA,NA,NA,NA,NA,NA,NA,NA,NA,NA,NA,NA,NA,NA,NA,NA,NA,NA,NA,NA,NA,NA,NA,NA,NA,NA,NA,NA,NA,NA,NA,NA,NA,NA
2004,Waimate District,Canterbury Rural,0.8945,1.117225,0.970525,National,7.9366666666666665,7.295,National,18.1,National,406197.5,NA,NA,NA,NA,NA,NA,NA,NA,NA,NA,NA,NA,NA,NA,NA,NA,NA,NA,NA,NA,NA,NA,NA,NA,NA,NA,NA,NA,NA,NA,NA,NA,NA,NA,NA,NA,NA,NA,NA,NA,NA,NA,NA,NA,NA,NA,NA,NA,NA,NA,NA,NA,NA,NA,NA,NA,NA,NA,NA,NA,NA,NA,NA,NA,NA,NA,NA,NA,NA,NA,NA
2004,Waipa District,Other,0.932175,1.164625,1.0289,National,7.9366666666666665,7.295,National,18.1,National,406197.5,NA,NA,NA,NA,NA,NA,NA,NA,NA,NA,NA,NA,NA,NA,NA,NA,NA,NA,NA,NA,NA,NA,NA,NA,NA,NA,NA,NA,NA,NA,NA,NA,NA,NA,NA,NA,NA,NA,NA,NA,NA,NA,NA,NA,NA,NA,NA,NA,NA,NA,NA,NA,NA,NA,NA,NA,NA,NA,NA,NA,NA,NA,NA,NA,NA,NA,NA,NA,NA,NA,NA
2004,Wairoa District,Other,0.9392,1.174725,1.060525,National,7.9366666666666665,7.295,National,18.1,National,406197.5,NA,NA,NA,NA,NA,NA,NA,NA,NA,NA,NA,NA,NA,NA,NA,NA,NA,NA,NA,NA,NA,NA,NA,NA,NA,NA,NA,NA,NA,NA,NA,NA,NA,NA,NA,NA,NA,NA,NA,NA,NA,NA,NA,NA,NA,NA,NA,NA,NA,NA,NA,NA,NA,NA,NA,NA,NA,NA,NA,NA,NA,NA,NA,NA,NA,NA,NA,NA,NA,NA,NA
2004,Waitaki District,Other,0.8190999999999999,1.023625,1.09055,National,7.9366666666666665,7.295,National,18.1,National,406197.5,NA,NA,NA,NA,NA,NA,NA,NA,NA,NA,NA,NA,NA,NA,NA,NA,NA,NA,NA,NA,NA,NA,NA,NA,NA,NA,NA,NA,NA,NA,NA,NA,NA,NA,NA,NA,NA,NA,NA,NA,NA,NA,NA,NA,NA,NA,NA,NA,NA,NA,NA,NA,NA,NA,NA,NA,NA,NA,NA,NA,NA,NA,NA,NA,NA,NA,NA,NA,NA,NA,NA
2004,Waitomo District,Other,0.9859249999999999,1.23085,1.0659,National,7.9366666666666665,7.295,National,18.1,National,406197.5,NA,NA,NA,NA,NA,NA,NA,NA,NA,NA,NA,NA,NA,NA,NA,NA,NA,NA,NA,NA,NA,NA,NA,NA,NA,NA,NA,NA,NA,NA,NA,NA,NA,NA,NA,NA,NA,NA,NA,NA,NA,NA,NA,NA,NA,NA,NA,NA,NA,NA,NA,NA,NA,NA,NA,NA,NA,NA,NA,NA,NA,NA,NA,NA,NA,NA,NA,NA,NA,NA,NA
2004,Wellington,Wellington Rural,0.84905,1.0612249999999999,1.0251,National,7.9366666666666665,7.295,National,18.1,National,406197.5,NA,NA,NA,NA,NA,NA,NA,NA,NA,NA,NA,NA,NA,NA,NA,NA,NA,NA,NA,NA,NA,NA,NA,NA,NA,NA,NA,NA,NA,NA,NA,NA,NA,NA,NA,NA,NA,NA,NA,NA,NA,NA,NA,NA,NA,NA,NA,NA,NA,NA,NA,NA,NA,NA,NA,NA,NA,NA,NA,NA,NA,NA,NA,NA,NA,NA,NA,NA,NA,NA,NA
2004,Wellington City,Wellington Urban,0.8183499999999999,1.02295,1.02705,National,7.9366666666666665,7.295,National,18.1,National,406197.5,NA,NA,NA,NA,NA,NA,NA,NA,NA,NA,NA,NA,NA,NA,NA,NA,NA,NA,NA,NA,NA,NA,NA,NA,NA,NA,NA,NA,NA,NA,NA,NA,NA,NA,NA,NA,NA,NA,NA,NA,NA,NA,NA,NA,NA,NA,NA,NA,NA,NA,NA,NA,NA,NA,NA,NA,NA,NA,NA,NA,NA,NA,NA,NA,NA,NA,NA,NA,NA,NA,NA
2004,West Coast,Other,0.9439500000000001,1.1787,0.997425,National,7.9366666666666665,7.295,National,18.1,National,406197.5,NA,NA,NA,NA,NA,NA,NA,NA,NA,NA,NA,NA,NA,NA,NA,NA,NA,NA,NA,NA,NA,NA,NA,NA,NA,NA,NA,NA,NA,NA,NA,NA,NA,NA,NA,NA,NA,NA,NA,NA,NA,NA,NA,NA,NA,NA,NA,NA,NA,NA,NA,NA,NA,NA,NA,NA,NA,NA,NA,NA,NA,NA,NA,NA,NA,NA,NA,NA,NA,NA,NA
2004,Western Bay of Plenty District,Other,0.738525,0.923025,0.998275,National,7.9366666666666665,7.295,National,18.1,National,406197.5,NA,NA,NA,NA,NA,NA,NA,NA,NA,NA,NA,NA,NA,NA,NA,NA,NA,NA,NA,NA,NA,NA,NA,NA,NA,NA,NA,NA,NA,NA,NA,NA,NA,NA,NA,NA,NA,NA,NA,NA,NA,NA,NA,NA,NA,NA,NA,NA,NA,NA,NA,NA,NA,NA,NA,NA,NA,NA,NA,NA,NA,NA,NA,NA,NA,NA,NA,NA,NA,NA,NA
2004,Westland District,Other,0.980475,1.22485,1.027125,National,7.9366666666666665,7.295,National,18.1,National,406197.5,NA,NA,NA,NA,NA,NA,NA,NA,NA,NA,NA,NA,NA,NA,NA,NA,NA,NA,NA,NA,NA,NA,NA,NA,NA,NA,NA,NA,NA,NA,NA,NA,NA,NA,NA,NA,NA,NA,NA,NA,NA,NA,NA,NA,NA,NA,NA,NA,NA,NA,NA,NA,NA,NA,NA,NA,NA,NA,NA,NA,NA,NA,NA,NA,NA,NA,NA,NA,NA,NA,NA
2004,Whakatane District,Other,0.8552,1.06835,0.993475,National,7.9366666666666665,7.295,National,18.1,National,406197.5,NA,NA,NA,NA,NA,NA,NA,NA,NA,NA,NA,NA,NA,NA,NA,NA,NA,NA,NA,NA,NA,NA,NA,NA,NA,NA,NA,NA,NA,NA,NA,NA,NA,NA,NA,NA,NA,NA,NA,NA,NA,NA,NA,NA,NA,NA,NA,NA,NA,NA,NA,NA,NA,NA,NA,NA,NA,NA,NA,NA,NA,NA,NA,NA,NA,NA,NA,NA,NA,NA,NA
2004,Whanganui District,Other,0.97185,1.213975,1.0055,National,7.9366666666666665,7.295,National,18.1,National,406197.5,NA,NA,NA,NA,NA,NA,NA,NA,NA,NA,NA,NA,NA,NA,NA,NA,NA,NA,NA,NA,NA,NA,NA,NA,NA,NA,NA,NA,NA,NA,NA,NA,NA,NA,NA,NA,NA,NA,NA,NA,NA,NA,NA,NA,NA,NA,NA,NA,NA,NA,NA,NA,NA,NA,NA,NA,NA,NA,NA,NA,NA,NA,NA,NA,NA,NA,NA,NA,NA,NA,NA
2004,Whangarei District,Other,0.85785,1.0719,1.02695,National,7.9366666666666665,7.295,National,18.1,National,406197.5,NA,NA,NA,NA,NA,NA,NA,NA,NA,NA,NA,NA,NA,NA,NA,NA,NA,NA,NA,NA,NA,NA,NA,NA,NA,NA,NA,NA,NA,NA,NA,NA,NA,NA,NA,NA,NA,NA,NA,NA,NA,NA,NA,NA,NA,NA,NA,NA,NA,NA,NA,NA,NA,NA,NA,NA,NA,NA,NA,NA,NA,NA,NA,NA,NA,NA,NA,NA,NA,NA,NA
2005,Ashburton District,Canterbury Rural,0.81775,1.092325,1.0005,National,8.9625,7.793333333333333,National,14.125,National,477545.75,NA,NA,NA,NA,NA,NA,NA,NA,NA,NA,NA,NA,NA,NA,NA,NA,NA,NA,NA,NA,NA,NA,NA,NA,NA,NA,NA,NA,NA,NA,NA,NA,NA,NA,NA,NA,NA,NA,NA,NA,NA,NA,NA,NA,NA,NA,NA,NA,NA,NA,NA,NA,NA,NA,NA,NA,NA,NA,NA,NA,NA,NA,NA,NA,NA,NA,NA,NA,NA,NA,NA
2005,Auckland,Auckland Urban,0.769075,1.0271125,1.0042125,National,8.9625,7.793333333333333,National,14.125,National,477545.75,NA,NA,NA,NA,NA,NA,NA,NA,NA,NA,NA,NA,NA,NA,NA,NA,NA,NA,NA,NA,NA,NA,NA,NA,NA,NA,NA,NA,NA,NA,NA,NA,NA,NA,NA,NA,NA,NA,NA,NA,NA,NA,NA,NA,NA,NA,NA,NA,NA,NA,NA,NA,NA,NA,NA,NA,NA,NA,NA,NA,NA,NA,NA,NA,NA,NA,NA,NA,NA,NA,NA
2005,Bay of Plenty,Other,0.634675,0.84745,0.9935499999999999,National,8.9625,7.793333333333333,National,14.125,National,477545.75,NA,NA,NA,NA,NA,NA,NA,NA,NA,NA,NA,NA,NA,NA,NA,NA,NA,NA,NA,NA,NA,NA,NA,NA,NA,NA,NA,NA,NA,NA,NA,NA,NA,NA,NA,NA,NA,NA,NA,NA,NA,NA,NA,NA,NA,NA,NA,NA,NA,NA,NA,NA,NA,NA,NA,NA,NA,NA,NA,NA,NA,NA,NA,NA,NA,NA,NA,NA,NA,NA,NA
2005,Buller District,Other,0.69635,0.92945,1.0230000000000001,National,8.9625,7.793333333333333,National,14.125,National,477545.75,NA,NA,NA,NA,NA,NA,NA,NA,NA,NA,NA,NA,NA,NA,NA,NA,NA,NA,NA,NA,NA,NA,NA,NA,NA,NA,NA,NA,NA,NA,NA,NA,NA,NA,NA,NA,NA,NA,NA,NA,NA,NA,NA,NA,NA,NA,NA,NA,NA,NA,NA,NA,NA,NA,NA,NA,NA,NA,NA,NA,NA,NA,NA,NA,NA,NA,NA,NA,NA,NA,NA
2005,Canterbury,Canterbury Rural,0.7090000000000001,0.9468,0.9313750000000001,National,8.9625,7.793333333333333,National,14.125,National,477545.75,NA,NA,NA,NA,NA,NA,NA,NA,NA,NA,NA,NA,NA,NA,NA,NA,NA,NA,NA,NA,NA,NA,NA,NA,NA,NA,NA,NA,NA,NA,NA,NA,NA,NA,NA,NA,NA,NA,NA,NA,NA,NA,NA,NA,NA,NA,NA,NA,NA,NA,NA,NA,NA,NA,NA,NA,NA,NA,NA,NA,NA,NA,NA,NA,NA,NA,NA,NA,NA,NA,NA
2005,Carterton District,Wellington Rural,0.759625,1.013975,1.02105,National,8.9625,7.793333333333333,National,14.125,National,477545.75,NA,NA,NA,NA,NA,NA,NA,NA,NA,NA,NA,NA,NA,NA,NA,NA,NA,NA,NA,NA,NA,NA,NA,NA,NA,NA,NA,NA,NA,NA,NA,NA,NA,NA,NA,NA,NA,NA,NA,NA,NA,NA,NA,NA,NA,NA,NA,NA,NA,NA,NA,NA,NA,NA,NA,NA,NA,NA,NA,NA,NA,NA,NA,NA,NA,NA,NA,NA,NA,NA,NA
2005,Central Hawkes Bay District,Other,0.664675,0.8871249999999999,0.9041250000000001,National,8.9625,7.793333333333333,National,14.125,National,477545.75,NA,NA,NA,NA,NA,NA,NA,NA,NA,NA,NA,NA,NA,NA,NA,NA,NA,NA,NA,NA,NA,NA,NA,NA,NA,NA,NA,NA,NA,NA,NA,NA,NA,NA,NA,NA,NA,NA,NA,NA,NA,NA,NA,NA,NA,NA,NA,NA,NA,NA,NA,NA,NA,NA,NA,NA,NA,NA,NA,NA,NA,NA,NA,NA,NA,NA,NA,NA,NA,NA,NA
2005,Central Otago District,Other,0.6553249999999999,0.875525,0.89705,National,8.9625,7.793333333333333,National,14.125,National,477545.75,NA,NA,NA,NA,NA,NA,NA,NA,NA,NA,NA,NA,NA,NA,NA,NA,NA,NA,NA,NA,NA,NA,NA,NA,NA,NA,NA,NA,NA,NA,NA,NA,NA,NA,NA,NA,NA,NA,NA,NA,NA,NA,NA,NA,NA,NA,NA,NA,NA,NA,NA,NA,NA,NA,NA,NA,NA,NA,NA,NA,NA,NA,NA,NA,NA,NA,NA,NA,NA,NA,NA
2005,Christchurch City,Canterbury Urban,0.690075,0.921575,0.9278,National,8.9625,7.793333333333333,National,14.125,National,477545.75,NA,NA,NA,NA,NA,NA,NA,NA,NA,NA,NA,NA,NA,NA,NA,NA,NA,NA,NA,NA,NA,NA,NA,NA,NA,NA,NA,NA,NA,NA,NA,NA,NA,NA,NA,NA,NA,NA,NA,NA,NA,NA,NA,NA,NA,NA,NA,NA,NA,NA,NA,NA,NA,NA,NA,NA,NA,NA,NA,NA,NA,NA,NA,NA,NA,NA,NA,NA,NA,NA,NA
2005,Clutha District,Other,0.685075,0.914075,0.948725,National,8.9625,7.793333333333333,National,14.125,National,477545.75,NA,NA,NA,NA,NA,NA,NA,NA,NA,NA,NA,NA,NA,NA,NA,NA,NA,NA,NA,NA,NA,NA,NA,NA,NA,NA,NA,NA,NA,NA,NA,NA,NA,NA,NA,NA,NA,NA,NA,NA,NA,NA,NA,NA,NA,NA,NA,NA,NA,NA,NA,NA,NA,NA,NA,NA,NA,NA,NA,NA,NA,NA,NA,NA,NA,NA,NA,NA,NA,NA,NA
2005,Dunedin City,Other,0.6545,0.874225,1.0263,National,8.9625,7.793333333333333,National,14.125,National,477545.75,NA,NA,NA,NA,NA,NA,NA,NA,NA,NA,NA,NA,NA,NA,NA,NA,NA,NA,NA,NA,NA,NA,NA,NA,NA,NA,NA,NA,NA,NA,NA,NA,NA,NA,NA,NA,NA,NA,NA,NA,NA,NA,NA,NA,NA,NA,NA,NA,NA,NA,NA,NA,NA,NA,NA,NA,NA,NA,NA,NA,NA,NA,NA,NA,NA,NA,NA,NA,NA,NA,NA
2005,Far North District,Other,0.6415,0.8566499999999999,1.02275,National,8.9625,7.793333333333333,National,14.125,National,477545.75,NA,NA,NA,NA,NA,NA,NA,NA,NA,NA,NA,NA,NA,NA,NA,NA,NA,NA,NA,NA,NA,NA,NA,NA,NA,NA,NA,NA,NA,NA,NA,NA,NA,NA,NA,NA,NA,NA,NA,NA,NA,NA,NA,NA,NA,NA,NA,NA,NA,NA,NA,NA,NA,NA,NA,NA,NA,NA,NA,NA,NA,NA,NA,NA,NA,NA,NA,NA,NA,NA,NA
2005,Gisborne,Other,0.6713,0.8955,1.02545,National,8.9625,7.793333333333333,National,14.125,National,477545.75,NA,NA,NA,NA,NA,NA,NA,NA,NA,NA,NA,NA,NA,NA,NA,NA,NA,NA,NA,NA,NA,NA,NA,NA,NA,NA,NA,NA,NA,NA,NA,NA,NA,NA,NA,NA,NA,NA,NA,NA,NA,NA,NA,NA,NA,NA,NA,NA,NA,NA,NA,NA,NA,NA,NA,NA,NA,NA,NA,NA,NA,NA,NA,NA,NA,NA,NA,NA,NA,NA,NA
2005,Gisborne District,Other,0.6713,0.8955,1.02545,National,8.9625,7.793333333333333,National,14.125,National,477545.75,NA,NA,NA,NA,NA,NA,NA,NA,NA,NA,NA,NA,NA,NA,NA,NA,NA,NA,NA,NA,NA,NA,NA,NA,NA,NA,NA,NA,NA,NA,NA,NA,NA,NA,NA,NA,NA,NA,NA,NA,NA,NA,NA,NA,NA,NA,NA,NA,NA,NA,NA,NA,NA,NA,NA,NA,NA,NA,NA,NA,NA,NA,NA,NA,NA,NA,NA,NA,NA,NA,NA
2005,Gore District,Other,0.919775,1.228575,1.03375,National,8.9625,7.793333333333333,National,14.125,National,477545.75,NA,NA,NA,NA,NA,NA,NA,NA,NA,NA,NA,NA,NA,NA,NA,NA,NA,NA,NA,NA,NA,NA,NA,NA,NA,NA,NA,NA,NA,NA,NA,NA,NA,NA,NA,NA,NA,NA,NA,NA,NA,NA,NA,NA,NA,NA,NA,NA,NA,NA,NA,NA,NA,NA,NA,NA,NA,NA,NA,NA,NA,NA,NA,NA,NA,NA,NA,NA,NA,NA,NA
2005,Grey District,Other,0.72075,0.96245,0.95645,National,8.9625,7.793333333333333,National,14.125,National,477545.75,NA,NA,NA,NA,NA,NA,NA,NA,NA,NA,NA,NA,NA,NA,NA,NA,NA,NA,NA,NA,NA,NA,NA,NA,NA,NA,NA,NA,NA,NA,NA,NA,NA,NA,NA,NA,NA,NA,NA,NA,NA,NA,NA,NA,NA,NA,NA,NA,NA,NA,NA,NA,NA,NA,NA,NA,NA,NA,NA,NA,NA,NA,NA,NA,NA,NA,NA,NA,NA,NA,NA
2005,Hamilton City,Other,0.7071,0.94385,0.932175,National,8.9625,7.793333333333333,National,14.125,National,477545.75,NA,NA,NA,NA,NA,NA,NA,NA,NA,NA,NA,NA,NA,NA,NA,NA,NA,NA,NA,NA,NA,NA,NA,NA,NA,NA,NA,NA,NA,NA,NA,NA,NA,NA,NA,NA,NA,NA,NA,NA,NA,NA,NA,NA,NA,NA,NA,NA,NA,NA,NA,NA,NA,NA,NA,NA,NA,NA,NA,NA,NA,NA,NA,NA,NA,NA,NA,NA,NA,NA,NA
2005,Hastings District,Other,0.63505,0.84815,0.977275,National,8.9625,7.793333333333333,National,14.125,National,477545.75,NA,NA,NA,NA,NA,NA,NA,NA,NA,NA,NA,NA,NA,NA,NA,NA,NA,NA,NA,NA,NA,NA,NA,NA,NA,NA,NA,NA,NA,NA,NA,NA,NA,NA,NA,NA,NA,NA,NA,NA,NA,NA,NA,NA,NA,NA,NA,NA,NA,NA,NA,NA,NA,NA,NA,NA,NA,NA,NA,NA,NA,NA,NA,NA,NA,NA,NA,NA,NA,NA,NA
2005,Hauraki District,Other,0.69265,0.924725,1.077,National,8.9625,7.793333333333333,National,14.125,National,477545.75,NA,NA,NA,NA,NA,NA,NA,NA,NA,NA,NA,NA,NA,NA,NA,NA,NA,NA,NA,NA,NA,NA,NA,NA,NA,NA,NA,NA,NA,NA,NA,NA,NA,NA,NA,NA,NA,NA,NA,NA,NA,NA,NA,NA,NA,NA,NA,NA,NA,NA,NA,NA,NA,NA,NA,NA,NA,NA,NA,NA,NA,NA,NA,NA,NA,NA,NA,NA,NA,NA,NA
2005,Hawke's Bay,Other,0.63575,0.849,0.972675,National,8.9625,7.793333333333333,National,14.125,National,477545.75,NA,NA,NA,NA,NA,NA,NA,NA,NA,NA,NA,NA,NA,NA,NA,NA,NA,NA,NA,NA,NA,NA,NA,NA,NA,NA,NA,NA,NA,NA,NA,NA,NA,NA,NA,NA,NA,NA,NA,NA,NA,NA,NA,NA,NA,NA,NA,NA,NA,NA,NA,NA,NA,NA,NA,NA,NA,NA,NA,NA,NA,NA,NA,NA,NA,NA,NA,NA,NA,NA,NA
2005,Horowhenua District,Other,0.759825,1.01415,1.047975,National,8.9625,7.793333333333333,National,14.125,National,477545.75,NA,NA,NA,NA,NA,NA,NA,NA,NA,NA,NA,NA,NA,NA,NA,NA,NA,NA,NA,NA,NA,NA,NA,NA,NA,NA,NA,NA,NA,NA,NA,NA,NA,NA,NA,NA,NA,NA,NA,NA,NA,NA,NA,NA,NA,NA,NA,NA,NA,NA,NA,NA,NA,NA,NA,NA,NA,NA,NA,NA,NA,NA,NA,NA,NA,NA,NA,NA,NA,NA,NA
2005,Hurunui District,Canterbury Rural,0.72275,0.9654,0.981475,National,8.9625,7.793333333333333,National,14.125,National,477545.75,NA,NA,NA,NA,NA,NA,NA,NA,NA,NA,NA,NA,NA,NA,NA,NA,NA,NA,NA,NA,NA,NA,NA,NA,NA,NA,NA,NA,NA,NA,NA,NA,NA,NA,NA,NA,NA,NA,NA,NA,NA,NA,NA,NA,NA,NA,NA,NA,NA,NA,NA,NA,NA,NA,NA,NA,NA,NA,NA,NA,NA,NA,NA,NA,NA,NA,NA,NA,NA,NA,NA
2005,Hutt City,Wellington Urban,0.765625,1.02215,1.0486,National,8.9625,7.793333333333333,National,14.125,National,477545.75,NA,NA,NA,NA,NA,NA,NA,NA,NA,NA,NA,NA,NA,NA,NA,NA,NA,NA,NA,NA,NA,NA,NA,NA,NA,NA,NA,NA,NA,NA,NA,NA,NA,NA,NA,NA,NA,NA,NA,NA,NA,NA,NA,NA,NA,NA,NA,NA,NA,NA,NA,NA,NA,NA,NA,NA,NA,NA,NA,NA,NA,NA,NA,NA,NA,NA,NA,NA,NA,NA,NA
2005,Invercargill City,Other,0.851275,1.136925,0.95245,National,8.9625,7.793333333333333,National,14.125,National,477545.75,NA,NA,NA,NA,NA,NA,NA,NA,NA,NA,NA,NA,NA,NA,NA,NA,NA,NA,NA,NA,NA,NA,NA,NA,NA,NA,NA,NA,NA,NA,NA,NA,NA,NA,NA,NA,NA,NA,NA,NA,NA,NA,NA,NA,NA,NA,NA,NA,NA,NA,NA,NA,NA,NA,NA,NA,NA,NA,NA,NA,NA,NA,NA,NA,NA,NA,NA,NA,NA,NA,NA
2005,Kaikoura District,Other,0.5417,0.7233,0.94805,National,8.9625,7.793333333333333,National,14.125,National,477545.75,NA,NA,NA,NA,NA,NA,NA,NA,NA,NA,NA,NA,NA,NA,NA,NA,NA,NA,NA,NA,NA,NA,NA,NA,NA,NA,NA,NA,NA,NA,NA,NA,NA,NA,NA,NA,NA,NA,NA,NA,NA,NA,NA,NA,NA,NA,NA,NA,NA,NA,NA,NA,NA,NA,NA,NA,NA,NA,NA,NA,NA,NA,NA,NA,NA,NA,NA,NA,NA,NA,NA
2005,Kaipara District,Other,0.697475,0.930725,1.1245,National,8.9625,7.793333333333333,National,14.125,National,477545.75,NA,NA,NA,NA,NA,NA,NA,NA,NA,NA,NA,NA,NA,NA,NA,NA,NA,NA,NA,NA,NA,NA,NA,NA,NA,NA,NA,NA,NA,NA,NA,NA,NA,NA,NA,NA,NA,NA,NA,NA,NA,NA,NA,NA,NA,NA,NA,NA,NA,NA,NA,NA,NA,NA,NA,NA,NA,NA,NA,NA,NA,NA,NA,NA,NA,NA,NA,NA,NA,NA,NA
2005,Kapiti Coast District,Wellington Rural,0.7435,0.992675,1.018575,National,8.9625,7.793333333333333,National,14.125,National,477545.75,NA,NA,NA,NA,NA,NA,NA,NA,NA,NA,NA,NA,NA,NA,NA,NA,NA,NA,NA,NA,NA,NA,NA,NA,NA,NA,NA,NA,NA,NA,NA,NA,NA,NA,NA,NA,NA,NA,NA,NA,NA,NA,NA,NA,NA,NA,NA,NA,NA,NA,NA,NA,NA,NA,NA,NA,NA,NA,NA,NA,NA,NA,NA,NA,NA,NA,NA,NA,NA,NA,NA
2005,Kawerau District,Other,0.762675,1.01835,1.133925,National,8.9625,7.793333333333333,National,14.125,National,477545.75,NA,NA,NA,NA,NA,NA,NA,NA,NA,NA,NA,NA,NA,NA,NA,NA,NA,NA,NA,NA,NA,NA,NA,NA,NA,NA,NA,NA,NA,NA,NA,NA,NA,NA,NA,NA,NA,NA,NA,NA,NA,NA,NA,NA,NA,NA,NA,NA,NA,NA,NA,NA,NA,NA,NA,NA,NA,NA,NA,NA,NA,NA,NA,NA,NA,NA,NA,NA,NA,NA,NA
2005,MacKenzie District,Canterbury Rural,0.667925,0.8911,0.9055500000000001,National,8.9625,7.793333333333333,National,14.125,National,477545.75,NA,NA,NA,NA,NA,NA,NA,NA,NA,NA,NA,NA,NA,NA,NA,NA,NA,NA,NA,NA,NA,NA,NA,NA,NA,NA,NA,NA,NA,NA,NA,NA,NA,NA,NA,NA,NA,NA,NA,NA,NA,NA,NA,NA,NA,NA,NA,NA,NA,NA,NA,NA,NA,NA,NA,NA,NA,NA,NA,NA,NA,NA,NA,NA,NA,NA,NA,NA,NA,NA,NA
2005,Manawatu District,Other,0.781625,1.04335,0.9995499999999999,National,8.9625,7.793333333333333,National,14.125,National,477545.75,NA,NA,NA,NA,NA,NA,NA,NA,NA,NA,NA,NA,NA,NA,NA,NA,NA,NA,NA,NA,NA,NA,NA,NA,NA,NA,NA,NA,NA,NA,NA,NA,NA,NA,NA,NA,NA,NA,NA,NA,NA,NA,NA,NA,NA,NA,NA,NA,NA,NA,NA,NA,NA,NA,NA,NA,NA,NA,NA,NA,NA,NA,NA,NA,NA,NA,NA,NA,NA,NA,NA
2005,Manawatu-Wanganui,Other,0.7376,0.9846,0.98525,National,8.9625,7.793333333333333,National,14.125,National,477545.75,NA,NA,NA,NA,NA,NA,NA,NA,NA,NA,NA,NA,NA,NA,NA,NA,NA,NA,NA,NA,NA,NA,NA,NA,NA,NA,NA,NA,NA,NA,NA,NA,NA,NA,NA,NA,NA,NA,NA,NA,NA,NA,NA,NA,NA,NA,NA,NA,NA,NA,NA,NA,NA,NA,NA,NA,NA,NA,NA,NA,NA,NA,NA,NA,NA,NA,NA,NA,NA,NA,NA
2005,Marlborough,Other,0.658475,0.879375,0.90035,National,8.9625,7.793333333333333,National,14.125,National,477545.75,NA,NA,NA,NA,NA,NA,NA,NA,NA,NA,NA,NA,NA,NA,NA,NA,NA,NA,NA,NA,NA,NA,NA,NA,NA,NA,NA,NA,NA,NA,NA,NA,NA,NA,NA,NA,NA,NA,NA,NA,NA,NA,NA,NA,NA,NA,NA,NA,NA,NA,NA,NA,NA,NA,NA,NA,NA,NA,NA,NA,NA,NA,NA,NA,NA,NA,NA,NA,NA,NA,NA
2005,Marlborough District,Other,0.658475,0.879375,0.90035,National,8.9625,7.793333333333333,National,14.125,National,477545.75,NA,NA,NA,NA,NA,NA,NA,NA,NA,NA,NA,NA,NA,NA,NA,NA,NA,NA,NA,NA,NA,NA,NA,NA,NA,NA,NA,NA,NA,NA,NA,NA,NA,NA,NA,NA,NA,NA,NA,NA,NA,NA,NA,NA,NA,NA,NA,NA,NA,NA,NA,NA,NA,NA,NA,NA,NA,NA,NA,NA,NA,NA,NA,NA,NA,NA,NA,NA,NA,NA,NA
2005,Masterton District,Wellington Rural,0.7415,0.9898750000000001,1.0737,National,8.9625,7.793333333333333,National,14.125,National,477545.75,NA,NA,NA,NA,NA,NA,NA,NA,NA,NA,NA,NA,NA,NA,NA,NA,NA,NA,NA,NA,NA,NA,NA,NA,NA,NA,NA,NA,NA,NA,NA,NA,NA,NA,NA,NA,NA,NA,NA,NA,NA,NA,NA,NA,NA,NA,NA,NA,NA,NA,NA,NA,NA,NA,NA,NA,NA,NA,NA,NA,NA,NA,NA,NA,NA,NA,NA,NA,NA,NA,NA
2005,Matamata Piako District,Other,0.7339249999999999,0.979275,1.07135,National,8.9625,7.793333333333333,National,14.125,National,477545.75,NA,NA,NA,NA,NA,NA,NA,NA,NA,NA,NA,NA,NA,NA,NA,NA,NA,NA,NA,NA,NA,NA,NA,NA,NA,NA,NA,NA,NA,NA,NA,NA,NA,NA,NA,NA,NA,NA,NA,NA,NA,NA,NA,NA,NA,NA,NA,NA,NA,NA,NA,NA,NA,NA,NA,NA,NA,NA,NA,NA,NA,NA,NA,NA,NA,NA,NA,NA,NA,NA,NA
2005,Napier City,Other,0.625175,0.8348249999999999,0.966125,National,8.9625,7.793333333333333,National,14.125,National,477545.75,NA,NA,NA,NA,NA,NA,NA,NA,NA,NA,NA,NA,NA,NA,NA,NA,NA,NA,NA,NA,NA,NA,NA,NA,NA,NA,NA,NA,NA,NA,NA,NA,NA,NA,NA,NA,NA,NA,NA,NA,NA,NA,NA,NA,NA,NA,NA,NA,NA,NA,NA,NA,NA,NA,NA,NA,NA,NA,NA,NA,NA,NA,NA,NA,NA,NA,NA,NA,NA,NA,NA
2005,Nelson,Other,0.714825,0.95495,1.01665,National,8.9625,7.793333333333333,National,14.125,National,477545.75,NA,NA,NA,NA,NA,NA,NA,NA,NA,NA,NA,NA,NA,NA,NA,NA,NA,NA,NA,NA,NA,NA,NA,NA,NA,NA,NA,NA,NA,NA,NA,NA,NA,NA,NA,NA,NA,NA,NA,NA,NA,NA,NA,NA,NA,NA,NA,NA,NA,NA,NA,NA,NA,NA,NA,NA,NA,NA,NA,NA,NA,NA,NA,NA,NA,NA,NA,NA,NA,NA,NA
2005,Nelson City,Other,0.714825,0.95495,1.016675,National,8.9625,7.793333333333333,National,14.125,National,477545.75,NA,NA,NA,NA,NA,NA,NA,NA,NA,NA,NA,NA,NA,NA,NA,NA,NA,NA,NA,NA,NA,NA,NA,NA,NA,NA,NA,NA,NA,NA,NA,NA,NA,NA,NA,NA,NA,NA,NA,NA,NA,NA,NA,NA,NA,NA,NA,NA,NA,NA,NA,NA,NA,NA,NA,NA,NA,NA,NA,NA,NA,NA,NA,NA,NA,NA,NA,NA,NA,NA,NA
2005,New Plymouth District,Other,0.64335,0.859225,0.9684,National,8.9625,7.793333333333333,National,14.125,National,477545.75,NA,NA,NA,NA,NA,NA,NA,NA,NA,NA,NA,NA,NA,NA,NA,NA,NA,NA,NA,NA,NA,NA,NA,NA,NA,NA,NA,NA,NA,NA,NA,NA,NA,NA,NA,NA,NA,NA,NA,NA,NA,NA,NA,NA,NA,NA,NA,NA,NA,NA,NA,NA,NA,NA,NA,NA,NA,NA,NA,NA,NA,NA,NA,NA,NA,NA,NA,NA,NA,NA,NA
2005,New Zealand,Other,0.7215750000000001,0.9635750000000001,0.990325,National,8.9625,7.793333333333333,National,14.125,National,477545.75,NA,NA,NA,NA,NA,NA,NA,NA,NA,NA,NA,NA,NA,NA,NA,NA,NA,NA,NA,NA,NA,NA,NA,NA,NA,NA,NA,NA,NA,NA,NA,NA,NA,NA,NA,NA,NA,NA,NA,NA,NA,NA,NA,NA,NA,NA,NA,NA,NA,NA,NA,NA,NA,NA,NA,NA,NA,NA,NA,NA,NA,NA,NA,NA,NA,NA,NA,NA,NA,NA,NA
2005,Northland,Other,0.656175,0.8759250000000001,1.0214,National,8.9625,7.793333333333333,National,14.125,National,477545.75,NA,NA,NA,NA,NA,NA,NA,NA,NA,NA,NA,NA,NA,NA,NA,NA,NA,NA,NA,NA,NA,NA,NA,NA,NA,NA,NA,NA,NA,NA,NA,NA,NA,NA,NA,NA,NA,NA,NA,NA,NA,NA,NA,NA,NA,NA,NA,NA,NA,NA,NA,NA,NA,NA,NA,NA,NA,NA,NA,NA,NA,NA,NA,NA,NA,NA,NA,NA,NA,NA,NA
2005,Opotiki District,Other,0.56915,0.7601,1.0270000000000001,National,8.9625,7.793333333333333,National,14.125,National,477545.75,NA,NA,NA,NA,NA,NA,NA,NA,NA,NA,NA,NA,NA,NA,NA,NA,NA,NA,NA,NA,NA,NA,NA,NA,NA,NA,NA,NA,NA,NA,NA,NA,NA,NA,NA,NA,NA,NA,NA,NA,NA,NA,NA,NA,NA,NA,NA,NA,NA,NA,NA,NA,NA,NA,NA,NA,NA,NA,NA,NA,NA,NA,NA,NA,NA,NA,NA,NA,NA,NA,NA
2005,Otago,Other,0.66125,0.88325,0.978075,National,8.9625,7.793333333333333,National,14.125,National,477545.75,NA,NA,NA,NA,NA,NA,NA,NA,NA,NA,NA,NA,NA,NA,NA,NA,NA,NA,NA,NA,NA,NA,NA,NA,NA,NA,NA,NA,NA,NA,NA,NA,NA,NA,NA,NA,NA,NA,NA,NA,NA,NA,NA,NA,NA,NA,NA,NA,NA,NA,NA,NA,NA,NA,NA,NA,NA,NA,NA,NA,NA,NA,NA,NA,NA,NA,NA,NA,NA,NA,NA
2005,Otorohanga District,Other,0.66615,0.8885000000000001,1.041825,National,8.9625,7.793333333333333,National,14.125,National,477545.75,NA,NA,NA,NA,NA,NA,NA,NA,NA,NA,NA,NA,NA,NA,NA,NA,NA,NA,NA,NA,NA,NA,NA,NA,NA,NA,NA,NA,NA,NA,NA,NA,NA,NA,NA,NA,NA,NA,NA,NA,NA,NA,NA,NA,NA,NA,NA,NA,NA,NA,NA,NA,NA,NA,NA,NA,NA,NA,NA,NA,NA,NA,NA,NA,NA,NA,NA,NA,NA,NA,NA
2005,Palmerston North City,Other,0.72745,0.971075,0.982775,National,8.9625,7.793333333333333,National,14.125,National,477545.75,NA,NA,NA,NA,NA,NA,NA,NA,NA,NA,NA,NA,NA,NA,NA,NA,NA,NA,NA,NA,NA,NA,NA,NA,NA,NA,NA,NA,NA,NA,NA,NA,NA,NA,NA,NA,NA,NA,NA,NA,NA,NA,NA,NA,NA,NA,NA,NA,NA,NA,NA,NA,NA,NA,NA,NA,NA,NA,NA,NA,NA,NA,NA,NA,NA,NA,NA,NA,NA,NA,NA
2005,Porirua City,Wellington Urban,0.7499750000000001,1.001525,1.0408,National,8.9625,7.793333333333333,National,14.125,National,477545.75,NA,NA,NA,NA,NA,NA,NA,NA,NA,NA,NA,NA,NA,NA,NA,NA,NA,NA,NA,NA,NA,NA,NA,NA,NA,NA,NA,NA,NA,NA,NA,NA,NA,NA,NA,NA,NA,NA,NA,NA,NA,NA,NA,NA,NA,NA,NA,NA,NA,NA,NA,NA,NA,NA,NA,NA,NA,NA,NA,NA,NA,NA,NA,NA,NA,NA,NA,NA,NA,NA,NA
2005,Queenstown Lakes District,Other,0.6567000000000001,0.877475,0.918675,National,8.9625,7.793333333333333,National,14.125,National,477545.75,NA,NA,NA,NA,NA,NA,NA,NA,NA,NA,NA,NA,NA,NA,NA,NA,NA,NA,NA,NA,NA,NA,NA,NA,NA,NA,NA,NA,NA,NA,NA,NA,NA,NA,NA,NA,NA,NA,NA,NA,NA,NA,NA,NA,NA,NA,NA,NA,NA,NA,NA,NA,NA,NA,NA,NA,NA,NA,NA,NA,NA,NA,NA,NA,NA,NA,NA,NA,NA,NA,NA
2005,Rangitikei District,Other,0.787175,1.050425,1.016875,National,8.9625,7.793333333333333,National,14.125,National,477545.75,NA,NA,NA,NA,NA,NA,NA,NA,NA,NA,NA,NA,NA,NA,NA,NA,NA,NA,NA,NA,NA,NA,NA,NA,NA,NA,NA,NA,NA,NA,NA,NA,NA,NA,NA,NA,NA,NA,NA,NA,NA,NA,NA,NA,NA,NA,NA,NA,NA,NA,NA,NA,NA,NA,NA,NA,NA,NA,NA,NA,NA,NA,NA,NA,NA,NA,NA,NA,NA,NA,NA
2005,Rotorua District,Other,0.7544,1.006575,1.0404,National,8.9625,7.793333333333333,National,14.125,National,477545.75,NA,NA,NA,NA,NA,NA,NA,NA,NA,NA,NA,NA,NA,NA,NA,NA,NA,NA,NA,NA,NA,NA,NA,NA,NA,NA,NA,NA,NA,NA,NA,NA,NA,NA,NA,NA,NA,NA,NA,NA,NA,NA,NA,NA,NA,NA,NA,NA,NA,NA,NA,NA,NA,NA,NA,NA,NA,NA,NA,NA,NA,NA,NA,NA,NA,NA,NA,NA,NA,NA,NA
2005,Ruapehu District,Other,0.82455,1.100175,1.0444499999999999,National,8.9625,7.793333333333333,National,14.125,National,477545.75,NA,NA,NA,NA,NA,NA,NA,NA,NA,NA,NA,NA,NA,NA,NA,NA,NA,NA,NA,NA,NA,NA,NA,NA,NA,NA,NA,NA,NA,NA,NA,NA,NA,NA,NA,NA,NA,NA,NA,NA,NA,NA,NA,NA,NA,NA,NA,NA,NA,NA,NA,NA,NA,NA,NA,NA,NA,NA,NA,NA,NA,NA,NA,NA,NA,NA,NA,NA,NA,NA,NA
2005,Selwyn District,Canterbury Rural,0.8686499999999999,1.1596250000000001,0.96445,National,8.9625,7.793333333333333,National,14.125,National,477545.75,NA,NA,NA,NA,NA,NA,NA,NA,NA,NA,NA,NA,NA,NA,NA,NA,NA,NA,NA,NA,NA,NA,NA,NA,NA,NA,NA,NA,NA,NA,NA,NA,NA,NA,NA,NA,NA,NA,NA,NA,NA,NA,NA,NA,NA,NA,NA,NA,NA,NA,NA,NA,NA,NA,NA,NA,NA,NA,NA,NA,NA,NA,NA,NA,NA,NA,NA,NA,NA,NA,NA
2005,South Taranaki District,Other,0.8558749999999999,1.142125,1.067675,National,8.9625,7.793333333333333,National,14.125,National,477545.75,NA,NA,NA,NA,NA,NA,NA,NA,NA,NA,NA,NA,NA,NA,NA,NA,NA,NA,NA,NA,NA,NA,NA,NA,NA,NA,NA,NA,NA,NA,NA,NA,NA,NA,NA,NA,NA,NA,NA,NA,NA,NA,NA,NA,NA,NA,NA,NA,NA,NA,NA,NA,NA,NA,NA,NA,NA,NA,NA,NA,NA,NA,NA,NA,NA,NA,NA,NA,NA,NA,NA
2005,South Waikato District,Other,0.856175,1.142425,1.00575,National,8.9625,7.793333333333333,National,14.125,National,477545.75,NA,NA,NA,NA,NA,NA,NA,NA,NA,NA,NA,NA,NA,NA,NA,NA,NA,NA,NA,NA,NA,NA,NA,NA,NA,NA,NA,NA,NA,NA,NA,NA,NA,NA,NA,NA,NA,NA,NA,NA,NA,NA,NA,NA,NA,NA,NA,NA,NA,NA,NA,NA,NA,NA,NA,NA,NA,NA,NA,NA,NA,NA,NA,NA,NA,NA,NA,NA,NA,NA,NA
2005,South Wairarapa District,Wellington Rural,0.782825,1.044975,1.026775,National,8.9625,7.793333333333333,National,14.125,National,477545.75,NA,NA,NA,NA,NA,NA,NA,NA,NA,NA,NA,NA,NA,NA,NA,NA,NA,NA,NA,NA,NA,NA,NA,NA,NA,NA,NA,NA,NA,NA,NA,NA,NA,NA,NA,NA,NA,NA,NA,NA,NA,NA,NA,NA,NA,NA,NA,NA,NA,NA,NA,NA,NA,NA,NA,NA,NA,NA,NA,NA,NA,NA,NA,NA,NA,NA,NA,NA,NA,NA,NA
2005,Southland,Other,0.846175,1.1302750000000001,0.9687,National,8.9625,7.793333333333333,National,14.125,National,477545.75,NA,NA,NA,NA,NA,NA,NA,NA,NA,NA,NA,NA,NA,NA,NA,NA,NA,NA,NA,NA,NA,NA,NA,NA,NA,NA,NA,NA,NA,NA,NA,NA,NA,NA,NA,NA,NA,NA,NA,NA,NA,NA,NA,NA,NA,NA,NA,NA,NA,NA,NA,NA,NA,NA,NA,NA,NA,NA,NA,NA,NA,NA,NA,NA,NA,NA,NA,NA,NA,NA,NA
2005,Southland District,Other,0.7984,1.066775,0.969,National,8.9625,7.793333333333333,National,14.125,National,477545.75,NA,NA,NA,NA,NA,NA,NA,NA,NA,NA,NA,NA,NA,NA,NA,NA,NA,NA,NA,NA,NA,NA,NA,NA,NA,NA,NA,NA,NA,NA,NA,NA,NA,NA,NA,NA,NA,NA,NA,NA,NA,NA,NA,NA,NA,NA,NA,NA,NA,NA,NA,NA,NA,NA,NA,NA,NA,NA,NA,NA,NA,NA,NA,NA,NA,NA,NA,NA,NA,NA,NA
2005,Stratford District,Other,0.816525,1.089725,1.083375,National,8.9625,7.793333333333333,National,14.125,National,477545.75,NA,NA,NA,NA,NA,NA,NA,NA,NA,NA,NA,NA,NA,NA,NA,NA,NA,NA,NA,NA,NA,NA,NA,NA,NA,NA,NA,NA,NA,NA,NA,NA,NA,NA,NA,NA,NA,NA,NA,NA,NA,NA,NA,NA,NA,NA,NA,NA,NA,NA,NA,NA,NA,NA,NA,NA,NA,NA,NA,NA,NA,NA,NA,NA,NA,NA,NA,NA,NA,NA,NA
2005,Taranaki,Other,0.688675,0.919625,1.002925,National,8.9625,7.793333333333333,National,14.125,National,477545.75,NA,NA,NA,NA,NA,NA,NA,NA,NA,NA,NA,NA,NA,NA,NA,NA,NA,NA,NA,NA,NA,NA,NA,NA,NA,NA,NA,NA,NA,NA,NA,NA,NA,NA,NA,NA,NA,NA,NA,NA,NA,NA,NA,NA,NA,NA,NA,NA,NA,NA,NA,NA,NA,NA,NA,NA,NA,NA,NA,NA,NA,NA,NA,NA,NA,NA,NA,NA,NA,NA,NA
2005,Tararua District,Other,0.846425,1.129425,1.0711249999999999,National,8.9625,7.793333333333333,National,14.125,National,477545.75,NA,NA,NA,NA,NA,NA,NA,NA,NA,NA,NA,NA,NA,NA,NA,NA,NA,NA,NA,NA,NA,NA,NA,NA,NA,NA,NA,NA,NA,NA,NA,NA,NA,NA,NA,NA,NA,NA,NA,NA,NA,NA,NA,NA,NA,NA,NA,NA,NA,NA,NA,NA,NA,NA,NA,NA,NA,NA,NA,NA,NA,NA,NA,NA,NA,NA,NA,NA,NA,NA,NA
2005,Tasman,Other,0.695125,0.9284,1.002375,National,8.9625,7.793333333333333,National,14.125,National,477545.75,NA,NA,NA,NA,NA,NA,NA,NA,NA,NA,NA,NA,NA,NA,NA,NA,NA,NA,NA,NA,NA,NA,NA,NA,NA,NA,NA,NA,NA,NA,NA,NA,NA,NA,NA,NA,NA,NA,NA,NA,NA,NA,NA,NA,NA,NA,NA,NA,NA,NA,NA,NA,NA,NA,NA,NA,NA,NA,NA,NA,NA,NA,NA,NA,NA,NA,NA,NA,NA,NA,NA
2005,Tasman District,Other,0.695125,0.9284,1.0022250000000001,National,8.9625,7.793333333333333,National,14.125,National,477545.75,NA,NA,NA,NA,NA,NA,NA,NA,NA,NA,NA,NA,NA,NA,NA,NA,NA,NA,NA,NA,NA,NA,NA,NA,NA,NA,NA,NA,NA,NA,NA,NA,NA,NA,NA,NA,NA,NA,NA,NA,NA,NA,NA,NA,NA,NA,NA,NA,NA,NA,NA,NA,NA,NA,NA,NA,NA,NA,NA,NA,NA,NA,NA,NA,NA,NA,NA,NA,NA,NA,NA
2005,Taupo District,Other,0.596625,0.79705,0.980325,National,8.9625,7.793333333333333,National,14.125,National,477545.75,NA,NA,NA,NA,NA,NA,NA,NA,NA,NA,NA,NA,NA,NA,NA,NA,NA,NA,NA,NA,NA,NA,NA,NA,NA,NA,NA,NA,NA,NA,NA,NA,NA,NA,NA,NA,NA,NA,NA,NA,NA,NA,NA,NA,NA,NA,NA,NA,NA,NA,NA,NA,NA,NA,NA,NA,NA,NA,NA,NA,NA,NA,NA,NA,NA,NA,NA,NA,NA,NA,NA
2005,Tauranga City,Other,0.5908,0.7892,0.9627,National,8.9625,7.793333333333333,National,14.125,National,477545.75,NA,NA,NA,NA,NA,NA,NA,NA,NA,NA,NA,NA,NA,NA,NA,NA,NA,NA,NA,NA,NA,NA,NA,NA,NA,NA,NA,NA,NA,NA,NA,NA,NA,NA,NA,NA,NA,NA,NA,NA,NA,NA,NA,NA,NA,NA,NA,NA,NA,NA,NA,NA,NA,NA,NA,NA,NA,NA,NA,NA,NA,NA,NA,NA,NA,NA,NA,NA,NA,NA,NA
2005,Thames Coromandel District,Other,0.633825,0.846625,1.0302,National,8.9625,7.793333333333333,National,14.125,National,477545.75,NA,NA,NA,NA,NA,NA,NA,NA,NA,NA,NA,NA,NA,NA,NA,NA,NA,NA,NA,NA,NA,NA,NA,NA,NA,NA,NA,NA,NA,NA,NA,NA,NA,NA,NA,NA,NA,NA,NA,NA,NA,NA,NA,NA,NA,NA,NA,NA,NA,NA,NA,NA,NA,NA,NA,NA,NA,NA,NA,NA,NA,NA,NA,NA,NA,NA,NA,NA,NA,NA,NA
2005,Timaru District,Canterbury Rural,0.73415,0.980175,0.986575,National,8.9625,7.793333333333333,National,14.125,National,477545.75,NA,NA,NA,NA,NA,NA,NA,NA,NA,NA,NA,NA,NA,NA,NA,NA,NA,NA,NA,NA,NA,NA,NA,NA,NA,NA,NA,NA,NA,NA,NA,NA,NA,NA,NA,NA,NA,NA,NA,NA,NA,NA,NA,NA,NA,NA,NA,NA,NA,NA,NA,NA,NA,NA,NA,NA,NA,NA,NA,NA,NA,NA,NA,NA,NA,NA,NA,NA,NA,NA,NA
2005,Upper Hutt City,Wellington Urban,0.759125,1.0133999999999999,1.06445,National,8.9625,7.793333333333333,National,14.125,National,477545.75,NA,NA,NA,NA,NA,NA,NA,NA,NA,NA,NA,NA,NA,NA,NA,NA,NA,NA,NA,NA,NA,NA,NA,NA,NA,NA,NA,NA,NA,NA,NA,NA,NA,NA,NA,NA,NA,NA,NA,NA,NA,NA,NA,NA,NA,NA,NA,NA,NA,NA,NA,NA,NA,NA,NA,NA,NA,NA,NA,NA,NA,NA,NA,NA,NA,NA,NA,NA,NA,NA,NA
2005,Waikato,Other,0.669175,0.8935,0.9646,National,8.9625,7.793333333333333,National,14.125,National,477545.75,NA,NA,NA,NA,NA,NA,NA,NA,NA,NA,NA,NA,NA,NA,NA,NA,NA,NA,NA,NA,NA,NA,NA,NA,NA,NA,NA,NA,NA,NA,NA,NA,NA,NA,NA,NA,NA,NA,NA,NA,NA,NA,NA,NA,NA,NA,NA,NA,NA,NA,NA,NA,NA,NA,NA,NA,NA,NA,NA,NA,NA,NA,NA,NA,NA,NA,NA,NA,NA,NA,NA
2005,Waikato District,Other,0.71655,0.9565,1.0152999999999999,National,8.9625,7.793333333333333,National,14.125,National,477545.75,NA,NA,NA,NA,NA,NA,NA,NA,NA,NA,NA,NA,NA,NA,NA,NA,NA,NA,NA,NA,NA,NA,NA,NA,NA,NA,NA,NA,NA,NA,NA,NA,NA,NA,NA,NA,NA,NA,NA,NA,NA,NA,NA,NA,NA,NA,NA,NA,NA,NA,NA,NA,NA,NA,NA,NA,NA,NA,NA,NA,NA,NA,NA,NA,NA,NA,NA,NA,NA,NA,NA
2005,Waimakariri District,Canterbury Rural,0.75065,1.0023,0.973525,National,8.9625,7.793333333333333,National,14.125,National,477545.75,NA,NA,NA,NA,NA,NA,NA,NA,NA,NA,NA,NA,NA,NA,NA,NA,NA,NA,NA,NA,NA,NA,NA,NA,NA,NA,NA,NA,NA,NA,NA,NA,NA,NA,NA,NA,NA,NA,NA,NA,NA,NA,NA,NA,NA,NA,NA,NA,NA,NA,NA,NA,NA,NA,NA,NA,NA,NA,NA,NA,NA,NA,NA,NA,NA,NA,NA,NA,NA,NA,NA
2005,Waimate District,Canterbury Rural,0.7222999999999999,0.963975,0.9741,National,8.9625,7.793333333333333,National,14.125,National,477545.75,NA,NA,NA,NA,NA,NA,NA,NA,NA,NA,NA,NA,NA,NA,NA,NA,NA,NA,NA,NA,NA,NA,NA,NA,NA,NA,NA,NA,NA,NA,NA,NA,NA,NA,NA,NA,NA,NA,NA,NA,NA,NA,NA,NA,NA,NA,NA,NA,NA,NA,NA,NA,NA,NA,NA,NA,NA,NA,NA,NA,NA,NA,NA,NA,NA,NA,NA,NA,NA,NA,NA
2005,Waipa District,Other,0.723625,0.965625,0.9936,National,8.9625,7.793333333333333,National,14.125,National,477545.75,NA,NA,NA,NA,NA,NA,NA,NA,NA,NA,NA,NA,NA,NA,NA,NA,NA,NA,NA,NA,NA,NA,NA,NA,NA,NA,NA,NA,NA,NA,NA,NA,NA,NA,NA,NA,NA,NA,NA,NA,NA,NA,NA,NA,NA,NA,NA,NA,NA,NA,NA,NA,NA,NA,NA,NA,NA,NA,NA,NA,NA,NA,NA,NA,NA,NA,NA,NA,NA,NA,NA
2005,Wairoa District,Other,0.710875,0.94895,1.054725,National,8.9625,7.793333333333333,National,14.125,National,477545.75,NA,NA,NA,NA,NA,NA,NA,NA,NA,NA,NA,NA,NA,NA,NA,NA,NA,NA,NA,NA,NA,NA,NA,NA,NA,NA,NA,NA,NA,NA,NA,NA,NA,NA,NA,NA,NA,NA,NA,NA,NA,NA,NA,NA,NA,NA,NA,NA,NA,NA,NA,NA,NA,NA,NA,NA,NA,NA,NA,NA,NA,NA,NA,NA,NA,NA,NA,NA,NA,NA,NA
2005,Waitaki District,Other,0.717725,0.9587749999999999,1.076525,National,8.9625,7.793333333333333,National,14.125,National,477545.75,NA,NA,NA,NA,NA,NA,NA,NA,NA,NA,NA,NA,NA,NA,NA,NA,NA,NA,NA,NA,NA,NA,NA,NA,NA,NA,NA,NA,NA,NA,NA,NA,NA,NA,NA,NA,NA,NA,NA,NA,NA,NA,NA,NA,NA,NA,NA,NA,NA,NA,NA,NA,NA,NA,NA,NA,NA,NA,NA,NA,NA,NA,NA,NA,NA,NA,NA,NA,NA,NA,NA
2005,Waitomo District,Other,0.726525,0.96905,1.036375,National,8.9625,7.793333333333333,National,14.125,National,477545.75,NA,NA,NA,NA,NA,NA,NA,NA,NA,NA,NA,NA,NA,NA,NA,NA,NA,NA,NA,NA,NA,NA,NA,NA,NA,NA,NA,NA,NA,NA,NA,NA,NA,NA,NA,NA,NA,NA,NA,NA,NA,NA,NA,NA,NA,NA,NA,NA,NA,NA,NA,NA,NA,NA,NA,NA,NA,NA,NA,NA,NA,NA,NA,NA,NA,NA,NA,NA,NA,NA,NA
2005,Wellington,Wellington Rural,0.737575,0.984775,1.036025,National,8.9625,7.793333333333333,National,14.125,National,477545.75,NA,NA,NA,NA,NA,NA,NA,NA,NA,NA,NA,NA,NA,NA,NA,NA,NA,NA,NA,NA,NA,NA,NA,NA,NA,NA,NA,NA,NA,NA,NA,NA,NA,NA,NA,NA,NA,NA,NA,NA,NA,NA,NA,NA,NA,NA,NA,NA,NA,NA,NA,NA,NA,NA,NA,NA,NA,NA,NA,NA,NA,NA,NA,NA,NA,NA,NA,NA,NA,NA,NA
2005,Wellington City,Wellington Urban,0.727025,0.970825,1.041925,National,8.9625,7.793333333333333,National,14.125,National,477545.75,NA,NA,NA,NA,NA,NA,NA,NA,NA,NA,NA,NA,NA,NA,NA,NA,NA,NA,NA,NA,NA,NA,NA,NA,NA,NA,NA,NA,NA,NA,NA,NA,NA,NA,NA,NA,NA,NA,NA,NA,NA,NA,NA,NA,NA,NA,NA,NA,NA,NA,NA,NA,NA,NA,NA,NA,NA,NA,NA,NA,NA,NA,NA,NA,NA,NA,NA,NA,NA,NA,NA
2005,West Coast,Other,0.73740000000000006,0.984475,0.988475,National,8.9625,7.793333333333333,National,14.125,National,477545.75,NA,NA,NA,NA,NA,NA,NA,NA,NA,NA,NA,NA,NA,NA,NA,NA,NA,NA,NA,NA,NA,NA,NA,NA,NA,NA,NA,NA,NA,NA,NA,NA,NA,NA,NA,NA,NA,NA,NA,NA,NA,NA,NA,NA,NA,NA,NA,NA,NA,NA,NA,NA,NA,NA,NA,NA,NA,NA,NA,NA,NA,NA,NA,NA,NA,NA,NA,NA,NA,NA,NA
2005,Western Bay of Plenty District,Other,0.627125,0.836925,1.0108,National,8.9625,7.793333333333333,National,14.125,National,477545.75,NA,NA,NA,NA,NA,NA,NA,NA,NA,NA,NA,NA,NA,NA,NA,NA,NA,NA,NA,NA,NA,NA,NA,NA,NA,NA,NA,NA,NA,NA,NA,NA,NA,NA,NA,NA,NA,NA,NA,NA,NA,NA,NA,NA,NA,NA,NA,NA,NA,NA,NA,NA,NA,NA,NA,NA,NA,NA,NA,NA,NA,NA,NA,NA,NA,NA,NA,NA,NA,NA,NA
2005,Westland District,Other,0.7635,1.0191,1.013575,National,8.9625,7.793333333333333,National,14.125,National,477545.75,NA,NA,NA,NA,NA,NA,NA,NA,NA,NA,NA,NA,NA,NA,NA,NA,NA,NA,NA,NA,NA,NA,NA,NA,NA,NA,NA,NA,NA,NA,NA,NA,NA,NA,NA,NA,NA,NA,NA,NA,NA,NA,NA,NA,NA,NA,NA,NA,NA,NA,NA,NA,NA,NA,NA,NA,NA,NA,NA,NA,NA,NA,NA,NA,NA,NA,NA,NA,NA,NA,NA
2005,Whakatane District,Other,0.6145499999999999,0.8202,0.99715,National,8.9625,7.793333333333333,National,14.125,National,477545.75,NA,NA,NA,NA,NA,NA,NA,NA,NA,NA,NA,NA,NA,NA,NA,NA,NA,NA,NA,NA,NA,NA,NA,NA,NA,NA,NA,NA,NA,NA,NA,NA,NA,NA,NA,NA,NA,NA,NA,NA,NA,NA,NA,NA,NA,NA,NA,NA,NA,NA,NA,NA,NA,NA,NA,NA,NA,NA,NA,NA,NA,NA,NA,NA,NA,NA,NA,NA,NA,NA,NA
2005,Whanganui District,Other,0.70085,0.93565,0.97955,National,8.9625,7.793333333333333,National,14.125,National,477545.75,NA,NA,NA,NA,NA,NA,NA,NA,NA,NA,NA,NA,NA,NA,NA,NA,NA,NA,NA,NA,NA,NA,NA,NA,NA,NA,NA,NA,NA,NA,NA,NA,NA,NA,NA,NA,NA,NA,NA,NA,NA,NA,NA,NA,NA,NA,NA,NA,NA,NA,NA,NA,NA,NA,NA,NA,NA,NA,NA,NA,NA,NA,NA,NA,NA,NA,NA,NA,NA,NA,NA
2005,Whangarei District,Other,0.6648000000000001,0.88725,1.0079,National,8.9625,7.793333333333333,National,14.125,National,477545.75,NA,NA,NA,NA,NA,NA,NA,NA,NA,NA,NA,NA,NA,NA,NA,NA,NA,NA,NA,NA,NA,NA,NA,NA,NA,NA,NA,NA,NA,NA,NA,NA,NA,NA,NA,NA,NA,NA,NA,NA,NA,NA,NA,NA,NA,NA,NA,NA,NA,NA,NA,NA,NA,NA,NA,NA,NA,NA,NA,NA,NA,NA,NA,NA,NA,NA,NA,NA,NA,NA,NA
2006,Ashburton District,Canterbury Rural,0.6698500000000001,0.921475,0.968375,National,9.465833333333334,8.0225,National,10.175,National,535597,NA,NA,NA,NA,NA,NA,NA,NA,NA,NA,NA,NA,NA,NA,National,2,310940,12.4,34324,444322,9.3,37985,420871,11.3,42765,385292,9.8,34292,160726,19.1,25830,NA,NA,NA,NA,NA,NA,NA,NA,NA,NA,NA,NA,NA,NA,NA,NA,NA,NA,NA,NA,NA,NA,NA,NA,NA,NA,NA,NA,NA,NA,NA,NA,NA,NA,NA,NA,NA,NA,NA,NA
2006,Auckland,Auckland Urban,0.7225,0.993925,1.0316375,National,9.465833333333334,8.0225,National,10.175,National,535597,NA,NA,NA,NA,NA,NA,NA,NA,NA,NA,NA,NA,NA,NA,National,2,310940,12.4,34324,444322,9.3,37985,420871,11.3,42765,385292,9.8,34292,160726,19.1,25830,NA,NA,NA,NA,NA,NA,NA,NA,NA,NA,NA,NA,NA,NA,NA,NA,NA,NA,NA,NA,NA,NA,NA,NA,NA,NA,NA,NA,NA,NA,NA,NA,NA,NA,NA,NA,NA,NA,NA,NA
2006,Bay of Plenty,Other,0.601175,0.827025,1.001075,National,9.465833333333334,8.0225,National,10.175,National,535597,NA,NA,NA,NA,NA,NA,NA,NA,NA,NA,NA,NA,NA,NA,National,2,310940,12.4,34324,444322,9.3,37985,420871,11.3,42765,385292,9.8,34292,160726,19.1,25830,NA,NA,NA,NA,NA,NA,NA,NA,NA,NA,NA,NA,NA,NA,NA,NA,NA,NA,NA,NA,NA,NA,NA,NA,NA,NA,NA,NA,NA,NA,NA,NA,NA,NA,NA,NA,NA,NA,NA,NA
2006,Buller District,Other,0.60495,0.832075,0.986475,National,9.465833333333334,8.0225,National,10.175,National,535597,NA,NA,NA,NA,NA,NA,NA,NA,NA,NA,NA,NA,NA,NA,National,2,310940,12.4,34324,444322,9.3,37985,420871,11.3,42765,385292,9.8,34292,160726,19.1,25830,NA,NA,NA,NA,NA,NA,NA,NA,NA,NA,NA,NA,NA,NA,NA,NA,NA,NA,NA,NA,NA,NA,NA,NA,NA,NA,NA,NA,NA,NA,NA,NA,NA,NA,NA,NA,NA,NA,NA,NA
2006,Canterbury,Canterbury Rural,0.6561,0.9026,0.948975,National,9.465833333333334,8.0225,National,10.175,National,535597,NA,NA,NA,NA,NA,NA,NA,NA,NA,NA,NA,NA,NA,NA,National,2,310940,12.4,34324,444322,9.3,37985,420871,11.3,42765,385292,9.8,34292,160726,19.1,25830,NA,NA,NA,NA,NA,NA,NA,NA,NA,NA,NA,NA,NA,NA,NA,NA,NA,NA,NA,NA,NA,NA,NA,NA,NA,NA,NA,NA,NA,NA,NA,NA,NA,NA,NA,NA,NA,NA,NA,NA
2006,Carterton District,Wellington Rural,0.660325,0.90835,1.013275,National,9.465833333333334,8.0225,National,10.175,National,535597,NA,NA,NA,NA,NA,NA,NA,NA,NA,NA,NA,NA,NA,NA,National,2,310940,12.4,34324,444322,9.3,37985,420871,11.3,42765,385292,9.8,34292,160726,19.1,25830,NA,NA,NA,NA,NA,NA,NA,NA,NA,NA,NA,NA,NA,NA,NA,NA,NA,NA,NA,NA,NA,NA,NA,NA,NA,NA,NA,NA,NA,NA,NA,NA,NA,NA,NA,NA,NA,NA,NA,NA
2006,Central Hawkes Bay District,Other,0.614725,0.84555,0.893525,National,9.465833333333334,8.0225,National,10.175,National,535597,NA,NA,NA,NA,NA,NA,NA,NA,NA,NA,NA,NA,NA,NA,National,2,310940,12.4,34324,444322,9.3,37985,420871,11.3,42765,385292,9.8,34292,160726,19.1,25830,NA,NA,NA,NA,NA,NA,NA,NA,NA,NA,NA,NA,NA,NA,NA,NA,NA,NA,NA,NA,NA,NA,NA,NA,NA,NA,NA,NA,NA,NA,NA,NA,NA,NA,NA,NA,NA,NA,NA,NA
2006,Central Otago District,Other,0.6331249999999999,0.8709,0.896075,National,9.465833333333334,8.0225,National,10.175,National,535597,NA,NA,NA,NA,NA,NA,NA,NA,NA,NA,NA,NA,NA,NA,National,2,310940,12.4,34324,444322,9.3,37985,420871,11.3,42765,385292,9.8,34292,160726,19.1,25830,NA,NA,NA,NA,NA,NA,NA,NA,NA,NA,NA,NA,NA,NA,NA,NA,NA,NA,NA,NA,NA,NA,NA,NA,NA,NA,NA,NA,NA,NA,NA,NA,NA,NA,NA,NA,NA,NA,NA,NA
2006,Christchurch City,Canterbury Urban,0.64195,0.8831,0.9474750000000001,National,9.465833333333334,8.0225,National,10.175,National,535597,NA,NA,NA,NA,NA,NA,NA,NA,NA,NA,NA,NA,NA,NA,National,2,310940,12.4,34324,444322,9.3,37985,420871,11.3,42765,385292,9.8,34292,160726,19.1,25830,NA,NA,NA,NA,NA,NA,NA,NA,NA,NA,NA,NA,NA,NA,NA,NA,NA,NA,NA,NA,NA,NA,NA,NA,NA,NA,NA,NA,NA,NA,NA,NA,NA,NA,NA,NA,NA,NA,NA,NA
2006,Clutha District,Other,0.599075,0.824175,0.9570000000000001,National,9.465833333333334,8.0225,National,10.175,National,535597,NA,NA,NA,NA,NA,NA,NA,NA,NA,NA,NA,NA,NA,NA,National,2,310940,12.4,34324,444322,9.3,37985,420871,11.3,42765,385292,9.8,34292,160726,19.1,25830,NA,NA,NA,NA,NA,NA,NA,NA,NA,NA,NA,NA,NA,NA,NA,NA,NA,NA,NA,NA,NA,NA,NA,NA,NA,NA,NA,NA,NA,NA,NA,NA,NA,NA,NA,NA,NA,NA,NA,NA
2006,Dunedin City,Other,0.634975,0.8735999999999999,1.0743,National,9.465833333333334,8.0225,National,10.175,National,535597,NA,NA,NA,NA,NA,NA,NA,NA,NA,NA,NA,NA,NA,NA,National,2,310940,12.4,34324,444322,9.3,37985,420871,11.3,42765,385292,9.8,34292,160726,19.1,25830,NA,NA,NA,NA,NA,NA,NA,NA,NA,NA,NA,NA,NA,NA,NA,NA,NA,NA,NA,NA,NA,NA,NA,NA,NA,NA,NA,NA,NA,NA,NA,NA,NA,NA,NA,NA,NA,NA,NA,NA
2006,Far North District,Other,0.5777,0.794725,1.02075,National,9.465833333333334,8.0225,National,10.175,National,535597,NA,NA,NA,NA,NA,NA,NA,NA,NA,NA,NA,NA,NA,NA,National,2,310940,12.4,34324,444322,9.3,37985,420871,11.3,42765,385292,9.8,34292,160726,19.1,25830,NA,NA,NA,NA,NA,NA,NA,NA,NA,NA,NA,NA,NA,NA,NA,NA,NA,NA,NA,NA,NA,NA,NA,NA,NA,NA,NA,NA,NA,NA,NA,NA,NA,NA,NA,NA,NA,NA,NA,NA
2006,Gisborne,Other,0.561675,0.77255,1.01365,National,9.465833333333334,8.0225,National,10.175,National,535597,NA,NA,NA,NA,NA,NA,NA,NA,NA,NA,NA,NA,NA,NA,National,2,310940,12.4,34324,444322,9.3,37985,420871,11.3,42765,385292,9.8,34292,160726,19.1,25830,NA,NA,NA,NA,NA,NA,NA,NA,NA,NA,NA,NA,NA,NA,NA,NA,NA,NA,NA,NA,NA,NA,NA,NA,NA,NA,NA,NA,NA,NA,NA,NA,NA,NA,NA,NA,NA,NA,NA,NA
2006,Gisborne District,Other,0.561675,0.77255,1.01365,National,9.465833333333334,8.0225,National,10.175,National,535597,NA,NA,NA,NA,NA,NA,NA,NA,NA,NA,NA,NA,NA,NA,National,2,310940,12.4,34324,444322,9.3,37985,420871,11.3,42765,385292,9.8,34292,160726,19.1,25830,NA,NA,NA,NA,NA,NA,NA,NA,NA,NA,NA,NA,NA,NA,NA,NA,NA,NA,NA,NA,NA,NA,NA,NA,NA,NA,NA,NA,NA,NA,NA,NA,NA,NA,NA,NA,NA,NA,NA,NA
2006,Gore District,Other,0.797675,1.097175,1.03045,National,9.465833333333334,8.0225,National,10.175,National,535597,NA,NA,NA,NA,NA,NA,NA,NA,NA,NA,NA,NA,NA,NA,National,2,310940,12.4,34324,444322,9.3,37985,420871,11.3,42765,385292,9.8,34292,160726,19.1,25830,NA,NA,NA,NA,NA,NA,NA,NA,NA,NA,NA,NA,NA,NA,NA,NA,NA,NA,NA,NA,NA,NA,NA,NA,NA,NA,NA,NA,NA,NA,NA,NA,NA,NA,NA,NA,NA,NA,NA,NA
2006,Grey District,Other,0.616175,0.847225,0.90535,National,9.465833333333334,8.0225,National,10.175,National,535597,NA,NA,NA,NA,NA,NA,NA,NA,NA,NA,NA,NA,NA,NA,National,2,310940,12.4,34324,444322,9.3,37985,420871,11.3,42765,385292,9.8,34292,160726,19.1,25830,NA,NA,NA,NA,NA,NA,NA,NA,NA,NA,NA,NA,NA,NA,NA,NA,NA,NA,NA,NA,NA,NA,NA,NA,NA,NA,NA,NA,NA,NA,NA,NA,NA,NA,NA,NA,NA,NA,NA,NA
2006,Hamilton City,Other,0.627,0.86255,0.945125,National,9.465833333333334,8.0225,National,10.175,National,535597,NA,NA,NA,NA,NA,NA,NA,NA,NA,NA,NA,NA,NA,NA,National,2,310940,12.4,34324,444322,9.3,37985,420871,11.3,42765,385292,9.8,34292,160726,19.1,25830,NA,NA,NA,NA,NA,NA,NA,NA,NA,NA,NA,NA,NA,NA,NA,NA,NA,NA,NA,NA,NA,NA,NA,NA,NA,NA,NA,NA,NA,NA,NA,NA,NA,NA,NA,NA,NA,NA,NA,NA
2006,Hastings District,Other,0.616075,0.8476,0.98015,National,9.465833333333334,8.0225,National,10.175,National,535597,NA,NA,NA,NA,NA,NA,NA,NA,NA,NA,NA,NA,NA,NA,National,2,310940,12.4,34324,444322,9.3,37985,420871,11.3,42765,385292,9.8,34292,160726,19.1,25830,NA,NA,NA,NA,NA,NA,NA,NA,NA,NA,NA,NA,NA,NA,NA,NA,NA,NA,NA,NA,NA,NA,NA,NA,NA,NA,NA,NA,NA,NA,NA,NA,NA,NA,NA,NA,NA,NA,NA,NA
2006,Hauraki District,Other,0.61185,0.841525,1.035475,National,9.465833333333334,8.0225,National,10.175,National,535597,NA,NA,NA,NA,NA,NA,NA,NA,NA,NA,NA,NA,NA,NA,National,2,310940,12.4,34324,444322,9.3,37985,420871,11.3,42765,385292,9.8,34292,160726,19.1,25830,NA,NA,NA,NA,NA,NA,NA,NA,NA,NA,NA,NA,NA,NA,NA,NA,NA,NA,NA,NA,NA,NA,NA,NA,NA,NA,NA,NA,NA,NA,NA,NA,NA,NA,NA,NA,NA,NA,NA,NA
2006,Hawke's Bay,Other,0.6131,0.84355,0.971175,National,9.465833333333334,8.0225,National,10.175,National,535597,NA,NA,NA,NA,NA,NA,NA,NA,NA,NA,NA,NA,NA,NA,National,2,310940,12.4,34324,444322,9.3,37985,420871,11.3,42765,385292,9.8,34292,160726,19.1,25830,NA,NA,NA,NA,NA,NA,NA,NA,NA,NA,NA,NA,NA,NA,NA,NA,NA,NA,NA,NA,NA,NA,NA,NA,NA,NA,NA,NA,NA,NA,NA,NA,NA,NA,NA,NA,NA,NA,NA,NA
2006,Horowhenua District,Other,0.640275,0.880625,1.0194,National,9.465833333333334,8.0225,National,10.175,National,535597,NA,NA,NA,NA,NA,NA,NA,NA,NA,NA,NA,NA,NA,NA,National,2,310940,12.4,34324,444322,9.3,37985,420871,11.3,42765,385292,9.8,34292,160726,19.1,25830,NA,NA,NA,NA,NA,NA,NA,NA,NA,NA,NA,NA,NA,NA,NA,NA,NA,NA,NA,NA,NA,NA,NA,NA,NA,NA,NA,NA,NA,NA,NA,NA,NA,NA,NA,NA,NA,NA,NA,NA
2006,Hurunui District,Canterbury Rural,0.6671,0.9177500000000001,1.001625,National,9.465833333333334,8.0225,National,10.175,National,535597,NA,NA,NA,NA,NA,NA,NA,NA,NA,NA,NA,NA,NA,NA,National,2,310940,12.4,34324,444322,9.3,37985,420871,11.3,42765,385292,9.8,34292,160726,19.1,25830,NA,NA,NA,NA,NA,NA,NA,NA,NA,NA,NA,NA,NA,NA,NA,NA,NA,NA,NA,NA,NA,NA,NA,NA,NA,NA,NA,NA,NA,NA,NA,NA,NA,NA,NA,NA,NA,NA,NA,NA
2006,Hutt City,Wellington Urban,0.66465,0.9143,1.02105,National,9.465833333333334,8.0225,National,10.175,National,535597,NA,NA,NA,NA,NA,NA,NA,NA,NA,NA,NA,NA,NA,NA,National,2,310940,12.4,34324,444322,9.3,37985,420871,11.3,42765,385292,9.8,34292,160726,19.1,25830,NA,NA,NA,NA,NA,NA,NA,NA,NA,NA,NA,NA,NA,NA,NA,NA,NA,NA,NA,NA,NA,NA,NA,NA,NA,NA,NA,NA,NA,NA,NA,NA,NA,NA,NA,NA,NA,NA,NA,NA
2006,Invercargill City,Other,0.752325,1.03465,0.966075,National,9.465833333333334,8.0225,National,10.175,National,535597,NA,NA,NA,NA,NA,NA,NA,NA,NA,NA,NA,NA,NA,NA,National,2,310940,12.4,34324,444322,9.3,37985,420871,11.3,42765,385292,9.8,34292,160726,19.1,25830,NA,NA,NA,NA,NA,NA,NA,NA,NA,NA,NA,NA,NA,NA,NA,NA,NA,NA,NA,NA,NA,NA,NA,NA,NA,NA,NA,NA,NA,NA,NA,NA,NA,NA,NA,NA,NA,NA,NA,NA
2006,Kaikoura District,Other,0.544525,0.7488,0.954,National,9.465833333333334,8.0225,National,10.175,National,535597,NA,NA,NA,NA,NA,NA,NA,NA,NA,NA,NA,NA,NA,NA,National,2,310940,12.4,34324,444322,9.3,37985,420871,11.3,42765,385292,9.8,34292,160726,19.1,25830,NA,NA,NA,NA,NA,NA,NA,NA,NA,NA,NA,NA,NA,NA,NA,NA,NA,NA,NA,NA,NA,NA,NA,NA,NA,NA,NA,NA,NA,NA,NA,NA,NA,NA,NA,NA,NA,NA,NA,NA
2006,Kaipara District,Other,0.5809,0.799025,1.089575,National,9.465833333333334,8.0225,National,10.175,National,535597,NA,NA,NA,NA,NA,NA,NA,NA,NA,NA,NA,NA,NA,NA,National,2,310940,12.4,34324,444322,9.3,37985,420871,11.3,42765,385292,9.8,34292,160726,19.1,25830,NA,NA,NA,NA,NA,NA,NA,NA,NA,NA,NA,NA,NA,NA,NA,NA,NA,NA,NA,NA,NA,NA,NA,NA,NA,NA,NA,NA,NA,NA,NA,NA,NA,NA,NA,NA,NA,NA,NA,NA
2006,Kapiti Coast District,Wellington Rural,0.661425,0.909825,1.00775,National,9.465833333333334,8.0225,National,10.175,National,535597,NA,NA,NA,NA,NA,NA,NA,NA,NA,NA,NA,NA,NA,NA,National,2,310940,12.4,34324,444322,9.3,37985,420871,11.3,42765,385292,9.8,34292,160726,19.1,25830,NA,NA,NA,NA,NA,NA,NA,NA,NA,NA,NA,NA,NA,NA,NA,NA,NA,NA,NA,NA,NA,NA,NA,NA,NA,NA,NA,NA,NA,NA,NA,NA,NA,NA,NA,NA,NA,NA,NA,NA
2006,Kawerau District,Other,0.632275,0.8693,1.0853000000000002,National,9.465833333333334,8.0225,National,10.175,National,535597,NA,NA,NA,NA,NA,NA,NA,NA,NA,NA,NA,NA,NA,NA,National,2,310940,12.4,34324,444322,9.3,37985,420871,11.3,42765,385292,9.8,34292,160726,19.1,25830,NA,NA,NA,NA,NA,NA,NA,NA,NA,NA,NA,NA,NA,NA,NA,NA,NA,NA,NA,NA,NA,NA,NA,NA,NA,NA,NA,NA,NA,NA,NA,NA,NA,NA,NA,NA,NA,NA,NA,NA
2006,MacKenzie District,Canterbury Rural,0.628275,0.86395,0.947675,National,9.465833333333334,8.0225,National,10.175,National,535597,NA,NA,NA,NA,NA,NA,NA,NA,NA,NA,NA,NA,NA,NA,National,2,310940,12.4,34324,444322,9.3,37985,420871,11.3,42765,385292,9.8,34292,160726,19.1,25830,NA,NA,NA,NA,NA,NA,NA,NA,NA,NA,NA,NA,NA,NA,NA,NA,NA,NA,NA,NA,NA,NA,NA,NA,NA,NA,NA,NA,NA,NA,NA,NA,NA,NA,NA,NA,NA,NA,NA,NA
2006,Manawatu District,Other,0.67685,0.93075,0.974125,National,9.465833333333334,8.0225,National,10.175,National,535597,NA,NA,NA,NA,NA,NA,NA,NA,NA,NA,NA,NA,NA,NA,National,2,310940,12.4,34324,444322,9.3,37985,420871,11.3,42765,385292,9.8,34292,160726,19.1,25830,NA,NA,NA,NA,NA,NA,NA,NA,NA,NA,NA,NA,NA,NA,NA,NA,NA,NA,NA,NA,NA,NA,NA,NA,NA,NA,NA,NA,NA,NA,NA,NA,NA,NA,NA,NA,NA,NA,NA,NA
2006,Manawatu-Wanganui,Other,0.64055,0.88105,0.98365,National,9.465833333333334,8.0225,National,10.175,National,535597,NA,NA,NA,NA,NA,NA,NA,NA,NA,NA,NA,NA,NA,NA,National,2,310940,12.4,34324,444322,9.3,37985,420871,11.3,42765,385292,9.8,34292,160726,19.1,25830,NA,NA,NA,NA,NA,NA,NA,NA,NA,NA,NA,NA,NA,NA,NA,NA,NA,NA,NA,NA,NA,NA,NA,NA,NA,NA,NA,NA,NA,NA,NA,NA,NA,NA,NA,NA,NA,NA,NA,NA
2006,Marlborough,Other,0.618625,0.85095,0.915725,National,9.465833333333334,8.0225,National,10.175,National,535597,NA,NA,NA,NA,NA,NA,NA,NA,NA,NA,NA,NA,NA,NA,National,2,310940,12.4,34324,444322,9.3,37985,420871,11.3,42765,385292,9.8,34292,160726,19.1,25830,NA,NA,NA,NA,NA,NA,NA,NA,NA,NA,NA,NA,NA,NA,NA,NA,NA,NA,NA,NA,NA,NA,NA,NA,NA,NA,NA,NA,NA,NA,NA,NA,NA,NA,NA,NA,NA,NA,NA,NA
2006,Marlborough District,Other,0.618625,0.85095,0.9157500000000001,National,9.465833333333334,8.0225,National,10.175,National,535597,NA,NA,NA,NA,NA,NA,NA,NA,NA,NA,NA,NA,NA,NA,National,2,310940,12.4,34324,444322,9.3,37985,420871,11.3,42765,385292,9.8,34292,160726,19.1,25830,NA,NA,NA,NA,NA,NA,NA,NA,NA,NA,NA,NA,NA,NA,NA,NA,NA,NA,NA,NA,NA,NA,NA,NA,NA,NA,NA,NA,NA,NA,NA,NA,NA,NA,NA,NA,NA,NA,NA,NA
2006,Masterton District,Wellington Rural,0.64805,0.891425,1.06325,National,9.465833333333334,8.0225,National,10.175,National,535597,NA,NA,NA,NA,NA,NA,NA,NA,NA,NA,NA,NA,NA,NA,National,2,310940,12.4,34324,444322,9.3,37985,420871,11.3,42765,385292,9.8,34292,160726,19.1,25830,NA,NA,NA,NA,NA,NA,NA,NA,NA,NA,NA,NA,NA,NA,NA,NA,NA,NA,NA,NA,NA,NA,NA,NA,NA,NA,NA,NA,NA,NA,NA,NA,NA,NA,NA,NA,NA,NA,NA,NA
2006,Matamata Piako District,Other,0.632375,0.86985,1.006825,National,9.465833333333334,8.0225,National,10.175,National,535597,NA,NA,NA,NA,NA,NA,NA,NA,NA,NA,NA,NA,NA,NA,National,2,310940,12.4,34324,444322,9.3,37985,420871,11.3,42765,385292,9.8,34292,160726,19.1,25830,NA,NA,NA,NA,NA,NA,NA,NA,NA,NA,NA,NA,NA,NA,NA,NA,NA,NA,NA,NA,NA,NA,NA,NA,NA,NA,NA,NA,NA,NA,NA,NA,NA,NA,NA,NA,NA,NA,NA,NA
2006,Napier City,Other,0.608175,0.836825,0.963625,National,9.465833333333334,8.0225,National,10.175,National,535597,NA,NA,NA,NA,NA,NA,NA,NA,NA,NA,NA,NA,NA,NA,National,2,310940,12.4,34324,444322,9.3,37985,420871,11.3,42765,385292,9.8,34292,160726,19.1,25830,NA,NA,NA,NA,NA,NA,NA,NA,NA,NA,NA,NA,NA,NA,NA,NA,NA,NA,NA,NA,NA,NA,NA,NA,NA,NA,NA,NA,NA,NA,NA,NA,NA,NA,NA,NA,NA,NA,NA,NA
2006,Nelson,Other,0.6994750000000001,0.96225,1.033875,National,9.465833333333334,8.0225,National,10.175,National,535597,NA,NA,NA,NA,NA,NA,NA,NA,NA,NA,NA,NA,NA,NA,National,2,310940,12.4,34324,444322,9.3,37985,420871,11.3,42765,385292,9.8,34292,160726,19.1,25830,NA,NA,NA,NA,NA,NA,NA,NA,NA,NA,NA,NA,NA,NA,NA,NA,NA,NA,NA,NA,NA,NA,NA,NA,NA,NA,NA,NA,NA,NA,NA,NA,NA,NA,NA,NA,NA,NA,NA,NA
2006,Nelson City,Other,0.6994750000000001,0.96225,1.0339,National,9.465833333333334,8.0225,National,10.175,National,535597,NA,NA,NA,NA,NA,NA,NA,NA,NA,NA,NA,NA,NA,NA,National,2,310940,12.4,34324,444322,9.3,37985,420871,11.3,42765,385292,9.8,34292,160726,19.1,25830,NA,NA,NA,NA,NA,NA,NA,NA,NA,NA,NA,NA,NA,NA,NA,NA,NA,NA,NA,NA,NA,NA,NA,NA,NA,NA,NA,NA,NA,NA,NA,NA,NA,NA,NA,NA,NA,NA,NA,NA
2006,New Plymouth District,Other,0.607925,0.8363,0.953225,National,9.465833333333334,8.0225,National,10.175,National,535597,NA,NA,NA,NA,NA,NA,NA,NA,NA,NA,NA,NA,NA,NA,National,2,310940,12.4,34324,444322,9.3,37985,420871,11.3,42765,385292,9.8,34292,160726,19.1,25830,NA,NA,NA,NA,NA,NA,NA,NA,NA,NA,NA,NA,NA,NA,NA,NA,NA,NA,NA,NA,NA,NA,NA,NA,NA,NA,NA,NA,NA,NA,NA,NA,NA,NA,NA,NA,NA,NA,NA,NA
2006,New Zealand,Other,0.6683,0.9194,1.0062,National,9.465833333333334,8.0225,National,10.175,National,535597,NA,NA,NA,NA,NA,NA,NA,NA,NA,NA,NA,NA,NA,NA,National,2,310940,12.4,34324,444322,9.3,37985,420871,11.3,42765,385292,9.8,34292,160726,19.1,25830,NA,NA,NA,NA,NA,NA,NA,NA,NA,NA,NA,NA,NA,NA,NA,NA,NA,NA,NA,NA,NA,NA,NA,NA,NA,NA,NA,NA,NA,NA,NA,NA,NA,NA,NA,NA,NA,NA,NA,NA
2006,Northland,Other,0.583825,0.803175,1.00585,National,9.465833333333334,8.0225,National,10.175,National,535597,NA,NA,NA,NA,NA,NA,NA,NA,NA,NA,NA,NA,NA,NA,National,2,310940,12.4,34324,444322,9.3,37985,420871,11.3,42765,385292,9.8,34292,160726,19.1,25830,NA,NA,NA,NA,NA,NA,NA,NA,NA,NA,NA,NA,NA,NA,NA,NA,NA,NA,NA,NA,NA,NA,NA,NA,NA,NA,NA,NA,NA,NA,NA,NA,NA,NA,NA,NA,NA,NA,NA,NA
2006,Opotiki District,Other,0.524825,0.721975,1.052875,National,9.465833333333334,8.0225,National,10.175,National,535597,NA,NA,NA,NA,NA,NA,NA,NA,NA,NA,NA,NA,NA,NA,National,2,310940,12.4,34324,444322,9.3,37985,420871,11.3,42765,385292,9.8,34292,160726,19.1,25830,NA,NA,NA,NA,NA,NA,NA,NA,NA,NA,NA,NA,NA,NA,NA,NA,NA,NA,NA,NA,NA,NA,NA,NA,NA,NA,NA,NA,NA,NA,NA,NA,NA,NA,NA,NA,NA,NA,NA,NA
2006,Otago,Other,0.635625,0.874425,1.0232999999999999,National,9.465833333333334,8.0225,National,10.175,National,535597,NA,NA,NA,NA,NA,NA,NA,NA,NA,NA,NA,NA,NA,NA,National,2,310940,12.4,34324,444322,9.3,37985,420871,11.3,42765,385292,9.8,34292,160726,19.1,25830,NA,NA,NA,NA,NA,NA,NA,NA,NA,NA,NA,NA,NA,NA,NA,NA,NA,NA,NA,NA,NA,NA,NA,NA,NA,NA,NA,NA,NA,NA,NA,NA,NA,NA,NA,NA,NA,NA,NA,NA
2006,Otorohanga District,Other,0.49875,0.685975,0.985425,National,9.465833333333334,8.0225,National,10.175,National,535597,NA,NA,NA,NA,NA,NA,NA,NA,NA,NA,NA,NA,NA,NA,National,2,310940,12.4,34324,444322,9.3,37985,420871,11.3,42765,385292,9.8,34292,160726,19.1,25830,NA,NA,NA,NA,NA,NA,NA,NA,NA,NA,NA,NA,NA,NA,NA,NA,NA,NA,NA,NA,NA,NA,NA,NA,NA,NA,NA,NA,NA,NA,NA,NA,NA,NA,NA,NA,NA,NA,NA,NA
2006,Palmerston North City,Other,0.6421250000000001,0.883275,0.9883500000000001,National,9.465833333333334,8.0225,National,10.175,National,535597,NA,NA,NA,NA,NA,NA,NA,NA,NA,NA,NA,NA,NA,NA,National,2,310940,12.4,34324,444322,9.3,37985,420871,11.3,42765,385292,9.8,34292,160726,19.1,25830,NA,NA,NA,NA,NA,NA,NA,NA,NA,NA,NA,NA,NA,NA,NA,NA,NA,NA,NA,NA,NA,NA,NA,NA,NA,NA,NA,NA,NA,NA,NA,NA,NA,NA,NA,NA,NA,NA,NA,NA
2006,Porirua City,Wellington Urban,0.6826,0.939025,1.0409,National,9.465833333333334,8.0225,National,10.175,National,535597,NA,NA,NA,NA,NA,NA,NA,NA,NA,NA,NA,NA,NA,NA,National,2,310940,12.4,34324,444322,9.3,37985,420871,11.3,42765,385292,9.8,34292,160726,19.1,25830,NA,NA,NA,NA,NA,NA,NA,NA,NA,NA,NA,NA,NA,NA,NA,NA,NA,NA,NA,NA,NA,NA,NA,NA,NA,NA,NA,NA,NA,NA,NA,NA,NA,NA,NA,NA,NA,NA,NA,NA
2006,Queenstown Lakes District,Other,0.648475,0.8920750000000001,0.96845,National,9.465833333333334,8.0225,National,10.175,National,535597,NA,NA,NA,NA,NA,NA,NA,NA,NA,NA,NA,NA,NA,NA,National,2,310940,12.4,34324,444322,9.3,37985,420871,11.3,42765,385292,9.8,34292,160726,19.1,25830,NA,NA,NA,NA,NA,NA,NA,NA,NA,NA,NA,NA,NA,NA,NA,NA,NA,NA,NA,NA,NA,NA,NA,NA,NA,NA,NA,NA,NA,NA,NA,NA,NA,NA,NA,NA,NA,NA,NA,NA
2006,Rangitikei District,Other,0.6441749999999999,0.88595,0.98225,National,9.465833333333334,8.0225,National,10.175,National,535597,NA,NA,NA,NA,NA,NA,NA,NA,NA,NA,NA,NA,NA,NA,National,2,310940,12.4,34324,444322,9.3,37985,420871,11.3,42765,385292,9.8,34292,160726,19.1,25830,NA,NA,NA,NA,NA,NA,NA,NA,NA,NA,NA,NA,NA,NA,NA,NA,NA,NA,NA,NA,NA,NA,NA,NA,NA,NA,NA,NA,NA,NA,NA,NA,NA,NA,NA,NA,NA,NA,NA,NA
2006,Rotorua District,Other,0.6278,0.8635999999999999,1.041,National,9.465833333333334,8.0225,National,10.175,National,535597,NA,NA,NA,NA,NA,NA,NA,NA,NA,NA,NA,NA,NA,NA,National,2,310940,12.4,34324,444322,9.3,37985,420871,11.3,42765,385292,9.8,34292,160726,19.1,25830,NA,NA,NA,NA,NA,NA,NA,NA,NA,NA,NA,NA,NA,NA,NA,NA,NA,NA,NA,NA,NA,NA,NA,NA,NA,NA,NA,NA,NA,NA,NA,NA,NA,NA,NA,NA,NA,NA,NA,NA
2006,Ruapehu District,Other,0.6551,0.9011,1.06815,National,9.465833333333334,8.0225,National,10.175,National,535597,NA,NA,NA,NA,NA,NA,NA,NA,NA,NA,NA,NA,NA,NA,National,2,310940,12.4,34324,444322,9.3,37985,420871,11.3,42765,385292,9.8,34292,160726,19.1,25830,NA,NA,NA,NA,NA,NA,NA,NA,NA,NA,NA,NA,NA,NA,NA,NA,NA,NA,NA,NA,NA,NA,NA,NA,NA,NA,NA,NA,NA,NA,NA,NA,NA,NA,NA,NA,NA,NA,NA,NA
2006,Selwyn District,Canterbury Rural,0.752975,1.03555,0.9778249999999999,National,9.465833333333334,8.0225,National,10.175,National,535597,NA,NA,NA,NA,NA,NA,NA,NA,NA,NA,NA,NA,NA,NA,National,2,310940,12.4,34324,444322,9.3,37985,420871,11.3,42765,385292,9.8,34292,160726,19.1,25830,NA,NA,NA,NA,NA,NA,NA,NA,NA,NA,NA,NA,NA,NA,NA,NA,NA,NA,NA,NA,NA,NA,NA,NA,NA,NA,NA,NA,NA,NA,NA,NA,NA,NA,NA,NA,NA,NA,NA,NA
2006,South Taranaki District,Other,0.6920999999999999,0.9517,1.01345,National,9.465833333333334,8.0225,National,10.175,National,535597,NA,NA,NA,NA,NA,NA,NA,NA,NA,NA,NA,NA,NA,NA,National,2,310940,12.4,34324,444322,9.3,37985,420871,11.3,42765,385292,9.8,34292,160726,19.1,25830,NA,NA,NA,NA,NA,NA,NA,NA,NA,NA,NA,NA,NA,NA,NA,NA,NA,NA,NA,NA,NA,NA,NA,NA,NA,NA,NA,NA,NA,NA,NA,NA,NA,NA,NA,NA,NA,NA,NA,NA
2006,South Waikato District,Other,0.67525,0.92855,0.9725,National,9.465833333333334,8.0225,National,10.175,National,535597,NA,NA,NA,NA,NA,NA,NA,NA,NA,NA,NA,NA,NA,NA,National,2,310940,12.4,34324,444322,9.3,37985,420871,11.3,42765,385292,9.8,34292,160726,19.1,25830,NA,NA,NA,NA,NA,NA,NA,NA,NA,NA,NA,NA,NA,NA,NA,NA,NA,NA,NA,NA,NA,NA,NA,NA,NA,NA,NA,NA,NA,NA,NA,NA,NA,NA,NA,NA,NA,NA,NA,NA
2006,South Wairarapa District,Wellington Rural,0.690325,0.9494,0.974675,National,9.465833333333334,8.0225,National,10.175,National,535597,NA,NA,NA,NA,NA,NA,NA,NA,NA,NA,NA,NA,NA,NA,National,2,310940,12.4,34324,444322,9.3,37985,420871,11.3,42765,385292,9.8,34292,160726,19.1,25830,NA,NA,NA,NA,NA,NA,NA,NA,NA,NA,NA,NA,NA,NA,NA,NA,NA,NA,NA,NA,NA,NA,NA,NA,NA,NA,NA,NA,NA,NA,NA,NA,NA,NA,NA,NA,NA,NA,NA,NA
2006,Southland,Other,0.753675,1.03655,0.974625,National,9.465833333333334,8.0225,National,10.175,National,535597,NA,NA,NA,NA,NA,NA,NA,NA,NA,NA,NA,NA,NA,NA,National,2,310940,12.4,34324,444322,9.3,37985,420871,11.3,42765,385292,9.8,34292,160726,19.1,25830,NA,NA,NA,NA,NA,NA,NA,NA,NA,NA,NA,NA,NA,NA,NA,NA,NA,NA,NA,NA,NA,NA,NA,NA,NA,NA,NA,NA,NA,NA,NA,NA,NA,NA,NA,NA,NA,NA,NA,NA
2006,Southland District,Other,0.738225,1.0153999999999999,0.9733,National,9.465833333333334,8.0225,National,10.175,National,535597,NA,NA,NA,NA,NA,NA,NA,NA,NA,NA,NA,NA,NA,NA,National,2,310940,12.4,34324,444322,9.3,37985,420871,11.3,42765,385292,9.8,34292,160726,19.1,25830,NA,NA,NA,NA,NA,NA,NA,NA,NA,NA,NA,NA,NA,NA,NA,NA,NA,NA,NA,NA,NA,NA,NA,NA,NA,NA,NA,NA,NA,NA,NA,NA,NA,NA,NA,NA,NA,NA,NA,NA
2006,Stratford District,Other,0.6709499999999999,0.9229,1.043475,National,9.465833333333334,8.0225,National,10.175,National,535597,NA,NA,NA,NA,NA,NA,NA,NA,NA,NA,NA,NA,NA,NA,National,2,310940,12.4,34324,444322,9.3,37985,420871,11.3,42765,385292,9.8,34292,160726,19.1,25830,NA,NA,NA,NA,NA,NA,NA,NA,NA,NA,NA,NA,NA,NA,NA,NA,NA,NA,NA,NA,NA,NA,NA,NA,NA,NA,NA,NA,NA,NA,NA,NA,NA,NA,NA,NA,NA,NA,NA,NA
2006,Taranaki,Other,0.62965,0.866125,0.975375,National,9.465833333333334,8.0225,National,10.175,National,535597,NA,NA,NA,NA,NA,NA,NA,NA,NA,NA,NA,NA,NA,NA,National,2,310940,12.4,34324,444322,9.3,37985,420871,11.3,42765,385292,9.8,34292,160726,19.1,25830,NA,NA,NA,NA,NA,NA,NA,NA,NA,NA,NA,NA,NA,NA,NA,NA,NA,NA,NA,NA,NA,NA,NA,NA,NA,NA,NA,NA,NA,NA,NA,NA,NA,NA,NA,NA,NA,NA,NA,NA
2006,Tararua District,Other,0.697525,0.9595,1.04055,National,9.465833333333334,8.0225,National,10.175,National,535597,NA,NA,NA,NA,NA,NA,NA,NA,NA,NA,NA,NA,NA,NA,National,2,310940,12.4,34324,444322,9.3,37985,420871,11.3,42765,385292,9.8,34292,160726,19.1,25830,NA,NA,NA,NA,NA,NA,NA,NA,NA,NA,NA,NA,NA,NA,NA,NA,NA,NA,NA,NA,NA,NA,NA,NA,NA,NA,NA,NA,NA,NA,NA,NA,NA,NA,NA,NA,NA,NA,NA,NA
2006,Tasman,Other,0.6575,0.9045000000000001,1.01875,National,9.465833333333334,8.0225,National,10.175,National,535597,NA,NA,NA,NA,NA,NA,NA,NA,NA,NA,NA,NA,NA,NA,National,2,310940,12.4,34324,444322,9.3,37985,420871,11.3,42765,385292,9.8,34292,160726,19.1,25830,NA,NA,NA,NA,NA,NA,NA,NA,NA,NA,NA,NA,NA,NA,NA,NA,NA,NA,NA,NA,NA,NA,NA,NA,NA,NA,NA,NA,NA,NA,NA,NA,NA,NA,NA,NA,NA,NA,NA,NA
2006,Tasman District,Other,0.6575,0.9045000000000001,1.018775,National,9.465833333333334,8.0225,National,10.175,National,535597,NA,NA,NA,NA,NA,NA,NA,NA,NA,NA,NA,NA,NA,NA,National,2,310940,12.4,34324,444322,9.3,37985,420871,11.3,42765,385292,9.8,34292,160726,19.1,25830,NA,NA,NA,NA,NA,NA,NA,NA,NA,NA,NA,NA,NA,NA,NA,NA,NA,NA,NA,NA,NA,NA,NA,NA,NA,NA,NA,NA,NA,NA,NA,NA,NA,NA,NA,NA,NA,NA,NA,NA
2006,Taupo District,Other,0.5729500000000001,0.7883,0.97425,National,9.465833333333334,8.0225,National,10.175,National,535597,NA,NA,NA,NA,NA,NA,NA,NA,NA,NA,NA,NA,NA,NA,National,2,310940,12.4,34324,444322,9.3,37985,420871,11.3,42765,385292,9.8,34292,160726,19.1,25830,NA,NA,NA,NA,NA,NA,NA,NA,NA,NA,NA,NA,NA,NA,NA,NA,NA,NA,NA,NA,NA,NA,NA,NA,NA,NA,NA,NA,NA,NA,NA,NA,NA,NA,NA,NA,NA,NA,NA,NA
2006,Tauranga City,Other,0.589575,0.811125,0.98135,National,9.465833333333334,8.0225,National,10.175,National,535597,NA,NA,NA,NA,NA,NA,NA,NA,NA,NA,NA,NA,NA,NA,National,2,310940,12.4,34324,444322,9.3,37985,420871,11.3,42765,385292,9.8,34292,160726,19.1,25830,NA,NA,NA,NA,NA,NA,NA,NA,NA,NA,NA,NA,NA,NA,NA,NA,NA,NA,NA,NA,NA,NA,NA,NA,NA,NA,NA,NA,NA,NA,NA,NA,NA,NA,NA,NA,NA,NA,NA,NA
2006,Thames Coromandel District,Other,0.589425,0.81095,1.009325,National,9.465833333333334,8.0225,National,10.175,National,535597,NA,NA,NA,NA,NA,NA,NA,NA,NA,NA,NA,NA,NA,NA,National,2,310940,12.4,34324,444322,9.3,37985,420871,11.3,42765,385292,9.8,34292,160726,19.1,25830,NA,NA,NA,NA,NA,NA,NA,NA,NA,NA,NA,NA,NA,NA,NA,NA,NA,NA,NA,NA,NA,NA,NA,NA,NA,NA,NA,NA,NA,NA,NA,NA,NA,NA,NA,NA,NA,NA,NA,NA
2006,Timaru District,Canterbury Rural,0.6754249999999999,0.929225,0.9712500000000001,National,9.465833333333334,8.0225,National,10.175,National,535597,NA,NA,NA,NA,NA,NA,NA,NA,NA,NA,NA,NA,NA,NA,National,2,310940,12.4,34324,444322,9.3,37985,420871,11.3,42765,385292,9.8,34292,160726,19.1,25830,NA,NA,NA,NA,NA,NA,NA,NA,NA,NA,NA,NA,NA,NA,NA,NA,NA,NA,NA,NA,NA,NA,NA,NA,NA,NA,NA,NA,NA,NA,NA,NA,NA,NA,NA,NA,NA,NA,NA,NA
2006,Upper Hutt City,Wellington Urban,0.6657500000000001,0.9157,1.045275,National,9.465833333333334,8.0225,National,10.175,National,535597,NA,NA,NA,NA,NA,NA,NA,NA,NA,NA,NA,NA,NA,NA,National,2,310940,12.4,34324,444322,9.3,37985,420871,11.3,42765,385292,9.8,34292,160726,19.1,25830,NA,NA,NA,NA,NA,NA,NA,NA,NA,NA,NA,NA,NA,NA,NA,NA,NA,NA,NA,NA,NA,NA,NA,NA,NA,NA,NA,NA,NA,NA,NA,NA,NA,NA,NA,NA,NA,NA,NA,NA
2006,Waikato,Other,0.602525,0.828925,0.96285,National,9.465833333333334,8.0225,National,10.175,National,535597,NA,NA,NA,NA,NA,NA,NA,NA,NA,NA,NA,NA,NA,NA,National,2,310940,12.4,34324,444322,9.3,37985,420871,11.3,42765,385292,9.8,34292,160726,19.1,25830,NA,NA,NA,NA,NA,NA,NA,NA,NA,NA,NA,NA,NA,NA,NA,NA,NA,NA,NA,NA,NA,NA,NA,NA,NA,NA,NA,NA,NA,NA,NA,NA,NA,NA,NA,NA,NA,NA,NA,NA
2006,Waikato District,Other,0.622775,0.856725,1.006025,National,9.465833333333334,8.0225,National,10.175,National,535597,NA,NA,NA,NA,NA,NA,NA,NA,NA,NA,NA,NA,NA,NA,National,2,310940,12.4,34324,444322,9.3,37985,420871,11.3,42765,385292,9.8,34292,160726,19.1,25830,NA,NA,NA,NA,NA,NA,NA,NA,NA,NA,NA,NA,NA,NA,NA,NA,NA,NA,NA,NA,NA,NA,NA,NA,NA,NA,NA,NA,NA,NA,NA,NA,NA,NA,NA,NA,NA,NA,NA,NA
2006,Waimakariri District,Canterbury Rural,0.69555,0.95695,0.9658,National,9.465833333333334,8.0225,National,10.175,National,535597,NA,NA,NA,NA,NA,NA,NA,NA,NA,NA,NA,NA,NA,NA,National,2,310940,12.4,34324,444322,9.3,37985,420871,11.3,42765,385292,9.8,34292,160726,19.1,25830,NA,NA,NA,NA,NA,NA,NA,NA,NA,NA,NA,NA,NA,NA,NA,NA,NA,NA,NA,NA,NA,NA,NA,NA,NA,NA,NA,NA,NA,NA,NA,NA,NA,NA,NA,NA,NA,NA,NA,NA
2006,Waimate District,Canterbury Rural,0.65235,0.897475,0.956725,National,9.465833333333334,8.0225,National,10.175,National,535597,NA,NA,NA,NA,NA,NA,NA,NA,NA,NA,NA,NA,NA,NA,National,2,310940,12.4,34324,444322,9.3,37985,420871,11.3,42765,385292,9.8,34292,160726,19.1,25830,NA,NA,NA,NA,NA,NA,NA,NA,NA,NA,NA,NA,NA,NA,NA,NA,NA,NA,NA,NA,NA,NA,NA,NA,NA,NA,NA,NA,NA,NA,NA,NA,NA,NA,NA,NA,NA,NA,NA,NA
2006,Waipa District,Other,0.611525,0.841325,0.974225,National,9.465833333333334,8.0225,National,10.175,National,535597,NA,NA,NA,NA,NA,NA,NA,NA,NA,NA,NA,NA,NA,NA,National,2,310940,12.4,34324,444322,9.3,37985,420871,11.3,42765,385292,9.8,34292,160726,19.1,25830,NA,NA,NA,NA,NA,NA,NA,NA,NA,NA,NA,NA,NA,NA,NA,NA,NA,NA,NA,NA,NA,NA,NA,NA,NA,NA,NA,NA,NA,NA,NA,NA,NA,NA,NA,NA,NA,NA,NA,NA
2006,Wairoa District,Other,0.601275,0.82695,1.0231000000000001,National,9.465833333333334,8.0225,National,10.175,National,535597,NA,NA,NA,NA,NA,NA,NA,NA,NA,NA,NA,NA,NA,NA,National,2,310940,12.4,34324,444322,9.3,37985,420871,11.3,42765,385292,9.8,34292,160726,19.1,25830,NA,NA,NA,NA,NA,NA,NA,NA,NA,NA,NA,NA,NA,NA,NA,NA,NA,NA,NA,NA,NA,NA,NA,NA,NA,NA,NA,NA,NA,NA,NA,NA,NA,NA,NA,NA,NA,NA,NA,NA
2006,Waitaki District,Other,0.6562250000000001,0.902625,1.048375,National,9.465833333333334,8.0225,National,10.175,National,535597,NA,NA,NA,NA,NA,NA,NA,NA,NA,NA,NA,NA,NA,NA,National,2,310940,12.4,34324,444322,9.3,37985,420871,11.3,42765,385292,9.8,34292,160726,19.1,25830,NA,NA,NA,NA,NA,NA,NA,NA,NA,NA,NA,NA,NA,NA,NA,NA,NA,NA,NA,NA,NA,NA,NA,NA,NA,NA,NA,NA,NA,NA,NA,NA,NA,NA,NA,NA,NA,NA,NA,NA
2006,Waitomo District,Other,0.56275,0.7739,0.9849749999999999,National,9.465833333333334,8.0225,National,10.175,National,535597,NA,NA,NA,NA,NA,NA,NA,NA,NA,NA,NA,NA,NA,NA,National,2,310940,12.4,34324,444322,9.3,37985,420871,11.3,42765,385292,9.8,34292,160726,19.1,25830,NA,NA,NA,NA,NA,NA,NA,NA,NA,NA,NA,NA,NA,NA,NA,NA,NA,NA,NA,NA,NA,NA,NA,NA,NA,NA,NA,NA,NA,NA,NA,NA,NA,NA,NA,NA,NA,NA,NA,NA
2006,Wellington,Wellington Rural,0.665975,0.916125,1.0358,National,9.465833333333334,8.0225,National,10.175,National,535597,NA,NA,NA,NA,NA,NA,NA,NA,NA,NA,NA,NA,NA,NA,National,2,310940,12.4,34324,444322,9.3,37985,420871,11.3,42765,385292,9.8,34292,160726,19.1,25830,NA,NA,NA,NA,NA,NA,NA,NA,NA,NA,NA,NA,NA,NA,NA,NA,NA,NA,NA,NA,NA,NA,NA,NA,NA,NA,NA,NA,NA,NA,NA,NA,NA,NA,NA,NA,NA,NA,NA,NA
2006,Wellington City,Wellington Urban,0.6710499999999999,0.923125,1.047325,National,9.465833333333334,8.0225,National,10.175,National,535597,NA,NA,NA,NA,NA,NA,NA,NA,NA,NA,NA,NA,NA,NA,National,2,310940,12.4,34324,444322,9.3,37985,420871,11.3,42765,385292,9.8,34292,160726,19.1,25830,NA,NA,NA,NA,NA,NA,NA,NA,NA,NA,NA,NA,NA,NA,NA,NA,NA,NA,NA,NA,NA,NA,NA,NA,NA,NA,NA,NA,NA,NA,NA,NA,NA,NA,NA,NA,NA,NA,NA,NA
2006,West Coast,Other,0.6279250000000001,0.863525,0.9489000000000001,National,9.465833333333334,8.0225,National,10.175,National,535597,NA,NA,NA,NA,NA,NA,NA,NA,NA,NA,NA,NA,NA,NA,National,2,310940,12.4,34324,444322,9.3,37985,420871,11.3,42765,385292,9.8,34292,160726,19.1,25830,NA,NA,NA,NA,NA,NA,NA,NA,NA,NA,NA,NA,NA,NA,NA,NA,NA,NA,NA,NA,NA,NA,NA,NA,NA,NA,NA,NA,NA,NA,NA,NA,NA,NA,NA,NA,NA,NA,NA,NA
2006,Western Bay of Plenty District,Other,0.577325,0.794325,1.0055,National,9.465833333333334,8.0225,National,10.175,National,535597,NA,NA,NA,NA,NA,NA,NA,NA,NA,NA,NA,NA,NA,NA,National,2,310940,12.4,34324,444322,9.3,37985,420871,11.3,42765,385292,9.8,34292,160726,19.1,25830,NA,NA,NA,NA,NA,NA,NA,NA,NA,NA,NA,NA,NA,NA,NA,NA,NA,NA,NA,NA,NA,NA,NA,NA,NA,NA,NA,NA,NA,NA,NA,NA,NA,NA,NA,NA,NA,NA,NA,NA
2006,Westland District,Other,0.6213,0.8546,0.9655750000000001,National,9.465833333333334,8.0225,National,10.175,National,535597,NA,NA,NA,NA,NA,NA,NA,NA,NA,NA,NA,NA,NA,NA,National,2,310940,12.4,34324,444322,9.3,37985,420871,11.3,42765,385292,9.8,34292,160726,19.1,25830,NA,NA,NA,NA,NA,NA,NA,NA,NA,NA,NA,NA,NA,NA,NA,NA,NA,NA,NA,NA,NA,NA,NA,NA,NA,NA,NA,NA,NA,NA,NA,NA,NA,NA,NA,NA,NA,NA,NA,NA
2006,Whakatane District,Other,0.581475,0.799975,0.975125,National,9.465833333333334,8.0225,National,10.175,National,535597,NA,NA,NA,NA,NA,NA,NA,NA,NA,NA,NA,NA,NA,NA,National,2,310940,12.4,34324,444322,9.3,37985,420871,11.3,42765,385292,9.8,34292,160726,19.1,25830,NA,NA,NA,NA,NA,NA,NA,NA,NA,NA,NA,NA,NA,NA,NA,NA,NA,NA,NA,NA,NA,NA,NA,NA,NA,NA,NA,NA,NA,NA,NA,NA,NA,NA,NA,NA,NA,NA,NA,NA
2006,Whanganui District,Other,0.6161,0.847425,0.962025,National,9.465833333333334,8.0225,National,10.175,National,535597,NA,NA,NA,NA,NA,NA,NA,NA,NA,NA,NA,NA,NA,NA,National,2,310940,12.4,34324,444322,9.3,37985,420871,11.3,42765,385292,9.8,34292,160726,19.1,25830,NA,NA,NA,NA,NA,NA,NA,NA,NA,NA,NA,NA,NA,NA,NA,NA,NA,NA,NA,NA,NA,NA,NA,NA,NA,NA,NA,NA,NA,NA,NA,NA,NA,NA,NA,NA,NA,NA,NA,NA
2006,Whangarei District,Other,0.591575,0.81385,0.986625,National,9.465833333333334,8.0225,National,10.175,National,535597,NA,NA,NA,NA,NA,NA,NA,NA,NA,NA,NA,NA,NA,NA,National,2,310940,12.4,34324,444322,9.3,37985,420871,11.3,42765,385292,9.8,34292,160726,19.1,25830,NA,NA,NA,NA,NA,NA,NA,NA,NA,NA,NA,NA,NA,NA,NA,NA,NA,NA,NA,NA,NA,NA,NA,NA,NA,NA,NA,NA,NA,NA,NA,NA,NA,NA,NA,NA,NA,NA,NA,NA
2007,Ashburton District,Canterbury Rural,0.55425,0.85005,0.938525,National,10.0475,8.955,National,10.9,National,604018.5,NA,NA,NA,NA,NA,NA,NA,NA,NA,NA,NA,NA,NA,NA,National,3,350440,12.7,39500,493924,11.2,49602,481997,14.5,61126,434597,12.8,49305,185833,15.6,25107,NA,NA,NA,NA,NA,NA,NA,NA,NA,NA,NA,NA,NA,NA,NA,NA,NA,NA,NA,NA,NA,NA,NA,NA,NA,NA,NA,NA,NA,NA,NA,NA,NA,NA,NA,NA,NA,NA,NA,NA
2007,Auckland,Auckland Urban,0.6045375,0.9272,1.0184625,National,10.0475,8.955,National,10.9,National,604018.5,NA,NA,NA,NA,NA,NA,NA,NA,NA,NA,NA,NA,NA,NA,National,3,350440,12.7,39500,493924,11.2,49602,481997,14.5,61126,434597,12.8,49305,185833,15.6,25107,NA,NA,NA,NA,NA,NA,NA,NA,NA,NA,NA,NA,NA,NA,NA,NA,NA,NA,NA,NA,NA,NA,NA,NA,NA,NA,NA,NA,NA,NA,NA,NA,NA,NA,NA,NA,NA,NA,NA,NA
2007,Bay of Plenty,Other,0.5235,0.803175,0.982375,National,10.0475,8.955,National,10.9,National,604018.5,NA,NA,NA,NA,NA,NA,NA,NA,NA,NA,NA,NA,NA,NA,National,3,350440,12.7,39500,493924,11.2,49602,481997,14.5,61126,434597,12.8,49305,185833,15.6,25107,NA,NA,NA,NA,NA,NA,NA,NA,NA,NA,NA,NA,NA,NA,NA,NA,NA,NA,NA,NA,NA,NA,NA,NA,NA,NA,NA,NA,NA,NA,NA,NA,NA,NA,NA,NA,NA,NA,NA,NA
2007,Buller District,Other,0.533575,0.8196,0.989325,National,10.0475,8.955,National,10.9,National,604018.5,NA,NA,NA,NA,NA,NA,NA,NA,NA,NA,NA,NA,NA,NA,National,3,350440,12.7,39500,493924,11.2,49602,481997,14.5,61126,434597,12.8,49305,185833,15.6,25107,NA,NA,NA,NA,NA,NA,NA,NA,NA,NA,NA,NA,NA,NA,NA,NA,NA,NA,NA,NA,NA,NA,NA,NA,NA,NA,NA,NA,NA,NA,NA,NA,NA,NA,NA,NA,NA,NA,NA,NA
2007,Canterbury,Canterbury Rural,0.55815,0.856375,0.9486,National,10.0475,8.955,National,10.9,National,604018.5,NA,NA,NA,NA,NA,NA,NA,NA,NA,NA,NA,NA,NA,NA,National,3,350440,12.7,39500,493924,11.2,49602,481997,14.5,61126,434597,12.8,49305,185833,15.6,25107,NA,NA,NA,NA,NA,NA,NA,NA,NA,NA,NA,NA,NA,NA,NA,NA,NA,NA,NA,NA,NA,NA,NA,NA,NA,NA,NA,NA,NA,NA,NA,NA,NA,NA,NA,NA,NA,NA,NA,NA
2007,Carterton District,Wellington Rural,0.503275,0.771525,0.960975,National,10.0475,8.955,National,10.9,National,604018.5,NA,NA,NA,NA,NA,NA,NA,NA,NA,NA,NA,NA,NA,NA,National,3,350440,12.7,39500,493924,11.2,49602,481997,14.5,61126,434597,12.8,49305,185833,15.6,25107,NA,NA,NA,NA,NA,NA,NA,NA,NA,NA,NA,NA,NA,NA,NA,NA,NA,NA,NA,NA,NA,NA,NA,NA,NA,NA,NA,NA,NA,NA,NA,NA,NA,NA,NA,NA,NA,NA,NA,NA
2007,Central Hawkes Bay District,Other,0.514575,0.78945,0.8652500000000001,National,10.0475,8.955,National,10.9,National,604018.5,NA,NA,NA,NA,NA,NA,NA,NA,NA,NA,NA,NA,NA,NA,National,3,350440,12.7,39500,493924,11.2,49602,481997,14.5,61126,434597,12.8,49305,185833,15.6,25107,NA,NA,NA,NA,NA,NA,NA,NA,NA,NA,NA,NA,NA,NA,NA,NA,NA,NA,NA,NA,NA,NA,NA,NA,NA,NA,NA,NA,NA,NA,NA,NA,NA,NA,NA,NA,NA,NA,NA,NA
2007,Central Otago District,Other,0.53535,0.821125,0.86885,National,10.0475,8.955,National,10.9,National,604018.5,NA,NA,NA,NA,NA,NA,NA,NA,NA,NA,NA,NA,NA,NA,National,3,350440,12.7,39500,493924,11.2,49602,481997,14.5,61126,434597,12.8,49305,185833,15.6,25107,NA,NA,NA,NA,NA,NA,NA,NA,NA,NA,NA,NA,NA,NA,NA,NA,NA,NA,NA,NA,NA,NA,NA,NA,NA,NA,NA,NA,NA,NA,NA,NA,NA,NA,NA,NA,NA,NA,NA,NA
2007,Christchurch City,Canterbury Urban,0.548875,0.842225,0.94885,National,10.0475,8.955,National,10.9,National,604018.5,NA,NA,NA,NA,NA,NA,NA,NA,NA,NA,NA,NA,NA,NA,National,3,350440,12.7,39500,493924,11.2,49602,481997,14.5,61126,434597,12.8,49305,185833,15.6,25107,NA,NA,NA,NA,NA,NA,NA,NA,NA,NA,NA,NA,NA,NA,NA,NA,NA,NA,NA,NA,NA,NA,NA,NA,NA,NA,NA,NA,NA,NA,NA,NA,NA,NA,NA,NA,NA,NA,NA,NA
2007,Clutha District,Other,0.5101,0.78235,0.9499,National,10.0475,8.955,National,10.9,National,604018.5,NA,NA,NA,NA,NA,NA,NA,NA,NA,NA,NA,NA,NA,NA,National,3,350440,12.7,39500,493924,11.2,49602,481997,14.5,61126,434597,12.8,49305,185833,15.6,25107,NA,NA,NA,NA,NA,NA,NA,NA,NA,NA,NA,NA,NA,NA,NA,NA,NA,NA,NA,NA,NA,NA,NA,NA,NA,NA,NA,NA,NA,NA,NA,NA,NA,NA,NA,NA,NA,NA,NA,NA
2007,Dunedin City,Other,0.5478,0.8406750000000001,1.07425,National,10.0475,8.955,National,10.9,National,604018.5,NA,NA,NA,NA,NA,NA,NA,NA,NA,NA,NA,NA,NA,NA,National,3,350440,12.7,39500,493924,11.2,49602,481997,14.5,61126,434597,12.8,49305,185833,15.6,25107,NA,NA,NA,NA,NA,NA,NA,NA,NA,NA,NA,NA,NA,NA,NA,NA,NA,NA,NA,NA,NA,NA,NA,NA,NA,NA,NA,NA,NA,NA,NA,NA,NA,NA,NA,NA,NA,NA,NA,NA
2007,Far North District,Other,0.488225,0.74895,0.9905999999999999,National,10.0475,8.955,National,10.9,National,604018.5,NA,NA,NA,NA,NA,NA,NA,NA,NA,NA,NA,NA,NA,NA,National,3,350440,12.7,39500,493924,11.2,49602,481997,14.5,61126,434597,12.8,49305,185833,15.6,25107,NA,NA,NA,NA,NA,NA,NA,NA,NA,NA,NA,NA,NA,NA,NA,NA,NA,NA,NA,NA,NA,NA,NA,NA,NA,NA,NA,NA,NA,NA,NA,NA,NA,NA,NA,NA,NA,NA,NA,NA
2007,Gisborne,Other,0.457225,0.701825,0.9836750000000001,National,10.0475,8.955,National,10.9,National,604018.5,NA,NA,NA,NA,NA,NA,NA,NA,NA,NA,NA,NA,NA,NA,National,3,350440,12.7,39500,493924,11.2,49602,481997,14.5,61126,434597,12.8,49305,185833,15.6,25107,NA,NA,NA,NA,NA,NA,NA,NA,NA,NA,NA,NA,NA,NA,NA,NA,NA,NA,NA,NA,NA,NA,NA,NA,NA,NA,NA,NA,NA,NA,NA,NA,NA,NA,NA,NA,NA,NA,NA,NA
2007,Gisborne District,Other,0.457225,0.701825,0.9836750000000001,National,10.0475,8.955,National,10.9,National,604018.5,NA,NA,NA,NA,NA,NA,NA,NA,NA,NA,NA,NA,NA,NA,National,3,350440,12.7,39500,493924,11.2,49602,481997,14.5,61126,434597,12.8,49305,185833,15.6,25107,NA,NA,NA,NA,NA,NA,NA,NA,NA,NA,NA,NA,NA,NA,NA,NA,NA,NA,NA,NA,NA,NA,NA,NA,NA,NA,NA,NA,NA,NA,NA,NA,NA,NA,NA,NA,NA,NA,NA,NA
2007,Gore District,Other,0.627175,0.962325,1.040775,National,10.0475,8.955,National,10.9,National,604018.5,NA,NA,NA,NA,NA,NA,NA,NA,NA,NA,NA,NA,NA,NA,National,3,350440,12.7,39500,493924,11.2,49602,481997,14.5,61126,434597,12.8,49305,185833,15.6,25107,NA,NA,NA,NA,NA,NA,NA,NA,NA,NA,NA,NA,NA,NA,NA,NA,NA,NA,NA,NA,NA,NA,NA,NA,NA,NA,NA,NA,NA,NA,NA,NA,NA,NA,NA,NA,NA,NA,NA,NA
2007,Grey District,Other,0.491575,0.7538,0.93165,National,10.0475,8.955,National,10.9,National,604018.5,NA,NA,NA,NA,NA,NA,NA,NA,NA,NA,NA,NA,NA,NA,National,3,350440,12.7,39500,493924,11.2,49602,481997,14.5,61126,434597,12.8,49305,185833,15.6,25107,NA,NA,NA,NA,NA,NA,NA,NA,NA,NA,NA,NA,NA,NA,NA,NA,NA,NA,NA,NA,NA,NA,NA,NA,NA,NA,NA,NA,NA,NA,NA,NA,NA,NA,NA,NA,NA,NA,NA,NA
2007,Hamilton City,Other,0.51985,0.79765,0.9341,National,10.0475,8.955,National,10.9,National,604018.5,NA,NA,NA,NA,NA,NA,NA,NA,NA,NA,NA,NA,NA,NA,National,3,350440,12.7,39500,493924,11.2,49602,481997,14.5,61126,434597,12.8,49305,185833,15.6,25107,NA,NA,NA,NA,NA,NA,NA,NA,NA,NA,NA,NA,NA,NA,NA,NA,NA,NA,NA,NA,NA,NA,NA,NA,NA,NA,NA,NA,NA,NA,NA,NA,NA,NA,NA,NA,NA,NA,NA,NA
2007,Hastings District,Other,0.53895,0.827175,0.970825,National,10.0475,8.955,National,10.9,National,604018.5,NA,NA,NA,NA,NA,NA,NA,NA,NA,NA,NA,NA,NA,NA,National,3,350440,12.7,39500,493924,11.2,49602,481997,14.5,61126,434597,12.8,49305,185833,15.6,25107,NA,NA,NA,NA,NA,NA,NA,NA,NA,NA,NA,NA,NA,NA,NA,NA,NA,NA,NA,NA,NA,NA,NA,NA,NA,NA,NA,NA,NA,NA,NA,NA,NA,NA,NA,NA,NA,NA,NA,NA
2007,Hauraki District,Other,0.534,0.818275,0.9797750000000001,National,10.0475,8.955,National,10.9,National,604018.5,NA,NA,NA,NA,NA,NA,NA,NA,NA,NA,NA,NA,NA,NA,National,3,350440,12.7,39500,493924,11.2,49602,481997,14.5,61126,434597,12.8,49305,185833,15.6,25107,NA,NA,NA,NA,NA,NA,NA,NA,NA,NA,NA,NA,NA,NA,NA,NA,NA,NA,NA,NA,NA,NA,NA,NA,NA,NA,NA,NA,NA,NA,NA,NA,NA,NA,NA,NA,NA,NA,NA,NA
2007,Hawke's Bay,Other,0.5351250000000001,0.820975,0.95405,National,10.0475,8.955,National,10.9,National,604018.5,NA,NA,NA,NA,NA,NA,NA,NA,NA,NA,NA,NA,NA,NA,National,3,350440,12.7,39500,493924,11.2,49602,481997,14.5,61126,434597,12.8,49305,185833,15.6,25107,NA,NA,NA,NA,NA,NA,NA,NA,NA,NA,NA,NA,NA,NA,NA,NA,NA,NA,NA,NA,NA,NA,NA,NA,NA,NA,NA,NA,NA,NA,NA,NA,NA,NA,NA,NA,NA,NA,NA,NA
2007,Horowhenua District,Other,0.4969,0.7619,0.960425,National,10.0475,8.955,National,10.9,National,604018.5,NA,NA,NA,NA,NA,NA,NA,NA,NA,NA,NA,NA,NA,NA,National,3,350440,12.7,39500,493924,11.2,49602,481997,14.5,61126,434597,12.8,49305,185833,15.6,25107,NA,NA,NA,NA,NA,NA,NA,NA,NA,NA,NA,NA,NA,NA,NA,NA,NA,NA,NA,NA,NA,NA,NA,NA,NA,NA,NA,NA,NA,NA,NA,NA,NA,NA,NA,NA,NA,NA,NA,NA
2007,Hurunui District,Canterbury Rural,0.552075,0.84655,1.004025,National,10.0475,8.955,National,10.9,National,604018.5,NA,NA,NA,NA,NA,NA,NA,NA,NA,NA,NA,NA,NA,NA,National,3,350440,12.7,39500,493924,11.2,49602,481997,14.5,61126,434597,12.8,49305,185833,15.6,25107,NA,NA,NA,NA,NA,NA,NA,NA,NA,NA,NA,NA,NA,NA,NA,NA,NA,NA,NA,NA,NA,NA,NA,NA,NA,NA,NA,NA,NA,NA,NA,NA,NA,NA,NA,NA,NA,NA,NA,NA
2007,Hutt City,Wellington Urban,0.53495,0.82055,0.9747250000000001,National,10.0475,8.955,National,10.9,National,604018.5,NA,NA,NA,NA,NA,NA,NA,NA,NA,NA,NA,NA,NA,NA,National,3,350440,12.7,39500,493924,11.2,49602,481997,14.5,61126,434597,12.8,49305,185833,15.6,25107,NA,NA,NA,NA,NA,NA,NA,NA,NA,NA,NA,NA,NA,NA,NA,NA,NA,NA,NA,NA,NA,NA,NA,NA,NA,NA,NA,NA,NA,NA,NA,NA,NA,NA,NA,NA,NA,NA,NA,NA
2007,Invercargill City,Other,0.541475,0.829325,0.936875,National,10.0475,8.955,National,10.9,National,604018.5,NA,NA,NA,NA,NA,NA,NA,NA,NA,NA,NA,NA,NA,NA,National,3,350440,12.7,39500,493924,11.2,49602,481997,14.5,61126,434597,12.8,49305,185833,15.6,25107,NA,NA,NA,NA,NA,NA,NA,NA,NA,NA,NA,NA,NA,NA,NA,NA,NA,NA,NA,NA,NA,NA,NA,NA,NA,NA,NA,NA,NA,NA,NA,NA,NA,NA,NA,NA,NA,NA,NA,NA
2007,Kaikoura District,Other,0.45605,0.699225,0.9418,National,10.0475,8.955,National,10.9,National,604018.5,NA,NA,NA,NA,NA,NA,NA,NA,NA,NA,NA,NA,NA,NA,National,3,350440,12.7,39500,493924,11.2,49602,481997,14.5,61126,434597,12.8,49305,185833,15.6,25107,NA,NA,NA,NA,NA,NA,NA,NA,NA,NA,NA,NA,NA,NA,NA,NA,NA,NA,NA,NA,NA,NA,NA,NA,NA,NA,NA,NA,NA,NA,NA,NA,NA,NA,NA,NA,NA,NA,NA,NA
2007,Kaipara District,Other,0.5009250000000001,0.7671,1.05525,National,10.0475,8.955,National,10.9,National,604018.5,NA,NA,NA,NA,NA,NA,NA,NA,NA,NA,NA,NA,NA,NA,National,3,350440,12.7,39500,493924,11.2,49602,481997,14.5,61126,434597,12.8,49305,185833,15.6,25107,NA,NA,NA,NA,NA,NA,NA,NA,NA,NA,NA,NA,NA,NA,NA,NA,NA,NA,NA,NA,NA,NA,NA,NA,NA,NA,NA,NA,NA,NA,NA,NA,NA,NA,NA,NA,NA,NA,NA,NA
2007,Kapiti Coast District,Wellington Rural,0.5447,0.8355250000000001,0.9876750000000001,National,10.0475,8.955,National,10.9,National,604018.5,NA,NA,NA,NA,NA,NA,NA,NA,NA,NA,NA,NA,NA,NA,National,3,350440,12.7,39500,493924,11.2,49602,481997,14.5,61126,434597,12.8,49305,185833,15.6,25107,NA,NA,NA,NA,NA,NA,NA,NA,NA,NA,NA,NA,NA,NA,NA,NA,NA,NA,NA,NA,NA,NA,NA,NA,NA,NA,NA,NA,NA,NA,NA,NA,NA,NA,NA,NA,NA,NA,NA,NA
2007,Kawerau District,Other,0.45835,0.702625,0.9882000000000001,National,10.0475,8.955,National,10.9,National,604018.5,NA,NA,NA,NA,NA,NA,NA,NA,NA,NA,NA,NA,NA,NA,National,3,350440,12.7,39500,493924,11.2,49602,481997,14.5,61126,434597,12.8,49305,185833,15.6,25107,NA,NA,NA,NA,NA,NA,NA,NA,NA,NA,NA,NA,NA,NA,NA,NA,NA,NA,NA,NA,NA,NA,NA,NA,NA,NA,NA,NA,NA,NA,NA,NA,NA,NA,NA,NA,NA,NA,NA,NA
2007,MacKenzie District,Canterbury Rural,0.538675,0.826975,0.860975,National,10.0475,8.955,National,10.9,National,604018.5,NA,NA,NA,NA,NA,NA,NA,NA,NA,NA,NA,NA,NA,NA,National,3,350440,12.7,39500,493924,11.2,49602,481997,14.5,61126,434597,12.8,49305,185833,15.6,25107,NA,NA,NA,NA,NA,NA,NA,NA,NA,NA,NA,NA,NA,NA,NA,NA,NA,NA,NA,NA,NA,NA,NA,NA,NA,NA,NA,NA,NA,NA,NA,NA,NA,NA,NA,NA,NA,NA,NA,NA
2007,Manawatu District,Other,0.5214,0.79955,0.929975,National,10.0475,8.955,National,10.9,National,604018.5,NA,NA,NA,NA,NA,NA,NA,NA,NA,NA,NA,NA,NA,NA,National,3,350440,12.7,39500,493924,11.2,49602,481997,14.5,61126,434597,12.8,49305,185833,15.6,25107,NA,NA,NA,NA,NA,NA,NA,NA,NA,NA,NA,NA,NA,NA,NA,NA,NA,NA,NA,NA,NA,NA,NA,NA,NA,NA,NA,NA,NA,NA,NA,NA,NA,NA,NA,NA,NA,NA,NA,NA
2007,Manawatu-Wanganui,Other,0.522425,0.801425,0.958,National,10.0475,8.955,National,10.9,National,604018.5,NA,NA,NA,NA,NA,NA,NA,NA,NA,NA,NA,NA,NA,NA,National,3,350440,12.7,39500,493924,11.2,49602,481997,14.5,61126,434597,12.8,49305,185833,15.6,25107,NA,NA,NA,NA,NA,NA,NA,NA,NA,NA,NA,NA,NA,NA,NA,NA,NA,NA,NA,NA,NA,NA,NA,NA,NA,NA,NA,NA,NA,NA,NA,NA,NA,NA,NA,NA,NA,NA,NA,NA
2007,Marlborough,Other,0.50305,0.7719,0.89505,National,10.0475,8.955,National,10.9,National,604018.5,NA,NA,NA,NA,NA,NA,NA,NA,NA,NA,NA,NA,NA,NA,National,3,350440,12.7,39500,493924,11.2,49602,481997,14.5,61126,434597,12.8,49305,185833,15.6,25107,NA,NA,NA,NA,NA,NA,NA,NA,NA,NA,NA,NA,NA,NA,NA,NA,NA,NA,NA,NA,NA,NA,NA,NA,NA,NA,NA,NA,NA,NA,NA,NA,NA,NA,NA,NA,NA,NA,NA,NA
2007,Marlborough District,Other,0.50305,0.7719,0.89505,National,10.0475,8.955,National,10.9,National,604018.5,NA,NA,NA,NA,NA,NA,NA,NA,NA,NA,NA,NA,NA,NA,National,3,350440,12.7,39500,493924,11.2,49602,481997,14.5,61126,434597,12.8,49305,185833,15.6,25107,NA,NA,NA,NA,NA,NA,NA,NA,NA,NA,NA,NA,NA,NA,NA,NA,NA,NA,NA,NA,NA,NA,NA,NA,NA,NA,NA,NA,NA,NA,NA,NA,NA,NA,NA,NA,NA,NA,NA,NA
2007,Masterton District,Wellington Rural,0.49715,0.762275,1.0123,National,10.0475,8.955,National,10.9,National,604018.5,NA,NA,NA,NA,NA,NA,NA,NA,NA,NA,NA,NA,NA,NA,National,3,350440,12.7,39500,493924,11.2,49602,481997,14.5,61126,434597,12.8,49305,185833,15.6,25107,NA,NA,NA,NA,NA,NA,NA,NA,NA,NA,NA,NA,NA,NA,NA,NA,NA,NA,NA,NA,NA,NA,NA,NA,NA,NA,NA,NA,NA,NA,NA,NA,NA,NA,NA,NA,NA,NA,NA,NA
2007,Matamata Piako District,Other,0.522975,0.802,0.973525,National,10.0475,8.955,National,10.9,National,604018.5,NA,NA,NA,NA,NA,NA,NA,NA,NA,NA,NA,NA,NA,NA,National,3,350440,12.7,39500,493924,11.2,49602,481997,14.5,61126,434597,12.8,49305,185833,15.6,25107,NA,NA,NA,NA,NA,NA,NA,NA,NA,NA,NA,NA,NA,NA,NA,NA,NA,NA,NA,NA,NA,NA,NA,NA,NA,NA,NA,NA,NA,NA,NA,NA,NA,NA,NA,NA,NA,NA,NA,NA
2007,Napier City,Other,0.535875,0.822175,0.937425,National,10.0475,8.955,National,10.9,National,604018.5,NA,NA,NA,NA,NA,NA,NA,NA,NA,NA,NA,NA,NA,NA,National,3,350440,12.7,39500,493924,11.2,49602,481997,14.5,61126,434597,12.8,49305,185833,15.6,25107,NA,NA,NA,NA,NA,NA,NA,NA,NA,NA,NA,NA,NA,NA,NA,NA,NA,NA,NA,NA,NA,NA,NA,NA,NA,NA,NA,NA,NA,NA,NA,NA,NA,NA,NA,NA,NA,NA,NA,NA
2007,Nelson,Other,0.590775,0.906325,1.004825,National,10.0475,8.955,National,10.9,National,604018.5,NA,NA,NA,NA,NA,NA,NA,NA,NA,NA,NA,NA,NA,NA,National,3,350440,12.7,39500,493924,11.2,49602,481997,14.5,61126,434597,12.8,49305,185833,15.6,25107,NA,NA,NA,NA,NA,NA,NA,NA,NA,NA,NA,NA,NA,NA,NA,NA,NA,NA,NA,NA,NA,NA,NA,NA,NA,NA,NA,NA,NA,NA,NA,NA,NA,NA,NA,NA,NA,NA,NA,NA
2007,Nelson City,Other,0.590775,0.906325,1.00485,National,10.0475,8.955,National,10.9,National,604018.5,NA,NA,NA,NA,NA,NA,NA,NA,NA,NA,NA,NA,NA,NA,National,3,350440,12.7,39500,493924,11.2,49602,481997,14.5,61126,434597,12.8,49305,185833,15.6,25107,NA,NA,NA,NA,NA,NA,NA,NA,NA,NA,NA,NA,NA,NA,NA,NA,NA,NA,NA,NA,NA,NA,NA,NA,NA,NA,NA,NA,NA,NA,NA,NA,NA,NA,NA,NA,NA,NA,NA,NA
2007,New Plymouth District,Other,0.53155,0.816125,0.92355,National,10.0475,8.955,National,10.9,National,604018.5,NA,NA,NA,NA,NA,NA,NA,NA,NA,NA,NA,NA,NA,NA,National,3,350440,12.7,39500,493924,11.2,49602,481997,14.5,61126,434597,12.8,49305,185833,15.6,25107,NA,NA,NA,NA,NA,NA,NA,NA,NA,NA,NA,NA,NA,NA,NA,NA,NA,NA,NA,NA,NA,NA,NA,NA,NA,NA,NA,NA,NA,NA,NA,NA,NA,NA,NA,NA,NA,NA,NA,NA
2007,New Zealand,Other,0.5614,0.861125,0.9902249999999999,National,10.0475,8.955,National,10.9,National,604018.5,NA,NA,NA,NA,NA,NA,NA,NA,NA,NA,NA,NA,NA,NA,National,3,350440,12.7,39500,493924,11.2,49602,481997,14.5,61126,434597,12.8,49305,185833,15.6,25107,NA,NA,NA,NA,NA,NA,NA,NA,NA,NA,NA,NA,NA,NA,NA,NA,NA,NA,NA,NA,NA,NA,NA,NA,NA,NA,NA,NA,NA,NA,NA,NA,NA,NA,NA,NA,NA,NA,NA,NA
2007,Northland,Other,0.493975,0.75755,0.968525,National,10.0475,8.955,National,10.9,National,604018.5,NA,NA,NA,NA,NA,NA,NA,NA,NA,NA,NA,NA,NA,NA,National,3,350440,12.7,39500,493924,11.2,49602,481997,14.5,61126,434597,12.8,49305,185833,15.6,25107,NA,NA,NA,NA,NA,NA,NA,NA,NA,NA,NA,NA,NA,NA,NA,NA,NA,NA,NA,NA,NA,NA,NA,NA,NA,NA,NA,NA,NA,NA,NA,NA,NA,NA,NA,NA,NA,NA,NA,NA
2007,Opotiki District,Other,0.4663,0.716375,1.0608,National,10.0475,8.955,National,10.9,National,604018.5,NA,NA,NA,NA,NA,NA,NA,NA,NA,NA,NA,NA,NA,NA,National,3,350440,12.7,39500,493924,11.2,49602,481997,14.5,61126,434597,12.8,49305,185833,15.6,25107,NA,NA,NA,NA,NA,NA,NA,NA,NA,NA,NA,NA,NA,NA,NA,NA,NA,NA,NA,NA,NA,NA,NA,NA,NA,NA,NA,NA,NA,NA,NA,NA,NA,NA,NA,NA,NA,NA,NA,NA
2007,Otago,Other,0.5407,0.8295,1.028025,National,10.0475,8.955,National,10.9,National,604018.5,NA,NA,NA,NA,NA,NA,NA,NA,NA,NA,NA,NA,NA,NA,National,3,350440,12.7,39500,493924,11.2,49602,481997,14.5,61126,434597,12.8,49305,185833,15.6,25107,NA,NA,NA,NA,NA,NA,NA,NA,NA,NA,NA,NA,NA,NA,NA,NA,NA,NA,NA,NA,NA,NA,NA,NA,NA,NA,NA,NA,NA,NA,NA,NA,NA,NA,NA,NA,NA,NA,NA,NA
2007,Otorohanga District,Other,0.463625,0.7112499999999999,0.94052500000000006,National,10.0475,8.955,National,10.9,National,604018.5,NA,NA,NA,NA,NA,NA,NA,NA,NA,NA,NA,NA,NA,NA,National,3,350440,12.7,39500,493924,11.2,49602,481997,14.5,61126,434597,12.8,49305,185833,15.6,25107,NA,NA,NA,NA,NA,NA,NA,NA,NA,NA,NA,NA,NA,NA,NA,NA,NA,NA,NA,NA,NA,NA,NA,NA,NA,NA,NA,NA,NA,NA,NA,NA,NA,NA,NA,NA,NA,NA,NA,NA
2007,Palmerston North City,Other,0.532775,0.817375,0.973,National,10.0475,8.955,National,10.9,National,604018.5,NA,NA,NA,NA,NA,NA,NA,NA,NA,NA,NA,NA,NA,NA,National,3,350440,12.7,39500,493924,11.2,49602,481997,14.5,61126,434597,12.8,49305,185833,15.6,25107,NA,NA,NA,NA,NA,NA,NA,NA,NA,NA,NA,NA,NA,NA,NA,NA,NA,NA,NA,NA,NA,NA,NA,NA,NA,NA,NA,NA,NA,NA,NA,NA,NA,NA,NA,NA,NA,NA,NA,NA
2007,Porirua City,Wellington Urban,0.558975,0.856975,1.0242,National,10.0475,8.955,National,10.9,National,604018.5,NA,NA,NA,NA,NA,NA,NA,NA,NA,NA,NA,NA,NA,NA,National,3,350440,12.7,39500,493924,11.2,49602,481997,14.5,61126,434597,12.8,49305,185833,15.6,25107,NA,NA,NA,NA,NA,NA,NA,NA,NA,NA,NA,NA,NA,NA,NA,NA,NA,NA,NA,NA,NA,NA,NA,NA,NA,NA,NA,NA,NA,NA,NA,NA,NA,NA,NA,NA,NA,NA,NA,NA
2007,Queenstown Lakes District,Other,0.5507,0.8446750000000001,0.977525,National,10.0475,8.955,National,10.9,National,604018.5,NA,NA,NA,NA,NA,NA,NA,NA,NA,NA,NA,NA,NA,NA,National,3,350440,12.7,39500,493924,11.2,49602,481997,14.5,61126,434597,12.8,49305,185833,15.6,25107,NA,NA,NA,NA,NA,NA,NA,NA,NA,NA,NA,NA,NA,NA,NA,NA,NA,NA,NA,NA,NA,NA,NA,NA,NA,NA,NA,NA,NA,NA,NA,NA,NA,NA,NA,NA,NA,NA,NA,NA
2007,Rangitikei District,Other,0.530925,0.81455,0.958575,National,10.0475,8.955,National,10.9,National,604018.5,NA,NA,NA,NA,NA,NA,NA,NA,NA,NA,NA,NA,NA,NA,National,3,350440,12.7,39500,493924,11.2,49602,481997,14.5,61126,434597,12.8,49305,185833,15.6,25107,NA,NA,NA,NA,NA,NA,NA,NA,NA,NA,NA,NA,NA,NA,NA,NA,NA,NA,NA,NA,NA,NA,NA,NA,NA,NA,NA,NA,NA,NA,NA,NA,NA,NA,NA,NA,NA,NA,NA,NA
2007,Rotorua District,Other,0.5246500000000001,0.8046249999999999,1.017875,National,10.0475,8.955,National,10.9,National,604018.5,NA,NA,NA,NA,NA,NA,NA,NA,NA,NA,NA,NA,NA,NA,National,3,350440,12.7,39500,493924,11.2,49602,481997,14.5,61126,434597,12.8,49305,185833,15.6,25107,NA,NA,NA,NA,NA,NA,NA,NA,NA,NA,NA,NA,NA,NA,NA,NA,NA,NA,NA,NA,NA,NA,NA,NA,NA,NA,NA,NA,NA,NA,NA,NA,NA,NA,NA,NA,NA,NA,NA,NA
2007,Ruapehu District,Other,0.52095,0.798925,0.9858750000000001,National,10.0475,8.955,National,10.9,National,604018.5,NA,NA,NA,NA,NA,NA,NA,NA,NA,NA,NA,NA,NA,NA,National,3,350440,12.7,39500,493924,11.2,49602,481997,14.5,61126,434597,12.8,49305,185833,15.6,25107,NA,NA,NA,NA,NA,NA,NA,NA,NA,NA,NA,NA,NA,NA,NA,NA,NA,NA,NA,NA,NA,NA,NA,NA,NA,NA,NA,NA,NA,NA,NA,NA,NA,NA,NA,NA,NA,NA,NA,NA
2007,Selwyn District,Canterbury Rural,0.60295,0.924625,0.97315,National,10.0475,8.955,National,10.9,National,604018.5,NA,NA,NA,NA,NA,NA,NA,NA,NA,NA,NA,NA,NA,NA,National,3,350440,12.7,39500,493924,11.2,49602,481997,14.5,61126,434597,12.8,49305,185833,15.6,25107,NA,NA,NA,NA,NA,NA,NA,NA,NA,NA,NA,NA,NA,NA,NA,NA,NA,NA,NA,NA,NA,NA,NA,NA,NA,NA,NA,NA,NA,NA,NA,NA,NA,NA,NA,NA,NA,NA,NA,NA
2007,South Taranaki District,Other,0.5585,0.8573500000000001,0.96845,National,10.0475,8.955,National,10.9,National,604018.5,NA,NA,NA,NA,NA,NA,NA,NA,NA,NA,NA,NA,NA,NA,National,3,350440,12.7,39500,493924,11.2,49602,481997,14.5,61126,434597,12.8,49305,185833,15.6,25107,NA,NA,NA,NA,NA,NA,NA,NA,NA,NA,NA,NA,NA,NA,NA,NA,NA,NA,NA,NA,NA,NA,NA,NA,NA,NA,NA,NA,NA,NA,NA,NA,NA,NA,NA,NA,NA,NA,NA,NA
2007,South Waikato District,Other,0.50375,0.77205,0.9427,National,10.0475,8.955,National,10.9,National,604018.5,NA,NA,NA,NA,NA,NA,NA,NA,NA,NA,NA,NA,NA,NA,National,3,350440,12.7,39500,493924,11.2,49602,481997,14.5,61126,434597,12.8,49305,185833,15.6,25107,NA,NA,NA,NA,NA,NA,NA,NA,NA,NA,NA,NA,NA,NA,NA,NA,NA,NA,NA,NA,NA,NA,NA,NA,NA,NA,NA,NA,NA,NA,NA,NA,NA,NA,NA,NA,NA,NA,NA,NA
2007,South Wairarapa District,Wellington Rural,0.5216999999999999,0.799575,0.91525,National,10.0475,8.955,National,10.9,National,604018.5,NA,NA,NA,NA,NA,NA,NA,NA,NA,NA,NA,NA,NA,NA,National,3,350440,12.7,39500,493924,11.2,49602,481997,14.5,61126,434597,12.8,49305,185833,15.6,25107,NA,NA,NA,NA,NA,NA,NA,NA,NA,NA,NA,NA,NA,NA,NA,NA,NA,NA,NA,NA,NA,NA,NA,NA,NA,NA,NA,NA,NA,NA,NA,NA,NA,NA,NA,NA,NA,NA,NA,NA
2007,Southland,Other,0.56075,0.859225,0.955925,National,10.0475,8.955,National,10.9,National,604018.5,NA,NA,NA,NA,NA,NA,NA,NA,NA,NA,NA,NA,NA,NA,National,3,350440,12.7,39500,493924,11.2,49602,481997,14.5,61126,434597,12.8,49305,185833,15.6,25107,NA,NA,NA,NA,NA,NA,NA,NA,NA,NA,NA,NA,NA,NA,NA,NA,NA,NA,NA,NA,NA,NA,NA,NA,NA,NA,NA,NA,NA,NA,NA,NA,NA,NA,NA,NA,NA,NA,NA,NA
2007,Southland District,Other,0.5870500000000001,0.9001,1.003275,National,10.0475,8.955,National,10.9,National,604018.5,NA,NA,NA,NA,NA,NA,NA,NA,NA,NA,NA,NA,NA,NA,National,3,350440,12.7,39500,493924,11.2,49602,481997,14.5,61126,434597,12.8,49305,185833,15.6,25107,NA,NA,NA,NA,NA,NA,NA,NA,NA,NA,NA,NA,NA,NA,NA,NA,NA,NA,NA,NA,NA,NA,NA,NA,NA,NA,NA,NA,NA,NA,NA,NA,NA,NA,NA,NA,NA,NA,NA,NA
2007,Stratford District,Other,0.55575,0.851675,1.020675,National,10.0475,8.955,National,10.9,National,604018.5,NA,NA,NA,NA,NA,NA,NA,NA,NA,NA,NA,NA,NA,NA,National,3,350440,12.7,39500,493924,11.2,49602,481997,14.5,61126,434597,12.8,49305,185833,15.6,25107,NA,NA,NA,NA,NA,NA,NA,NA,NA,NA,NA,NA,NA,NA,NA,NA,NA,NA,NA,NA,NA,NA,NA,NA,NA,NA,NA,NA,NA,NA,NA,NA,NA,NA,NA,NA,NA,NA,NA,NA
2007,Taranaki,Other,0.5413749999999999,0.8310500000000001,0.94135,National,10.0475,8.955,National,10.9,National,604018.5,NA,NA,NA,NA,NA,NA,NA,NA,NA,NA,NA,NA,NA,NA,National,3,350440,12.7,39500,493924,11.2,49602,481997,14.5,61126,434597,12.8,49305,185833,15.6,25107,NA,NA,NA,NA,NA,NA,NA,NA,NA,NA,NA,NA,NA,NA,NA,NA,NA,NA,NA,NA,NA,NA,NA,NA,NA,NA,NA,NA,NA,NA,NA,NA,NA,NA,NA,NA,NA,NA,NA,NA
2007,Tararua District,Other,0.55355,0.84855,0.996675,National,10.0475,8.955,National,10.9,National,604018.5,NA,NA,NA,NA,NA,NA,NA,NA,NA,NA,NA,NA,NA,NA,National,3,350440,12.7,39500,493924,11.2,49602,481997,14.5,61126,434597,12.8,49305,185833,15.6,25107,NA,NA,NA,NA,NA,NA,NA,NA,NA,NA,NA,NA,NA,NA,NA,NA,NA,NA,NA,NA,NA,NA,NA,NA,NA,NA,NA,NA,NA,NA,NA,NA,NA,NA,NA,NA,NA,NA,NA,NA
2007,Tasman,Other,0.56525,0.867075,1.003625,National,10.0475,8.955,National,10.9,National,604018.5,NA,NA,NA,NA,NA,NA,NA,NA,NA,NA,NA,NA,NA,NA,National,3,350440,12.7,39500,493924,11.2,49602,481997,14.5,61126,434597,12.8,49305,185833,15.6,25107,NA,NA,NA,NA,NA,NA,NA,NA,NA,NA,NA,NA,NA,NA,NA,NA,NA,NA,NA,NA,NA,NA,NA,NA,NA,NA,NA,NA,NA,NA,NA,NA,NA,NA,NA,NA,NA,NA,NA,NA
2007,Tasman District,Other,0.56525,0.867075,1.0036,National,10.0475,8.955,National,10.9,National,604018.5,NA,NA,NA,NA,NA,NA,NA,NA,NA,NA,NA,NA,NA,NA,National,3,350440,12.7,39500,493924,11.2,49602,481997,14.5,61126,434597,12.8,49305,185833,15.6,25107,NA,NA,NA,NA,NA,NA,NA,NA,NA,NA,NA,NA,NA,NA,NA,NA,NA,NA,NA,NA,NA,NA,NA,NA,NA,NA,NA,NA,NA,NA,NA,NA,NA,NA,NA,NA,NA,NA,NA,NA
2007,Taupo District,Other,0.51855,0.795825,0.969675,National,10.0475,8.955,National,10.9,National,604018.5,NA,NA,NA,NA,NA,NA,NA,NA,NA,NA,NA,NA,NA,NA,National,3,350440,12.7,39500,493924,11.2,49602,481997,14.5,61126,434597,12.8,49305,185833,15.6,25107,NA,NA,NA,NA,NA,NA,NA,NA,NA,NA,NA,NA,NA,NA,NA,NA,NA,NA,NA,NA,NA,NA,NA,NA,NA,NA,NA,NA,NA,NA,NA,NA,NA,NA,NA,NA,NA,NA,NA,NA
2007,Tauranga City,Other,0.51815,0.79495,0.96685,National,10.0475,8.955,National,10.9,National,604018.5,NA,NA,NA,NA,NA,NA,NA,NA,NA,NA,NA,NA,NA,NA,National,3,350440,12.7,39500,493924,11.2,49602,481997,14.5,61126,434597,12.8,49305,185833,15.6,25107,NA,NA,NA,NA,NA,NA,NA,NA,NA,NA,NA,NA,NA,NA,NA,NA,NA,NA,NA,NA,NA,NA,NA,NA,NA,NA,NA,NA,NA,NA,NA,NA,NA,NA,NA,NA,NA,NA,NA,NA
2007,Thames Coromandel District,Other,0.5359,0.82235,0.9922,National,10.0475,8.955,National,10.9,National,604018.5,NA,NA,NA,NA,NA,NA,NA,NA,NA,NA,NA,NA,NA,NA,National,3,350440,12.7,39500,493924,11.2,49602,481997,14.5,61126,434597,12.8,49305,185833,15.6,25107,NA,NA,NA,NA,NA,NA,NA,NA,NA,NA,NA,NA,NA,NA,NA,NA,NA,NA,NA,NA,NA,NA,NA,NA,NA,NA,NA,NA,NA,NA,NA,NA,NA,NA,NA,NA,NA,NA,NA,NA
2007,Timaru District,Canterbury Rural,0.56165,0.86115,0.98005,National,10.0475,8.955,National,10.9,National,604018.5,NA,NA,NA,NA,NA,NA,NA,NA,NA,NA,NA,NA,NA,NA,National,3,350440,12.7,39500,493924,11.2,49602,481997,14.5,61126,434597,12.8,49305,185833,15.6,25107,NA,NA,NA,NA,NA,NA,NA,NA,NA,NA,NA,NA,NA,NA,NA,NA,NA,NA,NA,NA,NA,NA,NA,NA,NA,NA,NA,NA,NA,NA,NA,NA,NA,NA,NA,NA,NA,NA,NA,NA
2007,Upper Hutt City,Wellington Urban,0.5206999999999999,0.7983,0.9646,National,10.0475,8.955,National,10.9,National,604018.5,NA,NA,NA,NA,NA,NA,NA,NA,NA,NA,NA,NA,NA,NA,National,3,350440,12.7,39500,493924,11.2,49602,481997,14.5,61126,434597,12.8,49305,185833,15.6,25107,NA,NA,NA,NA,NA,NA,NA,NA,NA,NA,NA,NA,NA,NA,NA,NA,NA,NA,NA,NA,NA,NA,NA,NA,NA,NA,NA,NA,NA,NA,NA,NA,NA,NA,NA,NA,NA,NA,NA,NA
2007,Waikato,Other,0.5178,0.79445,0.94705,National,10.0475,8.955,National,10.9,National,604018.5,NA,NA,NA,NA,NA,NA,NA,NA,NA,NA,NA,NA,NA,NA,National,3,350440,12.7,39500,493924,11.2,49602,481997,14.5,61126,434597,12.8,49305,185833,15.6,25107,NA,NA,NA,NA,NA,NA,NA,NA,NA,NA,NA,NA,NA,NA,NA,NA,NA,NA,NA,NA,NA,NA,NA,NA,NA,NA,NA,NA,NA,NA,NA,NA,NA,NA,NA,NA,NA,NA,NA,NA
2007,Waikato District,Other,0.5187,0.79535,0.961,National,10.0475,8.955,National,10.9,National,604018.5,NA,NA,NA,NA,NA,NA,NA,NA,NA,NA,NA,NA,NA,NA,National,3,350440,12.7,39500,493924,11.2,49602,481997,14.5,61126,434597,12.8,49305,185833,15.6,25107,NA,NA,NA,NA,NA,NA,NA,NA,NA,NA,NA,NA,NA,NA,NA,NA,NA,NA,NA,NA,NA,NA,NA,NA,NA,NA,NA,NA,NA,NA,NA,NA,NA,NA,NA,NA,NA,NA,NA,NA
2007,Waimakariri District,Canterbury Rural,0.595425,0.913375,0.950825,National,10.0475,8.955,National,10.9,National,604018.5,NA,NA,NA,NA,NA,NA,NA,NA,NA,NA,NA,NA,NA,NA,National,3,350440,12.7,39500,493924,11.2,49602,481997,14.5,61126,434597,12.8,49305,185833,15.6,25107,NA,NA,NA,NA,NA,NA,NA,NA,NA,NA,NA,NA,NA,NA,NA,NA,NA,NA,NA,NA,NA,NA,NA,NA,NA,NA,NA,NA,NA,NA,NA,NA,NA,NA,NA,NA,NA,NA,NA,NA
2007,Waimate District,Canterbury Rural,0.51615,0.79135,0.929575,National,10.0475,8.955,National,10.9,National,604018.5,NA,NA,NA,NA,NA,NA,NA,NA,NA,NA,NA,NA,NA,NA,National,3,350440,12.7,39500,493924,11.2,49602,481997,14.5,61126,434597,12.8,49305,185833,15.6,25107,NA,NA,NA,NA,NA,NA,NA,NA,NA,NA,NA,NA,NA,NA,NA,NA,NA,NA,NA,NA,NA,NA,NA,NA,NA,NA,NA,NA,NA,NA,NA,NA,NA,NA,NA,NA,NA,NA,NA,NA
2007,Waipa District,Other,0.5301,0.8134250000000001,0.960425,National,10.0475,8.955,National,10.9,National,604018.5,NA,NA,NA,NA,NA,NA,NA,NA,NA,NA,NA,NA,NA,NA,National,3,350440,12.7,39500,493924,11.2,49602,481997,14.5,61126,434597,12.8,49305,185833,15.6,25107,NA,NA,NA,NA,NA,NA,NA,NA,NA,NA,NA,NA,NA,NA,NA,NA,NA,NA,NA,NA,NA,NA,NA,NA,NA,NA,NA,NA,NA,NA,NA,NA,NA,NA,NA,NA,NA,NA,NA,NA
2007,Wairoa District,Other,0.4643,0.7115750000000001,0.986725,National,10.0475,8.955,National,10.9,National,604018.5,NA,NA,NA,NA,NA,NA,NA,NA,NA,NA,NA,NA,NA,NA,National,3,350440,12.7,39500,493924,11.2,49602,481997,14.5,61126,434597,12.8,49305,185833,15.6,25107,NA,NA,NA,NA,NA,NA,NA,NA,NA,NA,NA,NA,NA,NA,NA,NA,NA,NA,NA,NA,NA,NA,NA,NA,NA,NA,NA,NA,NA,NA,NA,NA,NA,NA,NA,NA,NA,NA,NA,NA
2007,Waitaki District,Other,0.530175,0.8128,1.0182250000000002,National,10.0475,8.955,National,10.9,National,604018.5,NA,NA,NA,NA,NA,NA,NA,NA,NA,NA,NA,NA,NA,NA,National,3,350440,12.7,39500,493924,11.2,49602,481997,14.5,61126,434597,12.8,49305,185833,15.6,25107,NA,NA,NA,NA,NA,NA,NA,NA,NA,NA,NA,NA,NA,NA,NA,NA,NA,NA,NA,NA,NA,NA,NA,NA,NA,NA,NA,NA,NA,NA,NA,NA,NA,NA,NA,NA,NA,NA,NA,NA
2007,Waitomo District,Other,0.437525,0.670675,0.9492499999999999,National,10.0475,8.955,National,10.9,National,604018.5,NA,NA,NA,NA,NA,NA,NA,NA,NA,NA,NA,NA,NA,NA,National,3,350440,12.7,39500,493924,11.2,49602,481997,14.5,61126,434597,12.8,49305,185833,15.6,25107,NA,NA,NA,NA,NA,NA,NA,NA,NA,NA,NA,NA,NA,NA,NA,NA,NA,NA,NA,NA,NA,NA,NA,NA,NA,NA,NA,NA,NA,NA,NA,NA,NA,NA,NA,NA,NA,NA,NA,NA
2007,Wellington,Wellington Rural,0.542725,0.832375,1.000025,National,10.0475,8.955,National,10.9,National,604018.5,NA,NA,NA,NA,NA,NA,NA,NA,NA,NA,NA,NA,NA,NA,National,3,350440,12.7,39500,493924,11.2,49602,481997,14.5,61126,434597,12.8,49305,185833,15.6,25107,NA,NA,NA,NA,NA,NA,NA,NA,NA,NA,NA,NA,NA,NA,NA,NA,NA,NA,NA,NA,NA,NA,NA,NA,NA,NA,NA,NA,NA,NA,NA,NA,NA,NA,NA,NA,NA,NA,NA,NA
2007,Wellington City,Wellington Urban,0.556875,0.854175,1.0173,National,10.0475,8.955,National,10.9,National,604018.5,NA,NA,NA,NA,NA,NA,NA,NA,NA,NA,NA,NA,NA,NA,National,3,350440,12.7,39500,493924,11.2,49602,481997,14.5,61126,434597,12.8,49305,185833,15.6,25107,NA,NA,NA,NA,NA,NA,NA,NA,NA,NA,NA,NA,NA,NA,NA,NA,NA,NA,NA,NA,NA,NA,NA,NA,NA,NA,NA,NA,NA,NA,NA,NA,NA,NA,NA,NA,NA,NA,NA,NA
2007,West Coast,Other,0.5193749999999999,0.7970250000000001,0.940125,National,10.0475,8.955,National,10.9,National,604018.5,NA,NA,NA,NA,NA,NA,NA,NA,NA,NA,NA,NA,NA,NA,National,3,350440,12.7,39500,493924,11.2,49602,481997,14.5,61126,434597,12.8,49305,185833,15.6,25107,NA,NA,NA,NA,NA,NA,NA,NA,NA,NA,NA,NA,NA,NA,NA,NA,NA,NA,NA,NA,NA,NA,NA,NA,NA,NA,NA,NA,NA,NA,NA,NA,NA,NA,NA,NA,NA,NA,NA,NA
2007,Western Bay of Plenty District,Other,0.53245,0.817175,1.003725,National,10.0475,8.955,National,10.9,National,604018.5,NA,NA,NA,NA,NA,NA,NA,NA,NA,NA,NA,NA,NA,NA,National,3,350440,12.7,39500,493924,11.2,49602,481997,14.5,61126,434597,12.8,49305,185833,15.6,25107,NA,NA,NA,NA,NA,NA,NA,NA,NA,NA,NA,NA,NA,NA,NA,NA,NA,NA,NA,NA,NA,NA,NA,NA,NA,NA,NA,NA,NA,NA,NA,NA,NA,NA,NA,NA,NA,NA,NA,NA
2007,Westland District,Other,0.5131749999999999,0.787725,0.89575,National,10.0475,8.955,National,10.9,National,604018.5,NA,NA,NA,NA,NA,NA,NA,NA,NA,NA,NA,NA,NA,NA,National,3,350440,12.7,39500,493924,11.2,49602,481997,14.5,61126,434597,12.8,49305,185833,15.6,25107,NA,NA,NA,NA,NA,NA,NA,NA,NA,NA,NA,NA,NA,NA,NA,NA,NA,NA,NA,NA,NA,NA,NA,NA,NA,NA,NA,NA,NA,NA,NA,NA,NA,NA,NA,NA,NA,NA,NA,NA
2007,Whakatane District,Other,0.526775,0.8085249999999999,0.956225,National,10.0475,8.955,National,10.9,National,604018.5,NA,NA,NA,NA,NA,NA,NA,NA,NA,NA,NA,NA,NA,NA,National,3,350440,12.7,39500,493924,11.2,49602,481997,14.5,61126,434597,12.8,49305,185833,15.6,25107,NA,NA,NA,NA,NA,NA,NA,NA,NA,NA,NA,NA,NA,NA,NA,NA,NA,NA,NA,NA,NA,NA,NA,NA,NA,NA,NA,NA,NA,NA,NA,NA,NA,NA,NA,NA,NA,NA,NA,NA
2007,Whanganui District,Other,0.5166,0.7926,0.9254,National,10.0475,8.955,National,10.9,National,604018.5,NA,NA,NA,NA,NA,NA,NA,NA,NA,NA,NA,NA,NA,NA,National,3,350440,12.7,39500,493924,11.2,49602,481997,14.5,61126,434597,12.8,49305,185833,15.6,25107,NA,NA,NA,NA,NA,NA,NA,NA,NA,NA,NA,NA,NA,NA,NA,NA,NA,NA,NA,NA,NA,NA,NA,NA,NA,NA,NA,NA,NA,NA,NA,NA,NA,NA,NA,NA,NA,NA,NA,NA
2007,Whangarei District,Other,0.49724999999999997,0.7627,0.948225,National,10.0475,8.955,National,10.9,National,604018.5,NA,NA,NA,NA,NA,NA,NA,NA,NA,NA,NA,NA,NA,NA,National,3,350440,12.7,39500,493924,11.2,49602,481997,14.5,61126,434597,12.8,49305,185833,15.6,25107,NA,NA,NA,NA,NA,NA,NA,NA,NA,NA,NA,NA,NA,NA,NA,NA,NA,NA,NA,NA,NA,NA,NA,NA,NA,NA,NA,NA,NA,NA,NA,NA,NA,NA,NA,NA,NA,NA,NA,NA
2008,Ashburton District,Canterbury Rural,0.610325,0.91585,0.9611000000000001,National,10.125,8.854166666666666,National,-4.35,National,589320.5,NA,NA,NA,NA,NA,NA,NA,NA,NA,NA,NA,NA,NA,NA,National,4,359249,2.5,8809,506337,2.5,12413,501094,4,19097,437369,0.6,2772,197903,6.5,12070,NA,NA,NA,NA,NA,NA,NA,NA,NA,NA,NA,NA,NA,NA,NA,NA,NA,NA,NA,NA,NA,NA,NA,NA,NA,NA,NA,NA,NA,NA,NA,NA,NA,NA,NA,NA,NA,NA,NA,NA
2008,Auckland,Auckland Urban,0.6792125,1.0195875,1.033375,National,10.125,8.854166666666666,National,-4.35,National,589320.5,NA,NA,NA,NA,NA,NA,NA,NA,NA,NA,NA,NA,NA,NA,National,4,359249,2.5,8809,506337,2.5,12413,501094,4,19097,437369,0.6,2772,197903,6.5,12070,NA,NA,NA,NA,NA,NA,NA,NA,NA,NA,NA,NA,NA,NA,NA,NA,NA,NA,NA,NA,NA,NA,NA,NA,NA,NA,NA,NA,NA,NA,NA,NA,NA,NA,NA,NA,NA,NA,NA,NA
2008,Bay of Plenty,Other,0.5875,0.881725,0.9906,National,10.125,8.854166666666666,National,-4.35,National,589320.5,NA,NA,NA,NA,NA,NA,NA,NA,NA,NA,NA,NA,NA,NA,National,4,359249,2.5,8809,506337,2.5,12413,501094,4,19097,437369,0.6,2772,197903,6.5,12070,NA,NA,NA,NA,NA,NA,NA,NA,NA,NA,NA,NA,NA,NA,NA,NA,NA,NA,NA,NA,NA,NA,NA,NA,NA,NA,NA,NA,NA,NA,NA,NA,NA,NA,NA,NA,NA,NA,NA,NA
2008,Buller District,Other,0.5883,0.885175,1.0005,National,10.125,8.854166666666666,National,-4.35,National,589320.5,NA,NA,NA,NA,NA,NA,NA,NA,NA,NA,NA,NA,NA,NA,National,4,359249,2.5,8809,506337,2.5,12413,501094,4,19097,437369,0.6,2772,197903,6.5,12070,NA,NA,NA,NA,NA,NA,NA,NA,NA,NA,NA,NA,NA,NA,NA,NA,NA,NA,NA,NA,NA,NA,NA,NA,NA,NA,NA,NA,NA,NA,NA,NA,NA,NA,NA,NA,NA,NA,NA,NA
2008,Canterbury,Canterbury Rural,0.6341,0.9514,0.9805999999999999,National,10.125,8.854166666666666,National,-4.35,National,589320.5,NA,NA,NA,NA,NA,NA,NA,NA,NA,NA,NA,NA,NA,NA,National,4,359249,2.5,8809,506337,2.5,12413,501094,4,19097,437369,0.6,2772,197903,6.5,12070,NA,NA,NA,NA,NA,NA,NA,NA,NA,NA,NA,NA,NA,NA,NA,NA,NA,NA,NA,NA,NA,NA,NA,NA,NA,NA,NA,NA,NA,NA,NA,NA,NA,NA,NA,NA,NA,NA,NA,NA
2008,Carterton District,Wellington Rural,0.56552499999999994,0.847775,0.947275,National,10.125,8.854166666666666,National,-4.35,National,589320.5,NA,NA,NA,NA,NA,NA,NA,NA,NA,NA,NA,NA,NA,NA,National,4,359249,2.5,8809,506337,2.5,12413,501094,4,19097,437369,0.6,2772,197903,6.5,12070,NA,NA,NA,NA,NA,NA,NA,NA,NA,NA,NA,NA,NA,NA,NA,NA,NA,NA,NA,NA,NA,NA,NA,NA,NA,NA,NA,NA,NA,NA,NA,NA,NA,NA,NA,NA,NA,NA,NA,NA
2008,Central Hawkes Bay District,Other,0.569225,0.8547,0.908725,National,10.125,8.854166666666666,National,-4.35,National,589320.5,NA,NA,NA,NA,NA,NA,NA,NA,NA,NA,NA,NA,NA,NA,National,4,359249,2.5,8809,506337,2.5,12413,501094,4,19097,437369,0.6,2772,197903,6.5,12070,NA,NA,NA,NA,NA,NA,NA,NA,NA,NA,NA,NA,NA,NA,NA,NA,NA,NA,NA,NA,NA,NA,NA,NA,NA,NA,NA,NA,NA,NA,NA,NA,NA,NA,NA,NA,NA,NA,NA,NA
2008,Central Otago District,Other,0.58365,0.87715,0.9036500000000001,National,10.125,8.854166666666666,National,-4.35,National,589320.5,NA,NA,NA,NA,NA,NA,NA,NA,NA,NA,NA,NA,NA,NA,National,4,359249,2.5,8809,506337,2.5,12413,501094,4,19097,437369,0.6,2772,197903,6.5,12070,NA,NA,NA,NA,NA,NA,NA,NA,NA,NA,NA,NA,NA,NA,NA,NA,NA,NA,NA,NA,NA,NA,NA,NA,NA,NA,NA,NA,NA,NA,NA,NA,NA,NA,NA,NA,NA,NA,NA,NA
2008,Christchurch City,Canterbury Urban,0.62625,0.9395249999999999,0.978475,National,10.125,8.854166666666666,National,-4.35,National,589320.5,NA,NA,NA,NA,NA,NA,NA,NA,NA,NA,NA,NA,NA,NA,National,4,359249,2.5,8809,506337,2.5,12413,501094,4,19097,437369,0.6,2772,197903,6.5,12070,NA,NA,NA,NA,NA,NA,NA,NA,NA,NA,NA,NA,NA,NA,NA,NA,NA,NA,NA,NA,NA,NA,NA,NA,NA,NA,NA,NA,NA,NA,NA,NA,NA,NA,NA,NA,NA,NA,NA,NA
2008,Clutha District,Other,0.5468,0.821725,0.958125,National,10.125,8.854166666666666,National,-4.35,National,589320.5,NA,NA,NA,NA,NA,NA,NA,NA,NA,NA,NA,NA,NA,NA,National,4,359249,2.5,8809,506337,2.5,12413,501094,4,19097,437369,0.6,2772,197903,6.5,12070,NA,NA,NA,NA,NA,NA,NA,NA,NA,NA,NA,NA,NA,NA,NA,NA,NA,NA,NA,NA,NA,NA,NA,NA,NA,NA,NA,NA,NA,NA,NA,NA,NA,NA,NA,NA,NA,NA,NA,NA
2008,Dunedin City,Other,0.624625,0.93815,1.104125,National,10.125,8.854166666666666,National,-4.35,National,589320.5,NA,NA,NA,NA,NA,NA,NA,NA,NA,NA,NA,NA,NA,NA,National,4,359249,2.5,8809,506337,2.5,12413,501094,4,19097,437369,0.6,2772,197903,6.5,12070,NA,NA,NA,NA,NA,NA,NA,NA,NA,NA,NA,NA,NA,NA,NA,NA,NA,NA,NA,NA,NA,NA,NA,NA,NA,NA,NA,NA,NA,NA,NA,NA,NA,NA,NA,NA,NA,NA,NA,NA
2008,Far North District,Other,0.52435,0.787325,0.99445,National,10.125,8.854166666666666,National,-4.35,National,589320.5,NA,NA,NA,NA,NA,NA,NA,NA,NA,NA,NA,NA,NA,NA,National,4,359249,2.5,8809,506337,2.5,12413,501094,4,19097,437369,0.6,2772,197903,6.5,12070,NA,NA,NA,NA,NA,NA,NA,NA,NA,NA,NA,NA,NA,NA,NA,NA,NA,NA,NA,NA,NA,NA,NA,NA,NA,NA,NA,NA,NA,NA,NA,NA,NA,NA,NA,NA,NA,NA,NA,NA
2008,Gisborne,Other,0.532625,0.7973,0.985275,National,10.125,8.854166666666666,National,-4.35,National,589320.5,NA,NA,NA,NA,NA,NA,NA,NA,NA,NA,NA,NA,NA,NA,National,4,359249,2.5,8809,506337,2.5,12413,501094,4,19097,437369,0.6,2772,197903,6.5,12070,NA,NA,NA,NA,NA,NA,NA,NA,NA,NA,NA,NA,NA,NA,NA,NA,NA,NA,NA,NA,NA,NA,NA,NA,NA,NA,NA,NA,NA,NA,NA,NA,NA,NA,NA,NA,NA,NA,NA,NA
2008,Gisborne District,Other,0.532625,0.7973,0.985275,National,10.125,8.854166666666666,National,-4.35,National,589320.5,NA,NA,NA,NA,NA,NA,NA,NA,NA,NA,NA,NA,NA,NA,National,4,359249,2.5,8809,506337,2.5,12413,501094,4,19097,437369,0.6,2772,197903,6.5,12070,NA,NA,NA,NA,NA,NA,NA,NA,NA,NA,NA,NA,NA,NA,NA,NA,NA,NA,NA,NA,NA,NA,NA,NA,NA,NA,NA,NA,NA,NA,NA,NA,NA,NA,NA,NA,NA,NA,NA,NA
2008,Gore District,Other,0.654475,0.9831,1.085625,National,10.125,8.854166666666666,National,-4.35,National,589320.5,NA,NA,NA,NA,NA,NA,NA,NA,NA,NA,NA,NA,NA,NA,National,4,359249,2.5,8809,506337,2.5,12413,501094,4,19097,437369,0.6,2772,197903,6.5,12070,NA,NA,NA,NA,NA,NA,NA,NA,NA,NA,NA,NA,NA,NA,NA,NA,NA,NA,NA,NA,NA,NA,NA,NA,NA,NA,NA,NA,NA,NA,NA,NA,NA,NA,NA,NA,NA,NA,NA,NA
2008,Grey District,Other,0.528025,0.7919750000000001,0.93545,National,10.125,8.854166666666666,National,-4.35,National,589320.5,NA,NA,NA,NA,NA,NA,NA,NA,NA,NA,NA,NA,NA,NA,National,4,359249,2.5,8809,506337,2.5,12413,501094,4,19097,437369,0.6,2772,197903,6.5,12070,NA,NA,NA,NA,NA,NA,NA,NA,NA,NA,NA,NA,NA,NA,NA,NA,NA,NA,NA,NA,NA,NA,NA,NA,NA,NA,NA,NA,NA,NA,NA,NA,NA,NA,NA,NA,NA,NA,NA,NA
2008,Hamilton City,Other,0.595825,0.894225,0.95015,National,10.125,8.854166666666666,National,-4.35,National,589320.5,NA,NA,NA,NA,NA,NA,NA,NA,NA,NA,NA,NA,NA,NA,National,4,359249,2.5,8809,506337,2.5,12413,501094,4,19097,437369,0.6,2772,197903,6.5,12070,NA,NA,NA,NA,NA,NA,NA,NA,NA,NA,NA,NA,NA,NA,NA,NA,NA,NA,NA,NA,NA,NA,NA,NA,NA,NA,NA,NA,NA,NA,NA,NA,NA,NA,NA,NA,NA,NA,NA,NA
2008,Hastings District,Other,0.5983,0.8976,0.970175,National,10.125,8.854166666666666,National,-4.35,National,589320.5,NA,NA,NA,NA,NA,NA,NA,NA,NA,NA,NA,NA,NA,NA,National,4,359249,2.5,8809,506337,2.5,12413,501094,4,19097,437369,0.6,2772,197903,6.5,12070,NA,NA,NA,NA,NA,NA,NA,NA,NA,NA,NA,NA,NA,NA,NA,NA,NA,NA,NA,NA,NA,NA,NA,NA,NA,NA,NA,NA,NA,NA,NA,NA,NA,NA,NA,NA,NA,NA,NA,NA
2008,Hauraki District,Other,0.555825,0.834975,0.960525,National,10.125,8.854166666666666,National,-4.35,National,589320.5,NA,NA,NA,NA,NA,NA,NA,NA,NA,NA,NA,NA,NA,NA,National,4,359249,2.5,8809,506337,2.5,12413,501094,4,19097,437369,0.6,2772,197903,6.5,12070,NA,NA,NA,NA,NA,NA,NA,NA,NA,NA,NA,NA,NA,NA,NA,NA,NA,NA,NA,NA,NA,NA,NA,NA,NA,NA,NA,NA,NA,NA,NA,NA,NA,NA,NA,NA,NA,NA,NA,NA
2008,Hawke's Bay,Other,0.5908,0.8861749999999999,0.965275,National,10.125,8.854166666666666,National,-4.35,National,589320.5,NA,NA,NA,NA,NA,NA,NA,NA,NA,NA,NA,NA,NA,NA,National,4,359249,2.5,8809,506337,2.5,12413,501094,4,19097,437369,0.6,2772,197903,6.5,12070,NA,NA,NA,NA,NA,NA,NA,NA,NA,NA,NA,NA,NA,NA,NA,NA,NA,NA,NA,NA,NA,NA,NA,NA,NA,NA,NA,NA,NA,NA,NA,NA,NA,NA,NA,NA,NA,NA,NA,NA
2008,Horowhenua District,Other,0.550225,0.82575,0.9616750000000001,National,10.125,8.854166666666666,National,-4.35,National,589320.5,NA,NA,NA,NA,NA,NA,NA,NA,NA,NA,NA,NA,NA,NA,National,4,359249,2.5,8809,506337,2.5,12413,501094,4,19097,437369,0.6,2772,197903,6.5,12070,NA,NA,NA,NA,NA,NA,NA,NA,NA,NA,NA,NA,NA,NA,NA,NA,NA,NA,NA,NA,NA,NA,NA,NA,NA,NA,NA,NA,NA,NA,NA,NA,NA,NA,NA,NA,NA,NA,NA,NA
2008,Hurunui District,Canterbury Rural,0.612325,0.91845,0.9988,National,10.125,8.854166666666666,National,-4.35,National,589320.5,NA,NA,NA,NA,NA,NA,NA,NA,NA,NA,NA,NA,NA,NA,National,4,359249,2.5,8809,506337,2.5,12413,501094,4,19097,437369,0.6,2772,197903,6.5,12070,NA,NA,NA,NA,NA,NA,NA,NA,NA,NA,NA,NA,NA,NA,NA,NA,NA,NA,NA,NA,NA,NA,NA,NA,NA,NA,NA,NA,NA,NA,NA,NA,NA,NA,NA,NA,NA,NA,NA,NA
2008,Hutt City,Wellington Urban,0.5978,0.896925,0.955725,National,10.125,8.854166666666666,National,-4.35,National,589320.5,NA,NA,NA,NA,NA,NA,NA,NA,NA,NA,NA,NA,NA,NA,National,4,359249,2.5,8809,506337,2.5,12413,501094,4,19097,437369,0.6,2772,197903,6.5,12070,NA,NA,NA,NA,NA,NA,NA,NA,NA,NA,NA,NA,NA,NA,NA,NA,NA,NA,NA,NA,NA,NA,NA,NA,NA,NA,NA,NA,NA,NA,NA,NA,NA,NA,NA,NA,NA,NA,NA,NA
2008,Invercargill City,Other,0.586375,0.879725,0.9431,National,10.125,8.854166666666666,National,-4.35,National,589320.5,NA,NA,NA,NA,NA,NA,NA,NA,NA,NA,NA,NA,NA,NA,National,4,359249,2.5,8809,506337,2.5,12413,501094,4,19097,437369,0.6,2772,197903,6.5,12070,NA,NA,NA,NA,NA,NA,NA,NA,NA,NA,NA,NA,NA,NA,NA,NA,NA,NA,NA,NA,NA,NA,NA,NA,NA,NA,NA,NA,NA,NA,NA,NA,NA,NA,NA,NA,NA,NA,NA,NA
2008,Kaikoura District,Other,0.530475,0.79535,0.976575,National,10.125,8.854166666666666,National,-4.35,National,589320.5,NA,NA,NA,NA,NA,NA,NA,NA,NA,NA,NA,NA,NA,NA,National,4,359249,2.5,8809,506337,2.5,12413,501094,4,19097,437369,0.6,2772,197903,6.5,12070,NA,NA,NA,NA,NA,NA,NA,NA,NA,NA,NA,NA,NA,NA,NA,NA,NA,NA,NA,NA,NA,NA,NA,NA,NA,NA,NA,NA,NA,NA,NA,NA,NA,NA,NA,NA,NA,NA,NA,NA
2008,Kaipara District,Other,0.549,0.8223,1.0303,National,10.125,8.854166666666666,National,-4.35,National,589320.5,NA,NA,NA,NA,NA,NA,NA,NA,NA,NA,NA,NA,NA,NA,National,4,359249,2.5,8809,506337,2.5,12413,501094,4,19097,437369,0.6,2772,197903,6.5,12070,NA,NA,NA,NA,NA,NA,NA,NA,NA,NA,NA,NA,NA,NA,NA,NA,NA,NA,NA,NA,NA,NA,NA,NA,NA,NA,NA,NA,NA,NA,NA,NA,NA,NA,NA,NA,NA,NA,NA,NA
2008,Kapiti Coast District,Wellington Rural,0.6154,0.9231,0.9924000000000001,National,10.125,8.854166666666666,National,-4.35,National,589320.5,NA,NA,NA,NA,NA,NA,NA,NA,NA,NA,NA,NA,NA,NA,National,4,359249,2.5,8809,506337,2.5,12413,501094,4,19097,437369,0.6,2772,197903,6.5,12070,NA,NA,NA,NA,NA,NA,NA,NA,NA,NA,NA,NA,NA,NA,NA,NA,NA,NA,NA,NA,NA,NA,NA,NA,NA,NA,NA,NA,NA,NA,NA,NA,NA,NA,NA,NA,NA,NA,NA,NA
2008,Kawerau District,Other,0.561275,0.835,0.959825,National,10.125,8.854166666666666,National,-4.35,National,589320.5,NA,NA,NA,NA,NA,NA,NA,NA,NA,NA,NA,NA,NA,NA,National,4,359249,2.5,8809,506337,2.5,12413,501094,4,19097,437369,0.6,2772,197903,6.5,12070,NA,NA,NA,NA,NA,NA,NA,NA,NA,NA,NA,NA,NA,NA,NA,NA,NA,NA,NA,NA,NA,NA,NA,NA,NA,NA,NA,NA,NA,NA,NA,NA,NA,NA,NA,NA,NA,NA,NA,NA
2008,MacKenzie District,Canterbury Rural,0.5576,0.84195,0.92995,National,10.125,8.854166666666666,National,-4.35,National,589320.5,NA,NA,NA,NA,NA,NA,NA,NA,NA,NA,NA,NA,NA,NA,National,4,359249,2.5,8809,506337,2.5,12413,501094,4,19097,437369,0.6,2772,197903,6.5,12070,NA,NA,NA,NA,NA,NA,NA,NA,NA,NA,NA,NA,NA,NA,NA,NA,NA,NA,NA,NA,NA,NA,NA,NA,NA,NA,NA,NA,NA,NA,NA,NA,NA,NA,NA,NA,NA,NA,NA,NA
2008,Manawatu District,Other,0.6042,0.905125,0.9558,National,10.125,8.854166666666666,National,-4.35,National,589320.5,NA,NA,NA,NA,NA,NA,NA,NA,NA,NA,NA,NA,NA,NA,National,4,359249,2.5,8809,506337,2.5,12413,501094,4,19097,437369,0.6,2772,197903,6.5,12070,NA,NA,NA,NA,NA,NA,NA,NA,NA,NA,NA,NA,NA,NA,NA,NA,NA,NA,NA,NA,NA,NA,NA,NA,NA,NA,NA,NA,NA,NA,NA,NA,NA,NA,NA,NA,NA,NA,NA,NA
2008,Manawatu-Wanganui,Other,0.59085,0.886725,0.9788250000000001,National,10.125,8.854166666666666,National,-4.35,National,589320.5,NA,NA,NA,NA,NA,NA,NA,NA,NA,NA,NA,NA,NA,NA,National,4,359249,2.5,8809,506337,2.5,12413,501094,4,19097,437369,0.6,2772,197903,6.5,12070,NA,NA,NA,NA,NA,NA,NA,NA,NA,NA,NA,NA,NA,NA,NA,NA,NA,NA,NA,NA,NA,NA,NA,NA,NA,NA,NA,NA,NA,NA,NA,NA,NA,NA,NA,NA,NA,NA,NA,NA
2008,Marlborough,Other,0.57365,0.8612500000000001,0.890675,National,10.125,8.854166666666666,National,-4.35,National,589320.5,NA,NA,NA,NA,NA,NA,NA,NA,NA,NA,NA,NA,NA,NA,National,4,359249,2.5,8809,506337,2.5,12413,501094,4,19097,437369,0.6,2772,197903,6.5,12070,NA,NA,NA,NA,NA,NA,NA,NA,NA,NA,NA,NA,NA,NA,NA,NA,NA,NA,NA,NA,NA,NA,NA,NA,NA,NA,NA,NA,NA,NA,NA,NA,NA,NA,NA,NA,NA,NA,NA,NA
2008,Marlborough District,Other,0.57365,0.8612500000000001,0.890725,National,10.125,8.854166666666666,National,-4.35,National,589320.5,NA,NA,NA,NA,NA,NA,NA,NA,NA,NA,NA,NA,NA,NA,National,4,359249,2.5,8809,506337,2.5,12413,501094,4,19097,437369,0.6,2772,197903,6.5,12070,NA,NA,NA,NA,NA,NA,NA,NA,NA,NA,NA,NA,NA,NA,NA,NA,NA,NA,NA,NA,NA,NA,NA,NA,NA,NA,NA,NA,NA,NA,NA,NA,NA,NA,NA,NA,NA,NA,NA,NA
2008,Masterton District,Wellington Rural,0.568875,0.85145,1.024775,National,10.125,8.854166666666666,National,-4.35,National,589320.5,NA,NA,NA,NA,NA,NA,NA,NA,NA,NA,NA,NA,NA,NA,National,4,359249,2.5,8809,506337,2.5,12413,501094,4,19097,437369,0.6,2772,197903,6.5,12070,NA,NA,NA,NA,NA,NA,NA,NA,NA,NA,NA,NA,NA,NA,NA,NA,NA,NA,NA,NA,NA,NA,NA,NA,NA,NA,NA,NA,NA,NA,NA,NA,NA,NA,NA,NA,NA,NA,NA,NA
2008,Matamata Piako District,Other,0.5626249999999999,0.845675,0.9837,National,10.125,8.854166666666666,National,-4.35,National,589320.5,NA,NA,NA,NA,NA,NA,NA,NA,NA,NA,NA,NA,NA,NA,National,4,359249,2.5,8809,506337,2.5,12413,501094,4,19097,437369,0.6,2772,197903,6.5,12070,NA,NA,NA,NA,NA,NA,NA,NA,NA,NA,NA,NA,NA,NA,NA,NA,NA,NA,NA,NA,NA,NA,NA,NA,NA,NA,NA,NA,NA,NA,NA,NA,NA,NA,NA,NA,NA,NA,NA,NA
2008,Napier City,Other,0.599175,0.8983,0.95685,National,10.125,8.854166666666666,National,-4.35,National,589320.5,NA,NA,NA,NA,NA,NA,NA,NA,NA,NA,NA,NA,NA,NA,National,4,359249,2.5,8809,506337,2.5,12413,501094,4,19097,437369,0.6,2772,197903,6.5,12070,NA,NA,NA,NA,NA,NA,NA,NA,NA,NA,NA,NA,NA,NA,NA,NA,NA,NA,NA,NA,NA,NA,NA,NA,NA,NA,NA,NA,NA,NA,NA,NA,NA,NA,NA,NA,NA,NA,NA,NA
2008,Nelson,Other,0.65375,0.9817,1.010275,National,10.125,8.854166666666666,National,-4.35,National,589320.5,NA,NA,NA,NA,NA,NA,NA,NA,NA,NA,NA,NA,NA,NA,National,4,359249,2.5,8809,506337,2.5,12413,501094,4,19097,437369,0.6,2772,197903,6.5,12070,NA,NA,NA,NA,NA,NA,NA,NA,NA,NA,NA,NA,NA,NA,NA,NA,NA,NA,NA,NA,NA,NA,NA,NA,NA,NA,NA,NA,NA,NA,NA,NA,NA,NA,NA,NA,NA,NA,NA,NA
2008,Nelson City,Other,0.65375,0.9817,1.010225,National,10.125,8.854166666666666,National,-4.35,National,589320.5,NA,NA,NA,NA,NA,NA,NA,NA,NA,NA,NA,NA,NA,NA,National,4,359249,2.5,8809,506337,2.5,12413,501094,4,19097,437369,0.6,2772,197903,6.5,12070,NA,NA,NA,NA,NA,NA,NA,NA,NA,NA,NA,NA,NA,NA,NA,NA,NA,NA,NA,NA,NA,NA,NA,NA,NA,NA,NA,NA,NA,NA,NA,NA,NA,NA,NA,NA,NA,NA,NA,NA
2008,New Plymouth District,Other,0.6074,0.912175,0.936175,National,10.125,8.854166666666666,National,-4.35,National,589320.5,NA,NA,NA,NA,NA,NA,NA,NA,NA,NA,NA,NA,NA,NA,National,4,359249,2.5,8809,506337,2.5,12413,501094,4,19097,437369,0.6,2772,197903,6.5,12070,NA,NA,NA,NA,NA,NA,NA,NA,NA,NA,NA,NA,NA,NA,NA,NA,NA,NA,NA,NA,NA,NA,NA,NA,NA,NA,NA,NA,NA,NA,NA,NA,NA,NA,NA,NA,NA,NA,NA,NA
2008,New Zealand,Other,0.62865,0.943525,1.0015,National,10.125,8.854166666666666,National,-4.35,National,589320.5,NA,NA,NA,NA,NA,NA,NA,NA,NA,NA,NA,NA,NA,NA,National,4,359249,2.5,8809,506337,2.5,12413,501094,4,19097,437369,0.6,2772,197903,6.5,12070,NA,NA,NA,NA,NA,NA,NA,NA,NA,NA,NA,NA,NA,NA,NA,NA,NA,NA,NA,NA,NA,NA,NA,NA,NA,NA,NA,NA,NA,NA,NA,NA,NA,NA,NA,NA,NA,NA,NA,NA
2008,Northland,Other,0.5464,0.8195749999999999,0.9638249999999999,National,10.125,8.854166666666666,National,-4.35,National,589320.5,NA,NA,NA,NA,NA,NA,NA,NA,NA,NA,NA,NA,NA,NA,National,4,359249,2.5,8809,506337,2.5,12413,501094,4,19097,437369,0.6,2772,197903,6.5,12070,NA,NA,NA,NA,NA,NA,NA,NA,NA,NA,NA,NA,NA,NA,NA,NA,NA,NA,NA,NA,NA,NA,NA,NA,NA,NA,NA,NA,NA,NA,NA,NA,NA,NA,NA,NA,NA,NA,NA,NA
2008,Opotiki District,Other,0.526675,0.790625,1.0576,National,10.125,8.854166666666666,National,-4.35,National,589320.5,NA,NA,NA,NA,NA,NA,NA,NA,NA,NA,NA,NA,NA,NA,National,4,359249,2.5,8809,506337,2.5,12413,501094,4,19097,437369,0.6,2772,197903,6.5,12070,NA,NA,NA,NA,NA,NA,NA,NA,NA,NA,NA,NA,NA,NA,NA,NA,NA,NA,NA,NA,NA,NA,NA,NA,NA,NA,NA,NA,NA,NA,NA,NA,NA,NA,NA,NA,NA,NA,NA,NA
2008,Otago,Other,0.608025,0.91305,1.051425,National,10.125,8.854166666666666,National,-4.35,National,589320.5,NA,NA,NA,NA,NA,NA,NA,NA,NA,NA,NA,NA,NA,NA,National,4,359249,2.5,8809,506337,2.5,12413,501094,4,19097,437369,0.6,2772,197903,6.5,12070,NA,NA,NA,NA,NA,NA,NA,NA,NA,NA,NA,NA,NA,NA,NA,NA,NA,NA,NA,NA,NA,NA,NA,NA,NA,NA,NA,NA,NA,NA,NA,NA,NA,NA,NA,NA,NA,NA,NA,NA
2008,Otorohanga District,Other,0.496275,0.7437499999999999,0.9175,National,10.125,8.854166666666666,National,-4.35,National,589320.5,NA,NA,NA,NA,NA,NA,NA,NA,NA,NA,NA,NA,NA,NA,National,4,359249,2.5,8809,506337,2.5,12413,501094,4,19097,437369,0.6,2772,197903,6.5,12070,NA,NA,NA,NA,NA,NA,NA,NA,NA,NA,NA,NA,NA,NA,NA,NA,NA,NA,NA,NA,NA,NA,NA,NA,NA,NA,NA,NA,NA,NA,NA,NA,NA,NA,NA,NA,NA,NA,NA,NA
2008,Palmerston North City,Other,0.616925,0.92565,0.993475,National,10.125,8.854166666666666,National,-4.35,National,589320.5,NA,NA,NA,NA,NA,NA,NA,NA,NA,NA,NA,NA,NA,NA,National,4,359249,2.5,8809,506337,2.5,12413,501094,4,19097,437369,0.6,2772,197903,6.5,12070,NA,NA,NA,NA,NA,NA,NA,NA,NA,NA,NA,NA,NA,NA,NA,NA,NA,NA,NA,NA,NA,NA,NA,NA,NA,NA,NA,NA,NA,NA,NA,NA,NA,NA,NA,NA,NA,NA,NA,NA
2008,Porirua City,Wellington Urban,0.617425,0.92675,1.01155,National,10.125,8.854166666666666,National,-4.35,National,589320.5,NA,NA,NA,NA,NA,NA,NA,NA,NA,NA,NA,NA,NA,NA,National,4,359249,2.5,8809,506337,2.5,12413,501094,4,19097,437369,0.6,2772,197903,6.5,12070,NA,NA,NA,NA,NA,NA,NA,NA,NA,NA,NA,NA,NA,NA,NA,NA,NA,NA,NA,NA,NA,NA,NA,NA,NA,NA,NA,NA,NA,NA,NA,NA,NA,NA,NA,NA,NA,NA,NA,NA
2008,Queenstown Lakes District,Other,0.6206499999999999,0.93155,0.98885,National,10.125,8.854166666666666,National,-4.35,National,589320.5,NA,NA,NA,NA,NA,NA,NA,NA,NA,NA,NA,NA,NA,NA,National,4,359249,2.5,8809,506337,2.5,12413,501094,4,19097,437369,0.6,2772,197903,6.5,12070,NA,NA,NA,NA,NA,NA,NA,NA,NA,NA,NA,NA,NA,NA,NA,NA,NA,NA,NA,NA,NA,NA,NA,NA,NA,NA,NA,NA,NA,NA,NA,NA,NA,NA,NA,NA,NA,NA,NA,NA
2008,Rangitikei District,Other,0.5876,0.882925,0.969425,National,10.125,8.854166666666666,National,-4.35,National,589320.5,NA,NA,NA,NA,NA,NA,NA,NA,NA,NA,NA,NA,NA,NA,National,4,359249,2.5,8809,506337,2.5,12413,501094,4,19097,437369,0.6,2772,197903,6.5,12070,NA,NA,NA,NA,NA,NA,NA,NA,NA,NA,NA,NA,NA,NA,NA,NA,NA,NA,NA,NA,NA,NA,NA,NA,NA,NA,NA,NA,NA,NA,NA,NA,NA,NA,NA,NA,NA,NA,NA,NA
2008,Rotorua District,Other,0.5868,0.8803,1.0107,National,10.125,8.854166666666666,National,-4.35,National,589320.5,NA,NA,NA,NA,NA,NA,NA,NA,NA,NA,NA,NA,NA,NA,National,4,359249,2.5,8809,506337,2.5,12413,501094,4,19097,437369,0.6,2772,197903,6.5,12070,NA,NA,NA,NA,NA,NA,NA,NA,NA,NA,NA,NA,NA,NA,NA,NA,NA,NA,NA,NA,NA,NA,NA,NA,NA,NA,NA,NA,NA,NA,NA,NA,NA,NA,NA,NA,NA,NA,NA,NA
2008,Ruapehu District,Other,0.578325,0.867275,0.9909749999999999,National,10.125,8.854166666666666,National,-4.35,National,589320.5,NA,NA,NA,NA,NA,NA,NA,NA,NA,NA,NA,NA,NA,NA,National,4,359249,2.5,8809,506337,2.5,12413,501094,4,19097,437369,0.6,2772,197903,6.5,12070,NA,NA,NA,NA,NA,NA,NA,NA,NA,NA,NA,NA,NA,NA,NA,NA,NA,NA,NA,NA,NA,NA,NA,NA,NA,NA,NA,NA,NA,NA,NA,NA,NA,NA,NA,NA,NA,NA,NA,NA
2008,Selwyn District,Canterbury Rural,0.66655,0.9998,1.018875,National,10.125,8.854166666666666,National,-4.35,National,589320.5,NA,NA,NA,NA,NA,NA,NA,NA,NA,NA,NA,NA,NA,NA,National,4,359249,2.5,8809,506337,2.5,12413,501094,4,19097,437369,0.6,2772,197903,6.5,12070,NA,NA,NA,NA,NA,NA,NA,NA,NA,NA,NA,NA,NA,NA,NA,NA,NA,NA,NA,NA,NA,NA,NA,NA,NA,NA,NA,NA,NA,NA,NA,NA,NA,NA,NA,NA,NA,NA,NA,NA
2008,South Taranaki District,Other,0.6044499999999999,0.9077,0.914725,National,10.125,8.854166666666666,National,-4.35,National,589320.5,NA,NA,NA,NA,NA,NA,NA,NA,NA,NA,NA,NA,NA,NA,National,4,359249,2.5,8809,506337,2.5,12413,501094,4,19097,437369,0.6,2772,197903,6.5,12070,NA,NA,NA,NA,NA,NA,NA,NA,NA,NA,NA,NA,NA,NA,NA,NA,NA,NA,NA,NA,NA,NA,NA,NA,NA,NA,NA,NA,NA,NA,NA,NA,NA,NA,NA,NA,NA,NA,NA,NA
2008,South Waikato District,Other,0.53235,0.798775,0.916025,National,10.125,8.854166666666666,National,-4.35,National,589320.5,NA,NA,NA,NA,NA,NA,NA,NA,NA,NA,NA,NA,NA,NA,National,4,359249,2.5,8809,506337,2.5,12413,501094,4,19097,437369,0.6,2772,197903,6.5,12070,NA,NA,NA,NA,NA,NA,NA,NA,NA,NA,NA,NA,NA,NA,NA,NA,NA,NA,NA,NA,NA,NA,NA,NA,NA,NA,NA,NA,NA,NA,NA,NA,NA,NA,NA,NA,NA,NA,NA,NA
2008,South Wairarapa District,Wellington Rural,0.54855,0.8224750000000001,0.910075,National,10.125,8.854166666666666,National,-4.35,National,589320.5,NA,NA,NA,NA,NA,NA,NA,NA,NA,NA,NA,NA,NA,NA,National,4,359249,2.5,8809,506337,2.5,12413,501094,4,19097,437369,0.6,2772,197903,6.5,12070,NA,NA,NA,NA,NA,NA,NA,NA,NA,NA,NA,NA,NA,NA,NA,NA,NA,NA,NA,NA,NA,NA,NA,NA,NA,NA,NA,NA,NA,NA,NA,NA,NA,NA,NA,NA,NA,NA,NA,NA
2008,Southland,Other,0.591925,0.888725,0.958825,National,10.125,8.854166666666666,National,-4.35,National,589320.5,NA,NA,NA,NA,NA,NA,NA,NA,NA,NA,NA,NA,NA,NA,National,4,359249,2.5,8809,506337,2.5,12413,501094,4,19097,437369,0.6,2772,197903,6.5,12070,NA,NA,NA,NA,NA,NA,NA,NA,NA,NA,NA,NA,NA,NA,NA,NA,NA,NA,NA,NA,NA,NA,NA,NA,NA,NA,NA,NA,NA,NA,NA,NA,NA,NA,NA,NA,NA,NA,NA,NA
2008,Southland District,Other,0.582575,0.876325,0.9451499999999999,National,10.125,8.854166666666666,National,-4.35,National,589320.5,NA,NA,NA,NA,NA,NA,NA,NA,NA,NA,NA,NA,NA,NA,National,4,359249,2.5,8809,506337,2.5,12413,501094,4,19097,437369,0.6,2772,197903,6.5,12070,NA,NA,NA,NA,NA,NA,NA,NA,NA,NA,NA,NA,NA,NA,NA,NA,NA,NA,NA,NA,NA,NA,NA,NA,NA,NA,NA,NA,NA,NA,NA,NA,NA,NA,NA,NA,NA,NA,NA,NA
2008,Stratford District,Other,0.612925,0.9203,1.0014,National,10.125,8.854166666666666,National,-4.35,National,589320.5,NA,NA,NA,NA,NA,NA,NA,NA,NA,NA,NA,NA,NA,NA,National,4,359249,2.5,8809,506337,2.5,12413,501094,4,19097,437369,0.6,2772,197903,6.5,12070,NA,NA,NA,NA,NA,NA,NA,NA,NA,NA,NA,NA,NA,NA,NA,NA,NA,NA,NA,NA,NA,NA,NA,NA,NA,NA,NA,NA,NA,NA,NA,NA,NA,NA,NA,NA,NA,NA,NA,NA
2008,Taranaki,Other,0.6098,0.9158999999999999,0.938825,National,10.125,8.854166666666666,National,-4.35,National,589320.5,NA,NA,NA,NA,NA,NA,NA,NA,NA,NA,NA,NA,NA,NA,National,4,359249,2.5,8809,506337,2.5,12413,501094,4,19097,437369,0.6,2772,197903,6.5,12070,NA,NA,NA,NA,NA,NA,NA,NA,NA,NA,NA,NA,NA,NA,NA,NA,NA,NA,NA,NA,NA,NA,NA,NA,NA,NA,NA,NA,NA,NA,NA,NA,NA,NA,NA,NA,NA,NA,NA,NA
2008,Tararua District,Other,0.5901,0.8871,0.998125,National,10.125,8.854166666666666,National,-4.35,National,589320.5,NA,NA,NA,NA,NA,NA,NA,NA,NA,NA,NA,NA,NA,NA,National,4,359249,2.5,8809,506337,2.5,12413,501094,4,19097,437369,0.6,2772,197903,6.5,12070,NA,NA,NA,NA,NA,NA,NA,NA,NA,NA,NA,NA,NA,NA,NA,NA,NA,NA,NA,NA,NA,NA,NA,NA,NA,NA,NA,NA,NA,NA,NA,NA,NA,NA,NA,NA,NA,NA,NA,NA
2008,Tasman,Other,0.619775,0.930525,0.99705,National,10.125,8.854166666666666,National,-4.35,National,589320.5,NA,NA,NA,NA,NA,NA,NA,NA,NA,NA,NA,NA,NA,NA,National,4,359249,2.5,8809,506337,2.5,12413,501094,4,19097,437369,0.6,2772,197903,6.5,12070,NA,NA,NA,NA,NA,NA,NA,NA,NA,NA,NA,NA,NA,NA,NA,NA,NA,NA,NA,NA,NA,NA,NA,NA,NA,NA,NA,NA,NA,NA,NA,NA,NA,NA,NA,NA,NA,NA,NA,NA
2008,Tasman District,Other,0.619775,0.930525,0.99715,National,10.125,8.854166666666666,National,-4.35,National,589320.5,NA,NA,NA,NA,NA,NA,NA,NA,NA,NA,NA,NA,NA,NA,National,4,359249,2.5,8809,506337,2.5,12413,501094,4,19097,437369,0.6,2772,197903,6.5,12070,NA,NA,NA,NA,NA,NA,NA,NA,NA,NA,NA,NA,NA,NA,NA,NA,NA,NA,NA,NA,NA,NA,NA,NA,NA,NA,NA,NA,NA,NA,NA,NA,NA,NA,NA,NA,NA,NA,NA,NA
2008,Taupo District,Other,0.571275,0.8573999999999999,0.991175,National,10.125,8.854166666666666,National,-4.35,National,589320.5,NA,NA,NA,NA,NA,NA,NA,NA,NA,NA,NA,NA,NA,NA,National,4,359249,2.5,8809,506337,2.5,12413,501094,4,19097,437369,0.6,2772,197903,6.5,12070,NA,NA,NA,NA,NA,NA,NA,NA,NA,NA,NA,NA,NA,NA,NA,NA,NA,NA,NA,NA,NA,NA,NA,NA,NA,NA,NA,NA,NA,NA,NA,NA,NA,NA,NA,NA,NA,NA,NA,NA
2008,Tauranga City,Other,0.58545,0.87885,0.9786250000000001,National,10.125,8.854166666666666,National,-4.35,National,589320.5,NA,NA,NA,NA,NA,NA,NA,NA,NA,NA,NA,NA,NA,NA,National,4,359249,2.5,8809,506337,2.5,12413,501094,4,19097,437369,0.6,2772,197903,6.5,12070,NA,NA,NA,NA,NA,NA,NA,NA,NA,NA,NA,NA,NA,NA,NA,NA,NA,NA,NA,NA,NA,NA,NA,NA,NA,NA,NA,NA,NA,NA,NA,NA,NA,NA,NA,NA,NA,NA,NA,NA
2008,Thames Coromandel District,Other,0.584875,0.8783,1.014375,National,10.125,8.854166666666666,National,-4.35,National,589320.5,NA,NA,NA,NA,NA,NA,NA,NA,NA,NA,NA,NA,NA,NA,National,4,359249,2.5,8809,506337,2.5,12413,501094,4,19097,437369,0.6,2772,197903,6.5,12070,NA,NA,NA,NA,NA,NA,NA,NA,NA,NA,NA,NA,NA,NA,NA,NA,NA,NA,NA,NA,NA,NA,NA,NA,NA,NA,NA,NA,NA,NA,NA,NA,NA,NA,NA,NA,NA,NA,NA,NA
2008,Timaru District,Canterbury Rural,0.6234500000000001,0.936325,0.997975,National,10.125,8.854166666666666,National,-4.35,National,589320.5,NA,NA,NA,NA,NA,NA,NA,NA,NA,NA,NA,NA,NA,NA,National,4,359249,2.5,8809,506337,2.5,12413,501094,4,19097,437369,0.6,2772,197903,6.5,12070,NA,NA,NA,NA,NA,NA,NA,NA,NA,NA,NA,NA,NA,NA,NA,NA,NA,NA,NA,NA,NA,NA,NA,NA,NA,NA,NA,NA,NA,NA,NA,NA,NA,NA,NA,NA,NA,NA,NA,NA
2008,Upper Hutt City,Wellington Urban,0.584625,0.87715,0.9488,National,10.125,8.854166666666666,National,-4.35,National,589320.5,NA,NA,NA,NA,NA,NA,NA,NA,NA,NA,NA,NA,NA,NA,National,4,359249,2.5,8809,506337,2.5,12413,501094,4,19097,437369,0.6,2772,197903,6.5,12070,NA,NA,NA,NA,NA,NA,NA,NA,NA,NA,NA,NA,NA,NA,NA,NA,NA,NA,NA,NA,NA,NA,NA,NA,NA,NA,NA,NA,NA,NA,NA,NA,NA,NA,NA,NA,NA,NA,NA,NA
2008,Waikato,Other,0.572775,0.85975,0.956325,National,10.125,8.854166666666666,National,-4.35,National,589320.5,NA,NA,NA,NA,NA,NA,NA,NA,NA,NA,NA,NA,NA,NA,National,4,359249,2.5,8809,506337,2.5,12413,501094,4,19097,437369,0.6,2772,197903,6.5,12070,NA,NA,NA,NA,NA,NA,NA,NA,NA,NA,NA,NA,NA,NA,NA,NA,NA,NA,NA,NA,NA,NA,NA,NA,NA,NA,NA,NA,NA,NA,NA,NA,NA,NA,NA,NA,NA,NA,NA,NA
2008,Waikato District,Other,0.584025,0.872275,0.971425,National,10.125,8.854166666666666,National,-4.35,National,589320.5,NA,NA,NA,NA,NA,NA,NA,NA,NA,NA,NA,NA,NA,NA,National,4,359249,2.5,8809,506337,2.5,12413,501094,4,19097,437369,0.6,2772,197903,6.5,12070,NA,NA,NA,NA,NA,NA,NA,NA,NA,NA,NA,NA,NA,NA,NA,NA,NA,NA,NA,NA,NA,NA,NA,NA,NA,NA,NA,NA,NA,NA,NA,NA,NA,NA,NA,NA,NA,NA,NA,NA
2008,Waimakariri District,Canterbury Rural,0.6762,1.014475,0.990275,National,10.125,8.854166666666666,National,-4.35,National,589320.5,NA,NA,NA,NA,NA,NA,NA,NA,NA,NA,NA,NA,NA,NA,National,4,359249,2.5,8809,506337,2.5,12413,501094,4,19097,437369,0.6,2772,197903,6.5,12070,NA,NA,NA,NA,NA,NA,NA,NA,NA,NA,NA,NA,NA,NA,NA,NA,NA,NA,NA,NA,NA,NA,NA,NA,NA,NA,NA,NA,NA,NA,NA,NA,NA,NA,NA,NA,NA,NA,NA,NA
2008,Waimate District,Canterbury Rural,0.558975,0.838025,0.94295,National,10.125,8.854166666666666,National,-4.35,National,589320.5,NA,NA,NA,NA,NA,NA,NA,NA,NA,NA,NA,NA,NA,NA,National,4,359249,2.5,8809,506337,2.5,12413,501094,4,19097,437369,0.6,2772,197903,6.5,12070,NA,NA,NA,NA,NA,NA,NA,NA,NA,NA,NA,NA,NA,NA,NA,NA,NA,NA,NA,NA,NA,NA,NA,NA,NA,NA,NA,NA,NA,NA,NA,NA,NA,NA,NA,NA,NA,NA,NA,NA
2008,Waipa District,Other,0.579225,0.8705499999999999,0.9444,National,10.125,8.854166666666666,National,-4.35,National,589320.5,NA,NA,NA,NA,NA,NA,NA,NA,NA,NA,NA,NA,NA,NA,National,4,359249,2.5,8809,506337,2.5,12413,501094,4,19097,437369,0.6,2772,197903,6.5,12070,NA,NA,NA,NA,NA,NA,NA,NA,NA,NA,NA,NA,NA,NA,NA,NA,NA,NA,NA,NA,NA,NA,NA,NA,NA,NA,NA,NA,NA,NA,NA,NA,NA,NA,NA,NA,NA,NA,NA,NA
2008,Wairoa District,Other,0.43025,0.64595,1.027775,National,10.125,8.854166666666666,National,-4.35,National,589320.5,NA,NA,NA,NA,NA,NA,NA,NA,NA,NA,NA,NA,NA,NA,National,4,359249,2.5,8809,506337,2.5,12413,501094,4,19097,437369,0.6,2772,197903,6.5,12070,NA,NA,NA,NA,NA,NA,NA,NA,NA,NA,NA,NA,NA,NA,NA,NA,NA,NA,NA,NA,NA,NA,NA,NA,NA,NA,NA,NA,NA,NA,NA,NA,NA,NA,NA,NA,NA,NA,NA,NA
2008,Waitaki District,Other,0.5723,0.8592,0.9926,National,10.125,8.854166666666666,National,-4.35,National,589320.5,NA,NA,NA,NA,NA,NA,NA,NA,NA,NA,NA,NA,NA,NA,National,4,359249,2.5,8809,506337,2.5,12413,501094,4,19097,437369,0.6,2772,197903,6.5,12070,NA,NA,NA,NA,NA,NA,NA,NA,NA,NA,NA,NA,NA,NA,NA,NA,NA,NA,NA,NA,NA,NA,NA,NA,NA,NA,NA,NA,NA,NA,NA,NA,NA,NA,NA,NA,NA,NA,NA,NA
2008,Waitomo District,Other,0.44989999999999997,0.67545,0.927925,National,10.125,8.854166666666666,National,-4.35,National,589320.5,NA,NA,NA,NA,NA,NA,NA,NA,NA,NA,NA,NA,NA,NA,National,4,359249,2.5,8809,506337,2.5,12413,501094,4,19097,437369,0.6,2772,197903,6.5,12070,NA,NA,NA,NA,NA,NA,NA,NA,NA,NA,NA,NA,NA,NA,NA,NA,NA,NA,NA,NA,NA,NA,NA,NA,NA,NA,NA,NA,NA,NA,NA,NA,NA,NA,NA,NA,NA,NA,NA,NA
2008,Wellington,Wellington Rural,0.6057,0.908825,0.9919499999999999,National,10.125,8.854166666666666,National,-4.35,National,589320.5,NA,NA,NA,NA,NA,NA,NA,NA,NA,NA,NA,NA,NA,NA,National,4,359249,2.5,8809,506337,2.5,12413,501094,4,19097,437369,0.6,2772,197903,6.5,12070,NA,NA,NA,NA,NA,NA,NA,NA,NA,NA,NA,NA,NA,NA,NA,NA,NA,NA,NA,NA,NA,NA,NA,NA,NA,NA,NA,NA,NA,NA,NA,NA,NA,NA,NA,NA,NA,NA,NA,NA
2008,Wellington City,Wellington Urban,0.617575,0.9270499999999999,1.00925,National,10.125,8.854166666666666,National,-4.35,National,589320.5,NA,NA,NA,NA,NA,NA,NA,NA,NA,NA,NA,NA,NA,NA,National,4,359249,2.5,8809,506337,2.5,12413,501094,4,19097,437369,0.6,2772,197903,6.5,12070,NA,NA,NA,NA,NA,NA,NA,NA,NA,NA,NA,NA,NA,NA,NA,NA,NA,NA,NA,NA,NA,NA,NA,NA,NA,NA,NA,NA,NA,NA,NA,NA,NA,NA,NA,NA,NA,NA,NA,NA
2008,West Coast,Other,0.562125,0.84475,0.95265,National,10.125,8.854166666666666,National,-4.35,National,589320.5,NA,NA,NA,NA,NA,NA,NA,NA,NA,NA,NA,NA,NA,NA,National,4,359249,2.5,8809,506337,2.5,12413,501094,4,19097,437369,0.6,2772,197903,6.5,12070,NA,NA,NA,NA,NA,NA,NA,NA,NA,NA,NA,NA,NA,NA,NA,NA,NA,NA,NA,NA,NA,NA,NA,NA,NA,NA,NA,NA,NA,NA,NA,NA,NA,NA,NA,NA,NA,NA,NA,NA
2008,Western Bay of Plenty District,Other,0.580675,0.871675,1.000975,National,10.125,8.854166666666666,National,-4.35,National,589320.5,NA,NA,NA,NA,NA,NA,NA,NA,NA,NA,NA,NA,NA,NA,National,4,359249,2.5,8809,506337,2.5,12413,501094,4,19097,437369,0.6,2772,197903,6.5,12070,NA,NA,NA,NA,NA,NA,NA,NA,NA,NA,NA,NA,NA,NA,NA,NA,NA,NA,NA,NA,NA,NA,NA,NA,NA,NA,NA,NA,NA,NA,NA,NA,NA,NA,NA,NA,NA,NA,NA,NA
2008,Westland District,Other,0.550275,0.8283,0.9537,National,10.125,8.854166666666666,National,-4.35,National,589320.5,NA,NA,NA,NA,NA,NA,NA,NA,NA,NA,NA,NA,NA,NA,National,4,359249,2.5,8809,506337,2.5,12413,501094,4,19097,437369,0.6,2772,197903,6.5,12070,NA,NA,NA,NA,NA,NA,NA,NA,NA,NA,NA,NA,NA,NA,NA,NA,NA,NA,NA,NA,NA,NA,NA,NA,NA,NA,NA,NA,NA,NA,NA,NA,NA,NA,NA,NA,NA,NA,NA,NA
2008,Whakatane District,Other,0.5785750000000001,0.8694999999999999,0.984325,National,10.125,8.854166666666666,National,-4.35,National,589320.5,NA,NA,NA,NA,NA,NA,NA,NA,NA,NA,NA,NA,NA,NA,National,4,359249,2.5,8809,506337,2.5,12413,501094,4,19097,437369,0.6,2772,197903,6.5,12070,NA,NA,NA,NA,NA,NA,NA,NA,NA,NA,NA,NA,NA,NA,NA,NA,NA,NA,NA,NA,NA,NA,NA,NA,NA,NA,NA,NA,NA,NA,NA,NA,NA,NA,NA,NA,NA,NA,NA,NA
2008,Whanganui District,Other,0.567825,0.8531,0.962375,National,10.125,8.854166666666666,National,-4.35,National,589320.5,NA,NA,NA,NA,NA,NA,NA,NA,NA,NA,NA,NA,NA,NA,National,4,359249,2.5,8809,506337,2.5,12413,501094,4,19097,437369,0.6,2772,197903,6.5,12070,NA,NA,NA,NA,NA,NA,NA,NA,NA,NA,NA,NA,NA,NA,NA,NA,NA,NA,NA,NA,NA,NA,NA,NA,NA,NA,NA,NA,NA,NA,NA,NA,NA,NA,NA,NA,NA,NA,NA,NA
2008,Whangarei District,Other,0.561375,0.8418,0.943175,National,10.125,8.854166666666666,National,-4.35,National,589320.5,NA,NA,NA,NA,NA,NA,NA,NA,NA,NA,NA,NA,NA,NA,National,4,359249,2.5,8809,506337,2.5,12413,501094,4,19097,437369,0.6,2772,197903,6.5,12070,NA,NA,NA,NA,NA,NA,NA,NA,NA,NA,NA,NA,NA,NA,NA,NA,NA,NA,NA,NA,NA,NA,NA,NA,NA,NA,NA,NA,NA,NA,NA,NA,NA,NA,NA,NA,NA,NA,NA,NA
2009,Ashburton District,Canterbury Rural,0.8880250000000001,0.986525,0.994625,National,6.381666666666667,6.5,National,-1.4,National,586652.75,NA,NA,NA,NA,NA,NA,NA,NA,NA,NA,NA,NA,NA,NA,National,5,326537,-9.1,-32712,462401,-8.7,-43936,459775,-8.2,-41319,398498,-8.9,-38871,183330,-7.4,-14573,NA,NA,NA,NA,NA,NA,NA,NA,NA,NA,NA,NA,NA,NA,NA,NA,NA,NA,NA,NA,NA,NA,NA,NA,NA,NA,NA,NA,NA,NA,NA,NA,NA,NA,NA,NA,NA,NA,NA,NA
2009,Auckland,Auckland Urban,0.9433375,1.046475,1.0629625,National,6.381666666666667,6.5,National,-1.4,National,586652.75,NA,NA,NA,NA,NA,NA,NA,NA,NA,NA,NA,NA,NA,NA,National,5,326537,-9.1,-32712,462401,-8.7,-43936,459775,-8.2,-41319,398498,-8.9,-38871,183330,-7.4,-14573,NA,NA,NA,NA,NA,NA,NA,NA,NA,NA,NA,NA,NA,NA,NA,NA,NA,NA,NA,NA,NA,NA,NA,NA,NA,NA,NA,NA,NA,NA,NA,NA,NA,NA,NA,NA,NA,NA,NA,NA
2009,Bay of Plenty,Other,0.837475,0.93015,1.012925,National,6.381666666666667,6.5,National,-1.4,National,586652.75,NA,NA,NA,NA,NA,NA,NA,NA,NA,NA,NA,NA,NA,NA,National,5,326537,-9.1,-32712,462401,-8.7,-43936,459775,-8.2,-41319,398498,-8.9,-38871,183330,-7.4,-14573,NA,NA,NA,NA,NA,NA,NA,NA,NA,NA,NA,NA,NA,NA,NA,NA,NA,NA,NA,NA,NA,NA,NA,NA,NA,NA,NA,NA,NA,NA,NA,NA,NA,NA,NA,NA,NA,NA,NA,NA
2009,Buller District,Other,0.9225749999999999,1.024775,1.014025,National,6.381666666666667,6.5,National,-1.4,National,586652.75,NA,NA,NA,NA,NA,NA,NA,NA,NA,NA,NA,NA,NA,NA,National,5,326537,-9.1,-32712,462401,-8.7,-43936,459775,-8.2,-41319,398498,-8.9,-38871,183330,-7.4,-14573,NA,NA,NA,NA,NA,NA,NA,NA,NA,NA,NA,NA,NA,NA,NA,NA,NA,NA,NA,NA,NA,NA,NA,NA,NA,NA,NA,NA,NA,NA,NA,NA,NA,NA,NA,NA,NA,NA,NA,NA
2009,Canterbury,Canterbury Rural,0.89395,0.9924,1.027925,National,6.381666666666667,6.5,National,-1.4,National,586652.75,NA,NA,NA,NA,NA,NA,NA,NA,NA,NA,NA,NA,NA,NA,National,5,326537,-9.1,-32712,462401,-8.7,-43936,459775,-8.2,-41319,398498,-8.9,-38871,183330,-7.4,-14573,NA,NA,NA,NA,NA,NA,NA,NA,NA,NA,NA,NA,NA,NA,NA,NA,NA,NA,NA,NA,NA,NA,NA,NA,NA,NA,NA,NA,NA,NA,NA,NA,NA,NA,NA,NA,NA,NA,NA,NA
2009,Carterton District,Wellington Rural,0.8126249999999999,0.901425,0.957425,National,6.381666666666667,6.5,National,-1.4,National,586652.75,NA,NA,NA,NA,NA,NA,NA,NA,NA,NA,NA,NA,NA,NA,National,5,326537,-9.1,-32712,462401,-8.7,-43936,459775,-8.2,-41319,398498,-8.9,-38871,183330,-7.4,-14573,NA,NA,NA,NA,NA,NA,NA,NA,NA,NA,NA,NA,NA,NA,NA,NA,NA,NA,NA,NA,NA,NA,NA,NA,NA,NA,NA,NA,NA,NA,NA,NA,NA,NA,NA,NA,NA,NA,NA,NA
2009,Central Hawkes Bay District,Other,0.8543499999999999,0.94885,0.9256,National,6.381666666666667,6.5,National,-1.4,National,586652.75,NA,NA,NA,NA,NA,NA,NA,NA,NA,NA,NA,NA,NA,NA,National,5,326537,-9.1,-32712,462401,-8.7,-43936,459775,-8.2,-41319,398498,-8.9,-38871,183330,-7.4,-14573,NA,NA,NA,NA,NA,NA,NA,NA,NA,NA,NA,NA,NA,NA,NA,NA,NA,NA,NA,NA,NA,NA,NA,NA,NA,NA,NA,NA,NA,NA,NA,NA,NA,NA,NA,NA,NA,NA,NA,NA
2009,Central Otago District,Other,0.854975,0.9498500000000001,0.952725,National,6.381666666666667,6.5,National,-1.4,National,586652.75,NA,NA,NA,NA,NA,NA,NA,NA,NA,NA,NA,NA,NA,NA,National,5,326537,-9.1,-32712,462401,-8.7,-43936,459775,-8.2,-41319,398498,-8.9,-38871,183330,-7.4,-14573,NA,NA,NA,NA,NA,NA,NA,NA,NA,NA,NA,NA,NA,NA,NA,NA,NA,NA,NA,NA,NA,NA,NA,NA,NA,NA,NA,NA,NA,NA,NA,NA,NA,NA,NA,NA,NA,NA,NA,NA
2009,Christchurch City,Canterbury Urban,0.879025,0.9757,1.02505,National,6.381666666666667,6.5,National,-1.4,National,586652.75,NA,NA,NA,NA,NA,NA,NA,NA,NA,NA,NA,NA,NA,NA,National,5,326537,-9.1,-32712,462401,-8.7,-43936,459775,-8.2,-41319,398498,-8.9,-38871,183330,-7.4,-14573,NA,NA,NA,NA,NA,NA,NA,NA,NA,NA,NA,NA,NA,NA,NA,NA,NA,NA,NA,NA,NA,NA,NA,NA,NA,NA,NA,NA,NA,NA,NA,NA,NA,NA,NA,NA,NA,NA,NA,NA
2009,Clutha District,Other,0.78575,0.873125,0.9847250000000001,National,6.381666666666667,6.5,National,-1.4,National,586652.75,NA,NA,NA,NA,NA,NA,NA,NA,NA,NA,NA,NA,NA,NA,National,5,326537,-9.1,-32712,462401,-8.7,-43936,459775,-8.2,-41319,398498,-8.9,-38871,183330,-7.4,-14573,NA,NA,NA,NA,NA,NA,NA,NA,NA,NA,NA,NA,NA,NA,NA,NA,NA,NA,NA,NA,NA,NA,NA,NA,NA,NA,NA,NA,NA,NA,NA,NA,NA,NA,NA,NA,NA,NA,NA,NA
2009,Dunedin City,Other,0.87015,0.96565,1.1199,National,6.381666666666667,6.5,National,-1.4,National,586652.75,NA,NA,NA,NA,NA,NA,NA,NA,NA,NA,NA,NA,NA,NA,National,5,326537,-9.1,-32712,462401,-8.7,-43936,459775,-8.2,-41319,398498,-8.9,-38871,183330,-7.4,-14573,NA,NA,NA,NA,NA,NA,NA,NA,NA,NA,NA,NA,NA,NA,NA,NA,NA,NA,NA,NA,NA,NA,NA,NA,NA,NA,NA,NA,NA,NA,NA,NA,NA,NA,NA,NA,NA,NA,NA,NA
2009,Far North District,Other,0.7862,0.873175,1.033175,National,6.381666666666667,6.5,National,-1.4,National,586652.75,NA,NA,NA,NA,NA,NA,NA,NA,NA,NA,NA,NA,NA,NA,National,5,326537,-9.1,-32712,462401,-8.7,-43936,459775,-8.2,-41319,398498,-8.9,-38871,183330,-7.4,-14573,NA,NA,NA,NA,NA,NA,NA,NA,NA,NA,NA,NA,NA,NA,NA,NA,NA,NA,NA,NA,NA,NA,NA,NA,NA,NA,NA,NA,NA,NA,NA,NA,NA,NA,NA,NA,NA,NA,NA,NA
2009,Gisborne,Other,0.7964,0.884275,1.00215,National,6.381666666666667,6.5,National,-1.4,National,586652.75,NA,NA,NA,NA,NA,NA,NA,NA,NA,NA,NA,NA,NA,NA,National,5,326537,-9.1,-32712,462401,-8.7,-43936,459775,-8.2,-41319,398498,-8.9,-38871,183330,-7.4,-14573,NA,NA,NA,NA,NA,NA,NA,NA,NA,NA,NA,NA,NA,NA,NA,NA,NA,NA,NA,NA,NA,NA,NA,NA,NA,NA,NA,NA,NA,NA,NA,NA,NA,NA,NA,NA,NA,NA,NA,NA
2009,Gisborne District,Other,0.7964,0.884275,1.00215,National,6.381666666666667,6.5,National,-1.4,National,586652.75,NA,NA,NA,NA,NA,NA,NA,NA,NA,NA,NA,NA,NA,NA,National,5,326537,-9.1,-32712,462401,-8.7,-43936,459775,-8.2,-41319,398498,-8.9,-38871,183330,-7.4,-14573,NA,NA,NA,NA,NA,NA,NA,NA,NA,NA,NA,NA,NA,NA,NA,NA,NA,NA,NA,NA,NA,NA,NA,NA,NA,NA,NA,NA,NA,NA,NA,NA,NA,NA,NA,NA,NA,NA,NA,NA
2009,Gore District,Other,0.95445,1.0599,1.03735,National,6.381666666666667,6.5,National,-1.4,National,586652.75,NA,NA,NA,NA,NA,NA,NA,NA,NA,NA,NA,NA,NA,NA,National,5,326537,-9.1,-32712,462401,-8.7,-43936,459775,-8.2,-41319,398498,-8.9,-38871,183330,-7.4,-14573,NA,NA,NA,NA,NA,NA,NA,NA,NA,NA,NA,NA,NA,NA,NA,NA,NA,NA,NA,NA,NA,NA,NA,NA,NA,NA,NA,NA,NA,NA,NA,NA,NA,NA,NA,NA,NA,NA,NA,NA
2009,Grey District,Other,0.790975,0.8800250000000001,0.91755,National,6.381666666666667,6.5,National,-1.4,National,586652.75,NA,NA,NA,NA,NA,NA,NA,NA,NA,NA,NA,NA,NA,NA,National,5,326537,-9.1,-32712,462401,-8.7,-43936,459775,-8.2,-41319,398498,-8.9,-38871,183330,-7.4,-14573,NA,NA,NA,NA,NA,NA,NA,NA,NA,NA,NA,NA,NA,NA,NA,NA,NA,NA,NA,NA,NA,NA,NA,NA,NA,NA,NA,NA,NA,NA,NA,NA,NA,NA,NA,NA,NA,NA,NA,NA
2009,Hamilton City,Other,0.8433999999999999,0.936575,0.975575,National,6.381666666666667,6.5,National,-1.4,National,586652.75,NA,NA,NA,NA,NA,NA,NA,NA,NA,NA,NA,NA,NA,NA,National,5,326537,-9.1,-32712,462401,-8.7,-43936,459775,-8.2,-41319,398498,-8.9,-38871,183330,-7.4,-14573,NA,NA,NA,NA,NA,NA,NA,NA,NA,NA,NA,NA,NA,NA,NA,NA,NA,NA,NA,NA,NA,NA,NA,NA,NA,NA,NA,NA,NA,NA,NA,NA,NA,NA,NA,NA,NA,NA,NA,NA
2009,Hastings District,Other,0.850175,0.94385,0.979875,National,6.381666666666667,6.5,National,-1.4,National,586652.75,NA,NA,NA,NA,NA,NA,NA,NA,NA,NA,NA,NA,NA,NA,National,5,326537,-9.1,-32712,462401,-8.7,-43936,459775,-8.2,-41319,398498,-8.9,-38871,183330,-7.4,-14573,NA,NA,NA,NA,NA,NA,NA,NA,NA,NA,NA,NA,NA,NA,NA,NA,NA,NA,NA,NA,NA,NA,NA,NA,NA,NA,NA,NA,NA,NA,NA,NA,NA,NA,NA,NA,NA,NA,NA,NA
2009,Hauraki District,Other,0.838075,0.9332,0.98405,National,6.381666666666667,6.5,National,-1.4,National,586652.75,NA,NA,NA,NA,NA,NA,NA,NA,NA,NA,NA,NA,NA,NA,National,5,326537,-9.1,-32712,462401,-8.7,-43936,459775,-8.2,-41319,398498,-8.9,-38871,183330,-7.4,-14573,NA,NA,NA,NA,NA,NA,NA,NA,NA,NA,NA,NA,NA,NA,NA,NA,NA,NA,NA,NA,NA,NA,NA,NA,NA,NA,NA,NA,NA,NA,NA,NA,NA,NA,NA,NA,NA,NA,NA,NA
2009,Hawke's Bay,Other,0.8483,0.9418,0.9844999999999999,National,6.381666666666667,6.5,National,-1.4,National,586652.75,NA,NA,NA,NA,NA,NA,NA,NA,NA,NA,NA,NA,NA,NA,National,5,326537,-9.1,-32712,462401,-8.7,-43936,459775,-8.2,-41319,398498,-8.9,-38871,183330,-7.4,-14573,NA,NA,NA,NA,NA,NA,NA,NA,NA,NA,NA,NA,NA,NA,NA,NA,NA,NA,NA,NA,NA,NA,NA,NA,NA,NA,NA,NA,NA,NA,NA,NA,NA,NA,NA,NA,NA,NA,NA,NA
2009,Horowhenua District,Other,0.799575,0.8886000000000001,0.98515,National,6.381666666666667,6.5,National,-1.4,National,586652.75,NA,NA,NA,NA,NA,NA,NA,NA,NA,NA,NA,NA,NA,NA,National,5,326537,-9.1,-32712,462401,-8.7,-43936,459775,-8.2,-41319,398498,-8.9,-38871,183330,-7.4,-14573,NA,NA,NA,NA,NA,NA,NA,NA,NA,NA,NA,NA,NA,NA,NA,NA,NA,NA,NA,NA,NA,NA,NA,NA,NA,NA,NA,NA,NA,NA,NA,NA,NA,NA,NA,NA,NA,NA,NA,NA
2009,Hurunui District,Canterbury Rural,0.882775,0.9809,1.0907499999999999,National,6.381666666666667,6.5,National,-1.4,National,586652.75,NA,NA,NA,NA,NA,NA,NA,NA,NA,NA,NA,NA,NA,NA,National,5,326537,-9.1,-32712,462401,-8.7,-43936,459775,-8.2,-41319,398498,-8.9,-38871,183330,-7.4,-14573,NA,NA,NA,NA,NA,NA,NA,NA,NA,NA,NA,NA,NA,NA,NA,NA,NA,NA,NA,NA,NA,NA,NA,NA,NA,NA,NA,NA,NA,NA,NA,NA,NA,NA,NA,NA,NA,NA,NA,NA
2009,Hutt City,Wellington Urban,0.8489,0.941975,0.971175,National,6.381666666666667,6.5,National,-1.4,National,586652.75,NA,NA,NA,NA,NA,NA,NA,NA,NA,NA,NA,NA,NA,NA,National,5,326537,-9.1,-32712,462401,-8.7,-43936,459775,-8.2,-41319,398498,-8.9,-38871,183330,-7.4,-14573,NA,NA,NA,NA,NA,NA,NA,NA,NA,NA,NA,NA,NA,NA,NA,NA,NA,NA,NA,NA,NA,NA,NA,NA,NA,NA,NA,NA,NA,NA,NA,NA,NA,NA,NA,NA,NA,NA,NA,NA
2009,Invercargill City,Other,0.844225,0.9369000000000001,0.962475,National,6.381666666666667,6.5,National,-1.4,National,586652.75,NA,NA,NA,NA,NA,NA,NA,NA,NA,NA,NA,NA,NA,NA,National,5,326537,-9.1,-32712,462401,-8.7,-43936,459775,-8.2,-41319,398498,-8.9,-38871,183330,-7.4,-14573,NA,NA,NA,NA,NA,NA,NA,NA,NA,NA,NA,NA,NA,NA,NA,NA,NA,NA,NA,NA,NA,NA,NA,NA,NA,NA,NA,NA,NA,NA,NA,NA,NA,NA,NA,NA,NA,NA,NA,NA
2009,Kaikoura District,Other,0.790375,0.87845,1.0156,National,6.381666666666667,6.5,National,-1.4,National,586652.75,NA,NA,NA,NA,NA,NA,NA,NA,NA,NA,NA,NA,NA,NA,National,5,326537,-9.1,-32712,462401,-8.7,-43936,459775,-8.2,-41319,398498,-8.9,-38871,183330,-7.4,-14573,NA,NA,NA,NA,NA,NA,NA,NA,NA,NA,NA,NA,NA,NA,NA,NA,NA,NA,NA,NA,NA,NA,NA,NA,NA,NA,NA,NA,NA,NA,NA,NA,NA,NA,NA,NA,NA,NA,NA,NA
2009,Kaipara District,Other,0.83575,0.9278500000000001,1.05215,National,6.381666666666667,6.5,National,-1.4,National,586652.75,NA,NA,NA,NA,NA,NA,NA,NA,NA,NA,NA,NA,NA,NA,National,5,326537,-9.1,-32712,462401,-8.7,-43936,459775,-8.2,-41319,398498,-8.9,-38871,183330,-7.4,-14573,NA,NA,NA,NA,NA,NA,NA,NA,NA,NA,NA,NA,NA,NA,NA,NA,NA,NA,NA,NA,NA,NA,NA,NA,NA,NA,NA,NA,NA,NA,NA,NA,NA,NA,NA,NA,NA,NA,NA,NA
2009,Kapiti Coast District,Wellington Rural,0.874675,0.9707749999999999,1.007525,National,6.381666666666667,6.5,National,-1.4,National,586652.75,NA,NA,NA,NA,NA,NA,NA,NA,NA,NA,NA,NA,NA,NA,National,5,326537,-9.1,-32712,462401,-8.7,-43936,459775,-8.2,-41319,398498,-8.9,-38871,183330,-7.4,-14573,NA,NA,NA,NA,NA,NA,NA,NA,NA,NA,NA,NA,NA,NA,NA,NA,NA,NA,NA,NA,NA,NA,NA,NA,NA,NA,NA,NA,NA,NA,NA,NA,NA,NA,NA,NA,NA,NA,NA,NA
2009,Kawerau District,Other,0.793725,0.8827750000000001,1.052,National,6.381666666666667,6.5,National,-1.4,National,586652.75,NA,NA,NA,NA,NA,NA,NA,NA,NA,NA,NA,NA,NA,NA,National,5,326537,-9.1,-32712,462401,-8.7,-43936,459775,-8.2,-41319,398498,-8.9,-38871,183330,-7.4,-14573,NA,NA,NA,NA,NA,NA,NA,NA,NA,NA,NA,NA,NA,NA,NA,NA,NA,NA,NA,NA,NA,NA,NA,NA,NA,NA,NA,NA,NA,NA,NA,NA,NA,NA,NA,NA,NA,NA,NA,NA
2009,MacKenzie District,Canterbury Rural,0.8358,0.9286749999999999,1.2622,National,6.381666666666667,6.5,National,-1.4,National,586652.75,NA,NA,NA,NA,NA,NA,NA,NA,NA,NA,NA,NA,NA,NA,National,5,326537,-9.1,-32712,462401,-8.7,-43936,459775,-8.2,-41319,398498,-8.9,-38871,183330,-7.4,-14573,NA,NA,NA,NA,NA,NA,NA,NA,NA,NA,NA,NA,NA,NA,NA,NA,NA,NA,NA,NA,NA,NA,NA,NA,NA,NA,NA,NA,NA,NA,NA,NA,NA,NA,NA,NA,NA,NA,NA,NA
2009,Manawatu District,Other,0.862525,0.958025,0.99925,National,6.381666666666667,6.5,National,-1.4,National,586652.75,NA,NA,NA,NA,NA,NA,NA,NA,NA,NA,NA,NA,NA,NA,National,5,326537,-9.1,-32712,462401,-8.7,-43936,459775,-8.2,-41319,398498,-8.9,-38871,183330,-7.4,-14573,NA,NA,NA,NA,NA,NA,NA,NA,NA,NA,NA,NA,NA,NA,NA,NA,NA,NA,NA,NA,NA,NA,NA,NA,NA,NA,NA,NA,NA,NA,NA,NA,NA,NA,NA,NA,NA,NA,NA,NA
2009,Manawatu-Wanganui,Other,0.844,0.937225,1.01085,National,6.381666666666667,6.5,National,-1.4,National,586652.75,NA,NA,NA,NA,NA,NA,NA,NA,NA,NA,NA,NA,NA,NA,National,5,326537,-9.1,-32712,462401,-8.7,-43936,459775,-8.2,-41319,398498,-8.9,-38871,183330,-7.4,-14573,NA,NA,NA,NA,NA,NA,NA,NA,NA,NA,NA,NA,NA,NA,NA,NA,NA,NA,NA,NA,NA,NA,NA,NA,NA,NA,NA,NA,NA,NA,NA,NA,NA,NA,NA,NA,NA,NA,NA,NA
2009,Marlborough,Other,0.821975,0.912925,0.90705,National,6.381666666666667,6.5,National,-1.4,National,586652.75,NA,NA,NA,NA,NA,NA,NA,NA,NA,NA,NA,NA,NA,NA,National,5,326537,-9.1,-32712,462401,-8.7,-43936,459775,-8.2,-41319,398498,-8.9,-38871,183330,-7.4,-14573,NA,NA,NA,NA,NA,NA,NA,NA,NA,NA,NA,NA,NA,NA,NA,NA,NA,NA,NA,NA,NA,NA,NA,NA,NA,NA,NA,NA,NA,NA,NA,NA,NA,NA,NA,NA,NA,NA,NA,NA
2009,Marlborough District,Other,0.821975,0.912925,0.90705,National,6.381666666666667,6.5,National,-1.4,National,586652.75,NA,NA,NA,NA,NA,NA,NA,NA,NA,NA,NA,NA,NA,NA,National,5,326537,-9.1,-32712,462401,-8.7,-43936,459775,-8.2,-41319,398498,-8.9,-38871,183330,-7.4,-14573,NA,NA,NA,NA,NA,NA,NA,NA,NA,NA,NA,NA,NA,NA,NA,NA,NA,NA,NA,NA,NA,NA,NA,NA,NA,NA,NA,NA,NA,NA,NA,NA,NA,NA,NA,NA,NA,NA,NA,NA
2009,Masterton District,Wellington Rural,0.8230500000000001,0.913775,1.02885,National,6.381666666666667,6.5,National,-1.4,National,586652.75,NA,NA,NA,NA,NA,NA,NA,NA,NA,NA,NA,NA,NA,NA,National,5,326537,-9.1,-32712,462401,-8.7,-43936,459775,-8.2,-41319,398498,-8.9,-38871,183330,-7.4,-14573,NA,NA,NA,NA,NA,NA,NA,NA,NA,NA,NA,NA,NA,NA,NA,NA,NA,NA,NA,NA,NA,NA,NA,NA,NA,NA,NA,NA,NA,NA,NA,NA,NA,NA,NA,NA,NA,NA,NA,NA
2009,Matamata Piako District,Other,0.830625,0.922275,0.996275,National,6.381666666666667,6.5,National,-1.4,National,586652.75,NA,NA,NA,NA,NA,NA,NA,NA,NA,NA,NA,NA,NA,NA,National,5,326537,-9.1,-32712,462401,-8.7,-43936,459775,-8.2,-41319,398498,-8.9,-38871,183330,-7.4,-14573,NA,NA,NA,NA,NA,NA,NA,NA,NA,NA,NA,NA,NA,NA,NA,NA,NA,NA,NA,NA,NA,NA,NA,NA,NA,NA,NA,NA,NA,NA,NA,NA,NA,NA,NA,NA,NA,NA,NA,NA
2009,Napier City,Other,0.84835,0.941475,0.988125,National,6.381666666666667,6.5,National,-1.4,National,586652.75,NA,NA,NA,NA,NA,NA,NA,NA,NA,NA,NA,NA,NA,NA,National,5,326537,-9.1,-32712,462401,-8.7,-43936,459775,-8.2,-41319,398498,-8.9,-38871,183330,-7.4,-14573,NA,NA,NA,NA,NA,NA,NA,NA,NA,NA,NA,NA,NA,NA,NA,NA,NA,NA,NA,NA,NA,NA,NA,NA,NA,NA,NA,NA,NA,NA,NA,NA,NA,NA,NA,NA,NA,NA,NA,NA
2009,Nelson,Other,0.9196500000000001,1.0207249999999999,1.034575,National,6.381666666666667,6.5,National,-1.4,National,586652.75,NA,NA,NA,NA,NA,NA,NA,NA,NA,NA,NA,NA,NA,NA,National,5,326537,-9.1,-32712,462401,-8.7,-43936,459775,-8.2,-41319,398498,-8.9,-38871,183330,-7.4,-14573,NA,NA,NA,NA,NA,NA,NA,NA,NA,NA,NA,NA,NA,NA,NA,NA,NA,NA,NA,NA,NA,NA,NA,NA,NA,NA,NA,NA,NA,NA,NA,NA,NA,NA,NA,NA,NA,NA,NA,NA
2009,Nelson City,Other,0.9196500000000001,1.0207249999999999,1.034625,National,6.381666666666667,6.5,National,-1.4,National,586652.75,NA,NA,NA,NA,NA,NA,NA,NA,NA,NA,NA,NA,NA,NA,National,5,326537,-9.1,-32712,462401,-8.7,-43936,459775,-8.2,-41319,398498,-8.9,-38871,183330,-7.4,-14573,NA,NA,NA,NA,NA,NA,NA,NA,NA,NA,NA,NA,NA,NA,NA,NA,NA,NA,NA,NA,NA,NA,NA,NA,NA,NA,NA,NA,NA,NA,NA,NA,NA,NA,NA,NA,NA,NA,NA,NA
2009,New Plymouth District,Other,0.8357,0.92745,0.96775,National,6.381666666666667,6.5,National,-1.4,National,586652.75,NA,NA,NA,NA,NA,NA,NA,NA,NA,NA,NA,NA,NA,NA,National,5,326537,-9.1,-32712,462401,-8.7,-43936,459775,-8.2,-41319,398498,-8.9,-38871,183330,-7.4,-14573,NA,NA,NA,NA,NA,NA,NA,NA,NA,NA,NA,NA,NA,NA,NA,NA,NA,NA,NA,NA,NA,NA,NA,NA,NA,NA,NA,NA,NA,NA,NA,NA,NA,NA,NA,NA,NA,NA,NA,NA
2009,New Zealand,Other,0.88785,0.9854,1.030275,National,6.381666666666667,6.5,National,-1.4,National,586652.75,NA,NA,NA,NA,NA,NA,NA,NA,NA,NA,NA,NA,NA,NA,National,5,326537,-9.1,-32712,462401,-8.7,-43936,459775,-8.2,-41319,398498,-8.9,-38871,183330,-7.4,-14573,NA,NA,NA,NA,NA,NA,NA,NA,NA,NA,NA,NA,NA,NA,NA,NA,NA,NA,NA,NA,NA,NA,NA,NA,NA,NA,NA,NA,NA,NA,NA,NA,NA,NA,NA,NA,NA,NA,NA,NA
2009,Northland,Other,0.818525,0.90925,1.005825,National,6.381666666666667,6.5,National,-1.4,National,586652.75,NA,NA,NA,NA,NA,NA,NA,NA,NA,NA,NA,NA,NA,NA,National,5,326537,-9.1,-32712,462401,-8.7,-43936,459775,-8.2,-41319,398498,-8.9,-38871,183330,-7.4,-14573,NA,NA,NA,NA,NA,NA,NA,NA,NA,NA,NA,NA,NA,NA,NA,NA,NA,NA,NA,NA,NA,NA,NA,NA,NA,NA,NA,NA,NA,NA,NA,NA,NA,NA,NA,NA,NA,NA,NA,NA
2009,Opotiki District,Other,0.773725,0.8592500000000001,1.05465,National,6.381666666666667,6.5,National,-1.4,National,586652.75,NA,NA,NA,NA,NA,NA,NA,NA,NA,NA,NA,NA,NA,NA,National,5,326537,-9.1,-32712,462401,-8.7,-43936,459775,-8.2,-41319,398498,-8.9,-38871,183330,-7.4,-14573,NA,NA,NA,NA,NA,NA,NA,NA,NA,NA,NA,NA,NA,NA,NA,NA,NA,NA,NA,NA,NA,NA,NA,NA,NA,NA,NA,NA,NA,NA,NA,NA,NA,NA,NA,NA,NA,NA,NA,NA
2009,Otago,Other,0.8684000000000001,0.964175,1.08885,National,6.381666666666667,6.5,National,-1.4,National,586652.75,NA,NA,NA,NA,NA,NA,NA,NA,NA,NA,NA,NA,NA,NA,National,5,326537,-9.1,-32712,462401,-8.7,-43936,459775,-8.2,-41319,398498,-8.9,-38871,183330,-7.4,-14573,NA,NA,NA,NA,NA,NA,NA,NA,NA,NA,NA,NA,NA,NA,NA,NA,NA,NA,NA,NA,NA,NA,NA,NA,NA,NA,NA,NA,NA,NA,NA,NA,NA,NA,NA,NA,NA,NA,NA,NA
2009,Otorohanga District,Other,0.751275,0.834175,0.963125,National,6.381666666666667,6.5,National,-1.4,National,586652.75,NA,NA,NA,NA,NA,NA,NA,NA,NA,NA,NA,NA,NA,NA,National,5,326537,-9.1,-32712,462401,-8.7,-43936,459775,-8.2,-41319,398498,-8.9,-38871,183330,-7.4,-14573,NA,NA,NA,NA,NA,NA,NA,NA,NA,NA,NA,NA,NA,NA,NA,NA,NA,NA,NA,NA,NA,NA,NA,NA,NA,NA,NA,NA,NA,NA,NA,NA,NA,NA,NA,NA,NA,NA,NA,NA
2009,Palmerston North City,Other,0.869525,0.965025,1.022175,National,6.381666666666667,6.5,National,-1.4,National,586652.75,NA,NA,NA,NA,NA,NA,NA,NA,NA,NA,NA,NA,NA,NA,National,5,326537,-9.1,-32712,462401,-8.7,-43936,459775,-8.2,-41319,398498,-8.9,-38871,183330,-7.4,-14573,NA,NA,NA,NA,NA,NA,NA,NA,NA,NA,NA,NA,NA,NA,NA,NA,NA,NA,NA,NA,NA,NA,NA,NA,NA,NA,NA,NA,NA,NA,NA,NA,NA,NA,NA,NA,NA,NA,NA,NA
2009,Porirua City,Wellington Urban,0.8643,0.959575,1.018075,National,6.381666666666667,6.5,National,-1.4,National,586652.75,NA,NA,NA,NA,NA,NA,NA,NA,NA,NA,NA,NA,NA,NA,National,5,326537,-9.1,-32712,462401,-8.7,-43936,459775,-8.2,-41319,398498,-8.9,-38871,183330,-7.4,-14573,NA,NA,NA,NA,NA,NA,NA,NA,NA,NA,NA,NA,NA,NA,NA,NA,NA,NA,NA,NA,NA,NA,NA,NA,NA,NA,NA,NA,NA,NA,NA,NA,NA,NA,NA,NA,NA,NA,NA,NA
2009,Queenstown Lakes District,Other,0.899775,0.99925,1.04975,National,6.381666666666667,6.5,National,-1.4,National,586652.75,NA,NA,NA,NA,NA,NA,NA,NA,NA,NA,NA,NA,NA,NA,National,5,326537,-9.1,-32712,462401,-8.7,-43936,459775,-8.2,-41319,398498,-8.9,-38871,183330,-7.4,-14573,NA,NA,NA,NA,NA,NA,NA,NA,NA,NA,NA,NA,NA,NA,NA,NA,NA,NA,NA,NA,NA,NA,NA,NA,NA,NA,NA,NA,NA,NA,NA,NA,NA,NA,NA,NA,NA,NA,NA,NA
2009,Rangitikei District,Other,0.8557250000000001,0.95015,1.01175,National,6.381666666666667,6.5,National,-1.4,National,586652.75,NA,NA,NA,NA,NA,NA,NA,NA,NA,NA,NA,NA,NA,NA,National,5,326537,-9.1,-32712,462401,-8.7,-43936,459775,-8.2,-41319,398498,-8.9,-38871,183330,-7.4,-14573,NA,NA,NA,NA,NA,NA,NA,NA,NA,NA,NA,NA,NA,NA,NA,NA,NA,NA,NA,NA,NA,NA,NA,NA,NA,NA,NA,NA,NA,NA,NA,NA,NA,NA,NA,NA,NA,NA,NA,NA
2009,Rotorua District,Other,0.8371500000000001,0.929925,1.033425,National,6.381666666666667,6.5,National,-1.4,National,586652.75,NA,NA,NA,NA,NA,NA,NA,NA,NA,NA,NA,NA,NA,NA,National,5,326537,-9.1,-32712,462401,-8.7,-43936,459775,-8.2,-41319,398498,-8.9,-38871,183330,-7.4,-14573,NA,NA,NA,NA,NA,NA,NA,NA,NA,NA,NA,NA,NA,NA,NA,NA,NA,NA,NA,NA,NA,NA,NA,NA,NA,NA,NA,NA,NA,NA,NA,NA,NA,NA,NA,NA,NA,NA,NA,NA
2009,Ruapehu District,Other,0.851525,0.9475750000000001,1.020675,National,6.381666666666667,6.5,National,-1.4,National,586652.75,NA,NA,NA,NA,NA,NA,NA,NA,NA,NA,NA,NA,NA,NA,National,5,326537,-9.1,-32712,462401,-8.7,-43936,459775,-8.2,-41319,398498,-8.9,-38871,183330,-7.4,-14573,NA,NA,NA,NA,NA,NA,NA,NA,NA,NA,NA,NA,NA,NA,NA,NA,NA,NA,NA,NA,NA,NA,NA,NA,NA,NA,NA,NA,NA,NA,NA,NA,NA,NA,NA,NA,NA,NA,NA,NA
2009,Selwyn District,Canterbury Rural,0.956525,1.0627,1.082375,National,6.381666666666667,6.5,National,-1.4,National,586652.75,NA,NA,NA,NA,NA,NA,NA,NA,NA,NA,NA,NA,NA,NA,National,5,326537,-9.1,-32712,462401,-8.7,-43936,459775,-8.2,-41319,398498,-8.9,-38871,183330,-7.4,-14573,NA,NA,NA,NA,NA,NA,NA,NA,NA,NA,NA,NA,NA,NA,NA,NA,NA,NA,NA,NA,NA,NA,NA,NA,NA,NA,NA,NA,NA,NA,NA,NA,NA,NA,NA,NA,NA,NA,NA,NA
2009,South Taranaki District,Other,0.846375,0.94005,0.9256500000000001,National,6.381666666666667,6.5,National,-1.4,National,586652.75,NA,NA,NA,NA,NA,NA,NA,NA,NA,NA,NA,NA,NA,NA,National,5,326537,-9.1,-32712,462401,-8.7,-43936,459775,-8.2,-41319,398498,-8.9,-38871,183330,-7.4,-14573,NA,NA,NA,NA,NA,NA,NA,NA,NA,NA,NA,NA,NA,NA,NA,NA,NA,NA,NA,NA,NA,NA,NA,NA,NA,NA,NA,NA,NA,NA,NA,NA,NA,NA,NA,NA,NA,NA,NA,NA
2009,South Waikato District,Other,0.8065249999999999,0.896625,0.948075,National,6.381666666666667,6.5,National,-1.4,National,586652.75,NA,NA,NA,NA,NA,NA,NA,NA,NA,NA,NA,NA,NA,NA,National,5,326537,-9.1,-32712,462401,-8.7,-43936,459775,-8.2,-41319,398498,-8.9,-38871,183330,-7.4,-14573,NA,NA,NA,NA,NA,NA,NA,NA,NA,NA,NA,NA,NA,NA,NA,NA,NA,NA,NA,NA,NA,NA,NA,NA,NA,NA,NA,NA,NA,NA,NA,NA,NA,NA,NA,NA,NA,NA,NA,NA
2009,South Wairarapa District,Wellington Rural,0.8576,0.9526,0.9813000000000001,National,6.381666666666667,6.5,National,-1.4,National,586652.75,NA,NA,NA,NA,NA,NA,NA,NA,NA,NA,NA,NA,NA,NA,National,5,326537,-9.1,-32712,462401,-8.7,-43936,459775,-8.2,-41319,398498,-8.9,-38871,183330,-7.4,-14573,NA,NA,NA,NA,NA,NA,NA,NA,NA,NA,NA,NA,NA,NA,NA,NA,NA,NA,NA,NA,NA,NA,NA,NA,NA,NA,NA,NA,NA,NA,NA,NA,NA,NA,NA,NA,NA,NA,NA,NA
2009,Southland,Other,0.86065,0.9555750000000001,0.974525,National,6.381666666666667,6.5,National,-1.4,National,586652.75,NA,NA,NA,NA,NA,NA,NA,NA,NA,NA,NA,NA,NA,NA,National,5,326537,-9.1,-32712,462401,-8.7,-43936,459775,-8.2,-41319,398498,-8.9,-38871,183330,-7.4,-14573,NA,NA,NA,NA,NA,NA,NA,NA,NA,NA,NA,NA,NA,NA,NA,NA,NA,NA,NA,NA,NA,NA,NA,NA,NA,NA,NA,NA,NA,NA,NA,NA,NA,NA,NA,NA,NA,NA,NA,NA
2009,Southland District,Other,0.86685,0.9635750000000001,0.9833,National,6.381666666666667,6.5,National,-1.4,National,586652.75,NA,NA,NA,NA,NA,NA,NA,NA,NA,NA,NA,NA,NA,NA,National,5,326537,-9.1,-32712,462401,-8.7,-43936,459775,-8.2,-41319,398498,-8.9,-38871,183330,-7.4,-14573,NA,NA,NA,NA,NA,NA,NA,NA,NA,NA,NA,NA,NA,NA,NA,NA,NA,NA,NA,NA,NA,NA,NA,NA,NA,NA,NA,NA,NA,NA,NA,NA,NA,NA,NA,NA,NA,NA,NA,NA
2009,Stratford District,Other,0.834875,0.925975,1.004725,National,6.381666666666667,6.5,National,-1.4,National,586652.75,NA,NA,NA,NA,NA,NA,NA,NA,NA,NA,NA,NA,NA,NA,National,5,326537,-9.1,-32712,462401,-8.7,-43936,459775,-8.2,-41319,398498,-8.9,-38871,183330,-7.4,-14573,NA,NA,NA,NA,NA,NA,NA,NA,NA,NA,NA,NA,NA,NA,NA,NA,NA,NA,NA,NA,NA,NA,NA,NA,NA,NA,NA,NA,NA,NA,NA,NA,NA,NA,NA,NA,NA,NA,NA,NA
2009,Taranaki,Other,0.838925,0.9311,0.96355,National,6.381666666666667,6.5,National,-1.4,National,586652.75,NA,NA,NA,NA,NA,NA,NA,NA,NA,NA,NA,NA,NA,NA,National,5,326537,-9.1,-32712,462401,-8.7,-43936,459775,-8.2,-41319,398498,-8.9,-38871,183330,-7.4,-14573,NA,NA,NA,NA,NA,NA,NA,NA,NA,NA,NA,NA,NA,NA,NA,NA,NA,NA,NA,NA,NA,NA,NA,NA,NA,NA,NA,NA,NA,NA,NA,NA,NA,NA,NA,NA,NA,NA,NA,NA
2009,Tararua District,Other,0.80805,0.897825,0.9754,National,6.381666666666667,6.5,National,-1.4,National,586652.75,NA,NA,NA,NA,NA,NA,NA,NA,NA,NA,NA,NA,NA,NA,National,5,326537,-9.1,-32712,462401,-8.7,-43936,459775,-8.2,-41319,398498,-8.9,-38871,183330,-7.4,-14573,NA,NA,NA,NA,NA,NA,NA,NA,NA,NA,NA,NA,NA,NA,NA,NA,NA,NA,NA,NA,NA,NA,NA,NA,NA,NA,NA,NA,NA,NA,NA,NA,NA,NA,NA,NA,NA,NA,NA,NA
2009,Tasman,Other,0.876375,0.972475,1.0143,National,6.381666666666667,6.5,National,-1.4,National,586652.75,NA,NA,NA,NA,NA,NA,NA,NA,NA,NA,NA,NA,NA,NA,National,5,326537,-9.1,-32712,462401,-8.7,-43936,459775,-8.2,-41319,398498,-8.9,-38871,183330,-7.4,-14573,NA,NA,NA,NA,NA,NA,NA,NA,NA,NA,NA,NA,NA,NA,NA,NA,NA,NA,NA,NA,NA,NA,NA,NA,NA,NA,NA,NA,NA,NA,NA,NA,NA,NA,NA,NA,NA,NA,NA,NA
2009,Tasman District,Other,0.876375,0.972475,1.014125,National,6.381666666666667,6.5,National,-1.4,National,586652.75,NA,NA,NA,NA,NA,NA,NA,NA,NA,NA,NA,NA,NA,NA,National,5,326537,-9.1,-32712,462401,-8.7,-43936,459775,-8.2,-41319,398498,-8.9,-38871,183330,-7.4,-14573,NA,NA,NA,NA,NA,NA,NA,NA,NA,NA,NA,NA,NA,NA,NA,NA,NA,NA,NA,NA,NA,NA,NA,NA,NA,NA,NA,NA,NA,NA,NA,NA,NA,NA,NA,NA,NA,NA,NA,NA
2009,Taupo District,Other,0.836125,0.9287,1.003875,National,6.381666666666667,6.5,National,-1.4,National,586652.75,NA,NA,NA,NA,NA,NA,NA,NA,NA,NA,NA,NA,NA,NA,National,5,326537,-9.1,-32712,462401,-8.7,-43936,459775,-8.2,-41319,398498,-8.9,-38871,183330,-7.4,-14573,NA,NA,NA,NA,NA,NA,NA,NA,NA,NA,NA,NA,NA,NA,NA,NA,NA,NA,NA,NA,NA,NA,NA,NA,NA,NA,NA,NA,NA,NA,NA,NA,NA,NA,NA,NA,NA,NA,NA,NA
2009,Tauranga City,Other,0.83335,0.925725,0.999325,National,6.381666666666667,6.5,National,-1.4,National,586652.75,NA,NA,NA,NA,NA,NA,NA,NA,NA,NA,NA,NA,NA,NA,National,5,326537,-9.1,-32712,462401,-8.7,-43936,459775,-8.2,-41319,398498,-8.9,-38871,183330,-7.4,-14573,NA,NA,NA,NA,NA,NA,NA,NA,NA,NA,NA,NA,NA,NA,NA,NA,NA,NA,NA,NA,NA,NA,NA,NA,NA,NA,NA,NA,NA,NA,NA,NA,NA,NA,NA,NA,NA,NA,NA,NA
2009,Thames Coromandel District,Other,0.84855,0.9425,1.019525,National,6.381666666666667,6.5,National,-1.4,National,586652.75,NA,NA,NA,NA,NA,NA,NA,NA,NA,NA,NA,NA,NA,NA,National,5,326537,-9.1,-32712,462401,-8.7,-43936,459775,-8.2,-41319,398498,-8.9,-38871,183330,-7.4,-14573,NA,NA,NA,NA,NA,NA,NA,NA,NA,NA,NA,NA,NA,NA,NA,NA,NA,NA,NA,NA,NA,NA,NA,NA,NA,NA,NA,NA,NA,NA,NA,NA,NA,NA,NA,NA,NA,NA,NA,NA
2009,Timaru District,Canterbury Rural,0.87035,0.966225,1.007025,National,6.381666666666667,6.5,National,-1.4,National,586652.75,NA,NA,NA,NA,NA,NA,NA,NA,NA,NA,NA,NA,NA,NA,National,5,326537,-9.1,-32712,462401,-8.7,-43936,459775,-8.2,-41319,398498,-8.9,-38871,183330,-7.4,-14573,NA,NA,NA,NA,NA,NA,NA,NA,NA,NA,NA,NA,NA,NA,NA,NA,NA,NA,NA,NA,NA,NA,NA,NA,NA,NA,NA,NA,NA,NA,NA,NA,NA,NA,NA,NA,NA,NA,NA,NA
2009,Upper Hutt City,Wellington Urban,0.83255,0.92435,0.9637249999999999,National,6.381666666666667,6.5,National,-1.4,National,586652.75,NA,NA,NA,NA,NA,NA,NA,NA,NA,NA,NA,NA,NA,NA,National,5,326537,-9.1,-32712,462401,-8.7,-43936,459775,-8.2,-41319,398498,-8.9,-38871,183330,-7.4,-14573,NA,NA,NA,NA,NA,NA,NA,NA,NA,NA,NA,NA,NA,NA,NA,NA,NA,NA,NA,NA,NA,NA,NA,NA,NA,NA,NA,NA,NA,NA,NA,NA,NA,NA,NA,NA,NA,NA,NA,NA
2009,Waikato,Other,0.8327249999999999,0.925025,0.9823999999999999,National,6.381666666666667,6.5,National,-1.4,National,586652.75,NA,NA,NA,NA,NA,NA,NA,NA,NA,NA,NA,NA,NA,NA,National,5,326537,-9.1,-32712,462401,-8.7,-43936,459775,-8.2,-41319,398498,-8.9,-38871,183330,-7.4,-14573,NA,NA,NA,NA,NA,NA,NA,NA,NA,NA,NA,NA,NA,NA,NA,NA,NA,NA,NA,NA,NA,NA,NA,NA,NA,NA,NA,NA,NA,NA,NA,NA,NA,NA,NA,NA,NA,NA,NA,NA
2009,Waikato District,Other,0.87925,0.9766,1.0044,National,6.381666666666667,6.5,National,-1.4,National,586652.75,NA,NA,NA,NA,NA,NA,NA,NA,NA,NA,NA,NA,NA,NA,National,5,326537,-9.1,-32712,462401,-8.7,-43936,459775,-8.2,-41319,398498,-8.9,-38871,183330,-7.4,-14573,NA,NA,NA,NA,NA,NA,NA,NA,NA,NA,NA,NA,NA,NA,NA,NA,NA,NA,NA,NA,NA,NA,NA,NA,NA,NA,NA,NA,NA,NA,NA,NA,NA,NA,NA,NA,NA,NA,NA,NA
2009,Waimakariri District,Canterbury Rural,0.9675499999999999,1.073975,1.0526499999999999,National,6.381666666666667,6.5,National,-1.4,National,586652.75,NA,NA,NA,NA,NA,NA,NA,NA,NA,NA,NA,NA,NA,NA,National,5,326537,-9.1,-32712,462401,-8.7,-43936,459775,-8.2,-41319,398498,-8.9,-38871,183330,-7.4,-14573,NA,NA,NA,NA,NA,NA,NA,NA,NA,NA,NA,NA,NA,NA,NA,NA,NA,NA,NA,NA,NA,NA,NA,NA,NA,NA,NA,NA,NA,NA,NA,NA,NA,NA,NA,NA,NA,NA,NA,NA
2009,Waimate District,Canterbury Rural,0.831925,0.9238999999999999,1.005225,National,6.381666666666667,6.5,National,-1.4,National,586652.75,NA,NA,NA,NA,NA,NA,NA,NA,NA,NA,NA,NA,NA,NA,National,5,326537,-9.1,-32712,462401,-8.7,-43936,459775,-8.2,-41319,398498,-8.9,-38871,183330,-7.4,-14573,NA,NA,NA,NA,NA,NA,NA,NA,NA,NA,NA,NA,NA,NA,NA,NA,NA,NA,NA,NA,NA,NA,NA,NA,NA,NA,NA,NA,NA,NA,NA,NA,NA,NA,NA,NA,NA,NA,NA,NA
2009,Waipa District,Other,0.82005,0.9109,0.97905,National,6.381666666666667,6.5,National,-1.4,National,586652.75,NA,NA,NA,NA,NA,NA,NA,NA,NA,NA,NA,NA,NA,NA,National,5,326537,-9.1,-32712,462401,-8.7,-43936,459775,-8.2,-41319,398498,-8.9,-38871,183330,-7.4,-14573,NA,NA,NA,NA,NA,NA,NA,NA,NA,NA,NA,NA,NA,NA,NA,NA,NA,NA,NA,NA,NA,NA,NA,NA,NA,NA,NA,NA,NA,NA,NA,NA,NA,NA,NA,NA,NA,NA,NA,NA
2009,Wairoa District,Other,0.8172999999999999,0.9102,1.031875,National,6.381666666666667,6.5,National,-1.4,National,586652.75,NA,NA,NA,NA,NA,NA,NA,NA,NA,NA,NA,NA,NA,NA,National,5,326537,-9.1,-32712,462401,-8.7,-43936,459775,-8.2,-41319,398498,-8.9,-38871,183330,-7.4,-14573,NA,NA,NA,NA,NA,NA,NA,NA,NA,NA,NA,NA,NA,NA,NA,NA,NA,NA,NA,NA,NA,NA,NA,NA,NA,NA,NA,NA,NA,NA,NA,NA,NA,NA,NA,NA,NA,NA,NA,NA
2009,Waitaki District,Other,0.8658,0.961775,1.0085250000000001,National,6.381666666666667,6.5,National,-1.4,National,586652.75,NA,NA,NA,NA,NA,NA,NA,NA,NA,NA,NA,NA,NA,NA,National,5,326537,-9.1,-32712,462401,-8.7,-43936,459775,-8.2,-41319,398498,-8.9,-38871,183330,-7.4,-14573,NA,NA,NA,NA,NA,NA,NA,NA,NA,NA,NA,NA,NA,NA,NA,NA,NA,NA,NA,NA,NA,NA,NA,NA,NA,NA,NA,NA,NA,NA,NA,NA,NA,NA,NA,NA,NA,NA,NA,NA
2009,Waitomo District,Other,0.776875,0.86015,0.94455,National,6.381666666666667,6.5,National,-1.4,National,586652.75,NA,NA,NA,NA,NA,NA,NA,NA,NA,NA,NA,NA,NA,NA,National,5,326537,-9.1,-32712,462401,-8.7,-43936,459775,-8.2,-41319,398498,-8.9,-38871,183330,-7.4,-14573,NA,NA,NA,NA,NA,NA,NA,NA,NA,NA,NA,NA,NA,NA,NA,NA,NA,NA,NA,NA,NA,NA,NA,NA,NA,NA,NA,NA,NA,NA,NA,NA,NA,NA,NA,NA,NA,NA,NA,NA
2009,Wellington,Wellington Rural,0.8546750000000001,0.948575,1.00675,National,6.381666666666667,6.5,National,-1.4,National,586652.75,NA,NA,NA,NA,NA,NA,NA,NA,NA,NA,NA,NA,NA,NA,National,5,326537,-9.1,-32712,462401,-8.7,-43936,459775,-8.2,-41319,398498,-8.9,-38871,183330,-7.4,-14573,NA,NA,NA,NA,NA,NA,NA,NA,NA,NA,NA,NA,NA,NA,NA,NA,NA,NA,NA,NA,NA,NA,NA,NA,NA,NA,NA,NA,NA,NA,NA,NA,NA,NA,NA,NA,NA,NA,NA,NA
2009,Wellington City,Wellington Urban,0.862575,0.95735,1.0237500000000002,National,6.381666666666667,6.5,National,-1.4,National,586652.75,NA,NA,NA,NA,NA,NA,NA,NA,NA,NA,NA,NA,NA,NA,National,5,326537,-9.1,-32712,462401,-8.7,-43936,459775,-8.2,-41319,398498,-8.9,-38871,183330,-7.4,-14573,NA,NA,NA,NA,NA,NA,NA,NA,NA,NA,NA,NA,NA,NA,NA,NA,NA,NA,NA,NA,NA,NA,NA,NA,NA,NA,NA,NA,NA,NA,NA,NA,NA,NA,NA,NA,NA,NA,NA,NA
2009,West Coast,Other,0.8396250000000001,0.9339,0.9517249999999999,National,6.381666666666667,6.5,National,-1.4,National,586652.75,NA,NA,NA,NA,NA,NA,NA,NA,NA,NA,NA,NA,NA,NA,National,5,326537,-9.1,-32712,462401,-8.7,-43936,459775,-8.2,-41319,398498,-8.9,-38871,183330,-7.4,-14573,NA,NA,NA,NA,NA,NA,NA,NA,NA,NA,NA,NA,NA,NA,NA,NA,NA,NA,NA,NA,NA,NA,NA,NA,NA,NA,NA,NA,NA,NA,NA,NA,NA,NA,NA,NA,NA,NA,NA,NA
2009,Western Bay of Plenty District,Other,0.82955,0.9203749999999999,1.024225,National,6.381666666666667,6.5,National,-1.4,National,586652.75,NA,NA,NA,NA,NA,NA,NA,NA,NA,NA,NA,NA,NA,NA,National,5,326537,-9.1,-32712,462401,-8.7,-43936,459775,-8.2,-41319,398498,-8.9,-38871,183330,-7.4,-14573,NA,NA,NA,NA,NA,NA,NA,NA,NA,NA,NA,NA,NA,NA,NA,NA,NA,NA,NA,NA,NA,NA,NA,NA,NA,NA,NA,NA,NA,NA,NA,NA,NA,NA,NA,NA,NA,NA,NA,NA
2009,Westland District,Other,0.781925,0.870575,0.9737,National,6.381666666666667,6.5,National,-1.4,National,586652.75,NA,NA,NA,NA,NA,NA,NA,NA,NA,NA,NA,NA,NA,NA,National,5,326537,-9.1,-32712,462401,-8.7,-43936,459775,-8.2,-41319,398498,-8.9,-38871,183330,-7.4,-14573,NA,NA,NA,NA,NA,NA,NA,NA,NA,NA,NA,NA,NA,NA,NA,NA,NA,NA,NA,NA,NA,NA,NA,NA,NA,NA,NA,NA,NA,NA,NA,NA,NA,NA,NA,NA,NA,NA,NA,NA
2009,Whakatane District,Other,0.8220000000000001,0.912875,1.00055,National,6.381666666666667,6.5,National,-1.4,National,586652.75,NA,NA,NA,NA,NA,NA,NA,NA,NA,NA,NA,NA,NA,NA,National,5,326537,-9.1,-32712,462401,-8.7,-43936,459775,-8.2,-41319,398498,-8.9,-38871,183330,-7.4,-14573,NA,NA,NA,NA,NA,NA,NA,NA,NA,NA,NA,NA,NA,NA,NA,NA,NA,NA,NA,NA,NA,NA,NA,NA,NA,NA,NA,NA,NA,NA,NA,NA,NA,NA,NA,NA,NA,NA,NA,NA
2009,Whanganui District,Other,0.813,0.902875,1.00395,National,6.381666666666667,6.5,National,-1.4,National,586652.75,NA,NA,NA,NA,NA,NA,NA,NA,NA,NA,NA,NA,NA,NA,National,5,326537,-9.1,-32712,462401,-8.7,-43936,459775,-8.2,-41319,398498,-8.9,-38871,183330,-7.4,-14573,NA,NA,NA,NA,NA,NA,NA,NA,NA,NA,NA,NA,NA,NA,NA,NA,NA,NA,NA,NA,NA,NA,NA,NA,NA,NA,NA,NA,NA,NA,NA,NA,NA,NA,NA,NA,NA,NA,NA,NA
2009,Whangarei District,Other,0.835325,0.92805,0.9854499999999999,National,6.381666666666667,6.5,National,-1.4,National,586652.75,NA,NA,NA,NA,NA,NA,NA,NA,NA,NA,NA,NA,NA,NA,National,5,326537,-9.1,-32712,462401,-8.7,-43936,459775,-8.2,-41319,398498,-8.9,-38871,183330,-7.4,-14573,NA,NA,NA,NA,NA,NA,NA,NA,NA,NA,NA,NA,NA,NA,NA,NA,NA,NA,NA,NA,NA,NA,NA,NA,NA,NA,NA,NA,NA,NA,NA,NA,NA,NA,NA,NA,NA,NA,NA,NA
2010,Ashburton District,Canterbury Rural,0.857525,1.0217749999999999,0.99425,National,6.161666666666667,6.9558333333333335,National,2.025,National,603659.25,NA,NA,NA,NA,NA,NA,NA,NA,NA,NA,NA,NA,NA,NA,National,6,349609,7.1,23072,504597,9.1,42196,490488,6.7,30713,434849,9.1,36351,188986,3.1,5656,NA,NA,NA,NA,NA,NA,NA,NA,NA,NA,NA,NA,NA,NA,NA,NA,NA,NA,NA,NA,NA,NA,NA,NA,NA,NA,NA,NA,NA,NA,NA,NA,NA,NA,NA,NA,NA,NA,NA,NA
2010,Auckland,Auckland Urban,0.8596,1.0244875,1.04595,National,6.161666666666667,6.9558333333333335,National,2.025,National,603659.25,NA,NA,NA,NA,NA,NA,NA,NA,NA,NA,NA,NA,NA,NA,National,6,349609,7.1,23072,504597,9.1,42196,490488,6.7,30713,434849,9.1,36351,188986,3.1,5656,NA,NA,NA,NA,NA,NA,NA,NA,NA,NA,NA,NA,NA,NA,NA,NA,NA,NA,NA,NA,NA,NA,NA,NA,NA,NA,NA,NA,NA,NA,NA,NA,NA,NA,NA,NA,NA,NA,NA,NA
2010,Bay of Plenty,Other,0.795525,0.94795,0.995775,National,6.161666666666667,6.9558333333333335,National,2.025,National,603659.25,NA,NA,NA,NA,NA,NA,NA,NA,NA,NA,NA,NA,NA,NA,National,6,349609,7.1,23072,504597,9.1,42196,490488,6.7,30713,434849,9.1,36351,188986,3.1,5656,NA,NA,NA,NA,NA,NA,NA,NA,NA,NA,NA,NA,NA,NA,NA,NA,NA,NA,NA,NA,NA,NA,NA,NA,NA,NA,NA,NA,NA,NA,NA,NA,NA,NA,NA,NA,NA,NA,NA,NA
2010,Buller District,Other,0.84565,1.007075,1.017575,National,6.161666666666667,6.9558333333333335,National,2.025,National,603659.25,NA,NA,NA,NA,NA,NA,NA,NA,NA,NA,NA,NA,NA,NA,National,6,349609,7.1,23072,504597,9.1,42196,490488,6.7,30713,434849,9.1,36351,188986,3.1,5656,NA,NA,NA,NA,NA,NA,NA,NA,NA,NA,NA,NA,NA,NA,NA,NA,NA,NA,NA,NA,NA,NA,NA,NA,NA,NA,NA,NA,NA,NA,NA,NA,NA,NA,NA,NA,NA,NA,NA,NA
2010,Canterbury,Canterbury Rural,0.832325,0.9918500000000001,1.033625,National,6.161666666666667,6.9558333333333335,National,2.025,National,603659.25,NA,NA,NA,NA,NA,NA,NA,NA,NA,NA,NA,NA,NA,NA,National,6,349609,7.1,23072,504597,9.1,42196,490488,6.7,30713,434849,9.1,36351,188986,3.1,5656,NA,NA,NA,NA,NA,NA,NA,NA,NA,NA,NA,NA,NA,NA,NA,NA,NA,NA,NA,NA,NA,NA,NA,NA,NA,NA,NA,NA,NA,NA,NA,NA,NA,NA,NA,NA,NA,NA,NA,NA
2010,Carterton District,Wellington Rural,0.753375,0.89755,0.957575,National,6.161666666666667,6.9558333333333335,National,2.025,National,603659.25,NA,NA,NA,NA,NA,NA,NA,NA,NA,NA,NA,NA,NA,NA,National,6,349609,7.1,23072,504597,9.1,42196,490488,6.7,30713,434849,9.1,36351,188986,3.1,5656,NA,NA,NA,NA,NA,NA,NA,NA,NA,NA,NA,NA,NA,NA,NA,NA,NA,NA,NA,NA,NA,NA,NA,NA,NA,NA,NA,NA,NA,NA,NA,NA,NA,NA,NA,NA,NA,NA,NA,NA
2010,Central Hawkes Bay District,Other,0.819175,0.9760500000000001,0.93425,National,6.161666666666667,6.9558333333333335,National,2.025,National,603659.25,NA,NA,NA,NA,NA,NA,NA,NA,NA,NA,NA,NA,NA,NA,National,6,349609,7.1,23072,504597,9.1,42196,490488,6.7,30713,434849,9.1,36351,188986,3.1,5656,NA,NA,NA,NA,NA,NA,NA,NA,NA,NA,NA,NA,NA,NA,NA,NA,NA,NA,NA,NA,NA,NA,NA,NA,NA,NA,NA,NA,NA,NA,NA,NA,NA,NA,NA,NA,NA,NA,NA,NA
2010,Central Otago District,Other,0.806975,0.961625,0.9704,National,6.161666666666667,6.9558333333333335,National,2.025,National,603659.25,NA,NA,NA,NA,NA,NA,NA,NA,NA,NA,NA,NA,NA,NA,National,6,349609,7.1,23072,504597,9.1,42196,490488,6.7,30713,434849,9.1,36351,188986,3.1,5656,NA,NA,NA,NA,NA,NA,NA,NA,NA,NA,NA,NA,NA,NA,NA,NA,NA,NA,NA,NA,NA,NA,NA,NA,NA,NA,NA,NA,NA,NA,NA,NA,NA,NA,NA,NA,NA,NA,NA,NA
2010,Christchurch City,Canterbury Urban,0.81545,0.971725,1.031675,National,6.161666666666667,6.9558333333333335,National,2.025,National,603659.25,NA,NA,NA,NA,NA,NA,NA,NA,NA,NA,NA,NA,NA,NA,National,6,349609,7.1,23072,504597,9.1,42196,490488,6.7,30713,434849,9.1,36351,188986,3.1,5656,NA,NA,NA,NA,NA,NA,NA,NA,NA,NA,NA,NA,NA,NA,NA,NA,NA,NA,NA,NA,NA,NA,NA,NA,NA,NA,NA,NA,NA,NA,NA,NA,NA,NA,NA,NA,NA,NA,NA,NA
2010,Clutha District,Other,0.74835,0.891575,1.0028000000000001,National,6.161666666666667,6.9558333333333335,National,2.025,National,603659.25,NA,NA,NA,NA,NA,NA,NA,NA,NA,NA,NA,NA,NA,NA,National,6,349609,7.1,23072,504597,9.1,42196,490488,6.7,30713,434849,9.1,36351,188986,3.1,5656,NA,NA,NA,NA,NA,NA,NA,NA,NA,NA,NA,NA,NA,NA,NA,NA,NA,NA,NA,NA,NA,NA,NA,NA,NA,NA,NA,NA,NA,NA,NA,NA,NA,NA,NA,NA,NA,NA,NA,NA
2010,Dunedin City,Other,0.807025,0.961625,1.115475,National,6.161666666666667,6.9558333333333335,National,2.025,National,603659.25,NA,NA,NA,NA,NA,NA,NA,NA,NA,NA,NA,NA,NA,NA,National,6,349609,7.1,23072,504597,9.1,42196,490488,6.7,30713,434849,9.1,36351,188986,3.1,5656,NA,NA,NA,NA,NA,NA,NA,NA,NA,NA,NA,NA,NA,NA,NA,NA,NA,NA,NA,NA,NA,NA,NA,NA,NA,NA,NA,NA,NA,NA,NA,NA,NA,NA,NA,NA,NA,NA,NA,NA
2010,Far North District,Other,0.773825,0.921375,1.019725,National,6.161666666666667,6.9558333333333335,National,2.025,National,603659.25,NA,NA,NA,NA,NA,NA,NA,NA,NA,NA,NA,NA,NA,NA,National,6,349609,7.1,23072,504597,9.1,42196,490488,6.7,30713,434849,9.1,36351,188986,3.1,5656,NA,NA,NA,NA,NA,NA,NA,NA,NA,NA,NA,NA,NA,NA,NA,NA,NA,NA,NA,NA,NA,NA,NA,NA,NA,NA,NA,NA,NA,NA,NA,NA,NA,NA,NA,NA,NA,NA,NA,NA
2010,Gisborne,Other,0.766125,0.912975,1.0014,National,6.161666666666667,6.9558333333333335,National,2.025,National,603659.25,NA,NA,NA,NA,NA,NA,NA,NA,NA,NA,NA,NA,NA,NA,National,6,349609,7.1,23072,504597,9.1,42196,490488,6.7,30713,434849,9.1,36351,188986,3.1,5656,NA,NA,NA,NA,NA,NA,NA,NA,NA,NA,NA,NA,NA,NA,NA,NA,NA,NA,NA,NA,NA,NA,NA,NA,NA,NA,NA,NA,NA,NA,NA,NA,NA,NA,NA,NA,NA,NA,NA,NA
2010,Gisborne District,Other,0.766125,0.912975,1.0014,National,6.161666666666667,6.9558333333333335,National,2.025,National,603659.25,NA,NA,NA,NA,NA,NA,NA,NA,NA,NA,NA,NA,NA,NA,National,6,349609,7.1,23072,504597,9.1,42196,490488,6.7,30713,434849,9.1,36351,188986,3.1,5656,NA,NA,NA,NA,NA,NA,NA,NA,NA,NA,NA,NA,NA,NA,NA,NA,NA,NA,NA,NA,NA,NA,NA,NA,NA,NA,NA,NA,NA,NA,NA,NA,NA,NA,NA,NA,NA,NA,NA,NA
2010,Gore District,Other,0.8584499999999999,1.0234,0.9927,National,6.161666666666667,6.9558333333333335,National,2.025,National,603659.25,NA,NA,NA,NA,NA,NA,NA,NA,NA,NA,NA,NA,NA,NA,National,6,349609,7.1,23072,504597,9.1,42196,490488,6.7,30713,434849,9.1,36351,188986,3.1,5656,NA,NA,NA,NA,NA,NA,NA,NA,NA,NA,NA,NA,NA,NA,NA,NA,NA,NA,NA,NA,NA,NA,NA,NA,NA,NA,NA,NA,NA,NA,NA,NA,NA,NA,NA,NA,NA,NA,NA,NA
2010,Grey District,Other,0.7585500000000001,0.903725,0.9378,National,6.161666666666667,6.9558333333333335,National,2.025,National,603659.25,NA,NA,NA,NA,NA,NA,NA,NA,NA,NA,NA,NA,NA,NA,National,6,349609,7.1,23072,504597,9.1,42196,490488,6.7,30713,434849,9.1,36351,188986,3.1,5656,NA,NA,NA,NA,NA,NA,NA,NA,NA,NA,NA,NA,NA,NA,NA,NA,NA,NA,NA,NA,NA,NA,NA,NA,NA,NA,NA,NA,NA,NA,NA,NA,NA,NA,NA,NA,NA,NA,NA,NA
2010,Hamilton City,Other,0.8033,0.956975,0.979825,National,6.161666666666667,6.9558333333333335,National,2.025,National,603659.25,NA,NA,NA,NA,NA,NA,NA,NA,NA,NA,NA,NA,NA,NA,National,6,349609,7.1,23072,504597,9.1,42196,490488,6.7,30713,434849,9.1,36351,188986,3.1,5656,NA,NA,NA,NA,NA,NA,NA,NA,NA,NA,NA,NA,NA,NA,NA,NA,NA,NA,NA,NA,NA,NA,NA,NA,NA,NA,NA,NA,NA,NA,NA,NA,NA,NA,NA,NA,NA,NA,NA,NA
2010,Hastings District,Other,0.797175,0.950125,0.986,National,6.161666666666667,6.9558333333333335,National,2.025,National,603659.25,NA,NA,NA,NA,NA,NA,NA,NA,NA,NA,NA,NA,NA,NA,National,6,349609,7.1,23072,504597,9.1,42196,490488,6.7,30713,434849,9.1,36351,188986,3.1,5656,NA,NA,NA,NA,NA,NA,NA,NA,NA,NA,NA,NA,NA,NA,NA,NA,NA,NA,NA,NA,NA,NA,NA,NA,NA,NA,NA,NA,NA,NA,NA,NA,NA,NA,NA,NA,NA,NA,NA,NA
2010,Hauraki District,Other,0.83885,0.999825,0.9875,National,6.161666666666667,6.9558333333333335,National,2.025,National,603659.25,NA,NA,NA,NA,NA,NA,NA,NA,NA,NA,NA,NA,NA,NA,National,6,349609,7.1,23072,504597,9.1,42196,490488,6.7,30713,434849,9.1,36351,188986,3.1,5656,NA,NA,NA,NA,NA,NA,NA,NA,NA,NA,NA,NA,NA,NA,NA,NA,NA,NA,NA,NA,NA,NA,NA,NA,NA,NA,NA,NA,NA,NA,NA,NA,NA,NA,NA,NA,NA,NA,NA,NA
2010,Hawke's Bay,Other,0.788925,0.940175,0.9789,National,6.161666666666667,6.9558333333333335,National,2.025,National,603659.25,NA,NA,NA,NA,NA,NA,NA,NA,NA,NA,NA,NA,NA,NA,National,6,349609,7.1,23072,504597,9.1,42196,490488,6.7,30713,434849,9.1,36351,188986,3.1,5656,NA,NA,NA,NA,NA,NA,NA,NA,NA,NA,NA,NA,NA,NA,NA,NA,NA,NA,NA,NA,NA,NA,NA,NA,NA,NA,NA,NA,NA,NA,NA,NA,NA,NA,NA,NA,NA,NA,NA,NA
2010,Horowhenua District,Other,0.76475,0.910975,0.9645,National,6.161666666666667,6.9558333333333335,National,2.025,National,603659.25,NA,NA,NA,NA,NA,NA,NA,NA,NA,NA,NA,NA,NA,NA,National,6,349609,7.1,23072,504597,9.1,42196,490488,6.7,30713,434849,9.1,36351,188986,3.1,5656,NA,NA,NA,NA,NA,NA,NA,NA,NA,NA,NA,NA,NA,NA,NA,NA,NA,NA,NA,NA,NA,NA,NA,NA,NA,NA,NA,NA,NA,NA,NA,NA,NA,NA,NA,NA,NA,NA,NA,NA
2010,Hurunui District,Canterbury Rural,0.82695,0.985275,1.0662,National,6.161666666666667,6.9558333333333335,National,2.025,National,603659.25,NA,NA,NA,NA,NA,NA,NA,NA,NA,NA,NA,NA,NA,NA,National,6,349609,7.1,23072,504597,9.1,42196,490488,6.7,30713,434849,9.1,36351,188986,3.1,5656,NA,NA,NA,NA,NA,NA,NA,NA,NA,NA,NA,NA,NA,NA,NA,NA,NA,NA,NA,NA,NA,NA,NA,NA,NA,NA,NA,NA,NA,NA,NA,NA,NA,NA,NA,NA,NA,NA,NA,NA
2010,Hutt City,Wellington Urban,0.7797499999999999,0.928975,0.9755750000000001,National,6.161666666666667,6.9558333333333335,National,2.025,National,603659.25,NA,NA,NA,NA,NA,NA,NA,NA,NA,NA,NA,NA,NA,NA,National,6,349609,7.1,23072,504597,9.1,42196,490488,6.7,30713,434849,9.1,36351,188986,3.1,5656,NA,NA,NA,NA,NA,NA,NA,NA,NA,NA,NA,NA,NA,NA,NA,NA,NA,NA,NA,NA,NA,NA,NA,NA,NA,NA,NA,NA,NA,NA,NA,NA,NA,NA,NA,NA,NA,NA,NA,NA
2010,Invercargill City,Other,0.796275,0.94855,0.97075,National,6.161666666666667,6.9558333333333335,National,2.025,National,603659.25,NA,NA,NA,NA,NA,NA,NA,NA,NA,NA,NA,NA,NA,NA,National,6,349609,7.1,23072,504597,9.1,42196,490488,6.7,30713,434849,9.1,36351,188986,3.1,5656,NA,NA,NA,NA,NA,NA,NA,NA,NA,NA,NA,NA,NA,NA,NA,NA,NA,NA,NA,NA,NA,NA,NA,NA,NA,NA,NA,NA,NA,NA,NA,NA,NA,NA,NA,NA,NA,NA,NA,NA
2010,Kaikoura District,Other,0.7450249999999999,0.88795,0.9768,National,6.161666666666667,6.9558333333333335,National,2.025,National,603659.25,NA,NA,NA,NA,NA,NA,NA,NA,NA,NA,NA,NA,NA,NA,National,6,349609,7.1,23072,504597,9.1,42196,490488,6.7,30713,434849,9.1,36351,188986,3.1,5656,NA,NA,NA,NA,NA,NA,NA,NA,NA,NA,NA,NA,NA,NA,NA,NA,NA,NA,NA,NA,NA,NA,NA,NA,NA,NA,NA,NA,NA,NA,NA,NA,NA,NA,NA,NA,NA,NA,NA,NA
2010,Kaipara District,Other,0.743125,0.8854,1.0250249999999999,National,6.161666666666667,6.9558333333333335,National,2.025,National,603659.25,NA,NA,NA,NA,NA,NA,NA,NA,NA,NA,NA,NA,NA,NA,National,6,349609,7.1,23072,504597,9.1,42196,490488,6.7,30713,434849,9.1,36351,188986,3.1,5656,NA,NA,NA,NA,NA,NA,NA,NA,NA,NA,NA,NA,NA,NA,NA,NA,NA,NA,NA,NA,NA,NA,NA,NA,NA,NA,NA,NA,NA,NA,NA,NA,NA,NA,NA,NA,NA,NA,NA,NA
2010,Kapiti Coast District,Wellington Rural,0.807225,0.961725,0.9948,National,6.161666666666667,6.9558333333333335,National,2.025,National,603659.25,NA,NA,NA,NA,NA,NA,NA,NA,NA,NA,NA,NA,NA,NA,National,6,349609,7.1,23072,504597,9.1,42196,490488,6.7,30713,434849,9.1,36351,188986,3.1,5656,NA,NA,NA,NA,NA,NA,NA,NA,NA,NA,NA,NA,NA,NA,NA,NA,NA,NA,NA,NA,NA,NA,NA,NA,NA,NA,NA,NA,NA,NA,NA,NA,NA,NA,NA,NA,NA,NA,NA,NA
2010,Kawerau District,Other,0.793375,0.946175,1.057675,National,6.161666666666667,6.9558333333333335,National,2.025,National,603659.25,NA,NA,NA,NA,NA,NA,NA,NA,NA,NA,NA,NA,NA,NA,National,6,349609,7.1,23072,504597,9.1,42196,490488,6.7,30713,434849,9.1,36351,188986,3.1,5656,NA,NA,NA,NA,NA,NA,NA,NA,NA,NA,NA,NA,NA,NA,NA,NA,NA,NA,NA,NA,NA,NA,NA,NA,NA,NA,NA,NA,NA,NA,NA,NA,NA,NA,NA,NA,NA,NA,NA,NA
2010,MacKenzie District,Canterbury Rural,0.806725,0.9612,1.174125,National,6.161666666666667,6.9558333333333335,National,2.025,National,603659.25,NA,NA,NA,NA,NA,NA,NA,NA,NA,NA,NA,NA,NA,NA,National,6,349609,7.1,23072,504597,9.1,42196,490488,6.7,30713,434849,9.1,36351,188986,3.1,5656,NA,NA,NA,NA,NA,NA,NA,NA,NA,NA,NA,NA,NA,NA,NA,NA,NA,NA,NA,NA,NA,NA,NA,NA,NA,NA,NA,NA,NA,NA,NA,NA,NA,NA,NA,NA,NA,NA,NA,NA
2010,Manawatu District,Other,0.814775,0.97065,1.01525,National,6.161666666666667,6.9558333333333335,National,2.025,National,603659.25,NA,NA,NA,NA,NA,NA,NA,NA,NA,NA,NA,NA,NA,NA,National,6,349609,7.1,23072,504597,9.1,42196,490488,6.7,30713,434849,9.1,36351,188986,3.1,5656,NA,NA,NA,NA,NA,NA,NA,NA,NA,NA,NA,NA,NA,NA,NA,NA,NA,NA,NA,NA,NA,NA,NA,NA,NA,NA,NA,NA,NA,NA,NA,NA,NA,NA,NA,NA,NA,NA,NA,NA
2010,Manawatu-Wanganui,Other,0.80025,0.9535,1.00325,National,6.161666666666667,6.9558333333333335,National,2.025,National,603659.25,NA,NA,NA,NA,NA,NA,NA,NA,NA,NA,NA,NA,NA,NA,National,6,349609,7.1,23072,504597,9.1,42196,490488,6.7,30713,434849,9.1,36351,188986,3.1,5656,NA,NA,NA,NA,NA,NA,NA,NA,NA,NA,NA,NA,NA,NA,NA,NA,NA,NA,NA,NA,NA,NA,NA,NA,NA,NA,NA,NA,NA,NA,NA,NA,NA,NA,NA,NA,NA,NA,NA,NA
2010,Marlborough,Other,0.79905,0.951875,0.975975,National,6.161666666666667,6.9558333333333335,National,2.025,National,603659.25,NA,NA,NA,NA,NA,NA,NA,NA,NA,NA,NA,NA,NA,NA,National,6,349609,7.1,23072,504597,9.1,42196,490488,6.7,30713,434849,9.1,36351,188986,3.1,5656,NA,NA,NA,NA,NA,NA,NA,NA,NA,NA,NA,NA,NA,NA,NA,NA,NA,NA,NA,NA,NA,NA,NA,NA,NA,NA,NA,NA,NA,NA,NA,NA,NA,NA,NA,NA,NA,NA,NA,NA
2010,Marlborough District,Other,0.79905,0.951875,0.975975,National,6.161666666666667,6.9558333333333335,National,2.025,National,603659.25,NA,NA,NA,NA,NA,NA,NA,NA,NA,NA,NA,NA,NA,NA,National,6,349609,7.1,23072,504597,9.1,42196,490488,6.7,30713,434849,9.1,36351,188986,3.1,5656,NA,NA,NA,NA,NA,NA,NA,NA,NA,NA,NA,NA,NA,NA,NA,NA,NA,NA,NA,NA,NA,NA,NA,NA,NA,NA,NA,NA,NA,NA,NA,NA,NA,NA,NA,NA,NA,NA,NA,NA
2010,Masterton District,Wellington Rural,0.778975,0.9281,0.99775,National,6.161666666666667,6.9558333333333335,National,2.025,National,603659.25,NA,NA,NA,NA,NA,NA,NA,NA,NA,NA,NA,NA,NA,NA,National,6,349609,7.1,23072,504597,9.1,42196,490488,6.7,30713,434849,9.1,36351,188986,3.1,5656,NA,NA,NA,NA,NA,NA,NA,NA,NA,NA,NA,NA,NA,NA,NA,NA,NA,NA,NA,NA,NA,NA,NA,NA,NA,NA,NA,NA,NA,NA,NA,NA,NA,NA,NA,NA,NA,NA,NA,NA
2010,Matamata Piako District,Other,0.771225,0.91905,1.00055,National,6.161666666666667,6.9558333333333335,National,2.025,National,603659.25,NA,NA,NA,NA,NA,NA,NA,NA,NA,NA,NA,NA,NA,NA,National,6,349609,7.1,23072,504597,9.1,42196,490488,6.7,30713,434849,9.1,36351,188986,3.1,5656,NA,NA,NA,NA,NA,NA,NA,NA,NA,NA,NA,NA,NA,NA,NA,NA,NA,NA,NA,NA,NA,NA,NA,NA,NA,NA,NA,NA,NA,NA,NA,NA,NA,NA,NA,NA,NA,NA,NA,NA
2010,Napier City,Other,0.7774,0.926425,0.97775,National,6.161666666666667,6.9558333333333335,National,2.025,National,603659.25,NA,NA,NA,NA,NA,NA,NA,NA,NA,NA,NA,NA,NA,NA,National,6,349609,7.1,23072,504597,9.1,42196,490488,6.7,30713,434849,9.1,36351,188986,3.1,5656,NA,NA,NA,NA,NA,NA,NA,NA,NA,NA,NA,NA,NA,NA,NA,NA,NA,NA,NA,NA,NA,NA,NA,NA,NA,NA,NA,NA,NA,NA,NA,NA,NA,NA,NA,NA,NA,NA,NA,NA
2010,Nelson,Other,0.839075,1.000075,1.0154,National,6.161666666666667,6.9558333333333335,National,2.025,National,603659.25,NA,NA,NA,NA,NA,NA,NA,NA,NA,NA,NA,NA,NA,NA,National,6,349609,7.1,23072,504597,9.1,42196,490488,6.7,30713,434849,9.1,36351,188986,3.1,5656,NA,NA,NA,NA,NA,NA,NA,NA,NA,NA,NA,NA,NA,NA,NA,NA,NA,NA,NA,NA,NA,NA,NA,NA,NA,NA,NA,NA,NA,NA,NA,NA,NA,NA,NA,NA,NA,NA,NA,NA
2010,Nelson City,Other,0.839075,1.000075,1.0154,National,6.161666666666667,6.9558333333333335,National,2.025,National,603659.25,NA,NA,NA,NA,NA,NA,NA,NA,NA,NA,NA,NA,NA,NA,National,6,349609,7.1,23072,504597,9.1,42196,490488,6.7,30713,434849,9.1,36351,188986,3.1,5656,NA,NA,NA,NA,NA,NA,NA,NA,NA,NA,NA,NA,NA,NA,NA,NA,NA,NA,NA,NA,NA,NA,NA,NA,NA,NA,NA,NA,NA,NA,NA,NA,NA,NA,NA,NA,NA,NA,NA,NA
2010,New Plymouth District,Other,0.781475,0.931225,0.96665,National,6.161666666666667,6.9558333333333335,National,2.025,National,603659.25,NA,NA,NA,NA,NA,NA,NA,NA,NA,NA,NA,NA,NA,NA,National,6,349609,7.1,23072,504597,9.1,42196,490488,6.7,30713,434849,9.1,36351,188986,3.1,5656,NA,NA,NA,NA,NA,NA,NA,NA,NA,NA,NA,NA,NA,NA,NA,NA,NA,NA,NA,NA,NA,NA,NA,NA,NA,NA,NA,NA,NA,NA,NA,NA,NA,NA,NA,NA,NA,NA,NA,NA
2010,New Zealand,Other,0.8241,0.982,1.02275,National,6.161666666666667,6.9558333333333335,National,2.025,National,603659.25,NA,NA,NA,NA,NA,NA,NA,NA,NA,NA,NA,NA,NA,NA,National,6,349609,7.1,23072,504597,9.1,42196,490488,6.7,30713,434849,9.1,36351,188986,3.1,5656,NA,NA,NA,NA,NA,NA,NA,NA,NA,NA,NA,NA,NA,NA,NA,NA,NA,NA,NA,NA,NA,NA,NA,NA,NA,NA,NA,NA,NA,NA,NA,NA,NA,NA,NA,NA,NA,NA,NA,NA
2010,Northland,Other,0.7872750000000001,0.9378,1.005375,National,6.161666666666667,6.9558333333333335,National,2.025,National,603659.25,NA,NA,NA,NA,NA,NA,NA,NA,NA,NA,NA,NA,NA,NA,National,6,349609,7.1,23072,504597,9.1,42196,490488,6.7,30713,434849,9.1,36351,188986,3.1,5656,NA,NA,NA,NA,NA,NA,NA,NA,NA,NA,NA,NA,NA,NA,NA,NA,NA,NA,NA,NA,NA,NA,NA,NA,NA,NA,NA,NA,NA,NA,NA,NA,NA,NA,NA,NA,NA,NA,NA,NA
2010,Opotiki District,Other,0.711625,0.847125,1.04935,National,6.161666666666667,6.9558333333333335,National,2.025,National,603659.25,NA,NA,NA,NA,NA,NA,NA,NA,NA,NA,NA,NA,NA,NA,National,6,349609,7.1,23072,504597,9.1,42196,490488,6.7,30713,434849,9.1,36351,188986,3.1,5656,NA,NA,NA,NA,NA,NA,NA,NA,NA,NA,NA,NA,NA,NA,NA,NA,NA,NA,NA,NA,NA,NA,NA,NA,NA,NA,NA,NA,NA,NA,NA,NA,NA,NA,NA,NA,NA,NA,NA,NA
2010,Otago,Other,0.81105,0.966525,1.0882,National,6.161666666666667,6.9558333333333335,National,2.025,National,603659.25,NA,NA,NA,NA,NA,NA,NA,NA,NA,NA,NA,NA,NA,NA,National,6,349609,7.1,23072,504597,9.1,42196,490488,6.7,30713,434849,9.1,36351,188986,3.1,5656,NA,NA,NA,NA,NA,NA,NA,NA,NA,NA,NA,NA,NA,NA,NA,NA,NA,NA,NA,NA,NA,NA,NA,NA,NA,NA,NA,NA,NA,NA,NA,NA,NA,NA,NA,NA,NA,NA,NA,NA
2010,Otorohanga District,Other,0.739375,0.880775,0.945925,National,6.161666666666667,6.9558333333333335,National,2.025,National,603659.25,NA,NA,NA,NA,NA,NA,NA,NA,NA,NA,NA,NA,NA,NA,National,6,349609,7.1,23072,504597,9.1,42196,490488,6.7,30713,434849,9.1,36351,188986,3.1,5656,NA,NA,NA,NA,NA,NA,NA,NA,NA,NA,NA,NA,NA,NA,NA,NA,NA,NA,NA,NA,NA,NA,NA,NA,NA,NA,NA,NA,NA,NA,NA,NA,NA,NA,NA,NA,NA,NA,NA,NA
2010,Palmerston North City,Other,0.819875,0.9768749999999999,1.009625,National,6.161666666666667,6.9558333333333335,National,2.025,National,603659.25,NA,NA,NA,NA,NA,NA,NA,NA,NA,NA,NA,NA,NA,NA,National,6,349609,7.1,23072,504597,9.1,42196,490488,6.7,30713,434849,9.1,36351,188986,3.1,5656,NA,NA,NA,NA,NA,NA,NA,NA,NA,NA,NA,NA,NA,NA,NA,NA,NA,NA,NA,NA,NA,NA,NA,NA,NA,NA,NA,NA,NA,NA,NA,NA,NA,NA,NA,NA,NA,NA,NA,NA
2010,Porirua City,Wellington Urban,0.80755,0.9621500000000001,1.0183499999999999,National,6.161666666666667,6.9558333333333335,National,2.025,National,603659.25,NA,NA,NA,NA,NA,NA,NA,NA,NA,NA,NA,NA,NA,NA,National,6,349609,7.1,23072,504597,9.1,42196,490488,6.7,30713,434849,9.1,36351,188986,3.1,5656,NA,NA,NA,NA,NA,NA,NA,NA,NA,NA,NA,NA,NA,NA,NA,NA,NA,NA,NA,NA,NA,NA,NA,NA,NA,NA,NA,NA,NA,NA,NA,NA,NA,NA,NA,NA,NA,NA,NA,NA
2010,Queenstown Lakes District,Other,0.829375,0.988775,1.0241500000000001,National,6.161666666666667,6.9558333333333335,National,2.025,National,603659.25,NA,NA,NA,NA,NA,NA,NA,NA,NA,NA,NA,NA,NA,NA,National,6,349609,7.1,23072,504597,9.1,42196,490488,6.7,30713,434849,9.1,36351,188986,3.1,5656,NA,NA,NA,NA,NA,NA,NA,NA,NA,NA,NA,NA,NA,NA,NA,NA,NA,NA,NA,NA,NA,NA,NA,NA,NA,NA,NA,NA,NA,NA,NA,NA,NA,NA,NA,NA,NA,NA,NA,NA
2010,Rangitikei District,Other,0.81575,0.972525,0.985675,National,6.161666666666667,6.9558333333333335,National,2.025,National,603659.25,NA,NA,NA,NA,NA,NA,NA,NA,NA,NA,NA,NA,NA,NA,National,6,349609,7.1,23072,504597,9.1,42196,490488,6.7,30713,434849,9.1,36351,188986,3.1,5656,NA,NA,NA,NA,NA,NA,NA,NA,NA,NA,NA,NA,NA,NA,NA,NA,NA,NA,NA,NA,NA,NA,NA,NA,NA,NA,NA,NA,NA,NA,NA,NA,NA,NA,NA,NA,NA,NA,NA,NA
2010,Rotorua District,Other,0.792875,0.94495,1.006075,National,6.161666666666667,6.9558333333333335,National,2.025,National,603659.25,NA,NA,NA,NA,NA,NA,NA,NA,NA,NA,NA,NA,NA,NA,National,6,349609,7.1,23072,504597,9.1,42196,490488,6.7,30713,434849,9.1,36351,188986,3.1,5656,NA,NA,NA,NA,NA,NA,NA,NA,NA,NA,NA,NA,NA,NA,NA,NA,NA,NA,NA,NA,NA,NA,NA,NA,NA,NA,NA,NA,NA,NA,NA,NA,NA,NA,NA,NA,NA,NA,NA,NA
2010,Ruapehu District,Other,0.82135,0.978625,0.994175,National,6.161666666666667,6.9558333333333335,National,2.025,National,603659.25,NA,NA,NA,NA,NA,NA,NA,NA,NA,NA,NA,NA,NA,NA,National,6,349609,7.1,23072,504597,9.1,42196,490488,6.7,30713,434849,9.1,36351,188986,3.1,5656,NA,NA,NA,NA,NA,NA,NA,NA,NA,NA,NA,NA,NA,NA,NA,NA,NA,NA,NA,NA,NA,NA,NA,NA,NA,NA,NA,NA,NA,NA,NA,NA,NA,NA,NA,NA,NA,NA,NA,NA
2010,Selwyn District,Canterbury Rural,0.8999,1.072425,1.0882,National,6.161666666666667,6.9558333333333335,National,2.025,National,603659.25,NA,NA,NA,NA,NA,NA,NA,NA,NA,NA,NA,NA,NA,NA,National,6,349609,7.1,23072,504597,9.1,42196,490488,6.7,30713,434849,9.1,36351,188986,3.1,5656,NA,NA,NA,NA,NA,NA,NA,NA,NA,NA,NA,NA,NA,NA,NA,NA,NA,NA,NA,NA,NA,NA,NA,NA,NA,NA,NA,NA,NA,NA,NA,NA,NA,NA,NA,NA,NA,NA,NA,NA
2010,South Taranaki District,Other,0.8264750000000001,0.9838749999999999,1.00855,National,6.161666666666667,6.9558333333333335,National,2.025,National,603659.25,NA,NA,NA,NA,NA,NA,NA,NA,NA,NA,NA,NA,NA,NA,National,6,349609,7.1,23072,504597,9.1,42196,490488,6.7,30713,434849,9.1,36351,188986,3.1,5656,NA,NA,NA,NA,NA,NA,NA,NA,NA,NA,NA,NA,NA,NA,NA,NA,NA,NA,NA,NA,NA,NA,NA,NA,NA,NA,NA,NA,NA,NA,NA,NA,NA,NA,NA,NA,NA,NA,NA,NA
2010,South Waikato District,Other,0.782575,0.932375,0.9642,National,6.161666666666667,6.9558333333333335,National,2.025,National,603659.25,NA,NA,NA,NA,NA,NA,NA,NA,NA,NA,NA,NA,NA,NA,National,6,349609,7.1,23072,504597,9.1,42196,490488,6.7,30713,434849,9.1,36351,188986,3.1,5656,NA,NA,NA,NA,NA,NA,NA,NA,NA,NA,NA,NA,NA,NA,NA,NA,NA,NA,NA,NA,NA,NA,NA,NA,NA,NA,NA,NA,NA,NA,NA,NA,NA,NA,NA,NA,NA,NA,NA,NA
2010,South Wairarapa District,Wellington Rural,0.80655,0.960825,0.9611000000000001,National,6.161666666666667,6.9558333333333335,National,2.025,National,603659.25,NA,NA,NA,NA,NA,NA,NA,NA,NA,NA,NA,NA,NA,NA,National,6,349609,7.1,23072,504597,9.1,42196,490488,6.7,30713,434849,9.1,36351,188986,3.1,5656,NA,NA,NA,NA,NA,NA,NA,NA,NA,NA,NA,NA,NA,NA,NA,NA,NA,NA,NA,NA,NA,NA,NA,NA,NA,NA,NA,NA,NA,NA,NA,NA,NA,NA,NA,NA,NA,NA,NA,NA
2010,Southland,Other,0.8079,0.9625,0.973975,National,6.161666666666667,6.9558333333333335,National,2.025,National,603659.25,NA,NA,NA,NA,NA,NA,NA,NA,NA,NA,NA,NA,NA,NA,National,6,349609,7.1,23072,504597,9.1,42196,490488,6.7,30713,434849,9.1,36351,188986,3.1,5656,NA,NA,NA,NA,NA,NA,NA,NA,NA,NA,NA,NA,NA,NA,NA,NA,NA,NA,NA,NA,NA,NA,NA,NA,NA,NA,NA,NA,NA,NA,NA,NA,NA,NA,NA,NA,NA,NA,NA,NA
2010,Southland District,Other,0.81975,0.9766,0.993025,National,6.161666666666667,6.9558333333333335,National,2.025,National,603659.25,NA,NA,NA,NA,NA,NA,NA,NA,NA,NA,NA,NA,NA,NA,National,6,349609,7.1,23072,504597,9.1,42196,490488,6.7,30713,434849,9.1,36351,188986,3.1,5656,NA,NA,NA,NA,NA,NA,NA,NA,NA,NA,NA,NA,NA,NA,NA,NA,NA,NA,NA,NA,NA,NA,NA,NA,NA,NA,NA,NA,NA,NA,NA,NA,NA,NA,NA,NA,NA,NA,NA,NA
2010,Stratford District,Other,0.8025,0.956225,0.97275,National,6.161666666666667,6.9558333333333335,National,2.025,National,603659.25,NA,NA,NA,NA,NA,NA,NA,NA,NA,NA,NA,NA,NA,NA,National,6,349609,7.1,23072,504597,9.1,42196,490488,6.7,30713,434849,9.1,36351,188986,3.1,5656,NA,NA,NA,NA,NA,NA,NA,NA,NA,NA,NA,NA,NA,NA,NA,NA,NA,NA,NA,NA,NA,NA,NA,NA,NA,NA,NA,NA,NA,NA,NA,NA,NA,NA,NA,NA,NA,NA,NA,NA
2010,Taranaki,Other,0.79215,0.94375,0.976725,National,6.161666666666667,6.9558333333333335,National,2.025,National,603659.25,NA,NA,NA,NA,NA,NA,NA,NA,NA,NA,NA,NA,NA,NA,National,6,349609,7.1,23072,504597,9.1,42196,490488,6.7,30713,434849,9.1,36351,188986,3.1,5656,NA,NA,NA,NA,NA,NA,NA,NA,NA,NA,NA,NA,NA,NA,NA,NA,NA,NA,NA,NA,NA,NA,NA,NA,NA,NA,NA,NA,NA,NA,NA,NA,NA,NA,NA,NA,NA,NA,NA,NA
2010,Tararua District,Other,0.7839,0.933925,0.983625,National,6.161666666666667,6.9558333333333335,National,2.025,National,603659.25,NA,NA,NA,NA,NA,NA,NA,NA,NA,NA,NA,NA,NA,NA,National,6,349609,7.1,23072,504597,9.1,42196,490488,6.7,30713,434849,9.1,36351,188986,3.1,5656,NA,NA,NA,NA,NA,NA,NA,NA,NA,NA,NA,NA,NA,NA,NA,NA,NA,NA,NA,NA,NA,NA,NA,NA,NA,NA,NA,NA,NA,NA,NA,NA,NA,NA,NA,NA,NA,NA,NA,NA
2010,Tasman,Other,0.8022,0.95605,1.0030000000000001,National,6.161666666666667,6.9558333333333335,National,2.025,National,603659.25,NA,NA,NA,NA,NA,NA,NA,NA,NA,NA,NA,NA,NA,NA,National,6,349609,7.1,23072,504597,9.1,42196,490488,6.7,30713,434849,9.1,36351,188986,3.1,5656,NA,NA,NA,NA,NA,NA,NA,NA,NA,NA,NA,NA,NA,NA,NA,NA,NA,NA,NA,NA,NA,NA,NA,NA,NA,NA,NA,NA,NA,NA,NA,NA,NA,NA,NA,NA,NA,NA,NA,NA
2010,Tasman District,Other,0.8022,0.95605,1.0030000000000001,National,6.161666666666667,6.9558333333333335,National,2.025,National,603659.25,NA,NA,NA,NA,NA,NA,NA,NA,NA,NA,NA,NA,NA,NA,National,6,349609,7.1,23072,504597,9.1,42196,490488,6.7,30713,434849,9.1,36351,188986,3.1,5656,NA,NA,NA,NA,NA,NA,NA,NA,NA,NA,NA,NA,NA,NA,NA,NA,NA,NA,NA,NA,NA,NA,NA,NA,NA,NA,NA,NA,NA,NA,NA,NA,NA,NA,NA,NA,NA,NA,NA,NA
2010,Taupo District,Other,0.793825,0.9456,1.0078749999999999,National,6.161666666666667,6.9558333333333335,National,2.025,National,603659.25,NA,NA,NA,NA,NA,NA,NA,NA,NA,NA,NA,NA,NA,NA,National,6,349609,7.1,23072,504597,9.1,42196,490488,6.7,30713,434849,9.1,36351,188986,3.1,5656,NA,NA,NA,NA,NA,NA,NA,NA,NA,NA,NA,NA,NA,NA,NA,NA,NA,NA,NA,NA,NA,NA,NA,NA,NA,NA,NA,NA,NA,NA,NA,NA,NA,NA,NA,NA,NA,NA,NA,NA
2010,Tauranga City,Other,0.799375,0.952475,0.9929749999999999,National,6.161666666666667,6.9558333333333335,National,2.025,National,603659.25,NA,NA,NA,NA,NA,NA,NA,NA,NA,NA,NA,NA,NA,NA,National,6,349609,7.1,23072,504597,9.1,42196,490488,6.7,30713,434849,9.1,36351,188986,3.1,5656,NA,NA,NA,NA,NA,NA,NA,NA,NA,NA,NA,NA,NA,NA,NA,NA,NA,NA,NA,NA,NA,NA,NA,NA,NA,NA,NA,NA,NA,NA,NA,NA,NA,NA,NA,NA,NA,NA,NA,NA
2010,Thames Coromandel District,Other,0.782,0.9319,0.98185,National,6.161666666666667,6.9558333333333335,National,2.025,National,603659.25,NA,NA,NA,NA,NA,NA,NA,NA,NA,NA,NA,NA,NA,NA,National,6,349609,7.1,23072,504597,9.1,42196,490488,6.7,30713,434849,9.1,36351,188986,3.1,5656,NA,NA,NA,NA,NA,NA,NA,NA,NA,NA,NA,NA,NA,NA,NA,NA,NA,NA,NA,NA,NA,NA,NA,NA,NA,NA,NA,NA,NA,NA,NA,NA,NA,NA,NA,NA,NA,NA,NA,NA
2010,Timaru District,Canterbury Rural,0.8265750000000001,0.984625,1.01655,National,6.161666666666667,6.9558333333333335,National,2.025,National,603659.25,NA,NA,NA,NA,NA,NA,NA,NA,NA,NA,NA,NA,NA,NA,National,6,349609,7.1,23072,504597,9.1,42196,490488,6.7,30713,434849,9.1,36351,188986,3.1,5656,NA,NA,NA,NA,NA,NA,NA,NA,NA,NA,NA,NA,NA,NA,NA,NA,NA,NA,NA,NA,NA,NA,NA,NA,NA,NA,NA,NA,NA,NA,NA,NA,NA,NA,NA,NA,NA,NA,NA,NA
2010,Upper Hutt City,Wellington Urban,0.7882750000000001,0.938975,0.975975,National,6.161666666666667,6.9558333333333335,National,2.025,National,603659.25,NA,NA,NA,NA,NA,NA,NA,NA,NA,NA,NA,NA,NA,NA,National,6,349609,7.1,23072,504597,9.1,42196,490488,6.7,30713,434849,9.1,36351,188986,3.1,5656,NA,NA,NA,NA,NA,NA,NA,NA,NA,NA,NA,NA,NA,NA,NA,NA,NA,NA,NA,NA,NA,NA,NA,NA,NA,NA,NA,NA,NA,NA,NA,NA,NA,NA,NA,NA,NA,NA,NA,NA
2010,Waikato,Other,0.79195,0.9434750000000001,0.984225,National,6.161666666666667,6.9558333333333335,National,2.025,National,603659.25,NA,NA,NA,NA,NA,NA,NA,NA,NA,NA,NA,NA,NA,NA,National,6,349609,7.1,23072,504597,9.1,42196,490488,6.7,30713,434849,9.1,36351,188986,3.1,5656,NA,NA,NA,NA,NA,NA,NA,NA,NA,NA,NA,NA,NA,NA,NA,NA,NA,NA,NA,NA,NA,NA,NA,NA,NA,NA,NA,NA,NA,NA,NA,NA,NA,NA,NA,NA,NA,NA,NA,NA
2010,Waikato District,Other,0.7812250000000001,0.931525,1.0038,National,6.161666666666667,6.9558333333333335,National,2.025,National,603659.25,NA,NA,NA,NA,NA,NA,NA,NA,NA,NA,NA,NA,NA,NA,National,6,349609,7.1,23072,504597,9.1,42196,490488,6.7,30713,434849,9.1,36351,188986,3.1,5656,NA,NA,NA,NA,NA,NA,NA,NA,NA,NA,NA,NA,NA,NA,NA,NA,NA,NA,NA,NA,NA,NA,NA,NA,NA,NA,NA,NA,NA,NA,NA,NA,NA,NA,NA,NA,NA,NA,NA,NA
2010,Waimakariri District,Canterbury Rural,0.888525,1.058675,1.038375,National,6.161666666666667,6.9558333333333335,National,2.025,National,603659.25,NA,NA,NA,NA,NA,NA,NA,NA,NA,NA,NA,NA,NA,NA,National,6,349609,7.1,23072,504597,9.1,42196,490488,6.7,30713,434849,9.1,36351,188986,3.1,5656,NA,NA,NA,NA,NA,NA,NA,NA,NA,NA,NA,NA,NA,NA,NA,NA,NA,NA,NA,NA,NA,NA,NA,NA,NA,NA,NA,NA,NA,NA,NA,NA,NA,NA,NA,NA,NA,NA,NA,NA
2010,Waimate District,Canterbury Rural,0.78305,0.933175,0.99245,National,6.161666666666667,6.9558333333333335,National,2.025,National,603659.25,NA,NA,NA,NA,NA,NA,NA,NA,NA,NA,NA,NA,NA,NA,National,6,349609,7.1,23072,504597,9.1,42196,490488,6.7,30713,434849,9.1,36351,188986,3.1,5656,NA,NA,NA,NA,NA,NA,NA,NA,NA,NA,NA,NA,NA,NA,NA,NA,NA,NA,NA,NA,NA,NA,NA,NA,NA,NA,NA,NA,NA,NA,NA,NA,NA,NA,NA,NA,NA,NA,NA,NA
2010,Waipa District,Other,0.793375,0.94505,0.988375,National,6.161666666666667,6.9558333333333335,National,2.025,National,603659.25,NA,NA,NA,NA,NA,NA,NA,NA,NA,NA,NA,NA,NA,NA,National,6,349609,7.1,23072,504597,9.1,42196,490488,6.7,30713,434849,9.1,36351,188986,3.1,5656,NA,NA,NA,NA,NA,NA,NA,NA,NA,NA,NA,NA,NA,NA,NA,NA,NA,NA,NA,NA,NA,NA,NA,NA,NA,NA,NA,NA,NA,NA,NA,NA,NA,NA,NA,NA,NA,NA,NA,NA
2010,Wairoa District,Other,0.8104,0.96595,0.960575,National,6.161666666666667,6.9558333333333335,National,2.025,National,603659.25,NA,NA,NA,NA,NA,NA,NA,NA,NA,NA,NA,NA,NA,NA,National,6,349609,7.1,23072,504597,9.1,42196,490488,6.7,30713,434849,9.1,36351,188986,3.1,5656,NA,NA,NA,NA,NA,NA,NA,NA,NA,NA,NA,NA,NA,NA,NA,NA,NA,NA,NA,NA,NA,NA,NA,NA,NA,NA,NA,NA,NA,NA,NA,NA,NA,NA,NA,NA,NA,NA,NA,NA
2010,Waitaki District,Other,0.834125,0.993925,1.024175,National,6.161666666666667,6.9558333333333335,National,2.025,National,603659.25,NA,NA,NA,NA,NA,NA,NA,NA,NA,NA,NA,NA,NA,NA,National,6,349609,7.1,23072,504597,9.1,42196,490488,6.7,30713,434849,9.1,36351,188986,3.1,5656,NA,NA,NA,NA,NA,NA,NA,NA,NA,NA,NA,NA,NA,NA,NA,NA,NA,NA,NA,NA,NA,NA,NA,NA,NA,NA,NA,NA,NA,NA,NA,NA,NA,NA,NA,NA,NA,NA,NA,NA
2010,Waitomo District,Other,0.71125,0.846275,0.94795,National,6.161666666666667,6.9558333333333335,National,2.025,National,603659.25,NA,NA,NA,NA,NA,NA,NA,NA,NA,NA,NA,NA,NA,NA,National,6,349609,7.1,23072,504597,9.1,42196,490488,6.7,30713,434849,9.1,36351,188986,3.1,5656,NA,NA,NA,NA,NA,NA,NA,NA,NA,NA,NA,NA,NA,NA,NA,NA,NA,NA,NA,NA,NA,NA,NA,NA,NA,NA,NA,NA,NA,NA,NA,NA,NA,NA,NA,NA,NA,NA,NA,NA
2010,Wellington,Wellington Rural,0.8001,0.953275,1.010125,National,6.161666666666667,6.9558333333333335,National,2.025,National,603659.25,NA,NA,NA,NA,NA,NA,NA,NA,NA,NA,NA,NA,NA,NA,National,6,349609,7.1,23072,504597,9.1,42196,490488,6.7,30713,434849,9.1,36351,188986,3.1,5656,NA,NA,NA,NA,NA,NA,NA,NA,NA,NA,NA,NA,NA,NA,NA,NA,NA,NA,NA,NA,NA,NA,NA,NA,NA,NA,NA,NA,NA,NA,NA,NA,NA,NA,NA,NA,NA,NA,NA,NA
2010,Wellington City,Wellington Urban,0.81555,0.97177500000000006,1.030125,National,6.161666666666667,6.9558333333333335,National,2.025,National,603659.25,NA,NA,NA,NA,NA,NA,NA,NA,NA,NA,NA,NA,NA,NA,National,6,349609,7.1,23072,504597,9.1,42196,490488,6.7,30713,434849,9.1,36351,188986,3.1,5656,NA,NA,NA,NA,NA,NA,NA,NA,NA,NA,NA,NA,NA,NA,NA,NA,NA,NA,NA,NA,NA,NA,NA,NA,NA,NA,NA,NA,NA,NA,NA,NA,NA,NA,NA,NA,NA,NA,NA,NA
2010,West Coast,Other,0.80215,0.95545,0.9655,National,6.161666666666667,6.9558333333333335,National,2.025,National,603659.25,NA,NA,NA,NA,NA,NA,NA,NA,NA,NA,NA,NA,NA,NA,National,6,349609,7.1,23072,504597,9.1,42196,490488,6.7,30713,434849,9.1,36351,188986,3.1,5656,NA,NA,NA,NA,NA,NA,NA,NA,NA,NA,NA,NA,NA,NA,NA,NA,NA,NA,NA,NA,NA,NA,NA,NA,NA,NA,NA,NA,NA,NA,NA,NA,NA,NA,NA,NA,NA,NA,NA,NA
2010,Western Bay of Plenty District,Other,0.765375,0.911925,0.987525,National,6.161666666666667,6.9558333333333335,National,2.025,National,603659.25,NA,NA,NA,NA,NA,NA,NA,NA,NA,NA,NA,NA,NA,NA,National,6,349609,7.1,23072,504597,9.1,42196,490488,6.7,30713,434849,9.1,36351,188986,3.1,5656,NA,NA,NA,NA,NA,NA,NA,NA,NA,NA,NA,NA,NA,NA,NA,NA,NA,NA,NA,NA,NA,NA,NA,NA,NA,NA,NA,NA,NA,NA,NA,NA,NA,NA,NA,NA,NA,NA,NA,NA
2010,Westland District,Other,0.7649,0.91095,0.983725,National,6.161666666666667,6.9558333333333335,National,2.025,National,603659.25,NA,NA,NA,NA,NA,NA,NA,NA,NA,NA,NA,NA,NA,NA,National,6,349609,7.1,23072,504597,9.1,42196,490488,6.7,30713,434849,9.1,36351,188986,3.1,5656,NA,NA,NA,NA,NA,NA,NA,NA,NA,NA,NA,NA,NA,NA,NA,NA,NA,NA,NA,NA,NA,NA,NA,NA,NA,NA,NA,NA,NA,NA,NA,NA,NA,NA,NA,NA,NA,NA,NA,NA
2010,Whakatane District,Other,0.78815,0.939425,0.9779249999999999,National,6.161666666666667,6.9558333333333335,National,2.025,National,603659.25,NA,NA,NA,NA,NA,NA,NA,NA,NA,NA,NA,NA,NA,NA,National,6,349609,7.1,23072,504597,9.1,42196,490488,6.7,30713,434849,9.1,36351,188986,3.1,5656,NA,NA,NA,NA,NA,NA,NA,NA,NA,NA,NA,NA,NA,NA,NA,NA,NA,NA,NA,NA,NA,NA,NA,NA,NA,NA,NA,NA,NA,NA,NA,NA,NA,NA,NA,NA,NA,NA,NA,NA
2010,Whanganui District,Other,0.768275,0.91545,1.012325,National,6.161666666666667,6.9558333333333335,National,2.025,National,603659.25,NA,NA,NA,NA,NA,NA,NA,NA,NA,NA,NA,NA,NA,NA,National,6,349609,7.1,23072,504597,9.1,42196,490488,6.7,30713,434849,9.1,36351,188986,3.1,5656,NA,NA,NA,NA,NA,NA,NA,NA,NA,NA,NA,NA,NA,NA,NA,NA,NA,NA,NA,NA,NA,NA,NA,NA,NA,NA,NA,NA,NA,NA,NA,NA,NA,NA,NA,NA,NA,NA,NA,NA
2010,Whangarei District,Other,0.803825,0.9578,0.9933,National,6.161666666666667,6.9558333333333335,National,2.025,National,603659.25,NA,NA,NA,NA,NA,NA,NA,NA,NA,NA,NA,NA,NA,NA,National,6,349609,7.1,23072,504597,9.1,42196,490488,6.7,30713,434849,9.1,36351,188986,3.1,5656,NA,NA,NA,NA,NA,NA,NA,NA,NA,NA,NA,NA,NA,NA,NA,NA,NA,NA,NA,NA,NA,NA,NA,NA,NA,NA,NA,NA,NA,NA,NA,NA,NA,NA,NA,NA,NA,NA,NA,NA
2011,Ashburton District,Canterbury Rural,0.952575,1.0372,1.00115,National,5.949166666666667,6.3533333333333335,National,0.775,National,608893.75,NA,NA,NA,NA,NA,NA,NA,NA,NA,NA,NA,NA,NA,NA,National,7,347120,-0.7,-2489,500745,-0.8,-3852,479856,-2.2,-10632,437596,0.6,2747,179493,-5,-9493,NA,NA,NA,NA,NA,NA,NA,NA,NA,NA,NA,NA,NA,NA,NA,NA,NA,NA,NA,NA,NA,NA,NA,NA,NA,NA,NA,NA,NA,NA,NA,NA,NA,NA,NA,NA,NA,NA,NA,NA
2011,Auckland,Auckland Urban,0.9351,1.0182625,1.019075,National,5.949166666666667,6.3533333333333335,National,0.775,National,608893.75,NA,NA,NA,NA,NA,NA,NA,NA,NA,NA,NA,NA,NA,NA,National,7,347120,-0.7,-2489,500745,-0.8,-3852,479856,-2.2,-10632,437596,0.6,2747,179493,-5,-9493,NA,NA,NA,NA,NA,NA,NA,NA,NA,NA,NA,NA,NA,NA,NA,NA,NA,NA,NA,NA,NA,NA,NA,NA,NA,NA,NA,NA,NA,NA,NA,NA,NA,NA,NA,NA,NA,NA,NA,NA
2011,Bay of Plenty,Other,0.9010750000000001,0.980775,0.99685,National,5.949166666666667,6.3533333333333335,National,0.775,National,608893.75,NA,NA,NA,NA,NA,NA,NA,NA,NA,NA,NA,NA,NA,NA,National,7,347120,-0.7,-2489,500745,-0.8,-3852,479856,-2.2,-10632,437596,0.6,2747,179493,-5,-9493,NA,NA,NA,NA,NA,NA,NA,NA,NA,NA,NA,NA,NA,NA,NA,NA,NA,NA,NA,NA,NA,NA,NA,NA,NA,NA,NA,NA,NA,NA,NA,NA,NA,NA,NA,NA,NA,NA,NA,NA
2011,Buller District,Other,0.9511999999999999,1.03625,0.978425,National,5.949166666666667,6.3533333333333335,National,0.775,National,608893.75,NA,NA,NA,NA,NA,NA,NA,NA,NA,NA,NA,NA,NA,NA,National,7,347120,-0.7,-2489,500745,-0.8,-3852,479856,-2.2,-10632,437596,0.6,2747,179493,-5,-9493,NA,NA,NA,NA,NA,NA,NA,NA,NA,NA,NA,NA,NA,NA,NA,NA,NA,NA,NA,NA,NA,NA,NA,NA,NA,NA,NA,NA,NA,NA,NA,NA,NA,NA,NA,NA,NA,NA,NA,NA
2011,Canterbury,Canterbury Rural,0.92475,1.00695,1.0352000000000001,National,5.949166666666667,6.3533333333333335,National,0.775,National,608893.75,NA,NA,NA,NA,NA,NA,NA,NA,NA,NA,NA,NA,NA,NA,National,7,347120,-0.7,-2489,500745,-0.8,-3852,479856,-2.2,-10632,437596,0.6,2747,179493,-5,-9493,NA,NA,NA,NA,NA,NA,NA,NA,NA,NA,NA,NA,NA,NA,NA,NA,NA,NA,NA,NA,NA,NA,NA,NA,NA,NA,NA,NA,NA,NA,NA,NA,NA,NA,NA,NA,NA,NA,NA,NA
2011,Carterton District,Wellington Rural,0.890775,0.97,0.986575,National,5.949166666666667,6.3533333333333335,National,0.775,National,608893.75,NA,NA,NA,NA,NA,NA,NA,NA,NA,NA,NA,NA,NA,NA,National,7,347120,-0.7,-2489,500745,-0.8,-3852,479856,-2.2,-10632,437596,0.6,2747,179493,-5,-9493,NA,NA,NA,NA,NA,NA,NA,NA,NA,NA,NA,NA,NA,NA,NA,NA,NA,NA,NA,NA,NA,NA,NA,NA,NA,NA,NA,NA,NA,NA,NA,NA,NA,NA,NA,NA,NA,NA,NA,NA
2011,Central Hawkes Bay District,Other,0.9371499999999999,1.019575,0.9299499999999999,National,5.949166666666667,6.3533333333333335,National,0.775,National,608893.75,NA,NA,NA,NA,NA,NA,NA,NA,NA,NA,NA,NA,NA,NA,National,7,347120,-0.7,-2489,500745,-0.8,-3852,479856,-2.2,-10632,437596,0.6,2747,179493,-5,-9493,NA,NA,NA,NA,NA,NA,NA,NA,NA,NA,NA,NA,NA,NA,NA,NA,NA,NA,NA,NA,NA,NA,NA,NA,NA,NA,NA,NA,NA,NA,NA,NA,NA,NA,NA,NA,NA,NA,NA,NA
2011,Central Otago District,Other,0.92485,1.007025,1.008525,National,5.949166666666667,6.3533333333333335,National,0.775,National,608893.75,NA,NA,NA,NA,NA,NA,NA,NA,NA,NA,NA,NA,NA,NA,National,7,347120,-0.7,-2489,500745,-0.8,-3852,479856,-2.2,-10632,437596,0.6,2747,179493,-5,-9493,NA,NA,NA,NA,NA,NA,NA,NA,NA,NA,NA,NA,NA,NA,NA,NA,NA,NA,NA,NA,NA,NA,NA,NA,NA,NA,NA,NA,NA,NA,NA,NA,NA,NA,NA,NA,NA,NA,NA,NA
2011,Christchurch City,Canterbury Urban,0.91505,0.99625,1.0352,National,5.949166666666667,6.3533333333333335,National,0.775,National,608893.75,NA,NA,NA,NA,NA,NA,NA,NA,NA,NA,NA,NA,NA,NA,National,7,347120,-0.7,-2489,500745,-0.8,-3852,479856,-2.2,-10632,437596,0.6,2747,179493,-5,-9493,NA,NA,NA,NA,NA,NA,NA,NA,NA,NA,NA,NA,NA,NA,NA,NA,NA,NA,NA,NA,NA,NA,NA,NA,NA,NA,NA,NA,NA,NA,NA,NA,NA,NA,NA,NA,NA,NA,NA,NA
2011,Clutha District,Other,0.856975,0.9324250000000001,1.0216,National,5.949166666666667,6.3533333333333335,National,0.775,National,608893.75,NA,NA,NA,NA,NA,NA,NA,NA,NA,NA,NA,NA,NA,NA,National,7,347120,-0.7,-2489,500745,-0.8,-3852,479856,-2.2,-10632,437596,0.6,2747,179493,-5,-9493,NA,NA,NA,NA,NA,NA,NA,NA,NA,NA,NA,NA,NA,NA,NA,NA,NA,NA,NA,NA,NA,NA,NA,NA,NA,NA,NA,NA,NA,NA,NA,NA,NA,NA,NA,NA,NA,NA,NA,NA
2011,Dunedin City,Other,0.9134,0.99455,1.09305,National,5.949166666666667,6.3533333333333335,National,0.775,National,608893.75,NA,NA,NA,NA,NA,NA,NA,NA,NA,NA,NA,NA,NA,NA,National,7,347120,-0.7,-2489,500745,-0.8,-3852,479856,-2.2,-10632,437596,0.6,2747,179493,-5,-9493,NA,NA,NA,NA,NA,NA,NA,NA,NA,NA,NA,NA,NA,NA,NA,NA,NA,NA,NA,NA,NA,NA,NA,NA,NA,NA,NA,NA,NA,NA,NA,NA,NA,NA,NA,NA,NA,NA,NA,NA
2011,Far North District,Other,0.91595,0.996825,1.0132750000000001,National,5.949166666666667,6.3533333333333335,National,0.775,National,608893.75,NA,NA,NA,NA,NA,NA,NA,NA,NA,NA,NA,NA,NA,NA,National,7,347120,-0.7,-2489,500745,-0.8,-3852,479856,-2.2,-10632,437596,0.6,2747,179493,-5,-9493,NA,NA,NA,NA,NA,NA,NA,NA,NA,NA,NA,NA,NA,NA,NA,NA,NA,NA,NA,NA,NA,NA,NA,NA,NA,NA,NA,NA,NA,NA,NA,NA,NA,NA,NA,NA,NA,NA,NA,NA
2011,Gisborne,Other,0.879275,0.9569,1.001475,National,5.949166666666667,6.3533333333333335,National,0.775,National,608893.75,NA,NA,NA,NA,NA,NA,NA,NA,NA,NA,NA,NA,NA,NA,National,7,347120,-0.7,-2489,500745,-0.8,-3852,479856,-2.2,-10632,437596,0.6,2747,179493,-5,-9493,NA,NA,NA,NA,NA,NA,NA,NA,NA,NA,NA,NA,NA,NA,NA,NA,NA,NA,NA,NA,NA,NA,NA,NA,NA,NA,NA,NA,NA,NA,NA,NA,NA,NA,NA,NA,NA,NA,NA,NA
2011,Gisborne District,Other,0.879275,0.9569,1.001475,National,5.949166666666667,6.3533333333333335,National,0.775,National,608893.75,NA,NA,NA,NA,NA,NA,NA,NA,NA,NA,NA,NA,NA,NA,National,7,347120,-0.7,-2489,500745,-0.8,-3852,479856,-2.2,-10632,437596,0.6,2747,179493,-5,-9493,NA,NA,NA,NA,NA,NA,NA,NA,NA,NA,NA,NA,NA,NA,NA,NA,NA,NA,NA,NA,NA,NA,NA,NA,NA,NA,NA,NA,NA,NA,NA,NA,NA,NA,NA,NA,NA,NA,NA,NA
2011,Gore District,Other,0.953325,1.037775,0.978075,National,5.949166666666667,6.3533333333333335,National,0.775,National,608893.75,NA,NA,NA,NA,NA,NA,NA,NA,NA,NA,NA,NA,NA,NA,National,7,347120,-0.7,-2489,500745,-0.8,-3852,479856,-2.2,-10632,437596,0.6,2747,179493,-5,-9493,NA,NA,NA,NA,NA,NA,NA,NA,NA,NA,NA,NA,NA,NA,NA,NA,NA,NA,NA,NA,NA,NA,NA,NA,NA,NA,NA,NA,NA,NA,NA,NA,NA,NA,NA,NA,NA,NA,NA,NA
2011,Grey District,Other,0.8744000000000001,0.95105,0.977325,National,5.949166666666667,6.3533333333333335,National,0.775,National,608893.75,NA,NA,NA,NA,NA,NA,NA,NA,NA,NA,NA,NA,NA,NA,National,7,347120,-0.7,-2489,500745,-0.8,-3852,479856,-2.2,-10632,437596,0.6,2747,179493,-5,-9493,NA,NA,NA,NA,NA,NA,NA,NA,NA,NA,NA,NA,NA,NA,NA,NA,NA,NA,NA,NA,NA,NA,NA,NA,NA,NA,NA,NA,NA,NA,NA,NA,NA,NA,NA,NA,NA,NA,NA,NA
2011,Hamilton City,Other,0.9212,1.002775,1.001525,National,5.949166666666667,6.3533333333333335,National,0.775,National,608893.75,NA,NA,NA,NA,NA,NA,NA,NA,NA,NA,NA,NA,NA,NA,National,7,347120,-0.7,-2489,500745,-0.8,-3852,479856,-2.2,-10632,437596,0.6,2747,179493,-5,-9493,NA,NA,NA,NA,NA,NA,NA,NA,NA,NA,NA,NA,NA,NA,NA,NA,NA,NA,NA,NA,NA,NA,NA,NA,NA,NA,NA,NA,NA,NA,NA,NA,NA,NA,NA,NA,NA,NA,NA,NA
2011,Hastings District,Other,0.912575,0.99345,0.9925,National,5.949166666666667,6.3533333333333335,National,0.775,National,608893.75,NA,NA,NA,NA,NA,NA,NA,NA,NA,NA,NA,NA,NA,NA,National,7,347120,-0.7,-2489,500745,-0.8,-3852,479856,-2.2,-10632,437596,0.6,2747,179493,-5,-9493,NA,NA,NA,NA,NA,NA,NA,NA,NA,NA,NA,NA,NA,NA,NA,NA,NA,NA,NA,NA,NA,NA,NA,NA,NA,NA,NA,NA,NA,NA,NA,NA,NA,NA,NA,NA,NA,NA,NA,NA
2011,Hauraki District,Other,0.9234249999999999,1.005125,0.986425,National,5.949166666666667,6.3533333333333335,National,0.775,National,608893.75,NA,NA,NA,NA,NA,NA,NA,NA,NA,NA,NA,NA,NA,NA,National,7,347120,-0.7,-2489,500745,-0.8,-3852,479856,-2.2,-10632,437596,0.6,2747,179493,-5,-9493,NA,NA,NA,NA,NA,NA,NA,NA,NA,NA,NA,NA,NA,NA,NA,NA,NA,NA,NA,NA,NA,NA,NA,NA,NA,NA,NA,NA,NA,NA,NA,NA,NA,NA,NA,NA,NA,NA,NA,NA
2011,Hawke's Bay,Other,0.90615,0.986325,0.992575,National,5.949166666666667,6.3533333333333335,National,0.775,National,608893.75,NA,NA,NA,NA,NA,NA,NA,NA,NA,NA,NA,NA,NA,NA,National,7,347120,-0.7,-2489,500745,-0.8,-3852,479856,-2.2,-10632,437596,0.6,2747,179493,-5,-9493,NA,NA,NA,NA,NA,NA,NA,NA,NA,NA,NA,NA,NA,NA,NA,NA,NA,NA,NA,NA,NA,NA,NA,NA,NA,NA,NA,NA,NA,NA,NA,NA,NA,NA,NA,NA,NA,NA,NA,NA
2011,Horowhenua District,Other,0.8861,0.9645250000000001,0.999275,National,5.949166666666667,6.3533333333333335,National,0.775,National,608893.75,NA,NA,NA,NA,NA,NA,NA,NA,NA,NA,NA,NA,NA,NA,National,7,347120,-0.7,-2489,500745,-0.8,-3852,479856,-2.2,-10632,437596,0.6,2747,179493,-5,-9493,NA,NA,NA,NA,NA,NA,NA,NA,NA,NA,NA,NA,NA,NA,NA,NA,NA,NA,NA,NA,NA,NA,NA,NA,NA,NA,NA,NA,NA,NA,NA,NA,NA,NA,NA,NA,NA,NA,NA,NA
2011,Hurunui District,Canterbury Rural,0.9277500000000001,1.0107,1.086275,National,5.949166666666667,6.3533333333333335,National,0.775,National,608893.75,NA,NA,NA,NA,NA,NA,NA,NA,NA,NA,NA,NA,NA,NA,National,7,347120,-0.7,-2489,500745,-0.8,-3852,479856,-2.2,-10632,437596,0.6,2747,179493,-5,-9493,NA,NA,NA,NA,NA,NA,NA,NA,NA,NA,NA,NA,NA,NA,NA,NA,NA,NA,NA,NA,NA,NA,NA,NA,NA,NA,NA,NA,NA,NA,NA,NA,NA,NA,NA,NA,NA,NA,NA,NA
2011,Hutt City,Wellington Urban,0.915825,0.9968,0.9946,National,5.949166666666667,6.3533333333333335,National,0.775,National,608893.75,NA,NA,NA,NA,NA,NA,NA,NA,NA,NA,NA,NA,NA,NA,National,7,347120,-0.7,-2489,500745,-0.8,-3852,479856,-2.2,-10632,437596,0.6,2747,179493,-5,-9493,NA,NA,NA,NA,NA,NA,NA,NA,NA,NA,NA,NA,NA,NA,NA,NA,NA,NA,NA,NA,NA,NA,NA,NA,NA,NA,NA,NA,NA,NA,NA,NA,NA,NA,NA,NA,NA,NA,NA,NA
2011,Invercargill City,Other,0.9093249999999999,0.98965,0.99395,National,5.949166666666667,6.3533333333333335,National,0.775,National,608893.75,NA,NA,NA,NA,NA,NA,NA,NA,NA,NA,NA,NA,NA,NA,National,7,347120,-0.7,-2489,500745,-0.8,-3852,479856,-2.2,-10632,437596,0.6,2747,179493,-5,-9493,NA,NA,NA,NA,NA,NA,NA,NA,NA,NA,NA,NA,NA,NA,NA,NA,NA,NA,NA,NA,NA,NA,NA,NA,NA,NA,NA,NA,NA,NA,NA,NA,NA,NA,NA,NA,NA,NA,NA,NA
2011,Kaikoura District,Other,0.87405,0.9514,1.006475,National,5.949166666666667,6.3533333333333335,National,0.775,National,608893.75,NA,NA,NA,NA,NA,NA,NA,NA,NA,NA,NA,NA,NA,NA,National,7,347120,-0.7,-2489,500745,-0.8,-3852,479856,-2.2,-10632,437596,0.6,2747,179493,-5,-9493,NA,NA,NA,NA,NA,NA,NA,NA,NA,NA,NA,NA,NA,NA,NA,NA,NA,NA,NA,NA,NA,NA,NA,NA,NA,NA,NA,NA,NA,NA,NA,NA,NA,NA,NA,NA,NA,NA,NA,NA
2011,Kaipara District,Other,0.861125,0.937275,1.03675,National,5.949166666666667,6.3533333333333335,National,0.775,National,608893.75,NA,NA,NA,NA,NA,NA,NA,NA,NA,NA,NA,NA,NA,NA,National,7,347120,-0.7,-2489,500745,-0.8,-3852,479856,-2.2,-10632,437596,0.6,2747,179493,-5,-9493,NA,NA,NA,NA,NA,NA,NA,NA,NA,NA,NA,NA,NA,NA,NA,NA,NA,NA,NA,NA,NA,NA,NA,NA,NA,NA,NA,NA,NA,NA,NA,NA,NA,NA,NA,NA,NA,NA,NA,NA
2011,Kapiti Coast District,Wellington Rural,0.9240999999999999,1.005925,1.0110000000000001,National,5.949166666666667,6.3533333333333335,National,0.775,National,608893.75,NA,NA,NA,NA,NA,NA,NA,NA,NA,NA,NA,NA,NA,NA,National,7,347120,-0.7,-2489,500745,-0.8,-3852,479856,-2.2,-10632,437596,0.6,2747,179493,-5,-9493,NA,NA,NA,NA,NA,NA,NA,NA,NA,NA,NA,NA,NA,NA,NA,NA,NA,NA,NA,NA,NA,NA,NA,NA,NA,NA,NA,NA,NA,NA,NA,NA,NA,NA,NA,NA,NA,NA,NA,NA
2011,Kawerau District,Other,0.834475,0.9067999999999999,1.016875,National,5.949166666666667,6.3533333333333335,National,0.775,National,608893.75,NA,NA,NA,NA,NA,NA,NA,NA,NA,NA,NA,NA,NA,NA,National,7,347120,-0.7,-2489,500745,-0.8,-3852,479856,-2.2,-10632,437596,0.6,2747,179493,-5,-9493,NA,NA,NA,NA,NA,NA,NA,NA,NA,NA,NA,NA,NA,NA,NA,NA,NA,NA,NA,NA,NA,NA,NA,NA,NA,NA,NA,NA,NA,NA,NA,NA,NA,NA,NA,NA,NA,NA,NA,NA
2011,MacKenzie District,Canterbury Rural,0.9025000000000001,0.98265,1.09455,National,5.949166666666667,6.3533333333333335,National,0.775,National,608893.75,NA,NA,NA,NA,NA,NA,NA,NA,NA,NA,NA,NA,NA,NA,National,7,347120,-0.7,-2489,500745,-0.8,-3852,479856,-2.2,-10632,437596,0.6,2747,179493,-5,-9493,NA,NA,NA,NA,NA,NA,NA,NA,NA,NA,NA,NA,NA,NA,NA,NA,NA,NA,NA,NA,NA,NA,NA,NA,NA,NA,NA,NA,NA,NA,NA,NA,NA,NA,NA,NA,NA,NA,NA,NA
2011,Manawatu District,Other,0.948225,1.032475,1.00775,National,5.949166666666667,6.3533333333333335,National,0.775,National,608893.75,NA,NA,NA,NA,NA,NA,NA,NA,NA,NA,NA,NA,NA,NA,National,7,347120,-0.7,-2489,500745,-0.8,-3852,479856,-2.2,-10632,437596,0.6,2747,179493,-5,-9493,NA,NA,NA,NA,NA,NA,NA,NA,NA,NA,NA,NA,NA,NA,NA,NA,NA,NA,NA,NA,NA,NA,NA,NA,NA,NA,NA,NA,NA,NA,NA,NA,NA,NA,NA,NA,NA,NA,NA,NA
2011,Manawatu-Wanganui,Other,0.911775,0.992575,1.004775,National,5.949166666666667,6.3533333333333335,National,0.775,National,608893.75,NA,NA,NA,NA,NA,NA,NA,NA,NA,NA,NA,NA,NA,NA,National,7,347120,-0.7,-2489,500745,-0.8,-3852,479856,-2.2,-10632,437596,0.6,2747,179493,-5,-9493,NA,NA,NA,NA,NA,NA,NA,NA,NA,NA,NA,NA,NA,NA,NA,NA,NA,NA,NA,NA,NA,NA,NA,NA,NA,NA,NA,NA,NA,NA,NA,NA,NA,NA,NA,NA,NA,NA,NA,NA
2011,Marlborough,Other,0.91355,0.99435,0.9895,National,5.949166666666667,6.3533333333333335,National,0.775,National,608893.75,NA,NA,NA,NA,NA,NA,NA,NA,NA,NA,NA,NA,NA,NA,National,7,347120,-0.7,-2489,500745,-0.8,-3852,479856,-2.2,-10632,437596,0.6,2747,179493,-5,-9493,NA,NA,NA,NA,NA,NA,NA,NA,NA,NA,NA,NA,NA,NA,NA,NA,NA,NA,NA,NA,NA,NA,NA,NA,NA,NA,NA,NA,NA,NA,NA,NA,NA,NA,NA,NA,NA,NA,NA,NA
2011,Marlborough District,Other,0.91355,0.99435,0.989475,National,5.949166666666667,6.3533333333333335,National,0.775,National,608893.75,NA,NA,NA,NA,NA,NA,NA,NA,NA,NA,NA,NA,NA,NA,National,7,347120,-0.7,-2489,500745,-0.8,-3852,479856,-2.2,-10632,437596,0.6,2747,179493,-5,-9493,NA,NA,NA,NA,NA,NA,NA,NA,NA,NA,NA,NA,NA,NA,NA,NA,NA,NA,NA,NA,NA,NA,NA,NA,NA,NA,NA,NA,NA,NA,NA,NA,NA,NA,NA,NA,NA,NA,NA,NA
2011,Masterton District,Wellington Rural,0.8935500000000001,0.9727,0.9910749999999999,National,5.949166666666667,6.3533333333333335,National,0.775,National,608893.75,NA,NA,NA,NA,NA,NA,NA,NA,NA,NA,NA,NA,NA,NA,National,7,347120,-0.7,-2489,500745,-0.8,-3852,479856,-2.2,-10632,437596,0.6,2747,179493,-5,-9493,NA,NA,NA,NA,NA,NA,NA,NA,NA,NA,NA,NA,NA,NA,NA,NA,NA,NA,NA,NA,NA,NA,NA,NA,NA,NA,NA,NA,NA,NA,NA,NA,NA,NA,NA,NA,NA,NA,NA,NA
2011,Matamata Piako District,Other,0.9122,0.9926999999999999,1.020075,National,5.949166666666667,6.3533333333333335,National,0.775,National,608893.75,NA,NA,NA,NA,NA,NA,NA,NA,NA,NA,NA,NA,NA,NA,National,7,347120,-0.7,-2489,500745,-0.8,-3852,479856,-2.2,-10632,437596,0.6,2747,179493,-5,-9493,NA,NA,NA,NA,NA,NA,NA,NA,NA,NA,NA,NA,NA,NA,NA,NA,NA,NA,NA,NA,NA,NA,NA,NA,NA,NA,NA,NA,NA,NA,NA,NA,NA,NA,NA,NA,NA,NA,NA,NA
2011,Napier City,Other,0.897875,0.97715,0.9991,National,5.949166666666667,6.3533333333333335,National,0.775,National,608893.75,NA,NA,NA,NA,NA,NA,NA,NA,NA,NA,NA,NA,NA,NA,National,7,347120,-0.7,-2489,500745,-0.8,-3852,479856,-2.2,-10632,437596,0.6,2747,179493,-5,-9493,NA,NA,NA,NA,NA,NA,NA,NA,NA,NA,NA,NA,NA,NA,NA,NA,NA,NA,NA,NA,NA,NA,NA,NA,NA,NA,NA,NA,NA,NA,NA,NA,NA,NA,NA,NA,NA,NA,NA,NA
2011,Nelson,Other,0.930825,1.013725,1.0158,National,5.949166666666667,6.3533333333333335,National,0.775,National,608893.75,NA,NA,NA,NA,NA,NA,NA,NA,NA,NA,NA,NA,NA,NA,National,7,347120,-0.7,-2489,500745,-0.8,-3852,479856,-2.2,-10632,437596,0.6,2747,179493,-5,-9493,NA,NA,NA,NA,NA,NA,NA,NA,NA,NA,NA,NA,NA,NA,NA,NA,NA,NA,NA,NA,NA,NA,NA,NA,NA,NA,NA,NA,NA,NA,NA,NA,NA,NA,NA,NA,NA,NA,NA,NA
2011,Nelson City,Other,0.930825,1.013725,1.01585,National,5.949166666666667,6.3533333333333335,National,0.775,National,608893.75,NA,NA,NA,NA,NA,NA,NA,NA,NA,NA,NA,NA,NA,NA,National,7,347120,-0.7,-2489,500745,-0.8,-3852,479856,-2.2,-10632,437596,0.6,2747,179493,-5,-9493,NA,NA,NA,NA,NA,NA,NA,NA,NA,NA,NA,NA,NA,NA,NA,NA,NA,NA,NA,NA,NA,NA,NA,NA,NA,NA,NA,NA,NA,NA,NA,NA,NA,NA,NA,NA,NA,NA,NA,NA
2011,New Plymouth District,Other,0.90445,0.98445,0.9920749999999999,National,5.949166666666667,6.3533333333333335,National,0.775,National,608893.75,NA,NA,NA,NA,NA,NA,NA,NA,NA,NA,NA,NA,NA,NA,National,7,347120,-0.7,-2489,500745,-0.8,-3852,479856,-2.2,-10632,437596,0.6,2747,179493,-5,-9493,NA,NA,NA,NA,NA,NA,NA,NA,NA,NA,NA,NA,NA,NA,NA,NA,NA,NA,NA,NA,NA,NA,NA,NA,NA,NA,NA,NA,NA,NA,NA,NA,NA,NA,NA,NA,NA,NA,NA,NA
2011,New Zealand,Other,0.9218,1.003575,1.017575,National,5.949166666666667,6.3533333333333335,National,0.775,National,608893.75,NA,NA,NA,NA,NA,NA,NA,NA,NA,NA,NA,NA,NA,NA,National,7,347120,-0.7,-2489,500745,-0.8,-3852,479856,-2.2,-10632,437596,0.6,2747,179493,-5,-9493,NA,NA,NA,NA,NA,NA,NA,NA,NA,NA,NA,NA,NA,NA,NA,NA,NA,NA,NA,NA,NA,NA,NA,NA,NA,NA,NA,NA,NA,NA,NA,NA,NA,NA,NA,NA,NA,NA,NA,NA
2011,Northland,Other,0.9108499999999999,0.991575,1.0096,National,5.949166666666667,6.3533333333333335,National,0.775,National,608893.75,NA,NA,NA,NA,NA,NA,NA,NA,NA,NA,NA,NA,NA,NA,National,7,347120,-0.7,-2489,500745,-0.8,-3852,479856,-2.2,-10632,437596,0.6,2747,179493,-5,-9493,NA,NA,NA,NA,NA,NA,NA,NA,NA,NA,NA,NA,NA,NA,NA,NA,NA,NA,NA,NA,NA,NA,NA,NA,NA,NA,NA,NA,NA,NA,NA,NA,NA,NA,NA,NA,NA,NA,NA,NA
2011,Opotiki District,Other,0.883175,0.9603999999999999,1.047125,National,5.949166666666667,6.3533333333333335,National,0.775,National,608893.75,NA,NA,NA,NA,NA,NA,NA,NA,NA,NA,NA,NA,NA,NA,National,7,347120,-0.7,-2489,500745,-0.8,-3852,479856,-2.2,-10632,437596,0.6,2747,179493,-5,-9493,NA,NA,NA,NA,NA,NA,NA,NA,NA,NA,NA,NA,NA,NA,NA,NA,NA,NA,NA,NA,NA,NA,NA,NA,NA,NA,NA,NA,NA,NA,NA,NA,NA,NA,NA,NA,NA,NA,NA,NA
2011,Otago,Other,0.9071,0.987575,1.0756999999999999,National,5.949166666666667,6.3533333333333335,National,0.775,National,608893.75,NA,NA,NA,NA,NA,NA,NA,NA,NA,NA,NA,NA,NA,NA,National,7,347120,-0.7,-2489,500745,-0.8,-3852,479856,-2.2,-10632,437596,0.6,2747,179493,-5,-9493,NA,NA,NA,NA,NA,NA,NA,NA,NA,NA,NA,NA,NA,NA,NA,NA,NA,NA,NA,NA,NA,NA,NA,NA,NA,NA,NA,NA,NA,NA,NA,NA,NA,NA,NA,NA,NA,NA,NA,NA
2011,Otorohanga District,Other,0.864425,0.940975,0.972975,National,5.949166666666667,6.3533333333333335,National,0.775,National,608893.75,NA,NA,NA,NA,NA,NA,NA,NA,NA,NA,NA,NA,NA,NA,National,7,347120,-0.7,-2489,500745,-0.8,-3852,479856,-2.2,-10632,437596,0.6,2747,179493,-5,-9493,NA,NA,NA,NA,NA,NA,NA,NA,NA,NA,NA,NA,NA,NA,NA,NA,NA,NA,NA,NA,NA,NA,NA,NA,NA,NA,NA,NA,NA,NA,NA,NA,NA,NA,NA,NA,NA,NA,NA,NA
2011,Palmerston North City,Other,0.9206,1.0024250000000001,0.9983,National,5.949166666666667,6.3533333333333335,National,0.775,National,608893.75,NA,NA,NA,NA,NA,NA,NA,NA,NA,NA,NA,NA,NA,NA,National,7,347120,-0.7,-2489,500745,-0.8,-3852,479856,-2.2,-10632,437596,0.6,2747,179493,-5,-9493,NA,NA,NA,NA,NA,NA,NA,NA,NA,NA,NA,NA,NA,NA,NA,NA,NA,NA,NA,NA,NA,NA,NA,NA,NA,NA,NA,NA,NA,NA,NA,NA,NA,NA,NA,NA,NA,NA,NA,NA
2011,Porirua City,Wellington Urban,0.91835,1.0001499999999999,1.0105250000000001,National,5.949166666666667,6.3533333333333335,National,0.775,National,608893.75,NA,NA,NA,NA,NA,NA,NA,NA,NA,NA,NA,NA,NA,NA,National,7,347120,-0.7,-2489,500745,-0.8,-3852,479856,-2.2,-10632,437596,0.6,2747,179493,-5,-9493,NA,NA,NA,NA,NA,NA,NA,NA,NA,NA,NA,NA,NA,NA,NA,NA,NA,NA,NA,NA,NA,NA,NA,NA,NA,NA,NA,NA,NA,NA,NA,NA,NA,NA,NA,NA,NA,NA,NA,NA
2011,Queenstown Lakes District,Other,0.902,0.981725,1.0074,National,5.949166666666667,6.3533333333333335,National,0.775,National,608893.75,NA,NA,NA,NA,NA,NA,NA,NA,NA,NA,NA,NA,NA,NA,National,7,347120,-0.7,-2489,500745,-0.8,-3852,479856,-2.2,-10632,437596,0.6,2747,179493,-5,-9493,NA,NA,NA,NA,NA,NA,NA,NA,NA,NA,NA,NA,NA,NA,NA,NA,NA,NA,NA,NA,NA,NA,NA,NA,NA,NA,NA,NA,NA,NA,NA,NA,NA,NA,NA,NA,NA,NA,NA,NA
2011,Rangitikei District,Other,0.926225,1.0084,0.993625,National,5.949166666666667,6.3533333333333335,National,0.775,National,608893.75,NA,NA,NA,NA,NA,NA,NA,NA,NA,NA,NA,NA,NA,NA,National,7,347120,-0.7,-2489,500745,-0.8,-3852,479856,-2.2,-10632,437596,0.6,2747,179493,-5,-9493,NA,NA,NA,NA,NA,NA,NA,NA,NA,NA,NA,NA,NA,NA,NA,NA,NA,NA,NA,NA,NA,NA,NA,NA,NA,NA,NA,NA,NA,NA,NA,NA,NA,NA,NA,NA,NA,NA,NA,NA
2011,Rotorua District,Other,0.898675,0.978225,1.005925,National,5.949166666666667,6.3533333333333335,National,0.775,National,608893.75,NA,NA,NA,NA,NA,NA,NA,NA,NA,NA,NA,NA,NA,NA,National,7,347120,-0.7,-2489,500745,-0.8,-3852,479856,-2.2,-10632,437596,0.6,2747,179493,-5,-9493,NA,NA,NA,NA,NA,NA,NA,NA,NA,NA,NA,NA,NA,NA,NA,NA,NA,NA,NA,NA,NA,NA,NA,NA,NA,NA,NA,NA,NA,NA,NA,NA,NA,NA,NA,NA,NA,NA,NA,NA
2011,Ruapehu District,Other,0.9358,1.018075,0.9859,National,5.949166666666667,6.3533333333333335,National,0.775,National,608893.75,NA,NA,NA,NA,NA,NA,NA,NA,NA,NA,NA,NA,NA,NA,National,7,347120,-0.7,-2489,500745,-0.8,-3852,479856,-2.2,-10632,437596,0.6,2747,179493,-5,-9493,NA,NA,NA,NA,NA,NA,NA,NA,NA,NA,NA,NA,NA,NA,NA,NA,NA,NA,NA,NA,NA,NA,NA,NA,NA,NA,NA,NA,NA,NA,NA,NA,NA,NA,NA,NA,NA,NA,NA,NA
2011,Selwyn District,Canterbury Rural,0.958375,1.04425,1.041125,National,5.949166666666667,6.3533333333333335,National,0.775,National,608893.75,NA,NA,NA,NA,NA,NA,NA,NA,NA,NA,NA,NA,NA,NA,National,7,347120,-0.7,-2489,500745,-0.8,-3852,479856,-2.2,-10632,437596,0.6,2747,179493,-5,-9493,NA,NA,NA,NA,NA,NA,NA,NA,NA,NA,NA,NA,NA,NA,NA,NA,NA,NA,NA,NA,NA,NA,NA,NA,NA,NA,NA,NA,NA,NA,NA,NA,NA,NA,NA,NA,NA,NA,NA,NA
2011,South Taranaki District,Other,0.93655,1.0198749999999999,1.032925,National,5.949166666666667,6.3533333333333335,National,0.775,National,608893.75,NA,NA,NA,NA,NA,NA,NA,NA,NA,NA,NA,NA,NA,NA,National,7,347120,-0.7,-2489,500745,-0.8,-3852,479856,-2.2,-10632,437596,0.6,2747,179493,-5,-9493,NA,NA,NA,NA,NA,NA,NA,NA,NA,NA,NA,NA,NA,NA,NA,NA,NA,NA,NA,NA,NA,NA,NA,NA,NA,NA,NA,NA,NA,NA,NA,NA,NA,NA,NA,NA,NA,NA,NA,NA
2011,South Waikato District,Other,0.8849750000000001,0.963075,0.991575,National,5.949166666666667,6.3533333333333335,National,0.775,National,608893.75,NA,NA,NA,NA,NA,NA,NA,NA,NA,NA,NA,NA,NA,NA,National,7,347120,-0.7,-2489,500745,-0.8,-3852,479856,-2.2,-10632,437596,0.6,2747,179493,-5,-9493,NA,NA,NA,NA,NA,NA,NA,NA,NA,NA,NA,NA,NA,NA,NA,NA,NA,NA,NA,NA,NA,NA,NA,NA,NA,NA,NA,NA,NA,NA,NA,NA,NA,NA,NA,NA,NA,NA,NA,NA
2011,South Wairarapa District,Wellington Rural,0.941775,1.024425,0.955525,National,5.949166666666667,6.3533333333333335,National,0.775,National,608893.75,NA,NA,NA,NA,NA,NA,NA,NA,NA,NA,NA,NA,NA,NA,National,7,347120,-0.7,-2489,500745,-0.8,-3852,479856,-2.2,-10632,437596,0.6,2747,179493,-5,-9493,NA,NA,NA,NA,NA,NA,NA,NA,NA,NA,NA,NA,NA,NA,NA,NA,NA,NA,NA,NA,NA,NA,NA,NA,NA,NA,NA,NA,NA,NA,NA,NA,NA,NA,NA,NA,NA,NA,NA,NA
2011,Southland,Other,0.91995,1.001425,0.994125,National,5.949166666666667,6.3533333333333335,National,0.775,National,608893.75,NA,NA,NA,NA,NA,NA,NA,NA,NA,NA,NA,NA,NA,NA,National,7,347120,-0.7,-2489,500745,-0.8,-3852,479856,-2.2,-10632,437596,0.6,2747,179493,-5,-9493,NA,NA,NA,NA,NA,NA,NA,NA,NA,NA,NA,NA,NA,NA,NA,NA,NA,NA,NA,NA,NA,NA,NA,NA,NA,NA,NA,NA,NA,NA,NA,NA,NA,NA,NA,NA,NA,NA,NA,NA
2011,Southland District,Other,0.9327,1.015825,1.0156749999999999,National,5.949166666666667,6.3533333333333335,National,0.775,National,608893.75,NA,NA,NA,NA,NA,NA,NA,NA,NA,NA,NA,NA,NA,NA,National,7,347120,-0.7,-2489,500745,-0.8,-3852,479856,-2.2,-10632,437596,0.6,2747,179493,-5,-9493,NA,NA,NA,NA,NA,NA,NA,NA,NA,NA,NA,NA,NA,NA,NA,NA,NA,NA,NA,NA,NA,NA,NA,NA,NA,NA,NA,NA,NA,NA,NA,NA,NA,NA,NA,NA,NA,NA,NA,NA
2011,Stratford District,Other,0.89735,0.9759,0.963625,National,5.949166666666667,6.3533333333333335,National,0.775,National,608893.75,NA,NA,NA,NA,NA,NA,NA,NA,NA,NA,NA,NA,NA,NA,National,7,347120,-0.7,-2489,500745,-0.8,-3852,479856,-2.2,-10632,437596,0.6,2747,179493,-5,-9493,NA,NA,NA,NA,NA,NA,NA,NA,NA,NA,NA,NA,NA,NA,NA,NA,NA,NA,NA,NA,NA,NA,NA,NA,NA,NA,NA,NA,NA,NA,NA,NA,NA,NA,NA,NA,NA,NA,NA,NA
2011,Taranaki,Other,0.91065,0.9913,0.9979,National,5.949166666666667,6.3533333333333335,National,0.775,National,608893.75,NA,NA,NA,NA,NA,NA,NA,NA,NA,NA,NA,NA,NA,NA,National,7,347120,-0.7,-2489,500745,-0.8,-3852,479856,-2.2,-10632,437596,0.6,2747,179493,-5,-9493,NA,NA,NA,NA,NA,NA,NA,NA,NA,NA,NA,NA,NA,NA,NA,NA,NA,NA,NA,NA,NA,NA,NA,NA,NA,NA,NA,NA,NA,NA,NA,NA,NA,NA,NA,NA,NA,NA,NA,NA
2011,Tararua District,Other,0.8875,0.9656750000000001,1.015425,National,5.949166666666667,6.3533333333333335,National,0.775,National,608893.75,NA,NA,NA,NA,NA,NA,NA,NA,NA,NA,NA,NA,NA,NA,National,7,347120,-0.7,-2489,500745,-0.8,-3852,479856,-2.2,-10632,437596,0.6,2747,179493,-5,-9493,NA,NA,NA,NA,NA,NA,NA,NA,NA,NA,NA,NA,NA,NA,NA,NA,NA,NA,NA,NA,NA,NA,NA,NA,NA,NA,NA,NA,NA,NA,NA,NA,NA,NA,NA,NA,NA,NA,NA,NA
2011,Tasman,Other,0.904,0.98405,1.00255,National,5.949166666666667,6.3533333333333335,National,0.775,National,608893.75,NA,NA,NA,NA,NA,NA,NA,NA,NA,NA,NA,NA,NA,NA,National,7,347120,-0.7,-2489,500745,-0.8,-3852,479856,-2.2,-10632,437596,0.6,2747,179493,-5,-9493,NA,NA,NA,NA,NA,NA,NA,NA,NA,NA,NA,NA,NA,NA,NA,NA,NA,NA,NA,NA,NA,NA,NA,NA,NA,NA,NA,NA,NA,NA,NA,NA,NA,NA,NA,NA,NA,NA,NA,NA
2011,Tasman District,Other,0.904,0.98405,1.00255,National,5.949166666666667,6.3533333333333335,National,0.775,National,608893.75,NA,NA,NA,NA,NA,NA,NA,NA,NA,NA,NA,NA,NA,NA,National,7,347120,-0.7,-2489,500745,-0.8,-3852,479856,-2.2,-10632,437596,0.6,2747,179493,-5,-9493,NA,NA,NA,NA,NA,NA,NA,NA,NA,NA,NA,NA,NA,NA,NA,NA,NA,NA,NA,NA,NA,NA,NA,NA,NA,NA,NA,NA,NA,NA,NA,NA,NA,NA,NA,NA,NA,NA,NA,NA
2011,Taupo District,Other,0.9128,0.993575,0.997925,National,5.949166666666667,6.3533333333333335,National,0.775,National,608893.75,NA,NA,NA,NA,NA,NA,NA,NA,NA,NA,NA,NA,NA,NA,National,7,347120,-0.7,-2489,500745,-0.8,-3852,479856,-2.2,-10632,437596,0.6,2747,179493,-5,-9493,NA,NA,NA,NA,NA,NA,NA,NA,NA,NA,NA,NA,NA,NA,NA,NA,NA,NA,NA,NA,NA,NA,NA,NA,NA,NA,NA,NA,NA,NA,NA,NA,NA,NA,NA,NA,NA,NA,NA,NA
2011,Tauranga City,Other,0.90705,0.9874499999999999,0.996275,National,5.949166666666667,6.3533333333333335,National,0.775,National,608893.75,NA,NA,NA,NA,NA,NA,NA,NA,NA,NA,NA,NA,NA,NA,National,7,347120,-0.7,-2489,500745,-0.8,-3852,479856,-2.2,-10632,437596,0.6,2747,179493,-5,-9493,NA,NA,NA,NA,NA,NA,NA,NA,NA,NA,NA,NA,NA,NA,NA,NA,NA,NA,NA,NA,NA,NA,NA,NA,NA,NA,NA,NA,NA,NA,NA,NA,NA,NA,NA,NA,NA,NA,NA,NA
2011,Thames Coromandel District,Other,0.917625,0.998825,1.005025,National,5.949166666666667,6.3533333333333335,National,0.775,National,608893.75,NA,NA,NA,NA,NA,NA,NA,NA,NA,NA,NA,NA,NA,NA,National,7,347120,-0.7,-2489,500745,-0.8,-3852,479856,-2.2,-10632,437596,0.6,2747,179493,-5,-9493,NA,NA,NA,NA,NA,NA,NA,NA,NA,NA,NA,NA,NA,NA,NA,NA,NA,NA,NA,NA,NA,NA,NA,NA,NA,NA,NA,NA,NA,NA,NA,NA,NA,NA,NA,NA,NA,NA,NA,NA
2011,Timaru District,Canterbury Rural,0.91865,1.000375,1.0117,National,5.949166666666667,6.3533333333333335,National,0.775,National,608893.75,NA,NA,NA,NA,NA,NA,NA,NA,NA,NA,NA,NA,NA,NA,National,7,347120,-0.7,-2489,500745,-0.8,-3852,479856,-2.2,-10632,437596,0.6,2747,179493,-5,-9493,NA,NA,NA,NA,NA,NA,NA,NA,NA,NA,NA,NA,NA,NA,NA,NA,NA,NA,NA,NA,NA,NA,NA,NA,NA,NA,NA,NA,NA,NA,NA,NA,NA,NA,NA,NA,NA,NA,NA,NA
2011,Upper Hutt City,Wellington Urban,0.91,0.990775,0.988575,National,5.949166666666667,6.3533333333333335,National,0.775,National,608893.75,NA,NA,NA,NA,NA,NA,NA,NA,NA,NA,NA,NA,NA,NA,National,7,347120,-0.7,-2489,500745,-0.8,-3852,479856,-2.2,-10632,437596,0.6,2747,179493,-5,-9493,NA,NA,NA,NA,NA,NA,NA,NA,NA,NA,NA,NA,NA,NA,NA,NA,NA,NA,NA,NA,NA,NA,NA,NA,NA,NA,NA,NA,NA,NA,NA,NA,NA,NA,NA,NA,NA,NA,NA,NA
2011,Waikato,Other,0.9147000000000001,0.9956,1.001025,National,5.949166666666667,6.3533333333333335,National,0.775,National,608893.75,NA,NA,NA,NA,NA,NA,NA,NA,NA,NA,NA,NA,NA,NA,National,7,347120,-0.7,-2489,500745,-0.8,-3852,479856,-2.2,-10632,437596,0.6,2747,179493,-5,-9493,NA,NA,NA,NA,NA,NA,NA,NA,NA,NA,NA,NA,NA,NA,NA,NA,NA,NA,NA,NA,NA,NA,NA,NA,NA,NA,NA,NA,NA,NA,NA,NA,NA,NA,NA,NA,NA,NA,NA,NA
2011,Waikato District,Other,0.8719250000000001,0.9485,0.9979,National,5.949166666666667,6.3533333333333335,National,0.775,National,608893.75,NA,NA,NA,NA,NA,NA,NA,NA,NA,NA,NA,NA,NA,NA,National,7,347120,-0.7,-2489,500745,-0.8,-3852,479856,-2.2,-10632,437596,0.6,2747,179493,-5,-9493,NA,NA,NA,NA,NA,NA,NA,NA,NA,NA,NA,NA,NA,NA,NA,NA,NA,NA,NA,NA,NA,NA,NA,NA,NA,NA,NA,NA,NA,NA,NA,NA,NA,NA,NA,NA,NA,NA,NA,NA
2011,Waimakariri District,Canterbury Rural,0.9702500000000001,1.0568499999999998,1.042975,National,5.949166666666667,6.3533333333333335,National,0.775,National,608893.75,NA,NA,NA,NA,NA,NA,NA,NA,NA,NA,NA,NA,NA,NA,National,7,347120,-0.7,-2489,500745,-0.8,-3852,479856,-2.2,-10632,437596,0.6,2747,179493,-5,-9493,NA,NA,NA,NA,NA,NA,NA,NA,NA,NA,NA,NA,NA,NA,NA,NA,NA,NA,NA,NA,NA,NA,NA,NA,NA,NA,NA,NA,NA,NA,NA,NA,NA,NA,NA,NA,NA,NA,NA,NA
2011,Waimate District,Canterbury Rural,0.914975,0.995575,1.002,National,5.949166666666667,6.3533333333333335,National,0.775,National,608893.75,NA,NA,NA,NA,NA,NA,NA,NA,NA,NA,NA,NA,NA,NA,National,7,347120,-0.7,-2489,500745,-0.8,-3852,479856,-2.2,-10632,437596,0.6,2747,179493,-5,-9493,NA,NA,NA,NA,NA,NA,NA,NA,NA,NA,NA,NA,NA,NA,NA,NA,NA,NA,NA,NA,NA,NA,NA,NA,NA,NA,NA,NA,NA,NA,NA,NA,NA,NA,NA,NA,NA,NA,NA,NA
2011,Waipa District,Other,0.911125,0.991725,1.006675,National,5.949166666666667,6.3533333333333335,National,0.775,National,608893.75,NA,NA,NA,NA,NA,NA,NA,NA,NA,NA,NA,NA,NA,NA,National,7,347120,-0.7,-2489,500745,-0.8,-3852,479856,-2.2,-10632,437596,0.6,2747,179493,-5,-9493,NA,NA,NA,NA,NA,NA,NA,NA,NA,NA,NA,NA,NA,NA,NA,NA,NA,NA,NA,NA,NA,NA,NA,NA,NA,NA,NA,NA,NA,NA,NA,NA,NA,NA,NA,NA,NA,NA,NA,NA
2011,Wairoa District,Other,0.91885,1.0008249999999999,0.97495,National,5.949166666666667,6.3533333333333335,National,0.775,National,608893.75,NA,NA,NA,NA,NA,NA,NA,NA,NA,NA,NA,NA,NA,NA,National,7,347120,-0.7,-2489,500745,-0.8,-3852,479856,-2.2,-10632,437596,0.6,2747,179493,-5,-9493,NA,NA,NA,NA,NA,NA,NA,NA,NA,NA,NA,NA,NA,NA,NA,NA,NA,NA,NA,NA,NA,NA,NA,NA,NA,NA,NA,NA,NA,NA,NA,NA,NA,NA,NA,NA,NA,NA,NA,NA
2011,Waitaki District,Other,0.920125,1.002175,1.0065,National,5.949166666666667,6.3533333333333335,National,0.775,National,608893.75,NA,NA,NA,NA,NA,NA,NA,NA,NA,NA,NA,NA,NA,NA,National,7,347120,-0.7,-2489,500745,-0.8,-3852,479856,-2.2,-10632,437596,0.6,2747,179493,-5,-9493,NA,NA,NA,NA,NA,NA,NA,NA,NA,NA,NA,NA,NA,NA,NA,NA,NA,NA,NA,NA,NA,NA,NA,NA,NA,NA,NA,NA,NA,NA,NA,NA,NA,NA,NA,NA,NA,NA,NA,NA
2011,Waitomo District,Other,0.904575,0.98455,0.971275,National,5.949166666666667,6.3533333333333335,National,0.775,National,608893.75,NA,NA,NA,NA,NA,NA,NA,NA,NA,NA,NA,NA,NA,NA,National,7,347120,-0.7,-2489,500745,-0.8,-3852,479856,-2.2,-10632,437596,0.6,2747,179493,-5,-9493,NA,NA,NA,NA,NA,NA,NA,NA,NA,NA,NA,NA,NA,NA,NA,NA,NA,NA,NA,NA,NA,NA,NA,NA,NA,NA,NA,NA,NA,NA,NA,NA,NA,NA,NA,NA,NA,NA,NA,NA
2011,Wellington,Wellington Rural,0.91945,1.000925,1.0241,National,5.949166666666667,6.3533333333333335,National,0.775,National,608893.75,NA,NA,NA,NA,NA,NA,NA,NA,NA,NA,NA,NA,NA,NA,National,7,347120,-0.7,-2489,500745,-0.8,-3852,479856,-2.2,-10632,437596,0.6,2747,179493,-5,-9493,NA,NA,NA,NA,NA,NA,NA,NA,NA,NA,NA,NA,NA,NA,NA,NA,NA,NA,NA,NA,NA,NA,NA,NA,NA,NA,NA,NA,NA,NA,NA,NA,NA,NA,NA,NA,NA,NA,NA,NA
2011,Wellington City,Wellington Urban,0.925875,1.008075,1.0408,National,5.949166666666667,6.3533333333333335,National,0.775,National,608893.75,NA,NA,NA,NA,NA,NA,NA,NA,NA,NA,NA,NA,NA,NA,National,7,347120,-0.7,-2489,500745,-0.8,-3852,479856,-2.2,-10632,437596,0.6,2747,179493,-5,-9493,NA,NA,NA,NA,NA,NA,NA,NA,NA,NA,NA,NA,NA,NA,NA,NA,NA,NA,NA,NA,NA,NA,NA,NA,NA,NA,NA,NA,NA,NA,NA,NA,NA,NA,NA,NA,NA,NA,NA,NA
2011,West Coast,Other,0.9078999999999999,0.9882,0.977325,National,5.949166666666667,6.3533333333333335,National,0.775,National,608893.75,NA,NA,NA,NA,NA,NA,NA,NA,NA,NA,NA,NA,NA,NA,National,7,347120,-0.7,-2489,500745,-0.8,-3852,479856,-2.2,-10632,437596,0.6,2747,179493,-5,-9493,NA,NA,NA,NA,NA,NA,NA,NA,NA,NA,NA,NA,NA,NA,NA,NA,NA,NA,NA,NA,NA,NA,NA,NA,NA,NA,NA,NA,NA,NA,NA,NA,NA,NA,NA,NA,NA,NA,NA,NA
2011,Western Bay of Plenty District,Other,0.870125,0.9464,0.97865,National,5.949166666666667,6.3533333333333335,National,0.775,National,608893.75,NA,NA,NA,NA,NA,NA,NA,NA,NA,NA,NA,NA,NA,NA,National,7,347120,-0.7,-2489,500745,-0.8,-3852,479856,-2.2,-10632,437596,0.6,2747,179493,-5,-9493,NA,NA,NA,NA,NA,NA,NA,NA,NA,NA,NA,NA,NA,NA,NA,NA,NA,NA,NA,NA,NA,NA,NA,NA,NA,NA,NA,NA,NA,NA,NA,NA,NA,NA,NA,NA,NA,NA,NA,NA
2011,Westland District,Other,0.8728,0.949825,1.026175,National,5.949166666666667,6.3533333333333335,National,0.775,National,608893.75,NA,NA,NA,NA,NA,NA,NA,NA,NA,NA,NA,NA,NA,NA,National,7,347120,-0.7,-2489,500745,-0.8,-3852,479856,-2.2,-10632,437596,0.6,2747,179493,-5,-9493,NA,NA,NA,NA,NA,NA,NA,NA,NA,NA,NA,NA,NA,NA,NA,NA,NA,NA,NA,NA,NA,NA,NA,NA,NA,NA,NA,NA,NA,NA,NA,NA,NA,NA,NA,NA,NA,NA,NA,NA
2011,Whakatane District,Other,0.913925,0.994325,0.9809749999999999,National,5.949166666666667,6.3533333333333335,National,0.775,National,608893.75,NA,NA,NA,NA,NA,NA,NA,NA,NA,NA,NA,NA,NA,NA,National,7,347120,-0.7,-2489,500745,-0.8,-3852,479856,-2.2,-10632,437596,0.6,2747,179493,-5,-9493,NA,NA,NA,NA,NA,NA,NA,NA,NA,NA,NA,NA,NA,NA,NA,NA,NA,NA,NA,NA,NA,NA,NA,NA,NA,NA,NA,NA,NA,NA,NA,NA,NA,NA,NA,NA,NA,NA,NA,NA
2011,Whanganui District,Other,0.899675,0.9791,1.024375,National,5.949166666666667,6.3533333333333335,National,0.775,National,608893.75,NA,NA,NA,NA,NA,NA,NA,NA,NA,NA,NA,NA,NA,NA,National,7,347120,-0.7,-2489,500745,-0.8,-3852,479856,-2.2,-10632,437596,0.6,2747,179493,-5,-9493,NA,NA,NA,NA,NA,NA,NA,NA,NA,NA,NA,NA,NA,NA,NA,NA,NA,NA,NA,NA,NA,NA,NA,NA,NA,NA,NA,NA,NA,NA,NA,NA,NA,NA,NA,NA,NA,NA,NA,NA
2011,Whangarei District,Other,0.9180250000000001,0.9996,1.00275,National,5.949166666666667,6.3533333333333335,National,0.775,National,608893.75,NA,NA,NA,NA,NA,NA,NA,NA,NA,NA,NA,NA,NA,NA,National,7,347120,-0.7,-2489,500745,-0.8,-3852,479856,-2.2,-10632,437596,0.6,2747,179493,-5,-9493,NA,NA,NA,NA,NA,NA,NA,NA,NA,NA,NA,NA,NA,NA,NA,NA,NA,NA,NA,NA,NA,NA,NA,NA,NA,NA,NA,NA,NA,NA,NA,NA,NA,NA,NA,NA,NA,NA,NA,NA
2012,Ashburton District,Canterbury Rural,1.040275,1.000375,0.985,National,5.8133333333333335,5.609166666666667,National,4.45,National,637001.75,NA,NA,NA,NA,NA,NA,NA,NA,NA,NA,NA,NA,NA,NA,National,8,369047,6.3,21927,526830,5.2,26085,485402,1.2,5546,453369,3.6,15773,189916,5.8,10423,NA,NA,NA,NA,NA,NA,NA,NA,NA,NA,NA,NA,NA,NA,NA,NA,NA,NA,NA,NA,NA,NA,NA,NA,NA,NA,NA,NA,NA,NA,NA,NA,NA,NA,NA,NA,NA,NA,NA,NA
2012,Auckland,Auckland Urban,1.004675,0.966625,1.0012125,National,5.8133333333333335,5.609166666666667,National,4.45,National,637001.75,NA,NA,NA,NA,NA,NA,NA,NA,NA,NA,NA,NA,NA,NA,National,8,369047,6.3,21927,526830,5.2,26085,485402,1.2,5546,453369,3.6,15773,189916,5.8,10423,NA,NA,NA,NA,NA,NA,NA,NA,NA,NA,NA,NA,NA,NA,NA,NA,NA,NA,NA,NA,NA,NA,NA,NA,NA,NA,NA,NA,NA,NA,NA,NA,NA,NA,NA,NA,NA,NA,NA,NA
2012,Bay of Plenty,Other,1.050325,1.00965,1.0077,National,5.8133333333333335,5.609166666666667,National,4.45,National,637001.75,NA,NA,NA,NA,NA,NA,NA,NA,NA,NA,NA,NA,NA,NA,National,8,369047,6.3,21927,526830,5.2,26085,485402,1.2,5546,453369,3.6,15773,189916,5.8,10423,NA,NA,NA,NA,NA,NA,NA,NA,NA,NA,NA,NA,NA,NA,NA,NA,NA,NA,NA,NA,NA,NA,NA,NA,NA,NA,NA,NA,NA,NA,NA,NA,NA,NA,NA,NA,NA,NA,NA,NA
2012,Buller District,Other,1.044025,1.003775,1.013775,National,5.8133333333333335,5.609166666666667,National,4.45,National,637001.75,NA,NA,NA,NA,NA,NA,NA,NA,NA,NA,NA,NA,NA,NA,National,8,369047,6.3,21927,526830,5.2,26085,485402,1.2,5546,453369,3.6,15773,189916,5.8,10423,NA,NA,NA,NA,NA,NA,NA,NA,NA,NA,NA,NA,NA,NA,NA,NA,NA,NA,NA,NA,NA,NA,NA,NA,NA,NA,NA,NA,NA,NA,NA,NA,NA,NA,NA,NA,NA,NA,NA,NA
2012,Canterbury,Canterbury Rural,1.0335,0.99385,0.9937,National,5.8133333333333335,5.609166666666667,National,4.45,National,637001.75,NA,NA,NA,NA,NA,NA,NA,NA,NA,NA,NA,NA,NA,NA,National,8,369047,6.3,21927,526830,5.2,26085,485402,1.2,5546,453369,3.6,15773,189916,5.8,10423,NA,NA,NA,NA,NA,NA,NA,NA,NA,NA,NA,NA,NA,NA,NA,NA,NA,NA,NA,NA,NA,NA,NA,NA,NA,NA,NA,NA,NA,NA,NA,NA,NA,NA,NA,NA,NA,NA,NA,NA
2012,Carterton District,Wellington Rural,1.0226,0.983525,0.997025,National,5.8133333333333335,5.609166666666667,National,4.45,National,637001.75,NA,NA,NA,NA,NA,NA,NA,NA,NA,NA,NA,NA,NA,NA,National,8,369047,6.3,21927,526830,5.2,26085,485402,1.2,5546,453369,3.6,15773,189916,5.8,10423,NA,NA,NA,NA,NA,NA,NA,NA,NA,NA,NA,NA,NA,NA,NA,NA,NA,NA,NA,NA,NA,NA,NA,NA,NA,NA,NA,NA,NA,NA,NA,NA,NA,NA,NA,NA,NA,NA,NA,NA
2012,Central Hawkes Bay District,Other,1.04895,1.00835,0.9767,National,5.8133333333333335,5.609166666666667,National,4.45,National,637001.75,NA,NA,NA,NA,NA,NA,NA,NA,NA,NA,NA,NA,NA,NA,National,8,369047,6.3,21927,526830,5.2,26085,485402,1.2,5546,453369,3.6,15773,189916,5.8,10423,NA,NA,NA,NA,NA,NA,NA,NA,NA,NA,NA,NA,NA,NA,NA,NA,NA,NA,NA,NA,NA,NA,NA,NA,NA,NA,NA,NA,NA,NA,NA,NA,NA,NA,NA,NA,NA,NA,NA,NA
2012,Central Otago District,Other,1.048475,1.007925,1.013325,National,5.8133333333333335,5.609166666666667,National,4.45,National,637001.75,NA,NA,NA,NA,NA,NA,NA,NA,NA,NA,NA,NA,NA,NA,National,8,369047,6.3,21927,526830,5.2,26085,485402,1.2,5546,453369,3.6,15773,189916,5.8,10423,NA,NA,NA,NA,NA,NA,NA,NA,NA,NA,NA,NA,NA,NA,NA,NA,NA,NA,NA,NA,NA,NA,NA,NA,NA,NA,NA,NA,NA,NA,NA,NA,NA,NA,NA,NA,NA,NA,NA,NA
2012,Christchurch City,Canterbury Urban,1.029325,0.9899249999999999,0.99295,National,5.8133333333333335,5.609166666666667,National,4.45,National,637001.75,NA,NA,NA,NA,NA,NA,NA,NA,NA,NA,NA,NA,NA,NA,National,8,369047,6.3,21927,526830,5.2,26085,485402,1.2,5546,453369,3.6,15773,189916,5.8,10423,NA,NA,NA,NA,NA,NA,NA,NA,NA,NA,NA,NA,NA,NA,NA,NA,NA,NA,NA,NA,NA,NA,NA,NA,NA,NA,NA,NA,NA,NA,NA,NA,NA,NA,NA,NA,NA,NA,NA,NA
2012,Clutha District,Other,1.0382,0.9979750000000001,1.013825,National,5.8133333333333335,5.609166666666667,National,4.45,National,637001.75,NA,NA,NA,NA,NA,NA,NA,NA,NA,NA,NA,NA,NA,NA,National,8,369047,6.3,21927,526830,5.2,26085,485402,1.2,5546,453369,3.6,15773,189916,5.8,10423,NA,NA,NA,NA,NA,NA,NA,NA,NA,NA,NA,NA,NA,NA,NA,NA,NA,NA,NA,NA,NA,NA,NA,NA,NA,NA,NA,NA,NA,NA,NA,NA,NA,NA,NA,NA,NA,NA,NA,NA
2012,Dunedin City,Other,1.036075,0.996225,1.11125,National,5.8133333333333335,5.609166666666667,National,4.45,National,637001.75,NA,NA,NA,NA,NA,NA,NA,NA,NA,NA,NA,NA,NA,NA,National,8,369047,6.3,21927,526830,5.2,26085,485402,1.2,5546,453369,3.6,15773,189916,5.8,10423,NA,NA,NA,NA,NA,NA,NA,NA,NA,NA,NA,NA,NA,NA,NA,NA,NA,NA,NA,NA,NA,NA,NA,NA,NA,NA,NA,NA,NA,NA,NA,NA,NA,NA,NA,NA,NA,NA,NA,NA
2012,Far North District,Other,1.0458,1.0056,1.004725,National,5.8133333333333335,5.609166666666667,National,4.45,National,637001.75,NA,NA,NA,NA,NA,NA,NA,NA,NA,NA,NA,NA,NA,NA,National,8,369047,6.3,21927,526830,5.2,26085,485402,1.2,5546,453369,3.6,15773,189916,5.8,10423,NA,NA,NA,NA,NA,NA,NA,NA,NA,NA,NA,NA,NA,NA,NA,NA,NA,NA,NA,NA,NA,NA,NA,NA,NA,NA,NA,NA,NA,NA,NA,NA,NA,NA,NA,NA,NA,NA,NA,NA
2012,Gisborne,Other,1.0610249999999999,1.01975,1.013925,National,5.8133333333333335,5.609166666666667,National,4.45,National,637001.75,NA,NA,NA,NA,NA,NA,NA,NA,NA,NA,NA,NA,NA,NA,National,8,369047,6.3,21927,526830,5.2,26085,485402,1.2,5546,453369,3.6,15773,189916,5.8,10423,NA,NA,NA,NA,NA,NA,NA,NA,NA,NA,NA,NA,NA,NA,NA,NA,NA,NA,NA,NA,NA,NA,NA,NA,NA,NA,NA,NA,NA,NA,NA,NA,NA,NA,NA,NA,NA,NA,NA,NA
2012,Gisborne District,Other,1.0610249999999999,1.01975,1.013925,National,5.8133333333333335,5.609166666666667,National,4.45,National,637001.75,NA,NA,NA,NA,NA,NA,NA,NA,NA,NA,NA,NA,NA,NA,National,8,369047,6.3,21927,526830,5.2,26085,485402,1.2,5546,453369,3.6,15773,189916,5.8,10423,NA,NA,NA,NA,NA,NA,NA,NA,NA,NA,NA,NA,NA,NA,NA,NA,NA,NA,NA,NA,NA,NA,NA,NA,NA,NA,NA,NA,NA,NA,NA,NA,NA,NA,NA,NA,NA,NA,NA,NA
2012,Gore District,Other,1.086425,1.043925,1.01805,National,5.8133333333333335,5.609166666666667,National,4.45,National,637001.75,NA,NA,NA,NA,NA,NA,NA,NA,NA,NA,NA,NA,NA,NA,National,8,369047,6.3,21927,526830,5.2,26085,485402,1.2,5546,453369,3.6,15773,189916,5.8,10423,NA,NA,NA,NA,NA,NA,NA,NA,NA,NA,NA,NA,NA,NA,NA,NA,NA,NA,NA,NA,NA,NA,NA,NA,NA,NA,NA,NA,NA,NA,NA,NA,NA,NA,NA,NA,NA,NA,NA,NA
2012,Grey District,Other,1.040575,1.0002,1.017225,National,5.8133333333333335,5.609166666666667,National,4.45,National,637001.75,NA,NA,NA,NA,NA,NA,NA,NA,NA,NA,NA,NA,NA,NA,National,8,369047,6.3,21927,526830,5.2,26085,485402,1.2,5546,453369,3.6,15773,189916,5.8,10423,NA,NA,NA,NA,NA,NA,NA,NA,NA,NA,NA,NA,NA,NA,NA,NA,NA,NA,NA,NA,NA,NA,NA,NA,NA,NA,NA,NA,NA,NA,NA,NA,NA,NA,NA,NA,NA,NA,NA,NA
2012,Hamilton City,Other,1.0316,0.99205,1.00475,National,5.8133333333333335,5.609166666666667,National,4.45,National,637001.75,NA,NA,NA,NA,NA,NA,NA,NA,NA,NA,NA,NA,NA,NA,National,8,369047,6.3,21927,526830,5.2,26085,485402,1.2,5546,453369,3.6,15773,189916,5.8,10423,NA,NA,NA,NA,NA,NA,NA,NA,NA,NA,NA,NA,NA,NA,NA,NA,NA,NA,NA,NA,NA,NA,NA,NA,NA,NA,NA,NA,NA,NA,NA,NA,NA,NA,NA,NA,NA,NA,NA,NA
2012,Hastings District,Other,1.03775,0.99775,1.0066000000000002,National,5.8133333333333335,5.609166666666667,National,4.45,National,637001.75,NA,NA,NA,NA,NA,NA,NA,NA,NA,NA,NA,NA,NA,NA,National,8,369047,6.3,21927,526830,5.2,26085,485402,1.2,5546,453369,3.6,15773,189916,5.8,10423,NA,NA,NA,NA,NA,NA,NA,NA,NA,NA,NA,NA,NA,NA,NA,NA,NA,NA,NA,NA,NA,NA,NA,NA,NA,NA,NA,NA,NA,NA,NA,NA,NA,NA,NA,NA,NA,NA,NA,NA
2012,Hauraki District,Other,1.0533,1.01235,0.992125,National,5.8133333333333335,5.609166666666667,National,4.45,National,637001.75,NA,NA,NA,NA,NA,NA,NA,NA,NA,NA,NA,NA,NA,NA,National,8,369047,6.3,21927,526830,5.2,26085,485402,1.2,5546,453369,3.6,15773,189916,5.8,10423,NA,NA,NA,NA,NA,NA,NA,NA,NA,NA,NA,NA,NA,NA,NA,NA,NA,NA,NA,NA,NA,NA,NA,NA,NA,NA,NA,NA,NA,NA,NA,NA,NA,NA,NA,NA,NA,NA,NA,NA
2012,Hawke's Bay,Other,1.0393,0.99925,1.005425,National,5.8133333333333335,5.609166666666667,National,4.45,National,637001.75,NA,NA,NA,NA,NA,NA,NA,NA,NA,NA,NA,NA,NA,NA,National,8,369047,6.3,21927,526830,5.2,26085,485402,1.2,5546,453369,3.6,15773,189916,5.8,10423,NA,NA,NA,NA,NA,NA,NA,NA,NA,NA,NA,NA,NA,NA,NA,NA,NA,NA,NA,NA,NA,NA,NA,NA,NA,NA,NA,NA,NA,NA,NA,NA,NA,NA,NA,NA,NA,NA,NA,NA
2012,Horowhenua District,Other,1.0614,1.0202,1.0079500000000001,National,5.8133333333333335,5.609166666666667,National,4.45,National,637001.75,NA,NA,NA,NA,NA,NA,NA,NA,NA,NA,NA,NA,NA,NA,National,8,369047,6.3,21927,526830,5.2,26085,485402,1.2,5546,453369,3.6,15773,189916,5.8,10423,NA,NA,NA,NA,NA,NA,NA,NA,NA,NA,NA,NA,NA,NA,NA,NA,NA,NA,NA,NA,NA,NA,NA,NA,NA,NA,NA,NA,NA,NA,NA,NA,NA,NA,NA,NA,NA,NA,NA,NA
2012,Hurunui District,Canterbury Rural,1.013675,0.97505,1.021525,National,5.8133333333333335,5.609166666666667,National,4.45,National,637001.75,NA,NA,NA,NA,NA,NA,NA,NA,NA,NA,NA,NA,NA,NA,National,8,369047,6.3,21927,526830,5.2,26085,485402,1.2,5546,453369,3.6,15773,189916,5.8,10423,NA,NA,NA,NA,NA,NA,NA,NA,NA,NA,NA,NA,NA,NA,NA,NA,NA,NA,NA,NA,NA,NA,NA,NA,NA,NA,NA,NA,NA,NA,NA,NA,NA,NA,NA,NA,NA,NA,NA,NA
2012,Hutt City,Wellington Urban,1.055475,1.014625,1.019475,National,5.8133333333333335,5.609166666666667,National,4.45,National,637001.75,NA,NA,NA,NA,NA,NA,NA,NA,NA,NA,NA,NA,NA,NA,National,8,369047,6.3,21927,526830,5.2,26085,485402,1.2,5546,453369,3.6,15773,189916,5.8,10423,NA,NA,NA,NA,NA,NA,NA,NA,NA,NA,NA,NA,NA,NA,NA,NA,NA,NA,NA,NA,NA,NA,NA,NA,NA,NA,NA,NA,NA,NA,NA,NA,NA,NA,NA,NA,NA,NA,NA,NA
2012,Invercargill City,Other,1.0565,1.015575,1.0202499999999999,National,5.8133333333333335,5.609166666666667,National,4.45,National,637001.75,NA,NA,NA,NA,NA,NA,NA,NA,NA,NA,NA,NA,NA,NA,National,8,369047,6.3,21927,526830,5.2,26085,485402,1.2,5546,453369,3.6,15773,189916,5.8,10423,NA,NA,NA,NA,NA,NA,NA,NA,NA,NA,NA,NA,NA,NA,NA,NA,NA,NA,NA,NA,NA,NA,NA,NA,NA,NA,NA,NA,NA,NA,NA,NA,NA,NA,NA,NA,NA,NA,NA,NA
2012,Kaikoura District,Other,0.9913,0.95355,1.00115,National,5.8133333333333335,5.609166666666667,National,4.45,National,637001.75,NA,NA,NA,NA,NA,NA,NA,NA,NA,NA,NA,NA,NA,NA,National,8,369047,6.3,21927,526830,5.2,26085,485402,1.2,5546,453369,3.6,15773,189916,5.8,10423,NA,NA,NA,NA,NA,NA,NA,NA,NA,NA,NA,NA,NA,NA,NA,NA,NA,NA,NA,NA,NA,NA,NA,NA,NA,NA,NA,NA,NA,NA,NA,NA,NA,NA,NA,NA,NA,NA,NA,NA
2012,Kaipara District,Other,1.0269,0.987575,1.021225,National,5.8133333333333335,5.609166666666667,National,4.45,National,637001.75,NA,NA,NA,NA,NA,NA,NA,NA,NA,NA,NA,NA,NA,NA,National,8,369047,6.3,21927,526830,5.2,26085,485402,1.2,5546,453369,3.6,15773,189916,5.8,10423,NA,NA,NA,NA,NA,NA,NA,NA,NA,NA,NA,NA,NA,NA,NA,NA,NA,NA,NA,NA,NA,NA,NA,NA,NA,NA,NA,NA,NA,NA,NA,NA,NA,NA,NA,NA,NA,NA,NA,NA
2012,Kapiti Coast District,Wellington Rural,1.0490249999999999,1.008575,1.00645,National,5.8133333333333335,5.609166666666667,National,4.45,National,637001.75,NA,NA,NA,NA,NA,NA,NA,NA,NA,NA,NA,NA,NA,NA,National,8,369047,6.3,21927,526830,5.2,26085,485402,1.2,5546,453369,3.6,15773,189916,5.8,10423,NA,NA,NA,NA,NA,NA,NA,NA,NA,NA,NA,NA,NA,NA,NA,NA,NA,NA,NA,NA,NA,NA,NA,NA,NA,NA,NA,NA,NA,NA,NA,NA,NA,NA,NA,NA,NA,NA,NA,NA
2012,Kawerau District,Other,1.07345,1.03125,1.0107249999999999,National,5.8133333333333335,5.609166666666667,National,4.45,National,637001.75,NA,NA,NA,NA,NA,NA,NA,NA,NA,NA,NA,NA,NA,NA,National,8,369047,6.3,21927,526830,5.2,26085,485402,1.2,5546,453369,3.6,15773,189916,5.8,10423,NA,NA,NA,NA,NA,NA,NA,NA,NA,NA,NA,NA,NA,NA,NA,NA,NA,NA,NA,NA,NA,NA,NA,NA,NA,NA,NA,NA,NA,NA,NA,NA,NA,NA,NA,NA,NA,NA,NA,NA
2012,MacKenzie District,Canterbury Rural,1.04575,1.00515,1.100625,National,5.8133333333333335,5.609166666666667,National,4.45,National,637001.75,NA,NA,NA,NA,NA,NA,NA,NA,NA,NA,NA,NA,NA,NA,National,8,369047,6.3,21927,526830,5.2,26085,485402,1.2,5546,453369,3.6,15773,189916,5.8,10423,NA,NA,NA,NA,NA,NA,NA,NA,NA,NA,NA,NA,NA,NA,NA,NA,NA,NA,NA,NA,NA,NA,NA,NA,NA,NA,NA,NA,NA,NA,NA,NA,NA,NA,NA,NA,NA,NA,NA,NA
2012,Manawatu District,Other,1.0577999999999999,1.016775,0.993425,National,5.8133333333333335,5.609166666666667,National,4.45,National,637001.75,NA,NA,NA,NA,NA,NA,NA,NA,NA,NA,NA,NA,NA,NA,National,8,369047,6.3,21927,526830,5.2,26085,485402,1.2,5546,453369,3.6,15773,189916,5.8,10423,NA,NA,NA,NA,NA,NA,NA,NA,NA,NA,NA,NA,NA,NA,NA,NA,NA,NA,NA,NA,NA,NA,NA,NA,NA,NA,NA,NA,NA,NA,NA,NA,NA,NA,NA,NA,NA,NA,NA,NA
2012,Manawatu-Wanganui,Other,1.04555,1.0051999999999999,1.002125,National,5.8133333333333335,5.609166666666667,National,4.45,National,637001.75,NA,NA,NA,NA,NA,NA,NA,NA,NA,NA,NA,NA,NA,NA,National,8,369047,6.3,21927,526830,5.2,26085,485402,1.2,5546,453369,3.6,15773,189916,5.8,10423,NA,NA,NA,NA,NA,NA,NA,NA,NA,NA,NA,NA,NA,NA,NA,NA,NA,NA,NA,NA,NA,NA,NA,NA,NA,NA,NA,NA,NA,NA,NA,NA,NA,NA,NA,NA,NA,NA,NA,NA
2012,Marlborough,Other,1.0498,1.0091999999999999,0.99805,National,5.8133333333333335,5.609166666666667,National,4.45,National,637001.75,NA,NA,NA,NA,NA,NA,NA,NA,NA,NA,NA,NA,NA,NA,National,8,369047,6.3,21927,526830,5.2,26085,485402,1.2,5546,453369,3.6,15773,189916,5.8,10423,NA,NA,NA,NA,NA,NA,NA,NA,NA,NA,NA,NA,NA,NA,NA,NA,NA,NA,NA,NA,NA,NA,NA,NA,NA,NA,NA,NA,NA,NA,NA,NA,NA,NA,NA,NA,NA,NA,NA,NA
2012,Marlborough District,Other,1.0498,1.0091999999999999,0.998025,National,5.8133333333333335,5.609166666666667,National,4.45,National,637001.75,NA,NA,NA,NA,NA,NA,NA,NA,NA,NA,NA,NA,NA,NA,National,8,369047,6.3,21927,526830,5.2,26085,485402,1.2,5546,453369,3.6,15773,189916,5.8,10423,NA,NA,NA,NA,NA,NA,NA,NA,NA,NA,NA,NA,NA,NA,NA,NA,NA,NA,NA,NA,NA,NA,NA,NA,NA,NA,NA,NA,NA,NA,NA,NA,NA,NA,NA,NA,NA,NA,NA,NA
2012,Masterton District,Wellington Rural,1.06,1.018775,0.99205,National,5.8133333333333335,5.609166666666667,National,4.45,National,637001.75,NA,NA,NA,NA,NA,NA,NA,NA,NA,NA,NA,NA,NA,NA,National,8,369047,6.3,21927,526830,5.2,26085,485402,1.2,5546,453369,3.6,15773,189916,5.8,10423,NA,NA,NA,NA,NA,NA,NA,NA,NA,NA,NA,NA,NA,NA,NA,NA,NA,NA,NA,NA,NA,NA,NA,NA,NA,NA,NA,NA,NA,NA,NA,NA,NA,NA,NA,NA,NA,NA,NA,NA
2012,Matamata Piako District,Other,1.0512000000000001,1.01055,1.009175,National,5.8133333333333335,5.609166666666667,National,4.45,National,637001.75,NA,NA,NA,NA,NA,NA,NA,NA,NA,NA,NA,NA,NA,NA,National,8,369047,6.3,21927,526830,5.2,26085,485402,1.2,5546,453369,3.6,15773,189916,5.8,10423,NA,NA,NA,NA,NA,NA,NA,NA,NA,NA,NA,NA,NA,NA,NA,NA,NA,NA,NA,NA,NA,NA,NA,NA,NA,NA,NA,NA,NA,NA,NA,NA,NA,NA,NA,NA,NA,NA,NA,NA
2012,Napier City,Other,1.0405,1.0004,1.009625,National,5.8133333333333335,5.609166666666667,National,4.45,National,637001.75,NA,NA,NA,NA,NA,NA,NA,NA,NA,NA,NA,NA,NA,NA,National,8,369047,6.3,21927,526830,5.2,26085,485402,1.2,5546,453369,3.6,15773,189916,5.8,10423,NA,NA,NA,NA,NA,NA,NA,NA,NA,NA,NA,NA,NA,NA,NA,NA,NA,NA,NA,NA,NA,NA,NA,NA,NA,NA,NA,NA,NA,NA,NA,NA,NA,NA,NA,NA,NA,NA,NA,NA
2012,Nelson,Other,1.0529,1.0122499999999999,1.008875,National,5.8133333333333335,5.609166666666667,National,4.45,National,637001.75,NA,NA,NA,NA,NA,NA,NA,NA,NA,NA,NA,NA,NA,NA,National,8,369047,6.3,21927,526830,5.2,26085,485402,1.2,5546,453369,3.6,15773,189916,5.8,10423,NA,NA,NA,NA,NA,NA,NA,NA,NA,NA,NA,NA,NA,NA,NA,NA,NA,NA,NA,NA,NA,NA,NA,NA,NA,NA,NA,NA,NA,NA,NA,NA,NA,NA,NA,NA,NA,NA,NA,NA
2012,Nelson City,Other,1.0529,1.0122499999999999,1.008925,National,5.8133333333333335,5.609166666666667,National,4.45,National,637001.75,NA,NA,NA,NA,NA,NA,NA,NA,NA,NA,NA,NA,NA,NA,National,8,369047,6.3,21927,526830,5.2,26085,485402,1.2,5546,453369,3.6,15773,189916,5.8,10423,NA,NA,NA,NA,NA,NA,NA,NA,NA,NA,NA,NA,NA,NA,NA,NA,NA,NA,NA,NA,NA,NA,NA,NA,NA,NA,NA,NA,NA,NA,NA,NA,NA,NA,NA,NA,NA,NA,NA,NA
2012,New Plymouth District,Other,1.05175,1.011075,1.014825,National,5.8133333333333335,5.609166666666667,National,4.45,National,637001.75,NA,NA,NA,NA,NA,NA,NA,NA,NA,NA,NA,NA,NA,NA,National,8,369047,6.3,21927,526830,5.2,26085,485402,1.2,5546,453369,3.6,15773,189916,5.8,10423,NA,NA,NA,NA,NA,NA,NA,NA,NA,NA,NA,NA,NA,NA,NA,NA,NA,NA,NA,NA,NA,NA,NA,NA,NA,NA,NA,NA,NA,NA,NA,NA,NA,NA,NA,NA,NA,NA,NA,NA
2012,New Zealand,Other,1.026325,0.987075,1.0128249999999999,National,5.8133333333333335,5.609166666666667,National,4.45,National,637001.75,NA,NA,NA,NA,NA,NA,NA,NA,NA,NA,NA,NA,NA,NA,National,8,369047,6.3,21927,526830,5.2,26085,485402,1.2,5546,453369,3.6,15773,189916,5.8,10423,NA,NA,NA,NA,NA,NA,NA,NA,NA,NA,NA,NA,NA,NA,NA,NA,NA,NA,NA,NA,NA,NA,NA,NA,NA,NA,NA,NA,NA,NA,NA,NA,NA,NA,NA,NA,NA,NA,NA,NA
2012,Northland,Other,1.046375,1.006,1.0030000000000001,National,5.8133333333333335,5.609166666666667,National,4.45,National,637001.75,NA,NA,NA,NA,NA,NA,NA,NA,NA,NA,NA,NA,NA,NA,National,8,369047,6.3,21927,526830,5.2,26085,485402,1.2,5546,453369,3.6,15773,189916,5.8,10423,NA,NA,NA,NA,NA,NA,NA,NA,NA,NA,NA,NA,NA,NA,NA,NA,NA,NA,NA,NA,NA,NA,NA,NA,NA,NA,NA,NA,NA,NA,NA,NA,NA,NA,NA,NA,NA,NA,NA,NA
2012,Opotiki District,Other,1.0609250000000001,1.0199,1.0156,National,5.8133333333333335,5.609166666666667,National,4.45,National,637001.75,NA,NA,NA,NA,NA,NA,NA,NA,NA,NA,NA,NA,NA,NA,National,8,369047,6.3,21927,526830,5.2,26085,485402,1.2,5546,453369,3.6,15773,189916,5.8,10423,NA,NA,NA,NA,NA,NA,NA,NA,NA,NA,NA,NA,NA,NA,NA,NA,NA,NA,NA,NA,NA,NA,NA,NA,NA,NA,NA,NA,NA,NA,NA,NA,NA,NA,NA,NA,NA,NA,NA,NA
2012,Otago,Other,1.0368,0.99685,1.089025,National,5.8133333333333335,5.609166666666667,National,4.45,National,637001.75,NA,NA,NA,NA,NA,NA,NA,NA,NA,NA,NA,NA,NA,NA,National,8,369047,6.3,21927,526830,5.2,26085,485402,1.2,5546,453369,3.6,15773,189916,5.8,10423,NA,NA,NA,NA,NA,NA,NA,NA,NA,NA,NA,NA,NA,NA,NA,NA,NA,NA,NA,NA,NA,NA,NA,NA,NA,NA,NA,NA,NA,NA,NA,NA,NA,NA,NA,NA,NA,NA,NA,NA
2012,Otorohanga District,Other,1.03145,0.9913000000000001,0.994675,National,5.8133333333333335,5.609166666666667,National,4.45,National,637001.75,NA,NA,NA,NA,NA,NA,NA,NA,NA,NA,NA,NA,NA,NA,National,8,369047,6.3,21927,526830,5.2,26085,485402,1.2,5546,453369,3.6,15773,189916,5.8,10423,NA,NA,NA,NA,NA,NA,NA,NA,NA,NA,NA,NA,NA,NA,NA,NA,NA,NA,NA,NA,NA,NA,NA,NA,NA,NA,NA,NA,NA,NA,NA,NA,NA,NA,NA,NA,NA,NA,NA,NA
2012,Palmerston North City,Other,1.039525,0.999525,0.996075,National,5.8133333333333335,5.609166666666667,National,4.45,National,637001.75,NA,NA,NA,NA,NA,NA,NA,NA,NA,NA,NA,NA,NA,NA,National,8,369047,6.3,21927,526830,5.2,26085,485402,1.2,5546,453369,3.6,15773,189916,5.8,10423,NA,NA,NA,NA,NA,NA,NA,NA,NA,NA,NA,NA,NA,NA,NA,NA,NA,NA,NA,NA,NA,NA,NA,NA,NA,NA,NA,NA,NA,NA,NA,NA,NA,NA,NA,NA,NA,NA,NA,NA
2012,Porirua City,Wellington Urban,1.048875,1.0083,1.018825,National,5.8133333333333335,5.609166666666667,National,4.45,National,637001.75,NA,NA,NA,NA,NA,NA,NA,NA,NA,NA,NA,NA,NA,NA,National,8,369047,6.3,21927,526830,5.2,26085,485402,1.2,5546,453369,3.6,15773,189916,5.8,10423,NA,NA,NA,NA,NA,NA,NA,NA,NA,NA,NA,NA,NA,NA,NA,NA,NA,NA,NA,NA,NA,NA,NA,NA,NA,NA,NA,NA,NA,NA,NA,NA,NA,NA,NA,NA,NA,NA,NA,NA
2012,Queenstown Lakes District,Other,1.033075,0.993275,1.0088,National,5.8133333333333335,5.609166666666667,National,4.45,National,637001.75,NA,NA,NA,NA,NA,NA,NA,NA,NA,NA,NA,NA,NA,NA,National,8,369047,6.3,21927,526830,5.2,26085,485402,1.2,5546,453369,3.6,15773,189916,5.8,10423,NA,NA,NA,NA,NA,NA,NA,NA,NA,NA,NA,NA,NA,NA,NA,NA,NA,NA,NA,NA,NA,NA,NA,NA,NA,NA,NA,NA,NA,NA,NA,NA,NA,NA,NA,NA,NA,NA,NA,NA
2012,Rangitikei District,Other,1.0759,1.0339,1.0023,National,5.8133333333333335,5.609166666666667,National,4.45,National,637001.75,NA,NA,NA,NA,NA,NA,NA,NA,NA,NA,NA,NA,NA,NA,National,8,369047,6.3,21927,526830,5.2,26085,485402,1.2,5546,453369,3.6,15773,189916,5.8,10423,NA,NA,NA,NA,NA,NA,NA,NA,NA,NA,NA,NA,NA,NA,NA,NA,NA,NA,NA,NA,NA,NA,NA,NA,NA,NA,NA,NA,NA,NA,NA,NA,NA,NA,NA,NA,NA,NA,NA,NA
2012,Rotorua District,Other,1.054075,1.0131999999999999,1.0021499999999999,National,5.8133333333333335,5.609166666666667,National,4.45,National,637001.75,NA,NA,NA,NA,NA,NA,NA,NA,NA,NA,NA,NA,NA,NA,National,8,369047,6.3,21927,526830,5.2,26085,485402,1.2,5546,453369,3.6,15773,189916,5.8,10423,NA,NA,NA,NA,NA,NA,NA,NA,NA,NA,NA,NA,NA,NA,NA,NA,NA,NA,NA,NA,NA,NA,NA,NA,NA,NA,NA,NA,NA,NA,NA,NA,NA,NA,NA,NA,NA,NA,NA,NA
2012,Ruapehu District,Other,1.0628,1.0214750000000001,0.972325,National,5.8133333333333335,5.609166666666667,National,4.45,National,637001.75,NA,NA,NA,NA,NA,NA,NA,NA,NA,NA,NA,NA,NA,NA,National,8,369047,6.3,21927,526830,5.2,26085,485402,1.2,5546,453369,3.6,15773,189916,5.8,10423,NA,NA,NA,NA,NA,NA,NA,NA,NA,NA,NA,NA,NA,NA,NA,NA,NA,NA,NA,NA,NA,NA,NA,NA,NA,NA,NA,NA,NA,NA,NA,NA,NA,NA,NA,NA,NA,NA,NA,NA
2012,Selwyn District,Canterbury Rural,1.005525,0.967225,0.992525,National,5.8133333333333335,5.609166666666667,National,4.45,National,637001.75,NA,NA,NA,NA,NA,NA,NA,NA,NA,NA,NA,NA,NA,NA,National,8,369047,6.3,21927,526830,5.2,26085,485402,1.2,5546,453369,3.6,15773,189916,5.8,10423,NA,NA,NA,NA,NA,NA,NA,NA,NA,NA,NA,NA,NA,NA,NA,NA,NA,NA,NA,NA,NA,NA,NA,NA,NA,NA,NA,NA,NA,NA,NA,NA,NA,NA,NA,NA,NA,NA,NA,NA
2012,South Taranaki District,Other,1.0667,1.0251000000000001,1.0232,National,5.8133333333333335,5.609166666666667,National,4.45,National,637001.75,NA,NA,NA,NA,NA,NA,NA,NA,NA,NA,NA,NA,NA,NA,National,8,369047,6.3,21927,526830,5.2,26085,485402,1.2,5546,453369,3.6,15773,189916,5.8,10423,NA,NA,NA,NA,NA,NA,NA,NA,NA,NA,NA,NA,NA,NA,NA,NA,NA,NA,NA,NA,NA,NA,NA,NA,NA,NA,NA,NA,NA,NA,NA,NA,NA,NA,NA,NA,NA,NA,NA,NA
2012,South Waikato District,Other,1.0404,1.0003,1.0082499999999999,National,5.8133333333333335,5.609166666666667,National,4.45,National,637001.75,NA,NA,NA,NA,NA,NA,NA,NA,NA,NA,NA,NA,NA,NA,National,8,369047,6.3,21927,526830,5.2,26085,485402,1.2,5546,453369,3.6,15773,189916,5.8,10423,NA,NA,NA,NA,NA,NA,NA,NA,NA,NA,NA,NA,NA,NA,NA,NA,NA,NA,NA,NA,NA,NA,NA,NA,NA,NA,NA,NA,NA,NA,NA,NA,NA,NA,NA,NA,NA,NA,NA,NA
2012,South Wairarapa District,Wellington Rural,1.09725,1.0539,1.015275,National,5.8133333333333335,5.609166666666667,National,4.45,National,637001.75,NA,NA,NA,NA,NA,NA,NA,NA,NA,NA,NA,NA,NA,NA,National,8,369047,6.3,21927,526830,5.2,26085,485402,1.2,5546,453369,3.6,15773,189916,5.8,10423,NA,NA,NA,NA,NA,NA,NA,NA,NA,NA,NA,NA,NA,NA,NA,NA,NA,NA,NA,NA,NA,NA,NA,NA,NA,NA,NA,NA,NA,NA,NA,NA,NA,NA,NA,NA,NA,NA,NA,NA
2012,Southland,Other,1.066825,1.025325,1.023625,National,5.8133333333333335,5.609166666666667,National,4.45,National,637001.75,NA,NA,NA,NA,NA,NA,NA,NA,NA,NA,NA,NA,NA,NA,National,8,369047,6.3,21927,526830,5.2,26085,485402,1.2,5546,453369,3.6,15773,189916,5.8,10423,NA,NA,NA,NA,NA,NA,NA,NA,NA,NA,NA,NA,NA,NA,NA,NA,NA,NA,NA,NA,NA,NA,NA,NA,NA,NA,NA,NA,NA,NA,NA,NA,NA,NA,NA,NA,NA,NA,NA,NA
2012,Southland District,Other,1.086225,1.04355,1.030375,National,5.8133333333333335,5.609166666666667,National,4.45,National,637001.75,NA,NA,NA,NA,NA,NA,NA,NA,NA,NA,NA,NA,NA,NA,National,8,369047,6.3,21927,526830,5.2,26085,485402,1.2,5546,453369,3.6,15773,189916,5.8,10423,NA,NA,NA,NA,NA,NA,NA,NA,NA,NA,NA,NA,NA,NA,NA,NA,NA,NA,NA,NA,NA,NA,NA,NA,NA,NA,NA,NA,NA,NA,NA,NA,NA,NA,NA,NA,NA,NA,NA,NA
2012,Stratford District,Other,1.0413000000000001,1.00085,0.9972,National,5.8133333333333335,5.609166666666667,National,4.45,National,637001.75,NA,NA,NA,NA,NA,NA,NA,NA,NA,NA,NA,NA,NA,NA,National,8,369047,6.3,21927,526830,5.2,26085,485402,1.2,5546,453369,3.6,15773,189916,5.8,10423,NA,NA,NA,NA,NA,NA,NA,NA,NA,NA,NA,NA,NA,NA,NA,NA,NA,NA,NA,NA,NA,NA,NA,NA,NA,NA,NA,NA,NA,NA,NA,NA,NA,NA,NA,NA,NA,NA,NA,NA
2012,Taranaki,Other,1.051925,1.0111750000000002,1.0142250000000002,National,5.8133333333333335,5.609166666666667,National,4.45,National,637001.75,NA,NA,NA,NA,NA,NA,NA,NA,NA,NA,NA,NA,NA,NA,National,8,369047,6.3,21927,526830,5.2,26085,485402,1.2,5546,453369,3.6,15773,189916,5.8,10423,NA,NA,NA,NA,NA,NA,NA,NA,NA,NA,NA,NA,NA,NA,NA,NA,NA,NA,NA,NA,NA,NA,NA,NA,NA,NA,NA,NA,NA,NA,NA,NA,NA,NA,NA,NA,NA,NA,NA,NA
2012,Tararua District,Other,1.0605,1.0196,1.047425,National,5.8133333333333335,5.609166666666667,National,4.45,National,637001.75,NA,NA,NA,NA,NA,NA,NA,NA,NA,NA,NA,NA,NA,NA,National,8,369047,6.3,21927,526830,5.2,26085,485402,1.2,5546,453369,3.6,15773,189916,5.8,10423,NA,NA,NA,NA,NA,NA,NA,NA,NA,NA,NA,NA,NA,NA,NA,NA,NA,NA,NA,NA,NA,NA,NA,NA,NA,NA,NA,NA,NA,NA,NA,NA,NA,NA,NA,NA,NA,NA,NA,NA
2012,Tasman,Other,1.047225,1.006775,1.002875,National,5.8133333333333335,5.609166666666667,National,4.45,National,637001.75,NA,NA,NA,NA,NA,NA,NA,NA,NA,NA,NA,NA,NA,NA,National,8,369047,6.3,21927,526830,5.2,26085,485402,1.2,5546,453369,3.6,15773,189916,5.8,10423,NA,NA,NA,NA,NA,NA,NA,NA,NA,NA,NA,NA,NA,NA,NA,NA,NA,NA,NA,NA,NA,NA,NA,NA,NA,NA,NA,NA,NA,NA,NA,NA,NA,NA,NA,NA,NA,NA,NA,NA
2012,Tasman District,Other,1.047225,1.006775,1.00285,National,5.8133333333333335,5.609166666666667,National,4.45,National,637001.75,NA,NA,NA,NA,NA,NA,NA,NA,NA,NA,NA,NA,NA,NA,National,8,369047,6.3,21927,526830,5.2,26085,485402,1.2,5546,453369,3.6,15773,189916,5.8,10423,NA,NA,NA,NA,NA,NA,NA,NA,NA,NA,NA,NA,NA,NA,NA,NA,NA,NA,NA,NA,NA,NA,NA,NA,NA,NA,NA,NA,NA,NA,NA,NA,NA,NA,NA,NA,NA,NA,NA,NA
2012,Taupo District,Other,1.0560749999999999,1.015125,0.9970749999999999,National,5.8133333333333335,5.609166666666667,National,4.45,National,637001.75,NA,NA,NA,NA,NA,NA,NA,NA,NA,NA,NA,NA,NA,NA,National,8,369047,6.3,21927,526830,5.2,26085,485402,1.2,5546,453369,3.6,15773,189916,5.8,10423,NA,NA,NA,NA,NA,NA,NA,NA,NA,NA,NA,NA,NA,NA,NA,NA,NA,NA,NA,NA,NA,NA,NA,NA,NA,NA,NA,NA,NA,NA,NA,NA,NA,NA,NA,NA,NA,NA,NA,NA
2012,Tauranga City,Other,1.0451000000000001,1.00465,1.0076749999999999,National,5.8133333333333335,5.609166666666667,National,4.45,National,637001.75,NA,NA,NA,NA,NA,NA,NA,NA,NA,NA,NA,NA,NA,NA,National,8,369047,6.3,21927,526830,5.2,26085,485402,1.2,5546,453369,3.6,15773,189916,5.8,10423,NA,NA,NA,NA,NA,NA,NA,NA,NA,NA,NA,NA,NA,NA,NA,NA,NA,NA,NA,NA,NA,NA,NA,NA,NA,NA,NA,NA,NA,NA,NA,NA,NA,NA,NA,NA,NA,NA,NA,NA
2012,Thames Coromandel District,Other,1.043175,1.002875,1.00595,National,5.8133333333333335,5.609166666666667,National,4.45,National,637001.75,NA,NA,NA,NA,NA,NA,NA,NA,NA,NA,NA,NA,NA,NA,National,8,369047,6.3,21927,526830,5.2,26085,485402,1.2,5546,453369,3.6,15773,189916,5.8,10423,NA,NA,NA,NA,NA,NA,NA,NA,NA,NA,NA,NA,NA,NA,NA,NA,NA,NA,NA,NA,NA,NA,NA,NA,NA,NA,NA,NA,NA,NA,NA,NA,NA,NA,NA,NA,NA,NA,NA,NA
2012,Timaru District,Canterbury Rural,1.0312999999999999,0.9917,0.9929,National,5.8133333333333335,5.609166666666667,National,4.45,National,637001.75,NA,NA,NA,NA,NA,NA,NA,NA,NA,NA,NA,NA,NA,NA,National,8,369047,6.3,21927,526830,5.2,26085,485402,1.2,5546,453369,3.6,15773,189916,5.8,10423,NA,NA,NA,NA,NA,NA,NA,NA,NA,NA,NA,NA,NA,NA,NA,NA,NA,NA,NA,NA,NA,NA,NA,NA,NA,NA,NA,NA,NA,NA,NA,NA,NA,NA,NA,NA,NA,NA,NA,NA
2012,Upper Hutt City,Wellington Urban,1.049075,1.0085,1.011325,National,5.8133333333333335,5.609166666666667,National,4.45,National,637001.75,NA,NA,NA,NA,NA,NA,NA,NA,NA,NA,NA,NA,NA,NA,National,8,369047,6.3,21927,526830,5.2,26085,485402,1.2,5546,453369,3.6,15773,189916,5.8,10423,NA,NA,NA,NA,NA,NA,NA,NA,NA,NA,NA,NA,NA,NA,NA,NA,NA,NA,NA,NA,NA,NA,NA,NA,NA,NA,NA,NA,NA,NA,NA,NA,NA,NA,NA,NA,NA,NA,NA,NA
2012,Waikato,Other,1.0376,0.997625,1.00275,National,5.8133333333333335,5.609166666666667,National,4.45,National,637001.75,NA,NA,NA,NA,NA,NA,NA,NA,NA,NA,NA,NA,NA,NA,National,8,369047,6.3,21927,526830,5.2,26085,485402,1.2,5546,453369,3.6,15773,189916,5.8,10423,NA,NA,NA,NA,NA,NA,NA,NA,NA,NA,NA,NA,NA,NA,NA,NA,NA,NA,NA,NA,NA,NA,NA,NA,NA,NA,NA,NA,NA,NA,NA,NA,NA,NA,NA,NA,NA,NA,NA,NA
2012,Waikato District,Other,1.031925,0.992375,0.98785,National,5.8133333333333335,5.609166666666667,National,4.45,National,637001.75,NA,NA,NA,NA,NA,NA,NA,NA,NA,NA,NA,NA,NA,NA,National,8,369047,6.3,21927,526830,5.2,26085,485402,1.2,5546,453369,3.6,15773,189916,5.8,10423,NA,NA,NA,NA,NA,NA,NA,NA,NA,NA,NA,NA,NA,NA,NA,NA,NA,NA,NA,NA,NA,NA,NA,NA,NA,NA,NA,NA,NA,NA,NA,NA,NA,NA,NA,NA,NA,NA,NA,NA
2012,Waimakariri District,Canterbury Rural,1.0363,0.996525,0.988225,National,5.8133333333333335,5.609166666666667,National,4.45,National,637001.75,NA,NA,NA,NA,NA,NA,NA,NA,NA,NA,NA,NA,NA,NA,National,8,369047,6.3,21927,526830,5.2,26085,485402,1.2,5546,453369,3.6,15773,189916,5.8,10423,NA,NA,NA,NA,NA,NA,NA,NA,NA,NA,NA,NA,NA,NA,NA,NA,NA,NA,NA,NA,NA,NA,NA,NA,NA,NA,NA,NA,NA,NA,NA,NA,NA,NA,NA,NA,NA,NA,NA,NA
2012,Waimate District,Canterbury Rural,1.0357,0.9956,0.97285,National,5.8133333333333335,5.609166666666667,National,4.45,National,637001.75,NA,NA,NA,NA,NA,NA,NA,NA,NA,NA,NA,NA,NA,NA,National,8,369047,6.3,21927,526830,5.2,26085,485402,1.2,5546,453369,3.6,15773,189916,5.8,10423,NA,NA,NA,NA,NA,NA,NA,NA,NA,NA,NA,NA,NA,NA,NA,NA,NA,NA,NA,NA,NA,NA,NA,NA,NA,NA,NA,NA,NA,NA,NA,NA,NA,NA,NA,NA,NA,NA,NA,NA
2012,Waipa District,Other,1.033425,0.9937,1.00285,National,5.8133333333333335,5.609166666666667,National,4.45,National,637001.75,NA,NA,NA,NA,NA,NA,NA,NA,NA,NA,NA,NA,NA,NA,National,8,369047,6.3,21927,526830,5.2,26085,485402,1.2,5546,453369,3.6,15773,189916,5.8,10423,NA,NA,NA,NA,NA,NA,NA,NA,NA,NA,NA,NA,NA,NA,NA,NA,NA,NA,NA,NA,NA,NA,NA,NA,NA,NA,NA,NA,NA,NA,NA,NA,NA,NA,NA,NA,NA,NA,NA,NA
2012,Wairoa District,Other,1.0586250000000001,1.017575,0.96315,National,5.8133333333333335,5.609166666666667,National,4.45,National,637001.75,NA,NA,NA,NA,NA,NA,NA,NA,NA,NA,NA,NA,NA,NA,National,8,369047,6.3,21927,526830,5.2,26085,485402,1.2,5546,453369,3.6,15773,189916,5.8,10423,NA,NA,NA,NA,NA,NA,NA,NA,NA,NA,NA,NA,NA,NA,NA,NA,NA,NA,NA,NA,NA,NA,NA,NA,NA,NA,NA,NA,NA,NA,NA,NA,NA,NA,NA,NA,NA,NA,NA,NA
2012,Waitaki District,Other,1.051125,1.0104,0.99885,National,5.8133333333333335,5.609166666666667,National,4.45,National,637001.75,NA,NA,NA,NA,NA,NA,NA,NA,NA,NA,NA,NA,NA,NA,National,8,369047,6.3,21927,526830,5.2,26085,485402,1.2,5546,453369,3.6,15773,189916,5.8,10423,NA,NA,NA,NA,NA,NA,NA,NA,NA,NA,NA,NA,NA,NA,NA,NA,NA,NA,NA,NA,NA,NA,NA,NA,NA,NA,NA,NA,NA,NA,NA,NA,NA,NA,NA,NA,NA,NA,NA,NA
2012,Waitomo District,Other,1.015475,0.9763999999999999,0.987525,National,5.8133333333333335,5.609166666666667,National,4.45,National,637001.75,NA,NA,NA,NA,NA,NA,NA,NA,NA,NA,NA,NA,NA,NA,National,8,369047,6.3,21927,526830,5.2,26085,485402,1.2,5546,453369,3.6,15773,189916,5.8,10423,NA,NA,NA,NA,NA,NA,NA,NA,NA,NA,NA,NA,NA,NA,NA,NA,NA,NA,NA,NA,NA,NA,NA,NA,NA,NA,NA,NA,NA,NA,NA,NA,NA,NA,NA,NA,NA,NA,NA,NA
2012,Wellington,Wellington Rural,1.0484499999999999,1.008,1.03755,National,5.8133333333333335,5.609166666666667,National,4.45,National,637001.75,NA,NA,NA,NA,NA,NA,NA,NA,NA,NA,NA,NA,NA,NA,National,8,369047,6.3,21927,526830,5.2,26085,485402,1.2,5546,453369,3.6,15773,189916,5.8,10423,NA,NA,NA,NA,NA,NA,NA,NA,NA,NA,NA,NA,NA,NA,NA,NA,NA,NA,NA,NA,NA,NA,NA,NA,NA,NA,NA,NA,NA,NA,NA,NA,NA,NA,NA,NA,NA,NA,NA,NA
2012,Wellington City,Wellington Urban,1.042675,1.002575,1.046975,National,5.8133333333333335,5.609166666666667,National,4.45,National,637001.75,NA,NA,NA,NA,NA,NA,NA,NA,NA,NA,NA,NA,NA,NA,National,8,369047,6.3,21927,526830,5.2,26085,485402,1.2,5546,453369,3.6,15773,189916,5.8,10423,NA,NA,NA,NA,NA,NA,NA,NA,NA,NA,NA,NA,NA,NA,NA,NA,NA,NA,NA,NA,NA,NA,NA,NA,NA,NA,NA,NA,NA,NA,NA,NA,NA,NA,NA,NA,NA,NA,NA,NA
2012,West Coast,Other,1.060775,1.0194,1.0153,National,5.8133333333333335,5.609166666666667,National,4.45,National,637001.75,NA,NA,NA,NA,NA,NA,NA,NA,NA,NA,NA,NA,NA,NA,National,8,369047,6.3,21927,526830,5.2,26085,485402,1.2,5546,453369,3.6,15773,189916,5.8,10423,NA,NA,NA,NA,NA,NA,NA,NA,NA,NA,NA,NA,NA,NA,NA,NA,NA,NA,NA,NA,NA,NA,NA,NA,NA,NA,NA,NA,NA,NA,NA,NA,NA,NA,NA,NA,NA,NA,NA,NA
2012,Western Bay of Plenty District,Other,1.0437750000000001,1.0036749999999999,0.9981,National,5.8133333333333335,5.609166666666667,National,4.45,National,637001.75,NA,NA,NA,NA,NA,NA,NA,NA,NA,NA,NA,NA,NA,NA,National,8,369047,6.3,21927,526830,5.2,26085,485402,1.2,5546,453369,3.6,15773,189916,5.8,10423,NA,NA,NA,NA,NA,NA,NA,NA,NA,NA,NA,NA,NA,NA,NA,NA,NA,NA,NA,NA,NA,NA,NA,NA,NA,NA,NA,NA,NA,NA,NA,NA,NA,NA,NA,NA,NA,NA,NA,NA
2012,Westland District,Other,1.06845,1.0266250000000001,1.046525,National,5.8133333333333335,5.609166666666667,National,4.45,National,637001.75,NA,NA,NA,NA,NA,NA,NA,NA,NA,NA,NA,NA,NA,NA,National,8,369047,6.3,21927,526830,5.2,26085,485402,1.2,5546,453369,3.6,15773,189916,5.8,10423,NA,NA,NA,NA,NA,NA,NA,NA,NA,NA,NA,NA,NA,NA,NA,NA,NA,NA,NA,NA,NA,NA,NA,NA,NA,NA,NA,NA,NA,NA,NA,NA,NA,NA,NA,NA,NA,NA,NA,NA
2012,Whakatane District,Other,1.0740750000000001,1.032325,1.0174,National,5.8133333333333335,5.609166666666667,National,4.45,National,637001.75,NA,NA,NA,NA,NA,NA,NA,NA,NA,NA,NA,NA,NA,NA,National,8,369047,6.3,21927,526830,5.2,26085,485402,1.2,5546,453369,3.6,15773,189916,5.8,10423,NA,NA,NA,NA,NA,NA,NA,NA,NA,NA,NA,NA,NA,NA,NA,NA,NA,NA,NA,NA,NA,NA,NA,NA,NA,NA,NA,NA,NA,NA,NA,NA,NA,NA,NA,NA,NA,NA,NA,NA
2012,Whanganui District,Other,1.0426,1.002325,1.020375,National,5.8133333333333335,5.609166666666667,National,4.45,National,637001.75,NA,NA,NA,NA,NA,NA,NA,NA,NA,NA,NA,NA,NA,NA,National,8,369047,6.3,21927,526830,5.2,26085,485402,1.2,5546,453369,3.6,15773,189916,5.8,10423,NA,NA,NA,NA,NA,NA,NA,NA,NA,NA,NA,NA,NA,NA,NA,NA,NA,NA,NA,NA,NA,NA,NA,NA,NA,NA,NA,NA,NA,NA,NA,NA,NA,NA,NA,NA,NA,NA,NA,NA
2012,Whangarei District,Other,1.0543,1.01345,1.000625,National,5.8133333333333335,5.609166666666667,National,4.45,National,637001.75,NA,NA,NA,NA,NA,NA,NA,NA,NA,NA,NA,NA,NA,NA,National,8,369047,6.3,21927,526830,5.2,26085,485402,1.2,5546,453369,3.6,15773,189916,5.8,10423,NA,NA,NA,NA,NA,NA,NA,NA,NA,NA,NA,NA,NA,NA,NA,NA,NA,NA,NA,NA,NA,NA,NA,NA,NA,NA,NA,NA,NA,NA,NA,NA,NA,NA,NA,NA,NA,NA,NA,NA
2013,Ashburton District,Canterbury Rural,0.9795499999999999,0.95095,0.97925,National,5.81,5.666666666666667,National,8.875,National,696821.75,NA,NA,NA,NA,NA,NA,NA,NA,NA,NA,NA,NA,NA,NA,National,9,408772,10.8,39725,593917,12.7,67087,497939,2.6,12537,499067,10.1,45698,188300,-0.9,-1616,NA,NA,NA,NA,NA,NA,NA,NA,NA,NA,NA,NA,NA,NA,NA,NA,NA,NA,NA,NA,NA,NA,NA,NA,NA,NA,NA,NA,NA,NA,NA,NA,NA,NA,NA,NA,NA,NA,NA,NA
2013,Auckland,Auckland Urban,0.896425,0.8699,0.998375,National,5.81,5.666666666666667,National,8.875,National,696821.75,NA,NA,NA,NA,NA,NA,NA,NA,NA,NA,NA,NA,NA,NA,National,9,408772,10.8,39725,593917,12.7,67087,497939,2.6,12537,499067,10.1,45698,188300,-0.9,-1616,NA,NA,NA,NA,NA,NA,NA,NA,NA,NA,NA,NA,NA,NA,NA,NA,NA,NA,NA,NA,NA,NA,NA,NA,NA,NA,NA,NA,NA,NA,NA,NA,NA,NA,NA,NA,NA,NA,NA,NA
2013,Bay of Plenty,Other,1.059275,1.02885,1.0218749999999999,National,5.81,5.666666666666667,National,8.875,National,696821.75,NA,NA,NA,NA,NA,NA,NA,NA,NA,NA,NA,NA,NA,NA,National,9,408772,10.8,39725,593917,12.7,67087,497939,2.6,12537,499067,10.1,45698,188300,-0.9,-1616,NA,NA,NA,NA,NA,NA,NA,NA,NA,NA,NA,NA,NA,NA,NA,NA,NA,NA,NA,NA,NA,NA,NA,NA,NA,NA,NA,NA,NA,NA,NA,NA,NA,NA,NA,NA,NA,NA,NA,NA
2013,Buller District,Other,1.093175,1.062825,1.152325,National,5.81,5.666666666666667,National,8.875,National,696821.75,NA,NA,NA,NA,NA,NA,NA,NA,NA,NA,NA,NA,NA,NA,National,9,408772,10.8,39725,593917,12.7,67087,497939,2.6,12537,499067,10.1,45698,188300,-0.9,-1616,NA,NA,NA,NA,NA,NA,NA,NA,NA,NA,NA,NA,NA,NA,NA,NA,NA,NA,NA,NA,NA,NA,NA,NA,NA,NA,NA,NA,NA,NA,NA,NA,NA,NA,NA,NA,NA,NA,NA,NA
2013,Canterbury,Canterbury Rural,0.9621500000000001,0.93405,0.94205,National,5.81,5.666666666666667,National,8.875,National,696821.75,NA,NA,NA,NA,NA,NA,NA,NA,NA,NA,NA,NA,NA,NA,National,9,408772,10.8,39725,593917,12.7,67087,497939,2.6,12537,499067,10.1,45698,188300,-0.9,-1616,NA,NA,NA,NA,NA,NA,NA,NA,NA,NA,NA,NA,NA,NA,NA,NA,NA,NA,NA,NA,NA,NA,NA,NA,NA,NA,NA,NA,NA,NA,NA,NA,NA,NA,NA,NA,NA,NA,NA,NA
2013,Carterton District,Wellington Rural,1.0035,0.9747,0.9819,National,5.81,5.666666666666667,National,8.875,National,696821.75,NA,NA,NA,NA,NA,NA,NA,NA,NA,NA,NA,NA,NA,NA,National,9,408772,10.8,39725,593917,12.7,67087,497939,2.6,12537,499067,10.1,45698,188300,-0.9,-1616,NA,NA,NA,NA,NA,NA,NA,NA,NA,NA,NA,NA,NA,NA,NA,NA,NA,NA,NA,NA,NA,NA,NA,NA,NA,NA,NA,NA,NA,NA,NA,NA,NA,NA,NA,NA,NA,NA,NA,NA
2013,Central Hawkes Bay District,Other,1.158125,1.1252499999999999,1.033575,National,5.81,5.666666666666667,National,8.875,National,696821.75,NA,NA,NA,NA,NA,NA,NA,NA,NA,NA,NA,NA,NA,NA,National,9,408772,10.8,39725,593917,12.7,67087,497939,2.6,12537,499067,10.1,45698,188300,-0.9,-1616,NA,NA,NA,NA,NA,NA,NA,NA,NA,NA,NA,NA,NA,NA,NA,NA,NA,NA,NA,NA,NA,NA,NA,NA,NA,NA,NA,NA,NA,NA,NA,NA,NA,NA,NA,NA,NA,NA,NA,NA
2013,Central Otago District,Other,1.027775,0.99815,1.015225,National,5.81,5.666666666666667,National,8.875,National,696821.75,NA,NA,NA,NA,NA,NA,NA,NA,NA,NA,NA,NA,NA,NA,National,9,408772,10.8,39725,593917,12.7,67087,497939,2.6,12537,499067,10.1,45698,188300,-0.9,-1616,NA,NA,NA,NA,NA,NA,NA,NA,NA,NA,NA,NA,NA,NA,NA,NA,NA,NA,NA,NA,NA,NA,NA,NA,NA,NA,NA,NA,NA,NA,NA,NA,NA,NA,NA,NA,NA,NA,NA,NA
2013,Christchurch City,Canterbury Urban,0.937875,0.91035,0.931225,National,5.81,5.666666666666667,National,8.875,National,696821.75,NA,NA,NA,NA,NA,NA,NA,NA,NA,NA,NA,NA,NA,NA,National,9,408772,10.8,39725,593917,12.7,67087,497939,2.6,12537,499067,10.1,45698,188300,-0.9,-1616,NA,NA,NA,NA,NA,NA,NA,NA,NA,NA,NA,NA,NA,NA,NA,NA,NA,NA,NA,NA,NA,NA,NA,NA,NA,NA,NA,NA,NA,NA,NA,NA,NA,NA,NA,NA,NA,NA,NA,NA
2013,Clutha District,Other,1.0318,1.001875,1.031725,National,5.81,5.666666666666667,National,8.875,National,696821.75,NA,NA,NA,NA,NA,NA,NA,NA,NA,NA,NA,NA,NA,NA,National,9,408772,10.8,39725,593917,12.7,67087,497939,2.6,12537,499067,10.1,45698,188300,-0.9,-1616,NA,NA,NA,NA,NA,NA,NA,NA,NA,NA,NA,NA,NA,NA,NA,NA,NA,NA,NA,NA,NA,NA,NA,NA,NA,NA,NA,NA,NA,NA,NA,NA,NA,NA,NA,NA,NA,NA,NA,NA
2013,Dunedin City,Other,1.02395,0.994525,1.11175,National,5.81,5.666666666666667,National,8.875,National,696821.75,NA,NA,NA,NA,NA,NA,NA,NA,NA,NA,NA,NA,NA,NA,National,9,408772,10.8,39725,593917,12.7,67087,497939,2.6,12537,499067,10.1,45698,188300,-0.9,-1616,NA,NA,NA,NA,NA,NA,NA,NA,NA,NA,NA,NA,NA,NA,NA,NA,NA,NA,NA,NA,NA,NA,NA,NA,NA,NA,NA,NA,NA,NA,NA,NA,NA,NA,NA,NA,NA,NA,NA,NA
2013,Far North District,Other,1.07355,1.0433,1.033175,National,5.81,5.666666666666667,National,8.875,National,696821.75,NA,NA,NA,NA,NA,NA,NA,NA,NA,NA,NA,NA,NA,NA,National,9,408772,10.8,39725,593917,12.7,67087,497939,2.6,12537,499067,10.1,45698,188300,-0.9,-1616,NA,NA,NA,NA,NA,NA,NA,NA,NA,NA,NA,NA,NA,NA,NA,NA,NA,NA,NA,NA,NA,NA,NA,NA,NA,NA,NA,NA,NA,NA,NA,NA,NA,NA,NA,NA,NA,NA,NA,NA
2013,Gisborne,Other,1.0488,1.01845,1.0295,National,5.81,5.666666666666667,National,8.875,National,696821.75,NA,NA,NA,NA,NA,NA,NA,NA,NA,NA,NA,NA,NA,NA,National,9,408772,10.8,39725,593917,12.7,67087,497939,2.6,12537,499067,10.1,45698,188300,-0.9,-1616,NA,NA,NA,NA,NA,NA,NA,NA,NA,NA,NA,NA,NA,NA,NA,NA,NA,NA,NA,NA,NA,NA,NA,NA,NA,NA,NA,NA,NA,NA,NA,NA,NA,NA,NA,NA,NA,NA,NA,NA
2013,Gisborne District,Other,1.0488,1.01845,1.0295,National,5.81,5.666666666666667,National,8.875,National,696821.75,NA,NA,NA,NA,NA,NA,NA,NA,NA,NA,NA,NA,NA,NA,National,9,408772,10.8,39725,593917,12.7,67087,497939,2.6,12537,499067,10.1,45698,188300,-0.9,-1616,NA,NA,NA,NA,NA,NA,NA,NA,NA,NA,NA,NA,NA,NA,NA,NA,NA,NA,NA,NA,NA,NA,NA,NA,NA,NA,NA,NA,NA,NA,NA,NA,NA,NA,NA,NA,NA,NA,NA,NA
2013,Gore District,Other,1.120925,1.08875,1.025225,National,5.81,5.666666666666667,National,8.875,National,696821.75,NA,NA,NA,NA,NA,NA,NA,NA,NA,NA,NA,NA,NA,NA,National,9,408772,10.8,39725,593917,12.7,67087,497939,2.6,12537,499067,10.1,45698,188300,-0.9,-1616,NA,NA,NA,NA,NA,NA,NA,NA,NA,NA,NA,NA,NA,NA,NA,NA,NA,NA,NA,NA,NA,NA,NA,NA,NA,NA,NA,NA,NA,NA,NA,NA,NA,NA,NA,NA,NA,NA,NA,NA
2013,Grey District,Other,1.0459999999999998,1.015425,1.0582,National,5.81,5.666666666666667,National,8.875,National,696821.75,NA,NA,NA,NA,NA,NA,NA,NA,NA,NA,NA,NA,NA,NA,National,9,408772,10.8,39725,593917,12.7,67087,497939,2.6,12537,499067,10.1,45698,188300,-0.9,-1616,NA,NA,NA,NA,NA,NA,NA,NA,NA,NA,NA,NA,NA,NA,NA,NA,NA,NA,NA,NA,NA,NA,NA,NA,NA,NA,NA,NA,NA,NA,NA,NA,NA,NA,NA,NA,NA,NA,NA,NA
2013,Hamilton City,Other,0.9948,0.96585,1.002525,National,5.81,5.666666666666667,National,8.875,National,696821.75,NA,NA,NA,NA,NA,NA,NA,NA,NA,NA,NA,NA,NA,NA,National,9,408772,10.8,39725,593917,12.7,67087,497939,2.6,12537,499067,10.1,45698,188300,-0.9,-1616,NA,NA,NA,NA,NA,NA,NA,NA,NA,NA,NA,NA,NA,NA,NA,NA,NA,NA,NA,NA,NA,NA,NA,NA,NA,NA,NA,NA,NA,NA,NA,NA,NA,NA,NA,NA,NA,NA,NA,NA
2013,Hastings District,Other,1.024375,0.9951,1.0333,National,5.81,5.666666666666667,National,8.875,National,696821.75,NA,NA,NA,NA,NA,NA,NA,NA,NA,NA,NA,NA,NA,NA,National,9,408772,10.8,39725,593917,12.7,67087,497939,2.6,12537,499067,10.1,45698,188300,-0.9,-1616,NA,NA,NA,NA,NA,NA,NA,NA,NA,NA,NA,NA,NA,NA,NA,NA,NA,NA,NA,NA,NA,NA,NA,NA,NA,NA,NA,NA,NA,NA,NA,NA,NA,NA,NA,NA,NA,NA,NA,NA
2013,Hauraki District,Other,1.061075,1.030775,1.034225,National,5.81,5.666666666666667,National,8.875,National,696821.75,NA,NA,NA,NA,NA,NA,NA,NA,NA,NA,NA,NA,NA,NA,National,9,408772,10.8,39725,593917,12.7,67087,497939,2.6,12537,499067,10.1,45698,188300,-0.9,-1616,NA,NA,NA,NA,NA,NA,NA,NA,NA,NA,NA,NA,NA,NA,NA,NA,NA,NA,NA,NA,NA,NA,NA,NA,NA,NA,NA,NA,NA,NA,NA,NA,NA,NA,NA,NA,NA,NA,NA,NA
2013,Hawke's Bay,Other,1.0352999999999999,1.0057,1.02975,National,5.81,5.666666666666667,National,8.875,National,696821.75,NA,NA,NA,NA,NA,NA,NA,NA,NA,NA,NA,NA,NA,NA,National,9,408772,10.8,39725,593917,12.7,67087,497939,2.6,12537,499067,10.1,45698,188300,-0.9,-1616,NA,NA,NA,NA,NA,NA,NA,NA,NA,NA,NA,NA,NA,NA,NA,NA,NA,NA,NA,NA,NA,NA,NA,NA,NA,NA,NA,NA,NA,NA,NA,NA,NA,NA,NA,NA,NA,NA,NA,NA
2013,Horowhenua District,Other,1.0615999999999999,1.031425,1.02115,National,5.81,5.666666666666667,National,8.875,National,696821.75,NA,NA,NA,NA,NA,NA,NA,NA,NA,NA,NA,NA,NA,NA,National,9,408772,10.8,39725,593917,12.7,67087,497939,2.6,12537,499067,10.1,45698,188300,-0.9,-1616,NA,NA,NA,NA,NA,NA,NA,NA,NA,NA,NA,NA,NA,NA,NA,NA,NA,NA,NA,NA,NA,NA,NA,NA,NA,NA,NA,NA,NA,NA,NA,NA,NA,NA,NA,NA,NA,NA,NA,NA
2013,Hurunui District,Canterbury Rural,0.9949250000000001,0.965675,1.007275,National,5.81,5.666666666666667,National,8.875,National,696821.75,NA,NA,NA,NA,NA,NA,NA,NA,NA,NA,NA,NA,NA,NA,National,9,408772,10.8,39725,593917,12.7,67087,497939,2.6,12537,499067,10.1,45698,188300,-0.9,-1616,NA,NA,NA,NA,NA,NA,NA,NA,NA,NA,NA,NA,NA,NA,NA,NA,NA,NA,NA,NA,NA,NA,NA,NA,NA,NA,NA,NA,NA,NA,NA,NA,NA,NA,NA,NA,NA,NA,NA,NA
2013,Hutt City,Wellington Urban,1.0307,1.0010000000000001,1.028525,National,5.81,5.666666666666667,National,8.875,National,696821.75,NA,NA,NA,NA,NA,NA,NA,NA,NA,NA,NA,NA,NA,NA,National,9,408772,10.8,39725,593917,12.7,67087,497939,2.6,12537,499067,10.1,45698,188300,-0.9,-1616,NA,NA,NA,NA,NA,NA,NA,NA,NA,NA,NA,NA,NA,NA,NA,NA,NA,NA,NA,NA,NA,NA,NA,NA,NA,NA,NA,NA,NA,NA,NA,NA,NA,NA,NA,NA,NA,NA,NA,NA
2013,Invercargill City,Other,1.0727,1.042025,1.0121,National,5.81,5.666666666666667,National,8.875,National,696821.75,NA,NA,NA,NA,NA,NA,NA,NA,NA,NA,NA,NA,NA,NA,National,9,408772,10.8,39725,593917,12.7,67087,497939,2.6,12537,499067,10.1,45698,188300,-0.9,-1616,NA,NA,NA,NA,NA,NA,NA,NA,NA,NA,NA,NA,NA,NA,NA,NA,NA,NA,NA,NA,NA,NA,NA,NA,NA,NA,NA,NA,NA,NA,NA,NA,NA,NA,NA,NA,NA,NA,NA,NA
2013,Kaikoura District,Other,0.962875,0.9359500000000001,1.00555,National,5.81,5.666666666666667,National,8.875,National,696821.75,NA,NA,NA,NA,NA,NA,NA,NA,NA,NA,NA,NA,NA,NA,National,9,408772,10.8,39725,593917,12.7,67087,497939,2.6,12537,499067,10.1,45698,188300,-0.9,-1616,NA,NA,NA,NA,NA,NA,NA,NA,NA,NA,NA,NA,NA,NA,NA,NA,NA,NA,NA,NA,NA,NA,NA,NA,NA,NA,NA,NA,NA,NA,NA,NA,NA,NA,NA,NA,NA,NA,NA,NA
2013,Kaipara District,Other,0.999125,0.970325,1.046275,National,5.81,5.666666666666667,National,8.875,National,696821.75,NA,NA,NA,NA,NA,NA,NA,NA,NA,NA,NA,NA,NA,NA,National,9,408772,10.8,39725,593917,12.7,67087,497939,2.6,12537,499067,10.1,45698,188300,-0.9,-1616,NA,NA,NA,NA,NA,NA,NA,NA,NA,NA,NA,NA,NA,NA,NA,NA,NA,NA,NA,NA,NA,NA,NA,NA,NA,NA,NA,NA,NA,NA,NA,NA,NA,NA,NA,NA,NA,NA,NA,NA
2013,Kapiti Coast District,Wellington Rural,1.0383499999999999,1.008325,1.0002,National,5.81,5.666666666666667,National,8.875,National,696821.75,NA,NA,NA,NA,NA,NA,NA,NA,NA,NA,NA,NA,NA,NA,National,9,408772,10.8,39725,593917,12.7,67087,497939,2.6,12537,499067,10.1,45698,188300,-0.9,-1616,NA,NA,NA,NA,NA,NA,NA,NA,NA,NA,NA,NA,NA,NA,NA,NA,NA,NA,NA,NA,NA,NA,NA,NA,NA,NA,NA,NA,NA,NA,NA,NA,NA,NA,NA,NA,NA,NA,NA,NA
2013,Kawerau District,Other,1.146375,1.11375,1.020775,National,5.81,5.666666666666667,National,8.875,National,696821.75,NA,NA,NA,NA,NA,NA,NA,NA,NA,NA,NA,NA,NA,NA,National,9,408772,10.8,39725,593917,12.7,67087,497939,2.6,12537,499067,10.1,45698,188300,-0.9,-1616,NA,NA,NA,NA,NA,NA,NA,NA,NA,NA,NA,NA,NA,NA,NA,NA,NA,NA,NA,NA,NA,NA,NA,NA,NA,NA,NA,NA,NA,NA,NA,NA,NA,NA,NA,NA,NA,NA,NA,NA
2013,MacKenzie District,Canterbury Rural,1.0102,0.980375,1.051725,National,5.81,5.666666666666667,National,8.875,National,696821.75,NA,NA,NA,NA,NA,NA,NA,NA,NA,NA,NA,NA,NA,NA,National,9,408772,10.8,39725,593917,12.7,67087,497939,2.6,12537,499067,10.1,45698,188300,-0.9,-1616,NA,NA,NA,NA,NA,NA,NA,NA,NA,NA,NA,NA,NA,NA,NA,NA,NA,NA,NA,NA,NA,NA,NA,NA,NA,NA,NA,NA,NA,NA,NA,NA,NA,NA,NA,NA,NA,NA,NA,NA
2013,Manawatu District,Other,1.0587,1.0285250000000001,0.997675,National,5.81,5.666666666666667,National,8.875,National,696821.75,NA,NA,NA,NA,NA,NA,NA,NA,NA,NA,NA,NA,NA,NA,National,9,408772,10.8,39725,593917,12.7,67087,497939,2.6,12537,499067,10.1,45698,188300,-0.9,-1616,NA,NA,NA,NA,NA,NA,NA,NA,NA,NA,NA,NA,NA,NA,NA,NA,NA,NA,NA,NA,NA,NA,NA,NA,NA,NA,NA,NA,NA,NA,NA,NA,NA,NA,NA,NA,NA,NA,NA,NA
2013,Manawatu-Wanganui,Other,1.0426,1.012875,1.0136,National,5.81,5.666666666666667,National,8.875,National,696821.75,NA,NA,NA,NA,NA,NA,NA,NA,NA,NA,NA,NA,NA,NA,National,9,408772,10.8,39725,593917,12.7,67087,497939,2.6,12537,499067,10.1,45698,188300,-0.9,-1616,NA,NA,NA,NA,NA,NA,NA,NA,NA,NA,NA,NA,NA,NA,NA,NA,NA,NA,NA,NA,NA,NA,NA,NA,NA,NA,NA,NA,NA,NA,NA,NA,NA,NA,NA,NA,NA,NA,NA,NA
2013,Marlborough,Other,1.0380500000000001,1.00835,1.010875,National,5.81,5.666666666666667,National,8.875,National,696821.75,NA,NA,NA,NA,NA,NA,NA,NA,NA,NA,NA,NA,NA,NA,National,9,408772,10.8,39725,593917,12.7,67087,497939,2.6,12537,499067,10.1,45698,188300,-0.9,-1616,NA,NA,NA,NA,NA,NA,NA,NA,NA,NA,NA,NA,NA,NA,NA,NA,NA,NA,NA,NA,NA,NA,NA,NA,NA,NA,NA,NA,NA,NA,NA,NA,NA,NA,NA,NA,NA,NA,NA,NA
2013,Marlborough District,Other,1.0380500000000001,1.00835,1.01085,National,5.81,5.666666666666667,National,8.875,National,696821.75,NA,NA,NA,NA,NA,NA,NA,NA,NA,NA,NA,NA,NA,NA,National,9,408772,10.8,39725,593917,12.7,67087,497939,2.6,12537,499067,10.1,45698,188300,-0.9,-1616,NA,NA,NA,NA,NA,NA,NA,NA,NA,NA,NA,NA,NA,NA,NA,NA,NA,NA,NA,NA,NA,NA,NA,NA,NA,NA,NA,NA,NA,NA,NA,NA,NA,NA,NA,NA,NA,NA,NA,NA
2013,Masterton District,Wellington Rural,1.072225,1.0413000000000001,1.00945,National,5.81,5.666666666666667,National,8.875,National,696821.75,NA,NA,NA,NA,NA,NA,NA,NA,NA,NA,NA,NA,NA,NA,National,9,408772,10.8,39725,593917,12.7,67087,497939,2.6,12537,499067,10.1,45698,188300,-0.9,-1616,NA,NA,NA,NA,NA,NA,NA,NA,NA,NA,NA,NA,NA,NA,NA,NA,NA,NA,NA,NA,NA,NA,NA,NA,NA,NA,NA,NA,NA,NA,NA,NA,NA,NA,NA,NA,NA,NA,NA,NA
2013,Matamata Piako District,Other,1.053725,1.02325,1.019075,National,5.81,5.666666666666667,National,8.875,National,696821.75,NA,NA,NA,NA,NA,NA,NA,NA,NA,NA,NA,NA,NA,NA,National,9,408772,10.8,39725,593917,12.7,67087,497939,2.6,12537,499067,10.1,45698,188300,-0.9,-1616,NA,NA,NA,NA,NA,NA,NA,NA,NA,NA,NA,NA,NA,NA,NA,NA,NA,NA,NA,NA,NA,NA,NA,NA,NA,NA,NA,NA,NA,NA,NA,NA,NA,NA,NA,NA,NA,NA,NA,NA
2013,Napier City,Other,1.028925,0.9994750000000001,1.02425,National,5.81,5.666666666666667,National,8.875,National,696821.75,NA,NA,NA,NA,NA,NA,NA,NA,NA,NA,NA,NA,NA,NA,National,9,408772,10.8,39725,593917,12.7,67087,497939,2.6,12537,499067,10.1,45698,188300,-0.9,-1616,NA,NA,NA,NA,NA,NA,NA,NA,NA,NA,NA,NA,NA,NA,NA,NA,NA,NA,NA,NA,NA,NA,NA,NA,NA,NA,NA,NA,NA,NA,NA,NA,NA,NA,NA,NA,NA,NA,NA,NA
2013,Nelson,Other,1.042075,1.011925,1.0365250000000001,National,5.81,5.666666666666667,National,8.875,National,696821.75,NA,NA,NA,NA,NA,NA,NA,NA,NA,NA,NA,NA,NA,NA,National,9,408772,10.8,39725,593917,12.7,67087,497939,2.6,12537,499067,10.1,45698,188300,-0.9,-1616,NA,NA,NA,NA,NA,NA,NA,NA,NA,NA,NA,NA,NA,NA,NA,NA,NA,NA,NA,NA,NA,NA,NA,NA,NA,NA,NA,NA,NA,NA,NA,NA,NA,NA,NA,NA,NA,NA,NA,NA
2013,Nelson City,Other,1.042075,1.011925,1.03675,National,5.81,5.666666666666667,National,8.875,National,696821.75,NA,NA,NA,NA,NA,NA,NA,NA,NA,NA,NA,NA,NA,NA,National,9,408772,10.8,39725,593917,12.7,67087,497939,2.6,12537,499067,10.1,45698,188300,-0.9,-1616,NA,NA,NA,NA,NA,NA,NA,NA,NA,NA,NA,NA,NA,NA,NA,NA,NA,NA,NA,NA,NA,NA,NA,NA,NA,NA,NA,NA,NA,NA,NA,NA,NA,NA,NA,NA,NA,NA,NA,NA
2013,New Plymouth District,Other,1.02325,0.9937,1.020025,National,5.81,5.666666666666667,National,8.875,National,696821.75,NA,NA,NA,NA,NA,NA,NA,NA,NA,NA,NA,NA,NA,NA,National,9,408772,10.8,39725,593917,12.7,67087,497939,2.6,12537,499067,10.1,45698,188300,-0.9,-1616,NA,NA,NA,NA,NA,NA,NA,NA,NA,NA,NA,NA,NA,NA,NA,NA,NA,NA,NA,NA,NA,NA,NA,NA,NA,NA,NA,NA,NA,NA,NA,NA,NA,NA,NA,NA,NA,NA,NA,NA
2013,New Zealand,Other,0.96225,0.93415,1.0119500000000001,National,5.81,5.666666666666667,National,8.875,National,696821.75,NA,NA,NA,NA,NA,NA,NA,NA,NA,NA,NA,NA,NA,NA,National,9,408772,10.8,39725,593917,12.7,67087,497939,2.6,12537,499067,10.1,45698,188300,-0.9,-1616,NA,NA,NA,NA,NA,NA,NA,NA,NA,NA,NA,NA,NA,NA,NA,NA,NA,NA,NA,NA,NA,NA,NA,NA,NA,NA,NA,NA,NA,NA,NA,NA,NA,NA,NA,NA,NA,NA,NA,NA
2013,Northland,Other,1.05155,1.0216750000000001,1.028575,National,5.81,5.666666666666667,National,8.875,National,696821.75,NA,NA,NA,NA,NA,NA,NA,NA,NA,NA,NA,NA,NA,NA,National,9,408772,10.8,39725,593917,12.7,67087,497939,2.6,12537,499067,10.1,45698,188300,-0.9,-1616,NA,NA,NA,NA,NA,NA,NA,NA,NA,NA,NA,NA,NA,NA,NA,NA,NA,NA,NA,NA,NA,NA,NA,NA,NA,NA,NA,NA,NA,NA,NA,NA,NA,NA,NA,NA,NA,NA,NA,NA
2013,Opotiki District,Other,1.09945,1.068325,1.10675,National,5.81,5.666666666666667,National,8.875,National,696821.75,NA,NA,NA,NA,NA,NA,NA,NA,NA,NA,NA,NA,NA,NA,National,9,408772,10.8,39725,593917,12.7,67087,497939,2.6,12537,499067,10.1,45698,188300,-0.9,-1616,NA,NA,NA,NA,NA,NA,NA,NA,NA,NA,NA,NA,NA,NA,NA,NA,NA,NA,NA,NA,NA,NA,NA,NA,NA,NA,NA,NA,NA,NA,NA,NA,NA,NA,NA,NA,NA,NA,NA,NA
2013,Otago,Other,1.021125,0.9916,1.09335,National,5.81,5.666666666666667,National,8.875,National,696821.75,NA,NA,NA,NA,NA,NA,NA,NA,NA,NA,NA,NA,NA,NA,National,9,408772,10.8,39725,593917,12.7,67087,497939,2.6,12537,499067,10.1,45698,188300,-0.9,-1616,NA,NA,NA,NA,NA,NA,NA,NA,NA,NA,NA,NA,NA,NA,NA,NA,NA,NA,NA,NA,NA,NA,NA,NA,NA,NA,NA,NA,NA,NA,NA,NA,NA,NA,NA,NA,NA,NA,NA,NA
2013,Otorohanga District,Other,1.05685,1.025625,1.015075,National,5.81,5.666666666666667,National,8.875,National,696821.75,NA,NA,NA,NA,NA,NA,NA,NA,NA,NA,NA,NA,NA,NA,National,9,408772,10.8,39725,593917,12.7,67087,497939,2.6,12537,499067,10.1,45698,188300,-0.9,-1616,NA,NA,NA,NA,NA,NA,NA,NA,NA,NA,NA,NA,NA,NA,NA,NA,NA,NA,NA,NA,NA,NA,NA,NA,NA,NA,NA,NA,NA,NA,NA,NA,NA,NA,NA,NA,NA,NA,NA,NA
2013,Palmerston North City,Other,1.029375,0.99985,0.996725,National,5.81,5.666666666666667,National,8.875,National,696821.75,NA,NA,NA,NA,NA,NA,NA,NA,NA,NA,NA,NA,NA,NA,National,9,408772,10.8,39725,593917,12.7,67087,497939,2.6,12537,499067,10.1,45698,188300,-0.9,-1616,NA,NA,NA,NA,NA,NA,NA,NA,NA,NA,NA,NA,NA,NA,NA,NA,NA,NA,NA,NA,NA,NA,NA,NA,NA,NA,NA,NA,NA,NA,NA,NA,NA,NA,NA,NA,NA,NA,NA,NA
2013,Porirua City,Wellington Urban,1.049925,1.0199500000000001,1.0528,National,5.81,5.666666666666667,National,8.875,National,696821.75,NA,NA,NA,NA,NA,NA,NA,NA,NA,NA,NA,NA,NA,NA,National,9,408772,10.8,39725,593917,12.7,67087,497939,2.6,12537,499067,10.1,45698,188300,-0.9,-1616,NA,NA,NA,NA,NA,NA,NA,NA,NA,NA,NA,NA,NA,NA,NA,NA,NA,NA,NA,NA,NA,NA,NA,NA,NA,NA,NA,NA,NA,NA,NA,NA,NA,NA,NA,NA,NA,NA,NA,NA
2013,Queenstown Lakes District,Other,1.006075,0.977,1.0166,National,5.81,5.666666666666667,National,8.875,National,696821.75,NA,NA,NA,NA,NA,NA,NA,NA,NA,NA,NA,NA,NA,NA,National,9,408772,10.8,39725,593917,12.7,67087,497939,2.6,12537,499067,10.1,45698,188300,-0.9,-1616,NA,NA,NA,NA,NA,NA,NA,NA,NA,NA,NA,NA,NA,NA,NA,NA,NA,NA,NA,NA,NA,NA,NA,NA,NA,NA,NA,NA,NA,NA,NA,NA,NA,NA,NA,NA,NA,NA,NA,NA
2013,Rangitikei District,Other,1.1089,1.0776,1.02475,National,5.81,5.666666666666667,National,8.875,National,696821.75,NA,NA,NA,NA,NA,NA,NA,NA,NA,NA,NA,NA,NA,NA,National,9,408772,10.8,39725,593917,12.7,67087,497939,2.6,12537,499067,10.1,45698,188300,-0.9,-1616,NA,NA,NA,NA,NA,NA,NA,NA,NA,NA,NA,NA,NA,NA,NA,NA,NA,NA,NA,NA,NA,NA,NA,NA,NA,NA,NA,NA,NA,NA,NA,NA,NA,NA,NA,NA,NA,NA,NA,NA
2013,Rotorua District,Other,1.060025,1.029725,1.0186,National,5.81,5.666666666666667,National,8.875,National,696821.75,NA,NA,NA,NA,NA,NA,NA,NA,NA,NA,NA,NA,NA,NA,National,9,408772,10.8,39725,593917,12.7,67087,497939,2.6,12537,499067,10.1,45698,188300,-0.9,-1616,NA,NA,NA,NA,NA,NA,NA,NA,NA,NA,NA,NA,NA,NA,NA,NA,NA,NA,NA,NA,NA,NA,NA,NA,NA,NA,NA,NA,NA,NA,NA,NA,NA,NA,NA,NA,NA,NA,NA,NA
2013,Ruapehu District,Other,1.1154249999999999,1.082825,1.0376,National,5.81,5.666666666666667,National,8.875,National,696821.75,NA,NA,NA,NA,NA,NA,NA,NA,NA,NA,NA,NA,NA,NA,National,9,408772,10.8,39725,593917,12.7,67087,497939,2.6,12537,499067,10.1,45698,188300,-0.9,-1616,NA,NA,NA,NA,NA,NA,NA,NA,NA,NA,NA,NA,NA,NA,NA,NA,NA,NA,NA,NA,NA,NA,NA,NA,NA,NA,NA,NA,NA,NA,NA,NA,NA,NA,NA,NA,NA,NA,NA,NA
2013,Selwyn District,Canterbury Rural,0.95255,0.924875,0.9650000000000001,National,5.81,5.666666666666667,National,8.875,National,696821.75,NA,NA,NA,NA,NA,NA,NA,NA,NA,NA,NA,NA,NA,NA,National,9,408772,10.8,39725,593917,12.7,67087,497939,2.6,12537,499067,10.1,45698,188300,-0.9,-1616,NA,NA,NA,NA,NA,NA,NA,NA,NA,NA,NA,NA,NA,NA,NA,NA,NA,NA,NA,NA,NA,NA,NA,NA,NA,NA,NA,NA,NA,NA,NA,NA,NA,NA,NA,NA,NA,NA,NA,NA
2013,South Taranaki District,Other,1.102925,1.0708250000000001,1.0713,National,5.81,5.666666666666667,National,8.875,National,696821.75,NA,NA,NA,NA,NA,NA,NA,NA,NA,NA,NA,NA,NA,NA,National,9,408772,10.8,39725,593917,12.7,67087,497939,2.6,12537,499067,10.1,45698,188300,-0.9,-1616,NA,NA,NA,NA,NA,NA,NA,NA,NA,NA,NA,NA,NA,NA,NA,NA,NA,NA,NA,NA,NA,NA,NA,NA,NA,NA,NA,NA,NA,NA,NA,NA,NA,NA,NA,NA,NA,NA,NA,NA
2013,South Waikato District,Other,1.0829,1.05165,1.019625,National,5.81,5.666666666666667,National,8.875,National,696821.75,NA,NA,NA,NA,NA,NA,NA,NA,NA,NA,NA,NA,NA,NA,National,9,408772,10.8,39725,593917,12.7,67087,497939,2.6,12537,499067,10.1,45698,188300,-0.9,-1616,NA,NA,NA,NA,NA,NA,NA,NA,NA,NA,NA,NA,NA,NA,NA,NA,NA,NA,NA,NA,NA,NA,NA,NA,NA,NA,NA,NA,NA,NA,NA,NA,NA,NA,NA,NA,NA,NA,NA,NA
2013,South Wairarapa District,Wellington Rural,1.133875,1.1005,1.068425,National,5.81,5.666666666666667,National,8.875,National,696821.75,NA,NA,NA,NA,NA,NA,NA,NA,NA,NA,NA,NA,NA,NA,National,9,408772,10.8,39725,593917,12.7,67087,497939,2.6,12537,499067,10.1,45698,188300,-0.9,-1616,NA,NA,NA,NA,NA,NA,NA,NA,NA,NA,NA,NA,NA,NA,NA,NA,NA,NA,NA,NA,NA,NA,NA,NA,NA,NA,NA,NA,NA,NA,NA,NA,NA,NA,NA,NA,NA,NA,NA,NA
2013,Southland,Other,1.100425,1.069,1.0291000000000001,National,5.81,5.666666666666667,National,8.875,National,696821.75,NA,NA,NA,NA,NA,NA,NA,NA,NA,NA,NA,NA,NA,NA,National,9,408772,10.8,39725,593917,12.7,67087,497939,2.6,12537,499067,10.1,45698,188300,-0.9,-1616,NA,NA,NA,NA,NA,NA,NA,NA,NA,NA,NA,NA,NA,NA,NA,NA,NA,NA,NA,NA,NA,NA,NA,NA,NA,NA,NA,NA,NA,NA,NA,NA,NA,NA,NA,NA,NA,NA,NA,NA
2013,Southland District,Other,1.17165,1.138475,1.104325,National,5.81,5.666666666666667,National,8.875,National,696821.75,NA,NA,NA,NA,NA,NA,NA,NA,NA,NA,NA,NA,NA,NA,National,9,408772,10.8,39725,593917,12.7,67087,497939,2.6,12537,499067,10.1,45698,188300,-0.9,-1616,NA,NA,NA,NA,NA,NA,NA,NA,NA,NA,NA,NA,NA,NA,NA,NA,NA,NA,NA,NA,NA,NA,NA,NA,NA,NA,NA,NA,NA,NA,NA,NA,NA,NA,NA,NA,NA,NA,NA,NA
2013,Stratford District,Other,1.038675,1.009125,0.998675,National,5.81,5.666666666666667,National,8.875,National,696821.75,NA,NA,NA,NA,NA,NA,NA,NA,NA,NA,NA,NA,NA,NA,National,9,408772,10.8,39725,593917,12.7,67087,497939,2.6,12537,499067,10.1,45698,188300,-0.9,-1616,NA,NA,NA,NA,NA,NA,NA,NA,NA,NA,NA,NA,NA,NA,NA,NA,NA,NA,NA,NA,NA,NA,NA,NA,NA,NA,NA,NA,NA,NA,NA,NA,NA,NA,NA,NA,NA,NA,NA,NA
2013,Taranaki,Other,1.031925,1.002075,1.0264,National,5.81,5.666666666666667,National,8.875,National,696821.75,NA,NA,NA,NA,NA,NA,NA,NA,NA,NA,NA,NA,NA,NA,National,9,408772,10.8,39725,593917,12.7,67087,497939,2.6,12537,499067,10.1,45698,188300,-0.9,-1616,NA,NA,NA,NA,NA,NA,NA,NA,NA,NA,NA,NA,NA,NA,NA,NA,NA,NA,NA,NA,NA,NA,NA,NA,NA,NA,NA,NA,NA,NA,NA,NA,NA,NA,NA,NA,NA,NA,NA,NA
2013,Tararua District,Other,1.0531000000000001,1.02315,1.0766,National,5.81,5.666666666666667,National,8.875,National,696821.75,NA,NA,NA,NA,NA,NA,NA,NA,NA,NA,NA,NA,NA,NA,National,9,408772,10.8,39725,593917,12.7,67087,497939,2.6,12537,499067,10.1,45698,188300,-0.9,-1616,NA,NA,NA,NA,NA,NA,NA,NA,NA,NA,NA,NA,NA,NA,NA,NA,NA,NA,NA,NA,NA,NA,NA,NA,NA,NA,NA,NA,NA,NA,NA,NA,NA,NA,NA,NA,NA,NA,NA,NA
2013,Tasman,Other,1.030275,1.000525,1.0152,National,5.81,5.666666666666667,National,8.875,National,696821.75,NA,NA,NA,NA,NA,NA,NA,NA,NA,NA,NA,NA,NA,NA,National,9,408772,10.8,39725,593917,12.7,67087,497939,2.6,12537,499067,10.1,45698,188300,-0.9,-1616,NA,NA,NA,NA,NA,NA,NA,NA,NA,NA,NA,NA,NA,NA,NA,NA,NA,NA,NA,NA,NA,NA,NA,NA,NA,NA,NA,NA,NA,NA,NA,NA,NA,NA,NA,NA,NA,NA,NA,NA
2013,Tasman District,Other,1.030275,1.000525,1.014525,National,5.81,5.666666666666667,National,8.875,National,696821.75,NA,NA,NA,NA,NA,NA,NA,NA,NA,NA,NA,NA,NA,NA,National,9,408772,10.8,39725,593917,12.7,67087,497939,2.6,12537,499067,10.1,45698,188300,-0.9,-1616,NA,NA,NA,NA,NA,NA,NA,NA,NA,NA,NA,NA,NA,NA,NA,NA,NA,NA,NA,NA,NA,NA,NA,NA,NA,NA,NA,NA,NA,NA,NA,NA,NA,NA,NA,NA,NA,NA,NA,NA
2013,Taupo District,Other,1.0680749999999999,1.037875,1.013025,National,5.81,5.666666666666667,National,8.875,National,696821.75,NA,NA,NA,NA,NA,NA,NA,NA,NA,NA,NA,NA,NA,NA,National,9,408772,10.8,39725,593917,12.7,67087,497939,2.6,12537,499067,10.1,45698,188300,-0.9,-1616,NA,NA,NA,NA,NA,NA,NA,NA,NA,NA,NA,NA,NA,NA,NA,NA,NA,NA,NA,NA,NA,NA,NA,NA,NA,NA,NA,NA,NA,NA,NA,NA,NA,NA,NA,NA,NA,NA,NA,NA
2013,Tauranga City,Other,1.052125,1.0218500000000001,1.014675,National,5.81,5.666666666666667,National,8.875,National,696821.75,NA,NA,NA,NA,NA,NA,NA,NA,NA,NA,NA,NA,NA,NA,National,9,408772,10.8,39725,593917,12.7,67087,497939,2.6,12537,499067,10.1,45698,188300,-0.9,-1616,NA,NA,NA,NA,NA,NA,NA,NA,NA,NA,NA,NA,NA,NA,NA,NA,NA,NA,NA,NA,NA,NA,NA,NA,NA,NA,NA,NA,NA,NA,NA,NA,NA,NA,NA,NA,NA,NA,NA,NA
2013,Thames Coromandel District,Other,1.0452,1.015125,1.0076,National,5.81,5.666666666666667,National,8.875,National,696821.75,NA,NA,NA,NA,NA,NA,NA,NA,NA,NA,NA,NA,NA,NA,National,9,408772,10.8,39725,593917,12.7,67087,497939,2.6,12537,499067,10.1,45698,188300,-0.9,-1616,NA,NA,NA,NA,NA,NA,NA,NA,NA,NA,NA,NA,NA,NA,NA,NA,NA,NA,NA,NA,NA,NA,NA,NA,NA,NA,NA,NA,NA,NA,NA,NA,NA,NA,NA,NA,NA,NA,NA,NA
2013,Timaru District,Canterbury Rural,1.00035,0.97135,0.9881749999999999,National,5.81,5.666666666666667,National,8.875,National,696821.75,NA,NA,NA,NA,NA,NA,NA,NA,NA,NA,NA,NA,NA,NA,National,9,408772,10.8,39725,593917,12.7,67087,497939,2.6,12537,499067,10.1,45698,188300,-0.9,-1616,NA,NA,NA,NA,NA,NA,NA,NA,NA,NA,NA,NA,NA,NA,NA,NA,NA,NA,NA,NA,NA,NA,NA,NA,NA,NA,NA,NA,NA,NA,NA,NA,NA,NA,NA,NA,NA,NA,NA,NA
2013,Upper Hutt City,Wellington Urban,1.043475,1.013525,1.0304,National,5.81,5.666666666666667,National,8.875,National,696821.75,NA,NA,NA,NA,NA,NA,NA,NA,NA,NA,NA,NA,NA,NA,National,9,408772,10.8,39725,593917,12.7,67087,497939,2.6,12537,499067,10.1,45698,188300,-0.9,-1616,NA,NA,NA,NA,NA,NA,NA,NA,NA,NA,NA,NA,NA,NA,NA,NA,NA,NA,NA,NA,NA,NA,NA,NA,NA,NA,NA,NA,NA,NA,NA,NA,NA,NA,NA,NA,NA,NA,NA,NA
2013,Waikato,Other,1.0226,0.993,1.009875,National,5.81,5.666666666666667,National,8.875,National,696821.75,NA,NA,NA,NA,NA,NA,NA,NA,NA,NA,NA,NA,NA,NA,National,9,408772,10.8,39725,593917,12.7,67087,497939,2.6,12537,499067,10.1,45698,188300,-0.9,-1616,NA,NA,NA,NA,NA,NA,NA,NA,NA,NA,NA,NA,NA,NA,NA,NA,NA,NA,NA,NA,NA,NA,NA,NA,NA,NA,NA,NA,NA,NA,NA,NA,NA,NA,NA,NA,NA,NA,NA,NA
2013,Waikato District,Other,1.0064250000000001,0.977225,1.017325,National,5.81,5.666666666666667,National,8.875,National,696821.75,NA,NA,NA,NA,NA,NA,NA,NA,NA,NA,NA,NA,NA,NA,National,9,408772,10.8,39725,593917,12.7,67087,497939,2.6,12537,499067,10.1,45698,188300,-0.9,-1616,NA,NA,NA,NA,NA,NA,NA,NA,NA,NA,NA,NA,NA,NA,NA,NA,NA,NA,NA,NA,NA,NA,NA,NA,NA,NA,NA,NA,NA,NA,NA,NA,NA,NA,NA,NA,NA,NA,NA,NA
2013,Waimakariri District,Canterbury Rural,0.9925250000000001,0.9637249999999999,0.9833999999999999,National,5.81,5.666666666666667,National,8.875,National,696821.75,NA,NA,NA,NA,NA,NA,NA,NA,NA,NA,NA,NA,NA,NA,National,9,408772,10.8,39725,593917,12.7,67087,497939,2.6,12537,499067,10.1,45698,188300,-0.9,-1616,NA,NA,NA,NA,NA,NA,NA,NA,NA,NA,NA,NA,NA,NA,NA,NA,NA,NA,NA,NA,NA,NA,NA,NA,NA,NA,NA,NA,NA,NA,NA,NA,NA,NA,NA,NA,NA,NA,NA,NA
2013,Waimate District,Canterbury Rural,0.9736,0.94535,0.92475,National,5.81,5.666666666666667,National,8.875,National,696821.75,NA,NA,NA,NA,NA,NA,NA,NA,NA,NA,NA,NA,NA,NA,National,9,408772,10.8,39725,593917,12.7,67087,497939,2.6,12537,499067,10.1,45698,188300,-0.9,-1616,NA,NA,NA,NA,NA,NA,NA,NA,NA,NA,NA,NA,NA,NA,NA,NA,NA,NA,NA,NA,NA,NA,NA,NA,NA,NA,NA,NA,NA,NA,NA,NA,NA,NA,NA,NA,NA,NA,NA,NA
2013,Waipa District,Other,1.001225,0.972075,1.021075,National,5.81,5.666666666666667,National,8.875,National,696821.75,NA,NA,NA,NA,NA,NA,NA,NA,NA,NA,NA,NA,NA,NA,National,9,408772,10.8,39725,593917,12.7,67087,497939,2.6,12537,499067,10.1,45698,188300,-0.9,-1616,NA,NA,NA,NA,NA,NA,NA,NA,NA,NA,NA,NA,NA,NA,NA,NA,NA,NA,NA,NA,NA,NA,NA,NA,NA,NA,NA,NA,NA,NA,NA,NA,NA,NA,NA,NA,NA,NA,NA,NA
2013,Wairoa District,Other,1.120575,1.088925,0.99085,National,5.81,5.666666666666667,National,8.875,National,696821.75,NA,NA,NA,NA,NA,NA,NA,NA,NA,NA,NA,NA,NA,NA,National,9,408772,10.8,39725,593917,12.7,67087,497939,2.6,12537,499067,10.1,45698,188300,-0.9,-1616,NA,NA,NA,NA,NA,NA,NA,NA,NA,NA,NA,NA,NA,NA,NA,NA,NA,NA,NA,NA,NA,NA,NA,NA,NA,NA,NA,NA,NA,NA,NA,NA,NA,NA,NA,NA,NA,NA,NA,NA
2013,Waitaki District,Other,1.08425,1.053325,1.009625,National,5.81,5.666666666666667,National,8.875,National,696821.75,NA,NA,NA,NA,NA,NA,NA,NA,NA,NA,NA,NA,NA,NA,National,9,408772,10.8,39725,593917,12.7,67087,497939,2.6,12537,499067,10.1,45698,188300,-0.9,-1616,NA,NA,NA,NA,NA,NA,NA,NA,NA,NA,NA,NA,NA,NA,NA,NA,NA,NA,NA,NA,NA,NA,NA,NA,NA,NA,NA,NA,NA,NA,NA,NA,NA,NA,NA,NA,NA,NA,NA,NA
2013,Waitomo District,Other,1.037025,1.006525,0.9808,National,5.81,5.666666666666667,National,8.875,National,696821.75,NA,NA,NA,NA,NA,NA,NA,NA,NA,NA,NA,NA,NA,NA,National,9,408772,10.8,39725,593917,12.7,67087,497939,2.6,12537,499067,10.1,45698,188300,-0.9,-1616,NA,NA,NA,NA,NA,NA,NA,NA,NA,NA,NA,NA,NA,NA,NA,NA,NA,NA,NA,NA,NA,NA,NA,NA,NA,NA,NA,NA,NA,NA,NA,NA,NA,NA,NA,NA,NA,NA,NA,NA
2013,Wellington,Wellington Rural,1.03505,1.005225,1.040775,National,5.81,5.666666666666667,National,8.875,National,696821.75,NA,NA,NA,NA,NA,NA,NA,NA,NA,NA,NA,NA,NA,NA,National,9,408772,10.8,39725,593917,12.7,67087,497939,2.6,12537,499067,10.1,45698,188300,-0.9,-1616,NA,NA,NA,NA,NA,NA,NA,NA,NA,NA,NA,NA,NA,NA,NA,NA,NA,NA,NA,NA,NA,NA,NA,NA,NA,NA,NA,NA,NA,NA,NA,NA,NA,NA,NA,NA,NA,NA,NA,NA
2013,Wellington City,Wellington Urban,1.0257749999999999,0.9962,1.0428,National,5.81,5.666666666666667,National,8.875,National,696821.75,NA,NA,NA,NA,NA,NA,NA,NA,NA,NA,NA,NA,NA,NA,National,9,408772,10.8,39725,593917,12.7,67087,497939,2.6,12537,499067,10.1,45698,188300,-0.9,-1616,NA,NA,NA,NA,NA,NA,NA,NA,NA,NA,NA,NA,NA,NA,NA,NA,NA,NA,NA,NA,NA,NA,NA,NA,NA,NA,NA,NA,NA,NA,NA,NA,NA,NA,NA,NA,NA,NA,NA,NA
2013,West Coast,Other,1.08605,1.0548,1.073525,National,5.81,5.666666666666667,National,8.875,National,696821.75,NA,NA,NA,NA,NA,NA,NA,NA,NA,NA,NA,NA,NA,NA,National,9,408772,10.8,39725,593917,12.7,67087,497939,2.6,12537,499067,10.1,45698,188300,-0.9,-1616,NA,NA,NA,NA,NA,NA,NA,NA,NA,NA,NA,NA,NA,NA,NA,NA,NA,NA,NA,NA,NA,NA,NA,NA,NA,NA,NA,NA,NA,NA,NA,NA,NA,NA,NA,NA,NA,NA,NA,NA
2013,Western Bay of Plenty District,Other,1.059475,1.029,1.016475,National,5.81,5.666666666666667,National,8.875,National,696821.75,NA,NA,NA,NA,NA,NA,NA,NA,NA,NA,NA,NA,NA,NA,National,9,408772,10.8,39725,593917,12.7,67087,497939,2.6,12537,499067,10.1,45698,188300,-0.9,-1616,NA,NA,NA,NA,NA,NA,NA,NA,NA,NA,NA,NA,NA,NA,NA,NA,NA,NA,NA,NA,NA,NA,NA,NA,NA,NA,NA,NA,NA,NA,NA,NA,NA,NA,NA,NA,NA,NA,NA,NA
2013,Westland District,Other,1.0546,1.0238,1.0572,National,5.81,5.666666666666667,National,8.875,National,696821.75,NA,NA,NA,NA,NA,NA,NA,NA,NA,NA,NA,NA,NA,NA,National,9,408772,10.8,39725,593917,12.7,67087,497939,2.6,12537,499067,10.1,45698,188300,-0.9,-1616,NA,NA,NA,NA,NA,NA,NA,NA,NA,NA,NA,NA,NA,NA,NA,NA,NA,NA,NA,NA,NA,NA,NA,NA,NA,NA,NA,NA,NA,NA,NA,NA,NA,NA,NA,NA,NA,NA,NA,NA
2013,Whakatane District,Other,1.103,1.07145,1.044475,National,5.81,5.666666666666667,National,8.875,National,696821.75,NA,NA,NA,NA,NA,NA,NA,NA,NA,NA,NA,NA,NA,NA,National,9,408772,10.8,39725,593917,12.7,67087,497939,2.6,12537,499067,10.1,45698,188300,-0.9,-1616,NA,NA,NA,NA,NA,NA,NA,NA,NA,NA,NA,NA,NA,NA,NA,NA,NA,NA,NA,NA,NA,NA,NA,NA,NA,NA,NA,NA,NA,NA,NA,NA,NA,NA,NA,NA,NA,NA,NA,NA
2013,Whanganui District,Other,1.0453000000000001,1.0155,1.052425,National,5.81,5.666666666666667,National,8.875,National,696821.75,NA,NA,NA,NA,NA,NA,NA,NA,NA,NA,NA,NA,NA,NA,National,9,408772,10.8,39725,593917,12.7,67087,497939,2.6,12537,499067,10.1,45698,188300,-0.9,-1616,NA,NA,NA,NA,NA,NA,NA,NA,NA,NA,NA,NA,NA,NA,NA,NA,NA,NA,NA,NA,NA,NA,NA,NA,NA,NA,NA,NA,NA,NA,NA,NA,NA,NA,NA,NA,NA,NA,NA,NA
2013,Whangarei District,Other,1.051225,1.021075,1.02035,National,5.81,5.666666666666667,National,8.875,National,696821.75,NA,NA,NA,NA,NA,NA,NA,NA,NA,NA,NA,NA,NA,NA,National,9,408772,10.8,39725,593917,12.7,67087,497939,2.6,12537,499067,10.1,45698,188300,-0.9,-1616,NA,NA,NA,NA,NA,NA,NA,NA,NA,NA,NA,NA,NA,NA,NA,NA,NA,NA,NA,NA,NA,NA,NA,NA,NA,NA,NA,NA,NA,NA,NA,NA,NA,NA,NA,NA,NA,NA,NA,NA
2014,Ashburton District,Canterbury Rural,0.8695999999999999,0.925775,0.96685,National,6.305833333333333,6.2075,National,6.5,National,743299,NA,NA,NA,NA,NA,NA,NA,NA,NA,NA,NA,NA,NA,NA,National,10,437877,7.1,29105,672734,13.3,78817,508747,2.2,10808,552643,10.7,53576,192547,2.3,4247,NA,NA,NA,NA,NA,NA,NA,NA,NA,NA,NA,NA,NA,NA,NA,NA,NA,NA,NA,NA,NA,NA,NA,NA,NA,NA,NA,NA,NA,NA,NA,NA,NA,NA,NA,NA,NA,NA,NA,NA
2014,Auckland,Auckland Urban,0.7645500000000001,0.8139125,1.000575,National,6.305833333333333,6.2075,National,6.5,National,743299,NA,NA,NA,NA,NA,NA,NA,NA,NA,NA,NA,NA,NA,NA,National,10,437877,7.1,29105,672734,13.3,78817,508747,2.2,10808,552643,10.7,53576,192547,2.3,4247,NA,NA,NA,NA,NA,NA,NA,NA,NA,NA,NA,NA,NA,NA,NA,NA,NA,NA,NA,NA,NA,NA,NA,NA,NA,NA,NA,NA,NA,NA,NA,NA,NA,NA,NA,NA,NA,NA,NA,NA
2014,Bay of Plenty,Other,0.963875,1.026225,1.02465,National,6.305833333333333,6.2075,National,6.5,National,743299,NA,NA,NA,NA,NA,NA,NA,NA,NA,NA,NA,NA,NA,NA,National,10,437877,7.1,29105,672734,13.3,78817,508747,2.2,10808,552643,10.7,53576,192547,2.3,4247,NA,NA,NA,NA,NA,NA,NA,NA,NA,NA,NA,NA,NA,NA,NA,NA,NA,NA,NA,NA,NA,NA,NA,NA,NA,NA,NA,NA,NA,NA,NA,NA,NA,NA,NA,NA,NA,NA,NA,NA
2014,Buller District,Other,1.0338,1.100975,1.2439,National,6.305833333333333,6.2075,National,6.5,National,743299,NA,NA,NA,NA,NA,NA,NA,NA,NA,NA,NA,NA,NA,NA,National,10,437877,7.1,29105,672734,13.3,78817,508747,2.2,10808,552643,10.7,53576,192547,2.3,4247,NA,NA,NA,NA,NA,NA,NA,NA,NA,NA,NA,NA,NA,NA,NA,NA,NA,NA,NA,NA,NA,NA,NA,NA,NA,NA,NA,NA,NA,NA,NA,NA,NA,NA,NA,NA,NA,NA,NA,NA
2014,Canterbury,Canterbury Rural,0.867675,0.92375,0.923975,National,6.305833333333333,6.2075,National,6.5,National,743299,NA,NA,NA,NA,NA,NA,NA,NA,NA,NA,NA,NA,NA,NA,National,10,437877,7.1,29105,672734,13.3,78817,508747,2.2,10808,552643,10.7,53576,192547,2.3,4247,NA,NA,NA,NA,NA,NA,NA,NA,NA,NA,NA,NA,NA,NA,NA,NA,NA,NA,NA,NA,NA,NA,NA,NA,NA,NA,NA,NA,NA,NA,NA,NA,NA,NA,NA,NA,NA,NA,NA,NA
2014,Carterton District,Wellington Rural,0.9235,0.983125,1.0151000000000001,National,6.305833333333333,6.2075,National,6.5,National,743299,NA,NA,NA,NA,NA,NA,NA,NA,NA,NA,NA,NA,NA,NA,National,10,437877,7.1,29105,672734,13.3,78817,508747,2.2,10808,552643,10.7,53576,192547,2.3,4247,NA,NA,NA,NA,NA,NA,NA,NA,NA,NA,NA,NA,NA,NA,NA,NA,NA,NA,NA,NA,NA,NA,NA,NA,NA,NA,NA,NA,NA,NA,NA,NA,NA,NA,NA,NA,NA,NA,NA,NA
2014,Central Hawkes Bay District,Other,1.0589,1.1275499999999998,1.039075,National,6.305833333333333,6.2075,National,6.5,National,743299,NA,NA,NA,NA,NA,NA,NA,NA,NA,NA,NA,NA,NA,NA,National,10,437877,7.1,29105,672734,13.3,78817,508747,2.2,10808,552643,10.7,53576,192547,2.3,4247,NA,NA,NA,NA,NA,NA,NA,NA,NA,NA,NA,NA,NA,NA,NA,NA,NA,NA,NA,NA,NA,NA,NA,NA,NA,NA,NA,NA,NA,NA,NA,NA,NA,NA,NA,NA,NA,NA,NA,NA
2014,Central Otago District,Other,0.9492,1.010575,1.003125,National,6.305833333333333,6.2075,National,6.5,National,743299,NA,NA,NA,NA,NA,NA,NA,NA,NA,NA,NA,NA,NA,NA,National,10,437877,7.1,29105,672734,13.3,78817,508747,2.2,10808,552643,10.7,53576,192547,2.3,4247,NA,NA,NA,NA,NA,NA,NA,NA,NA,NA,NA,NA,NA,NA,NA,NA,NA,NA,NA,NA,NA,NA,NA,NA,NA,NA,NA,NA,NA,NA,NA,NA,NA,NA,NA,NA,NA,NA,NA,NA
2014,Christchurch City,Canterbury Urban,0.8488249999999999,0.9037,0.9096,National,6.305833333333333,6.2075,National,6.5,National,743299,NA,NA,NA,NA,NA,NA,NA,NA,NA,NA,NA,NA,NA,NA,National,10,437877,7.1,29105,672734,13.3,78817,508747,2.2,10808,552643,10.7,53576,192547,2.3,4247,NA,NA,NA,NA,NA,NA,NA,NA,NA,NA,NA,NA,NA,NA,NA,NA,NA,NA,NA,NA,NA,NA,NA,NA,NA,NA,NA,NA,NA,NA,NA,NA,NA,NA,NA,NA,NA,NA,NA,NA
2014,Clutha District,Other,0.9540500000000001,1.0155,1.015825,National,6.305833333333333,6.2075,National,6.5,National,743299,NA,NA,NA,NA,NA,NA,NA,NA,NA,NA,NA,NA,NA,NA,National,10,437877,7.1,29105,672734,13.3,78817,508747,2.2,10808,552643,10.7,53576,192547,2.3,4247,NA,NA,NA,NA,NA,NA,NA,NA,NA,NA,NA,NA,NA,NA,NA,NA,NA,NA,NA,NA,NA,NA,NA,NA,NA,NA,NA,NA,NA,NA,NA,NA,NA,NA,NA,NA,NA,NA,NA,NA
2014,Dunedin City,Other,0.951225,1.0128,1.1216249999999999,National,6.305833333333333,6.2075,National,6.5,National,743299,NA,NA,NA,NA,NA,NA,NA,NA,NA,NA,NA,NA,NA,NA,National,10,437877,7.1,29105,672734,13.3,78817,508747,2.2,10808,552643,10.7,53576,192547,2.3,4247,NA,NA,NA,NA,NA,NA,NA,NA,NA,NA,NA,NA,NA,NA,NA,NA,NA,NA,NA,NA,NA,NA,NA,NA,NA,NA,NA,NA,NA,NA,NA,NA,NA,NA,NA,NA,NA,NA,NA,NA
2014,Far North District,Other,1.046325,1.113975,1.054975,National,6.305833333333333,6.2075,National,6.5,National,743299,NA,NA,NA,NA,NA,NA,NA,NA,NA,NA,NA,NA,NA,NA,National,10,437877,7.1,29105,672734,13.3,78817,508747,2.2,10808,552643,10.7,53576,192547,2.3,4247,NA,NA,NA,NA,NA,NA,NA,NA,NA,NA,NA,NA,NA,NA,NA,NA,NA,NA,NA,NA,NA,NA,NA,NA,NA,NA,NA,NA,NA,NA,NA,NA,NA,NA,NA,NA,NA,NA,NA,NA
2014,Gisborne,Other,1.0084499999999998,1.0737,1.05455,National,6.305833333333333,6.2075,National,6.5,National,743299,NA,NA,NA,NA,NA,NA,NA,NA,NA,NA,NA,NA,NA,NA,National,10,437877,7.1,29105,672734,13.3,78817,508747,2.2,10808,552643,10.7,53576,192547,2.3,4247,NA,NA,NA,NA,NA,NA,NA,NA,NA,NA,NA,NA,NA,NA,NA,NA,NA,NA,NA,NA,NA,NA,NA,NA,NA,NA,NA,NA,NA,NA,NA,NA,NA,NA,NA,NA,NA,NA,NA,NA
2014,Gisborne District,Other,1.0084499999999998,1.0737,1.05455,National,6.305833333333333,6.2075,National,6.5,National,743299,NA,NA,NA,NA,NA,NA,NA,NA,NA,NA,NA,NA,NA,NA,National,10,437877,7.1,29105,672734,13.3,78817,508747,2.2,10808,552643,10.7,53576,192547,2.3,4247,NA,NA,NA,NA,NA,NA,NA,NA,NA,NA,NA,NA,NA,NA,NA,NA,NA,NA,NA,NA,NA,NA,NA,NA,NA,NA,NA,NA,NA,NA,NA,NA,NA,NA,NA,NA,NA,NA,NA,NA
2014,Gore District,Other,1.042575,1.10995,1.01785,National,6.305833333333333,6.2075,National,6.5,National,743299,NA,NA,NA,NA,NA,NA,NA,NA,NA,NA,NA,NA,NA,NA,National,10,437877,7.1,29105,672734,13.3,78817,508747,2.2,10808,552643,10.7,53576,192547,2.3,4247,NA,NA,NA,NA,NA,NA,NA,NA,NA,NA,NA,NA,NA,NA,NA,NA,NA,NA,NA,NA,NA,NA,NA,NA,NA,NA,NA,NA,NA,NA,NA,NA,NA,NA,NA,NA,NA,NA,NA,NA
2014,Grey District,Other,0.9578,1.02,1.0508,National,6.305833333333333,6.2075,National,6.5,National,743299,NA,NA,NA,NA,NA,NA,NA,NA,NA,NA,NA,NA,NA,NA,National,10,437877,7.1,29105,672734,13.3,78817,508747,2.2,10808,552643,10.7,53576,192547,2.3,4247,NA,NA,NA,NA,NA,NA,NA,NA,NA,NA,NA,NA,NA,NA,NA,NA,NA,NA,NA,NA,NA,NA,NA,NA,NA,NA,NA,NA,NA,NA,NA,NA,NA,NA,NA,NA,NA,NA,NA,NA
2014,Hamilton City,Other,0.89895,0.9571000000000001,1.004675,National,6.305833333333333,6.2075,National,6.5,National,743299,NA,NA,NA,NA,NA,NA,NA,NA,NA,NA,NA,NA,NA,NA,National,10,437877,7.1,29105,672734,13.3,78817,508747,2.2,10808,552643,10.7,53576,192547,2.3,4247,NA,NA,NA,NA,NA,NA,NA,NA,NA,NA,NA,NA,NA,NA,NA,NA,NA,NA,NA,NA,NA,NA,NA,NA,NA,NA,NA,NA,NA,NA,NA,NA,NA,NA,NA,NA,NA,NA,NA,NA
2014,Hastings District,Other,0.9736750000000001,1.0367,1.043275,National,6.305833333333333,6.2075,National,6.5,National,743299,NA,NA,NA,NA,NA,NA,NA,NA,NA,NA,NA,NA,NA,NA,National,10,437877,7.1,29105,672734,13.3,78817,508747,2.2,10808,552643,10.7,53576,192547,2.3,4247,NA,NA,NA,NA,NA,NA,NA,NA,NA,NA,NA,NA,NA,NA,NA,NA,NA,NA,NA,NA,NA,NA,NA,NA,NA,NA,NA,NA,NA,NA,NA,NA,NA,NA,NA,NA,NA,NA,NA,NA
2014,Hauraki District,Other,1.0224,1.08875,1.049425,National,6.305833333333333,6.2075,National,6.5,National,743299,NA,NA,NA,NA,NA,NA,NA,NA,NA,NA,NA,NA,NA,NA,National,10,437877,7.1,29105,672734,13.3,78817,508747,2.2,10808,552643,10.7,53576,192547,2.3,4247,NA,NA,NA,NA,NA,NA,NA,NA,NA,NA,NA,NA,NA,NA,NA,NA,NA,NA,NA,NA,NA,NA,NA,NA,NA,NA,NA,NA,NA,NA,NA,NA,NA,NA,NA,NA,NA,NA,NA,NA
2014,Hawke's Bay,Other,0.9709,1.03375,1.03725,National,6.305833333333333,6.2075,National,6.5,National,743299,NA,NA,NA,NA,NA,NA,NA,NA,NA,NA,NA,NA,NA,NA,National,10,437877,7.1,29105,672734,13.3,78817,508747,2.2,10808,552643,10.7,53576,192547,2.3,4247,NA,NA,NA,NA,NA,NA,NA,NA,NA,NA,NA,NA,NA,NA,NA,NA,NA,NA,NA,NA,NA,NA,NA,NA,NA,NA,NA,NA,NA,NA,NA,NA,NA,NA,NA,NA,NA,NA,NA,NA
2014,Horowhenua District,Other,0.9937,1.05815,1.044425,National,6.305833333333333,6.2075,National,6.5,National,743299,NA,NA,NA,NA,NA,NA,NA,NA,NA,NA,NA,NA,NA,NA,National,10,437877,7.1,29105,672734,13.3,78817,508747,2.2,10808,552643,10.7,53576,192547,2.3,4247,NA,NA,NA,NA,NA,NA,NA,NA,NA,NA,NA,NA,NA,NA,NA,NA,NA,NA,NA,NA,NA,NA,NA,NA,NA,NA,NA,NA,NA,NA,NA,NA,NA,NA,NA,NA,NA,NA,NA,NA
2014,Hurunui District,Canterbury Rural,0.943725,1.004875,1.007075,National,6.305833333333333,6.2075,National,6.5,National,743299,NA,NA,NA,NA,NA,NA,NA,NA,NA,NA,NA,NA,NA,NA,National,10,437877,7.1,29105,672734,13.3,78817,508747,2.2,10808,552643,10.7,53576,192547,2.3,4247,NA,NA,NA,NA,NA,NA,NA,NA,NA,NA,NA,NA,NA,NA,NA,NA,NA,NA,NA,NA,NA,NA,NA,NA,NA,NA,NA,NA,NA,NA,NA,NA,NA,NA,NA,NA,NA,NA,NA,NA
2014,Hutt City,Wellington Urban,0.971575,1.03455,1.038725,National,6.305833333333333,6.2075,National,6.5,National,743299,NA,NA,NA,NA,NA,NA,NA,NA,NA,NA,NA,NA,NA,NA,National,10,437877,7.1,29105,672734,13.3,78817,508747,2.2,10808,552643,10.7,53576,192547,2.3,4247,NA,NA,NA,NA,NA,NA,NA,NA,NA,NA,NA,NA,NA,NA,NA,NA,NA,NA,NA,NA,NA,NA,NA,NA,NA,NA,NA,NA,NA,NA,NA,NA,NA,NA,NA,NA,NA,NA,NA,NA
2014,Invercargill City,Other,0.975975,1.03915,1.031,National,6.305833333333333,6.2075,National,6.5,National,743299,NA,NA,NA,NA,NA,NA,NA,NA,NA,NA,NA,NA,NA,NA,National,10,437877,7.1,29105,672734,13.3,78817,508747,2.2,10808,552643,10.7,53576,192547,2.3,4247,NA,NA,NA,NA,NA,NA,NA,NA,NA,NA,NA,NA,NA,NA,NA,NA,NA,NA,NA,NA,NA,NA,NA,NA,NA,NA,NA,NA,NA,NA,NA,NA,NA,NA,NA,NA,NA,NA,NA,NA
2014,Kaikoura District,Other,0.89725,0.9552,0.9990749999999999,National,6.305833333333333,6.2075,National,6.5,National,743299,NA,NA,NA,NA,NA,NA,NA,NA,NA,NA,NA,NA,NA,NA,National,10,437877,7.1,29105,672734,13.3,78817,508747,2.2,10808,552643,10.7,53576,192547,2.3,4247,NA,NA,NA,NA,NA,NA,NA,NA,NA,NA,NA,NA,NA,NA,NA,NA,NA,NA,NA,NA,NA,NA,NA,NA,NA,NA,NA,NA,NA,NA,NA,NA,NA,NA,NA,NA,NA,NA,NA,NA
2014,Kaipara District,Other,0.918825,0.97835,1.0401,National,6.305833333333333,6.2075,National,6.5,National,743299,NA,NA,NA,NA,NA,NA,NA,NA,NA,NA,NA,NA,NA,NA,National,10,437877,7.1,29105,672734,13.3,78817,508747,2.2,10808,552643,10.7,53576,192547,2.3,4247,NA,NA,NA,NA,NA,NA,NA,NA,NA,NA,NA,NA,NA,NA,NA,NA,NA,NA,NA,NA,NA,NA,NA,NA,NA,NA,NA,NA,NA,NA,NA,NA,NA,NA,NA,NA,NA,NA,NA,NA
2014,Kapiti Coast District,Wellington Rural,0.942175,1.003075,0.999475,National,6.305833333333333,6.2075,National,6.5,National,743299,NA,NA,NA,NA,NA,NA,NA,NA,NA,NA,NA,NA,NA,NA,National,10,437877,7.1,29105,672734,13.3,78817,508747,2.2,10808,552643,10.7,53576,192547,2.3,4247,NA,NA,NA,NA,NA,NA,NA,NA,NA,NA,NA,NA,NA,NA,NA,NA,NA,NA,NA,NA,NA,NA,NA,NA,NA,NA,NA,NA,NA,NA,NA,NA,NA,NA,NA,NA,NA,NA,NA,NA
2014,Kawerau District,Other,1.0398749999999999,1.1072250000000001,1.0446,National,6.305833333333333,6.2075,National,6.5,National,743299,NA,NA,NA,NA,NA,NA,NA,NA,NA,NA,NA,NA,NA,NA,National,10,437877,7.1,29105,672734,13.3,78817,508747,2.2,10808,552643,10.7,53576,192547,2.3,4247,NA,NA,NA,NA,NA,NA,NA,NA,NA,NA,NA,NA,NA,NA,NA,NA,NA,NA,NA,NA,NA,NA,NA,NA,NA,NA,NA,NA,NA,NA,NA,NA,NA,NA,NA,NA,NA,NA,NA,NA
2014,MacKenzie District,Canterbury Rural,0.9325749999999999,0.993275,1.0282,National,6.305833333333333,6.2075,National,6.5,National,743299,NA,NA,NA,NA,NA,NA,NA,NA,NA,NA,NA,NA,NA,NA,National,10,437877,7.1,29105,672734,13.3,78817,508747,2.2,10808,552643,10.7,53576,192547,2.3,4247,NA,NA,NA,NA,NA,NA,NA,NA,NA,NA,NA,NA,NA,NA,NA,NA,NA,NA,NA,NA,NA,NA,NA,NA,NA,NA,NA,NA,NA,NA,NA,NA,NA,NA,NA,NA,NA,NA,NA,NA
2014,Manawatu District,Other,0.995525,1.05995,0.985475,National,6.305833333333333,6.2075,National,6.5,National,743299,NA,NA,NA,NA,NA,NA,NA,NA,NA,NA,NA,NA,NA,NA,National,10,437877,7.1,29105,672734,13.3,78817,508747,2.2,10808,552643,10.7,53576,192547,2.3,4247,NA,NA,NA,NA,NA,NA,NA,NA,NA,NA,NA,NA,NA,NA,NA,NA,NA,NA,NA,NA,NA,NA,NA,NA,NA,NA,NA,NA,NA,NA,NA,NA,NA,NA,NA,NA,NA,NA,NA,NA
2014,Manawatu-Wanganui,Other,0.989,1.0530249999999999,1.0224,National,6.305833333333333,6.2075,National,6.5,National,743299,NA,NA,NA,NA,NA,NA,NA,NA,NA,NA,NA,NA,NA,NA,National,10,437877,7.1,29105,672734,13.3,78817,508747,2.2,10808,552643,10.7,53576,192547,2.3,4247,NA,NA,NA,NA,NA,NA,NA,NA,NA,NA,NA,NA,NA,NA,NA,NA,NA,NA,NA,NA,NA,NA,NA,NA,NA,NA,NA,NA,NA,NA,NA,NA,NA,NA,NA,NA,NA,NA,NA,NA
2014,Marlborough,Other,0.971675,1.034575,1.01535,National,6.305833333333333,6.2075,National,6.5,National,743299,NA,NA,NA,NA,NA,NA,NA,NA,NA,NA,NA,NA,NA,NA,National,10,437877,7.1,29105,672734,13.3,78817,508747,2.2,10808,552643,10.7,53576,192547,2.3,4247,NA,NA,NA,NA,NA,NA,NA,NA,NA,NA,NA,NA,NA,NA,NA,NA,NA,NA,NA,NA,NA,NA,NA,NA,NA,NA,NA,NA,NA,NA,NA,NA,NA,NA,NA,NA,NA,NA,NA,NA
2014,Marlborough District,Other,0.971675,1.034575,1.015325,National,6.305833333333333,6.2075,National,6.5,National,743299,NA,NA,NA,NA,NA,NA,NA,NA,NA,NA,NA,NA,NA,NA,National,10,437877,7.1,29105,672734,13.3,78817,508747,2.2,10808,552643,10.7,53576,192547,2.3,4247,NA,NA,NA,NA,NA,NA,NA,NA,NA,NA,NA,NA,NA,NA,NA,NA,NA,NA,NA,NA,NA,NA,NA,NA,NA,NA,NA,NA,NA,NA,NA,NA,NA,NA,NA,NA,NA,NA,NA,NA
2014,Masterton District,Wellington Rural,1.017025,1.082775,1.01525,National,6.305833333333333,6.2075,National,6.5,National,743299,NA,NA,NA,NA,NA,NA,NA,NA,NA,NA,NA,NA,NA,NA,National,10,437877,7.1,29105,672734,13.3,78817,508747,2.2,10808,552643,10.7,53576,192547,2.3,4247,NA,NA,NA,NA,NA,NA,NA,NA,NA,NA,NA,NA,NA,NA,NA,NA,NA,NA,NA,NA,NA,NA,NA,NA,NA,NA,NA,NA,NA,NA,NA,NA,NA,NA,NA,NA,NA,NA,NA,NA
2014,Matamata Piako District,Other,0.955,1.0167,1.016975,National,6.305833333333333,6.2075,National,6.5,National,743299,NA,NA,NA,NA,NA,NA,NA,NA,NA,NA,NA,NA,NA,NA,National,10,437877,7.1,29105,672734,13.3,78817,508747,2.2,10808,552643,10.7,53576,192547,2.3,4247,NA,NA,NA,NA,NA,NA,NA,NA,NA,NA,NA,NA,NA,NA,NA,NA,NA,NA,NA,NA,NA,NA,NA,NA,NA,NA,NA,NA,NA,NA,NA,NA,NA,NA,NA,NA,NA,NA,NA,NA
2014,Napier City,Other,0.951475,1.013025,1.03075,National,6.305833333333333,6.2075,National,6.5,National,743299,NA,NA,NA,NA,NA,NA,NA,NA,NA,NA,NA,NA,NA,NA,National,10,437877,7.1,29105,672734,13.3,78817,508747,2.2,10808,552643,10.7,53576,192547,2.3,4247,NA,NA,NA,NA,NA,NA,NA,NA,NA,NA,NA,NA,NA,NA,NA,NA,NA,NA,NA,NA,NA,NA,NA,NA,NA,NA,NA,NA,NA,NA,NA,NA,NA,NA,NA,NA,NA,NA,NA,NA
2014,Nelson,Other,0.96005,1.022125,1.0582,National,6.305833333333333,6.2075,National,6.5,National,743299,NA,NA,NA,NA,NA,NA,NA,NA,NA,NA,NA,NA,NA,NA,National,10,437877,7.1,29105,672734,13.3,78817,508747,2.2,10808,552643,10.7,53576,192547,2.3,4247,NA,NA,NA,NA,NA,NA,NA,NA,NA,NA,NA,NA,NA,NA,NA,NA,NA,NA,NA,NA,NA,NA,NA,NA,NA,NA,NA,NA,NA,NA,NA,NA,NA,NA,NA,NA,NA,NA,NA,NA
2014,Nelson City,Other,0.96005,1.022125,1.0584,National,6.305833333333333,6.2075,National,6.5,National,743299,NA,NA,NA,NA,NA,NA,NA,NA,NA,NA,NA,NA,NA,NA,National,10,437877,7.1,29105,672734,13.3,78817,508747,2.2,10808,552643,10.7,53576,192547,2.3,4247,NA,NA,NA,NA,NA,NA,NA,NA,NA,NA,NA,NA,NA,NA,NA,NA,NA,NA,NA,NA,NA,NA,NA,NA,NA,NA,NA,NA,NA,NA,NA,NA,NA,NA,NA,NA,NA,NA,NA,NA
2014,New Plymouth District,Other,0.931225,0.9914499999999999,1.0246,National,6.305833333333333,6.2075,National,6.5,National,743299,NA,NA,NA,NA,NA,NA,NA,NA,NA,NA,NA,NA,NA,NA,National,10,437877,7.1,29105,672734,13.3,78817,508747,2.2,10808,552643,10.7,53576,192547,2.3,4247,NA,NA,NA,NA,NA,NA,NA,NA,NA,NA,NA,NA,NA,NA,NA,NA,NA,NA,NA,NA,NA,NA,NA,NA,NA,NA,NA,NA,NA,NA,NA,NA,NA,NA,NA,NA,NA,NA,NA,NA
2014,New Zealand,Other,0.852925,0.9080250000000001,1.011925,National,6.305833333333333,6.2075,National,6.5,National,743299,NA,NA,NA,NA,NA,NA,NA,NA,NA,NA,NA,NA,NA,NA,National,10,437877,7.1,29105,672734,13.3,78817,508747,2.2,10808,552643,10.7,53576,192547,2.3,4247,NA,NA,NA,NA,NA,NA,NA,NA,NA,NA,NA,NA,NA,NA,NA,NA,NA,NA,NA,NA,NA,NA,NA,NA,NA,NA,NA,NA,NA,NA,NA,NA,NA,NA,NA,NA,NA,NA,NA,NA
2014,Northland,Other,0.99085,1.054975,1.0459,National,6.305833333333333,6.2075,National,6.5,National,743299,NA,NA,NA,NA,NA,NA,NA,NA,NA,NA,NA,NA,NA,NA,National,10,437877,7.1,29105,672734,13.3,78817,508747,2.2,10808,552643,10.7,53576,192547,2.3,4247,NA,NA,NA,NA,NA,NA,NA,NA,NA,NA,NA,NA,NA,NA,NA,NA,NA,NA,NA,NA,NA,NA,NA,NA,NA,NA,NA,NA,NA,NA,NA,NA,NA,NA,NA,NA,NA,NA,NA,NA
2014,Opotiki District,Other,1.0226,1.0887499999999999,1.0822,National,6.305833333333333,6.2075,National,6.5,National,743299,NA,NA,NA,NA,NA,NA,NA,NA,NA,NA,NA,NA,NA,NA,National,10,437877,7.1,29105,672734,13.3,78817,508747,2.2,10808,552643,10.7,53576,192547,2.3,4247,NA,NA,NA,NA,NA,NA,NA,NA,NA,NA,NA,NA,NA,NA,NA,NA,NA,NA,NA,NA,NA,NA,NA,NA,NA,NA,NA,NA,NA,NA,NA,NA,NA,NA,NA,NA,NA,NA,NA,NA
2014,Otago,Other,0.9287,0.9888,1.086925,National,6.305833333333333,6.2075,National,6.5,National,743299,NA,NA,NA,NA,NA,NA,NA,NA,NA,NA,NA,NA,NA,NA,National,10,437877,7.1,29105,672734,13.3,78817,508747,2.2,10808,552643,10.7,53576,192547,2.3,4247,NA,NA,NA,NA,NA,NA,NA,NA,NA,NA,NA,NA,NA,NA,NA,NA,NA,NA,NA,NA,NA,NA,NA,NA,NA,NA,NA,NA,NA,NA,NA,NA,NA,NA,NA,NA,NA,NA,NA,NA
2014,Otorohanga District,Other,1.01745,1.083075,1.04365,National,6.305833333333333,6.2075,National,6.5,National,743299,NA,NA,NA,NA,NA,NA,NA,NA,NA,NA,NA,NA,NA,NA,National,10,437877,7.1,29105,672734,13.3,78817,508747,2.2,10808,552643,10.7,53576,192547,2.3,4247,NA,NA,NA,NA,NA,NA,NA,NA,NA,NA,NA,NA,NA,NA,NA,NA,NA,NA,NA,NA,NA,NA,NA,NA,NA,NA,NA,NA,NA,NA,NA,NA,NA,NA,NA,NA,NA,NA,NA,NA
2014,Palmerston North City,Other,0.967075,1.02965,1.00625,National,6.305833333333333,6.2075,National,6.5,National,743299,NA,NA,NA,NA,NA,NA,NA,NA,NA,NA,NA,NA,NA,NA,National,10,437877,7.1,29105,672734,13.3,78817,508747,2.2,10808,552643,10.7,53576,192547,2.3,4247,NA,NA,NA,NA,NA,NA,NA,NA,NA,NA,NA,NA,NA,NA,NA,NA,NA,NA,NA,NA,NA,NA,NA,NA,NA,NA,NA,NA,NA,NA,NA,NA,NA,NA,NA,NA,NA,NA,NA,NA
2014,Porirua City,Wellington Urban,1.01445,1.080125,1.0867,National,6.305833333333333,6.2075,National,6.5,National,743299,NA,NA,NA,NA,NA,NA,NA,NA,NA,NA,NA,NA,NA,NA,National,10,437877,7.1,29105,672734,13.3,78817,508747,2.2,10808,552643,10.7,53576,192547,2.3,4247,NA,NA,NA,NA,NA,NA,NA,NA,NA,NA,NA,NA,NA,NA,NA,NA,NA,NA,NA,NA,NA,NA,NA,NA,NA,NA,NA,NA,NA,NA,NA,NA,NA,NA,NA,NA,NA,NA,NA,NA
2014,Queenstown Lakes District,Other,0.9128499999999999,0.9719,1.0092,National,6.305833333333333,6.2075,National,6.5,National,743299,NA,NA,NA,NA,NA,NA,NA,NA,NA,NA,NA,NA,NA,NA,National,10,437877,7.1,29105,672734,13.3,78817,508747,2.2,10808,552643,10.7,53576,192547,2.3,4247,NA,NA,NA,NA,NA,NA,NA,NA,NA,NA,NA,NA,NA,NA,NA,NA,NA,NA,NA,NA,NA,NA,NA,NA,NA,NA,NA,NA,NA,NA,NA,NA,NA,NA,NA,NA,NA,NA,NA,NA
2014,Rangitikei District,Other,1.074075,1.1436,1.0502500000000001,National,6.305833333333333,6.2075,National,6.5,National,743299,NA,NA,NA,NA,NA,NA,NA,NA,NA,NA,NA,NA,NA,NA,National,10,437877,7.1,29105,672734,13.3,78817,508747,2.2,10808,552643,10.7,53576,192547,2.3,4247,NA,NA,NA,NA,NA,NA,NA,NA,NA,NA,NA,NA,NA,NA,NA,NA,NA,NA,NA,NA,NA,NA,NA,NA,NA,NA,NA,NA,NA,NA,NA,NA,NA,NA,NA,NA,NA,NA,NA,NA
2014,Rotorua District,Other,0.996525,1.061,1.02925,National,6.305833333333333,6.2075,National,6.5,National,743299,NA,NA,NA,NA,NA,NA,NA,NA,NA,NA,NA,NA,NA,NA,National,10,437877,7.1,29105,672734,13.3,78817,508747,2.2,10808,552643,10.7,53576,192547,2.3,4247,NA,NA,NA,NA,NA,NA,NA,NA,NA,NA,NA,NA,NA,NA,NA,NA,NA,NA,NA,NA,NA,NA,NA,NA,NA,NA,NA,NA,NA,NA,NA,NA,NA,NA,NA,NA,NA,NA,NA,NA
2014,Ruapehu District,Other,1.0841750000000001,1.154475,1.03475,National,6.305833333333333,6.2075,National,6.5,National,743299,NA,NA,NA,NA,NA,NA,NA,NA,NA,NA,NA,NA,NA,NA,National,10,437877,7.1,29105,672734,13.3,78817,508747,2.2,10808,552643,10.7,53576,192547,2.3,4247,NA,NA,NA,NA,NA,NA,NA,NA,NA,NA,NA,NA,NA,NA,NA,NA,NA,NA,NA,NA,NA,NA,NA,NA,NA,NA,NA,NA,NA,NA,NA,NA,NA,NA,NA,NA,NA,NA,NA,NA
2014,Selwyn District,Canterbury Rural,0.84825,0.903025,0.969125,National,6.305833333333333,6.2075,National,6.5,National,743299,NA,NA,NA,NA,NA,NA,NA,NA,NA,NA,NA,NA,NA,NA,National,10,437877,7.1,29105,672734,13.3,78817,508747,2.2,10808,552643,10.7,53576,192547,2.3,4247,NA,NA,NA,NA,NA,NA,NA,NA,NA,NA,NA,NA,NA,NA,NA,NA,NA,NA,NA,NA,NA,NA,NA,NA,NA,NA,NA,NA,NA,NA,NA,NA,NA,NA,NA,NA,NA,NA,NA,NA
2014,South Taranaki District,Other,1.015925,1.081625,1.04815,National,6.305833333333333,6.2075,National,6.5,National,743299,NA,NA,NA,NA,NA,NA,NA,NA,NA,NA,NA,NA,NA,NA,National,10,437877,7.1,29105,672734,13.3,78817,508747,2.2,10808,552643,10.7,53576,192547,2.3,4247,NA,NA,NA,NA,NA,NA,NA,NA,NA,NA,NA,NA,NA,NA,NA,NA,NA,NA,NA,NA,NA,NA,NA,NA,NA,NA,NA,NA,NA,NA,NA,NA,NA,NA,NA,NA,NA,NA,NA,NA
2014,South Waikato District,Other,1.04475,1.1123750000000001,1.028175,National,6.305833333333333,6.2075,National,6.5,National,743299,NA,NA,NA,NA,NA,NA,NA,NA,NA,NA,NA,NA,NA,NA,National,10,437877,7.1,29105,672734,13.3,78817,508747,2.2,10808,552643,10.7,53576,192547,2.3,4247,NA,NA,NA,NA,NA,NA,NA,NA,NA,NA,NA,NA,NA,NA,NA,NA,NA,NA,NA,NA,NA,NA,NA,NA,NA,NA,NA,NA,NA,NA,NA,NA,NA,NA,NA,NA,NA,NA,NA,NA
2014,South Wairarapa District,Wellington Rural,1.0254,1.09175,1.07325,National,6.305833333333333,6.2075,National,6.5,National,743299,NA,NA,NA,NA,NA,NA,NA,NA,NA,NA,NA,NA,NA,NA,National,10,437877,7.1,29105,672734,13.3,78817,508747,2.2,10808,552643,10.7,53576,192547,2.3,4247,NA,NA,NA,NA,NA,NA,NA,NA,NA,NA,NA,NA,NA,NA,NA,NA,NA,NA,NA,NA,NA,NA,NA,NA,NA,NA,NA,NA,NA,NA,NA,NA,NA,NA,NA,NA,NA,NA,NA,NA
2014,Southland,Other,1.0097749999999999,1.075075,1.0466,National,6.305833333333333,6.2075,National,6.5,National,743299,NA,NA,NA,NA,NA,NA,NA,NA,NA,NA,NA,NA,NA,NA,National,10,437877,7.1,29105,672734,13.3,78817,508747,2.2,10808,552643,10.7,53576,192547,2.3,4247,NA,NA,NA,NA,NA,NA,NA,NA,NA,NA,NA,NA,NA,NA,NA,NA,NA,NA,NA,NA,NA,NA,NA,NA,NA,NA,NA,NA,NA,NA,NA,NA,NA,NA,NA,NA,NA,NA,NA,NA
2014,Southland District,Other,1.0824,1.152325,1.1069499999999999,National,6.305833333333333,6.2075,National,6.5,National,743299,NA,NA,NA,NA,NA,NA,NA,NA,NA,NA,NA,NA,NA,NA,National,10,437877,7.1,29105,672734,13.3,78817,508747,2.2,10808,552643,10.7,53576,192547,2.3,4247,NA,NA,NA,NA,NA,NA,NA,NA,NA,NA,NA,NA,NA,NA,NA,NA,NA,NA,NA,NA,NA,NA,NA,NA,NA,NA,NA,NA,NA,NA,NA,NA,NA,NA,NA,NA,NA,NA,NA,NA
2014,Stratford District,Other,0.9964999999999999,1.061125,1.019175,National,6.305833333333333,6.2075,National,6.5,National,743299,NA,NA,NA,NA,NA,NA,NA,NA,NA,NA,NA,NA,NA,NA,National,10,437877,7.1,29105,672734,13.3,78817,508747,2.2,10808,552643,10.7,53576,192547,2.3,4247,NA,NA,NA,NA,NA,NA,NA,NA,NA,NA,NA,NA,NA,NA,NA,NA,NA,NA,NA,NA,NA,NA,NA,NA,NA,NA,NA,NA,NA,NA,NA,NA,NA,NA,NA,NA,NA,NA,NA,NA
2014,Taranaki,Other,0.9393750000000001,1.000125,1.0268,National,6.305833333333333,6.2075,National,6.5,National,743299,NA,NA,NA,NA,NA,NA,NA,NA,NA,NA,NA,NA,NA,NA,National,10,437877,7.1,29105,672734,13.3,78817,508747,2.2,10808,552643,10.7,53576,192547,2.3,4247,NA,NA,NA,NA,NA,NA,NA,NA,NA,NA,NA,NA,NA,NA,NA,NA,NA,NA,NA,NA,NA,NA,NA,NA,NA,NA,NA,NA,NA,NA,NA,NA,NA,NA,NA,NA,NA,NA,NA,NA
2014,Tararua District,Other,0.997775,1.062325,1.08425,National,6.305833333333333,6.2075,National,6.5,National,743299,NA,NA,NA,NA,NA,NA,NA,NA,NA,NA,NA,NA,NA,NA,National,10,437877,7.1,29105,672734,13.3,78817,508747,2.2,10808,552643,10.7,53576,192547,2.3,4247,NA,NA,NA,NA,NA,NA,NA,NA,NA,NA,NA,NA,NA,NA,NA,NA,NA,NA,NA,NA,NA,NA,NA,NA,NA,NA,NA,NA,NA,NA,NA,NA,NA,NA,NA,NA,NA,NA,NA,NA
2014,Tasman,Other,0.93955,1.000375,1.0227249999999999,National,6.305833333333333,6.2075,National,6.5,National,743299,NA,NA,NA,NA,NA,NA,NA,NA,NA,NA,NA,NA,NA,NA,National,10,437877,7.1,29105,672734,13.3,78817,508747,2.2,10808,552643,10.7,53576,192547,2.3,4247,NA,NA,NA,NA,NA,NA,NA,NA,NA,NA,NA,NA,NA,NA,NA,NA,NA,NA,NA,NA,NA,NA,NA,NA,NA,NA,NA,NA,NA,NA,NA,NA,NA,NA,NA,NA,NA,NA,NA,NA
2014,Tasman District,Other,0.93955,1.000375,1.022325,National,6.305833333333333,6.2075,National,6.5,National,743299,NA,NA,NA,NA,NA,NA,NA,NA,NA,NA,NA,NA,NA,NA,National,10,437877,7.1,29105,672734,13.3,78817,508747,2.2,10808,552643,10.7,53576,192547,2.3,4247,NA,NA,NA,NA,NA,NA,NA,NA,NA,NA,NA,NA,NA,NA,NA,NA,NA,NA,NA,NA,NA,NA,NA,NA,NA,NA,NA,NA,NA,NA,NA,NA,NA,NA,NA,NA,NA,NA,NA,NA
2014,Taupo District,Other,1.03785,1.1051,1.03485,National,6.305833333333333,6.2075,National,6.5,National,743299,NA,NA,NA,NA,NA,NA,NA,NA,NA,NA,NA,NA,NA,NA,National,10,437877,7.1,29105,672734,13.3,78817,508747,2.2,10808,552643,10.7,53576,192547,2.3,4247,NA,NA,NA,NA,NA,NA,NA,NA,NA,NA,NA,NA,NA,NA,NA,NA,NA,NA,NA,NA,NA,NA,NA,NA,NA,NA,NA,NA,NA,NA,NA,NA,NA,NA,NA,NA,NA,NA,NA,NA
2014,Tauranga City,Other,0.9587,1.020675,1.017275,National,6.305833333333333,6.2075,National,6.5,National,743299,NA,NA,NA,NA,NA,NA,NA,NA,NA,NA,NA,NA,NA,NA,National,10,437877,7.1,29105,672734,13.3,78817,508747,2.2,10808,552643,10.7,53576,192547,2.3,4247,NA,NA,NA,NA,NA,NA,NA,NA,NA,NA,NA,NA,NA,NA,NA,NA,NA,NA,NA,NA,NA,NA,NA,NA,NA,NA,NA,NA,NA,NA,NA,NA,NA,NA,NA,NA,NA,NA,NA,NA
2014,Thames Coromandel District,Other,0.964475,1.02685,1.020875,National,6.305833333333333,6.2075,National,6.5,National,743299,NA,NA,NA,NA,NA,NA,NA,NA,NA,NA,NA,NA,NA,NA,National,10,437877,7.1,29105,672734,13.3,78817,508747,2.2,10808,552643,10.7,53576,192547,2.3,4247,NA,NA,NA,NA,NA,NA,NA,NA,NA,NA,NA,NA,NA,NA,NA,NA,NA,NA,NA,NA,NA,NA,NA,NA,NA,NA,NA,NA,NA,NA,NA,NA,NA,NA,NA,NA,NA,NA,NA,NA
2014,Timaru District,Canterbury Rural,0.895475,0.953275,0.9701,National,6.305833333333333,6.2075,National,6.5,National,743299,NA,NA,NA,NA,NA,NA,NA,NA,NA,NA,NA,NA,NA,NA,National,10,437877,7.1,29105,672734,13.3,78817,508747,2.2,10808,552643,10.7,53576,192547,2.3,4247,NA,NA,NA,NA,NA,NA,NA,NA,NA,NA,NA,NA,NA,NA,NA,NA,NA,NA,NA,NA,NA,NA,NA,NA,NA,NA,NA,NA,NA,NA,NA,NA,NA,NA,NA,NA,NA,NA,NA,NA
2014,Upper Hutt City,Wellington Urban,0.993575,1.05785,1.048875,National,6.305833333333333,6.2075,National,6.5,National,743299,NA,NA,NA,NA,NA,NA,NA,NA,NA,NA,NA,NA,NA,NA,National,10,437877,7.1,29105,672734,13.3,78817,508747,2.2,10808,552643,10.7,53576,192547,2.3,4247,NA,NA,NA,NA,NA,NA,NA,NA,NA,NA,NA,NA,NA,NA,NA,NA,NA,NA,NA,NA,NA,NA,NA,NA,NA,NA,NA,NA,NA,NA,NA,NA,NA,NA,NA,NA,NA,NA,NA,NA
2014,Waikato,Other,0.94245,1.0034,1.019225,National,6.305833333333333,6.2075,National,6.5,National,743299,NA,NA,NA,NA,NA,NA,NA,NA,NA,NA,NA,NA,NA,NA,National,10,437877,7.1,29105,672734,13.3,78817,508747,2.2,10808,552643,10.7,53576,192547,2.3,4247,NA,NA,NA,NA,NA,NA,NA,NA,NA,NA,NA,NA,NA,NA,NA,NA,NA,NA,NA,NA,NA,NA,NA,NA,NA,NA,NA,NA,NA,NA,NA,NA,NA,NA,NA,NA,NA,NA,NA,NA
2014,Waikato District,Other,0.918125,0.9774,1.043325,National,6.305833333333333,6.2075,National,6.5,National,743299,NA,NA,NA,NA,NA,NA,NA,NA,NA,NA,NA,NA,NA,NA,National,10,437877,7.1,29105,672734,13.3,78817,508747,2.2,10808,552643,10.7,53576,192547,2.3,4247,NA,NA,NA,NA,NA,NA,NA,NA,NA,NA,NA,NA,NA,NA,NA,NA,NA,NA,NA,NA,NA,NA,NA,NA,NA,NA,NA,NA,NA,NA,NA,NA,NA,NA,NA,NA,NA,NA,NA,NA
2014,Waimakariri District,Canterbury Rural,0.897625,0.955675,0.9728,National,6.305833333333333,6.2075,National,6.5,National,743299,NA,NA,NA,NA,NA,NA,NA,NA,NA,NA,NA,NA,NA,NA,National,10,437877,7.1,29105,672734,13.3,78817,508747,2.2,10808,552643,10.7,53576,192547,2.3,4247,NA,NA,NA,NA,NA,NA,NA,NA,NA,NA,NA,NA,NA,NA,NA,NA,NA,NA,NA,NA,NA,NA,NA,NA,NA,NA,NA,NA,NA,NA,NA,NA,NA,NA,NA,NA,NA,NA,NA,NA
2014,Waimate District,Canterbury Rural,0.87975,0.93665,0.9048,National,6.305833333333333,6.2075,National,6.5,National,743299,NA,NA,NA,NA,NA,NA,NA,NA,NA,NA,NA,NA,NA,NA,National,10,437877,7.1,29105,672734,13.3,78817,508747,2.2,10808,552643,10.7,53576,192547,2.3,4247,NA,NA,NA,NA,NA,NA,NA,NA,NA,NA,NA,NA,NA,NA,NA,NA,NA,NA,NA,NA,NA,NA,NA,NA,NA,NA,NA,NA,NA,NA,NA,NA,NA,NA,NA,NA,NA,NA,NA,NA
2014,Waipa District,Other,0.90525,0.9638,1.0158749999999999,National,6.305833333333333,6.2075,National,6.5,National,743299,NA,NA,NA,NA,NA,NA,NA,NA,NA,NA,NA,NA,NA,NA,National,10,437877,7.1,29105,672734,13.3,78817,508747,2.2,10808,552643,10.7,53576,192547,2.3,4247,NA,NA,NA,NA,NA,NA,NA,NA,NA,NA,NA,NA,NA,NA,NA,NA,NA,NA,NA,NA,NA,NA,NA,NA,NA,NA,NA,NA,NA,NA,NA,NA,NA,NA,NA,NA,NA,NA,NA,NA
2014,Wairoa District,Other,1.0865,1.157175,0.9496249999999999,National,6.305833333333333,6.2075,National,6.5,National,743299,NA,NA,NA,NA,NA,NA,NA,NA,NA,NA,NA,NA,NA,NA,National,10,437877,7.1,29105,672734,13.3,78817,508747,2.2,10808,552643,10.7,53576,192547,2.3,4247,NA,NA,NA,NA,NA,NA,NA,NA,NA,NA,NA,NA,NA,NA,NA,NA,NA,NA,NA,NA,NA,NA,NA,NA,NA,NA,NA,NA,NA,NA,NA,NA,NA,NA,NA,NA,NA,NA,NA,NA
2014,Waitaki District,Other,0.989775,1.0537,1.01045,National,6.305833333333333,6.2075,National,6.5,National,743299,NA,NA,NA,NA,NA,NA,NA,NA,NA,NA,NA,NA,NA,NA,National,10,437877,7.1,29105,672734,13.3,78817,508747,2.2,10808,552643,10.7,53576,192547,2.3,4247,NA,NA,NA,NA,NA,NA,NA,NA,NA,NA,NA,NA,NA,NA,NA,NA,NA,NA,NA,NA,NA,NA,NA,NA,NA,NA,NA,NA,NA,NA,NA,NA,NA,NA,NA,NA,NA,NA,NA,NA
2014,Waitomo District,Other,0.9934000000000001,1.0577,1.0061499999999999,National,6.305833333333333,6.2075,National,6.5,National,743299,NA,NA,NA,NA,NA,NA,NA,NA,NA,NA,NA,NA,NA,NA,National,10,437877,7.1,29105,672734,13.3,78817,508747,2.2,10808,552643,10.7,53576,192547,2.3,4247,NA,NA,NA,NA,NA,NA,NA,NA,NA,NA,NA,NA,NA,NA,NA,NA,NA,NA,NA,NA,NA,NA,NA,NA,NA,NA,NA,NA,NA,NA,NA,NA,NA,NA,NA,NA,NA,NA,NA,NA
2014,Wellington,Wellington Rural,0.967875,1.030525,1.0531000000000001,National,6.305833333333333,6.2075,National,6.5,National,743299,NA,NA,NA,NA,NA,NA,NA,NA,NA,NA,NA,NA,NA,NA,National,10,437877,7.1,29105,672734,13.3,78817,508747,2.2,10808,552643,10.7,53576,192547,2.3,4247,NA,NA,NA,NA,NA,NA,NA,NA,NA,NA,NA,NA,NA,NA,NA,NA,NA,NA,NA,NA,NA,NA,NA,NA,NA,NA,NA,NA,NA,NA,NA,NA,NA,NA,NA,NA,NA,NA,NA,NA
2014,Wellington City,Wellington Urban,0.95565,1.0174750000000001,1.0548250000000001,National,6.305833333333333,6.2075,National,6.5,National,743299,NA,NA,NA,NA,NA,NA,NA,NA,NA,NA,NA,NA,NA,NA,National,10,437877,7.1,29105,672734,13.3,78817,508747,2.2,10808,552643,10.7,53576,192547,2.3,4247,NA,NA,NA,NA,NA,NA,NA,NA,NA,NA,NA,NA,NA,NA,NA,NA,NA,NA,NA,NA,NA,NA,NA,NA,NA,NA,NA,NA,NA,NA,NA,NA,NA,NA,NA,NA,NA,NA,NA,NA
2014,West Coast,Other,0.9949749999999999,1.059475,1.09885,National,6.305833333333333,6.2075,National,6.5,National,743299,NA,NA,NA,NA,NA,NA,NA,NA,NA,NA,NA,NA,NA,NA,National,10,437877,7.1,29105,672734,13.3,78817,508747,2.2,10808,552643,10.7,53576,192547,2.3,4247,NA,NA,NA,NA,NA,NA,NA,NA,NA,NA,NA,NA,NA,NA,NA,NA,NA,NA,NA,NA,NA,NA,NA,NA,NA,NA,NA,NA,NA,NA,NA,NA,NA,NA,NA,NA,NA,NA,NA,NA
2014,Western Bay of Plenty District,Other,0.957525,1.0194,1.031425,National,6.305833333333333,6.2075,National,6.5,National,743299,NA,NA,NA,NA,NA,NA,NA,NA,NA,NA,NA,NA,NA,NA,National,10,437877,7.1,29105,672734,13.3,78817,508747,2.2,10808,552643,10.7,53576,192547,2.3,4247,NA,NA,NA,NA,NA,NA,NA,NA,NA,NA,NA,NA,NA,NA,NA,NA,NA,NA,NA,NA,NA,NA,NA,NA,NA,NA,NA,NA,NA,NA,NA,NA,NA,NA,NA,NA,NA,NA,NA,NA
2014,Westland District,Other,0.9659,1.028325,1.008675,National,6.305833333333333,6.2075,National,6.5,National,743299,NA,NA,NA,NA,NA,NA,NA,NA,NA,NA,NA,NA,NA,NA,National,10,437877,7.1,29105,672734,13.3,78817,508747,2.2,10808,552643,10.7,53576,192547,2.3,4247,NA,NA,NA,NA,NA,NA,NA,NA,NA,NA,NA,NA,NA,NA,NA,NA,NA,NA,NA,NA,NA,NA,NA,NA,NA,NA,NA,NA,NA,NA,NA,NA,NA,NA,NA,NA,NA,NA,NA,NA
2014,Whakatane District,Other,1.0149,1.0805500000000001,1.0339,National,6.305833333333333,6.2075,National,6.5,National,743299,NA,NA,NA,NA,NA,NA,NA,NA,NA,NA,NA,NA,NA,NA,National,10,437877,7.1,29105,672734,13.3,78817,508747,2.2,10808,552643,10.7,53576,192547,2.3,4247,NA,NA,NA,NA,NA,NA,NA,NA,NA,NA,NA,NA,NA,NA,NA,NA,NA,NA,NA,NA,NA,NA,NA,NA,NA,NA,NA,NA,NA,NA,NA,NA,NA,NA,NA,NA,NA,NA,NA,NA
2014,Whanganui District,Other,1.019725,1.085725,1.055025,National,6.305833333333333,6.2075,National,6.5,National,743299,NA,NA,NA,NA,NA,NA,NA,NA,NA,NA,NA,NA,NA,NA,National,10,437877,7.1,29105,672734,13.3,78817,508747,2.2,10808,552643,10.7,53576,192547,2.3,4247,NA,NA,NA,NA,NA,NA,NA,NA,NA,NA,NA,NA,NA,NA,NA,NA,NA,NA,NA,NA,NA,NA,NA,NA,NA,NA,NA,NA,NA,NA,NA,NA,NA,NA,NA,NA,NA,NA,NA,NA
2014,Whangarei District,Other,0.9708,1.0336750000000001,1.036475,National,6.305833333333333,6.2075,National,6.5,National,743299,NA,NA,NA,NA,NA,NA,NA,NA,NA,NA,NA,NA,NA,NA,National,10,437877,7.1,29105,672734,13.3,78817,508747,2.2,10808,552643,10.7,53576,192547,2.3,4247,NA,NA,NA,NA,NA,NA,NA,NA,NA,NA,NA,NA,NA,NA,NA,NA,NA,NA,NA,NA,NA,NA,NA,NA,NA,NA,NA,NA,NA,NA,NA,NA,NA,NA,NA,NA,NA,NA,NA,NA
2015,Ashburton District,Canterbury Rural,0.9604750000000001,0.9237,0.9742999999999999,National,6.275,5.6225000000000005,National,12.4,National,837014,National,5.775,3.225,5.625,National,3002.098360655738,2450.4571948998178,5225.078324225865,1898.457194899818,National,91323.956284153,100564.35154826958,109760.74134790528,90456.9781420765,National,11,449679,2.7,11802,783611,16.5,110877,524787,3.2,16040,614933,11.3,62290,192470,0,-77,National,12.4,837014,10.025,6.275,5.6225000000000005,0.3,5.425,NA,NA,NA,NA,NA,NA,NA,NA,NA,NA,NA,NA,NA,NA,NA,NA,NA,NA,NA,NA,NA,NA,NA,NA,NA,NA,NA,NA,NA,NA,NA,NA
2015,Auckland,Auckland Urban,0.735825,0.7087875,0.9866125,National,6.275,5.6225000000000005,National,12.4,National,837014,National,5.775,3.225,5.625,National,3002.098360655738,2450.4571948998178,5225.078324225865,1898.457194899818,National,91323.956284153,100564.35154826958,109760.74134790528,90456.9781420765,National,11,449679,2.7,11802,783611,16.5,110877,524787,3.2,16040,614933,11.3,62290,192470,0,-77,National,12.4,837014,10.025,6.275,5.6225000000000005,0.3,5.425,NA,NA,NA,NA,NA,NA,NA,NA,NA,NA,NA,NA,NA,NA,NA,NA,NA,NA,NA,NA,NA,NA,NA,NA,NA,NA,NA,NA,NA,NA,NA,NA
2015,Bay of Plenty,Other,0.996325,0.9601999999999999,0.99925,National,6.275,5.6225000000000005,National,12.4,National,837014,National,5.775,3.225,5.625,National,3002.098360655738,2450.4571948998178,5225.078324225865,1898.457194899818,National,91323.956284153,100564.35154826958,109760.74134790528,90456.9781420765,National,11,449679,2.7,11802,783611,16.5,110877,524787,3.2,16040,614933,11.3,62290,192470,0,-77,National,12.4,837014,10.025,6.275,5.6225000000000005,0.3,5.425,NA,NA,NA,NA,NA,NA,NA,NA,NA,NA,NA,NA,NA,NA,NA,NA,NA,NA,NA,NA,NA,NA,NA,NA,NA,NA,NA,NA,NA,NA,NA,NA
2015,Buller District,Other,1.151275,1.10705,1.3284,National,6.275,5.6225000000000005,National,12.4,National,837014,National,5.775,3.225,5.625,National,3002.098360655738,2450.4571948998178,5225.078324225865,1898.457194899818,National,91323.956284153,100564.35154826958,109760.74134790528,90456.9781420765,National,11,449679,2.7,11802,783611,16.5,110877,524787,3.2,16040,614933,11.3,62290,192470,0,-77,National,12.4,837014,10.025,6.275,5.6225000000000005,0.3,5.425,NA,NA,NA,NA,NA,NA,NA,NA,NA,NA,NA,NA,NA,NA,NA,NA,NA,NA,NA,NA,NA,NA,NA,NA,NA,NA,NA,NA,NA,NA,NA,NA
2015,Canterbury,Canterbury Rural,0.9646,0.9276,0.968625,National,6.275,5.6225000000000005,National,12.4,National,837014,National,5.775,3.225,5.625,National,3002.098360655738,2450.4571948998178,5225.078324225865,1898.457194899818,National,91323.956284153,100564.35154826958,109760.74134790528,90456.9781420765,National,11,449679,2.7,11802,783611,16.5,110877,524787,3.2,16040,614933,11.3,62290,192470,0,-77,National,12.4,837014,10.025,6.275,5.6225000000000005,0.3,5.425,NA,NA,NA,NA,NA,NA,NA,NA,NA,NA,NA,NA,NA,NA,NA,NA,NA,NA,NA,NA,NA,NA,NA,NA,NA,NA,NA,NA,NA,NA,NA,NA
2015,Carterton District,Wellington Rural,1.022825,0.9840249999999999,1.0014750000000001,National,6.275,5.6225000000000005,National,12.4,National,837014,National,5.775,3.225,5.625,National,3002.098360655738,2450.4571948998178,5225.078324225865,1898.457194899818,National,91323.956284153,100564.35154826958,109760.74134790528,90456.9781420765,National,11,449679,2.7,11802,783611,16.5,110877,524787,3.2,16040,614933,11.3,62290,192470,0,-77,National,12.4,837014,10.025,6.275,5.6225000000000005,0.3,5.425,NA,NA,NA,NA,NA,NA,NA,NA,NA,NA,NA,NA,NA,NA,NA,NA,NA,NA,NA,NA,NA,NA,NA,NA,NA,NA,NA,NA,NA,NA,NA,NA
2015,Central Hawkes Bay District,Other,1.1294499999999998,1.08675,1.0101499999999999,National,6.275,5.6225000000000005,National,12.4,National,837014,National,5.775,3.225,5.625,National,3002.098360655738,2450.4571948998178,5225.078324225865,1898.457194899818,National,91323.956284153,100564.35154826958,109760.74134790528,90456.9781420765,National,11,449679,2.7,11802,783611,16.5,110877,524787,3.2,16040,614933,11.3,62290,192470,0,-77,National,12.4,837014,10.025,6.275,5.6225000000000005,0.3,5.425,NA,NA,NA,NA,NA,NA,NA,NA,NA,NA,NA,NA,NA,NA,NA,NA,NA,NA,NA,NA,NA,NA,NA,NA,NA,NA,NA,NA,NA,NA,NA,NA
2015,Central Otago District,Other,1.035125,0.9962500000000001,1.0048,National,6.275,5.6225000000000005,National,12.4,National,837014,National,5.775,3.225,5.625,National,3002.098360655738,2450.4571948998178,5225.078324225865,1898.457194899818,National,91323.956284153,100564.35154826958,109760.74134790528,90456.9781420765,National,11,449679,2.7,11802,783611,16.5,110877,524787,3.2,16040,614933,11.3,62290,192470,0,-77,National,12.4,837014,10.025,6.275,5.6225000000000005,0.3,5.425,NA,NA,NA,NA,NA,NA,NA,NA,NA,NA,NA,NA,NA,NA,NA,NA,NA,NA,NA,NA,NA,NA,NA,NA,NA,NA,NA,NA,NA,NA,NA,NA
2015,Christchurch City,Canterbury Urban,0.93895,0.90305,0.952725,National,6.275,5.6225000000000005,National,12.4,National,837014,National,5.775,3.225,5.625,National,3002.098360655738,2450.4571948998178,5225.078324225865,1898.457194899818,National,91323.956284153,100564.35154826958,109760.74134790528,90456.9781420765,National,11,449679,2.7,11802,783611,16.5,110877,524787,3.2,16040,614933,11.3,62290,192470,0,-77,National,12.4,837014,10.025,6.275,5.6225000000000005,0.3,5.425,NA,NA,NA,NA,NA,NA,NA,NA,NA,NA,NA,NA,NA,NA,NA,NA,NA,NA,NA,NA,NA,NA,NA,NA,NA,NA,NA,NA,NA,NA,NA,NA
2015,Clutha District,Other,1.0518999999999998,1.012475,1.006375,National,6.275,5.6225000000000005,National,12.4,National,837014,National,5.775,3.225,5.625,National,3002.098360655738,2450.4571948998178,5225.078324225865,1898.457194899818,National,91323.956284153,100564.35154826958,109760.74134790528,90456.9781420765,National,11,449679,2.7,11802,783611,16.5,110877,524787,3.2,16040,614933,11.3,62290,192470,0,-77,National,12.4,837014,10.025,6.275,5.6225000000000005,0.3,5.425,NA,NA,NA,NA,NA,NA,NA,NA,NA,NA,NA,NA,NA,NA,NA,NA,NA,NA,NA,NA,NA,NA,NA,NA,NA,NA,NA,NA,NA,NA,NA,NA
2015,Dunedin City,Other,1.0359,0.997225,1.13865,National,6.275,5.6225000000000005,National,12.4,National,837014,National,5.775,3.225,5.625,National,3002.098360655738,2450.4571948998178,5225.078324225865,1898.457194899818,National,91323.956284153,100564.35154826958,109760.74134790528,90456.9781420765,National,11,449679,2.7,11802,783611,16.5,110877,524787,3.2,16040,614933,11.3,62290,192470,0,-77,National,12.4,837014,10.025,6.275,5.6225000000000005,0.3,5.425,NA,NA,NA,NA,NA,NA,NA,NA,NA,NA,NA,NA,NA,NA,NA,NA,NA,NA,NA,NA,NA,NA,NA,NA,NA,NA,NA,NA,NA,NA,NA,NA
2015,Far North District,Other,1.128275,1.08575,1.049125,National,6.275,5.6225000000000005,National,12.4,National,837014,National,5.775,3.225,5.625,National,3002.098360655738,2450.4571948998178,5225.078324225865,1898.457194899818,National,91323.956284153,100564.35154826958,109760.74134790528,90456.9781420765,National,11,449679,2.7,11802,783611,16.5,110877,524787,3.2,16040,614933,11.3,62290,192470,0,-77,National,12.4,837014,10.025,6.275,5.6225000000000005,0.3,5.425,NA,NA,NA,NA,NA,NA,NA,NA,NA,NA,NA,NA,NA,NA,NA,NA,NA,NA,NA,NA,NA,NA,NA,NA,NA,NA,NA,NA,NA,NA,NA,NA
2015,Gisborne,Other,1.1401,1.096675,1.063,National,6.275,5.6225000000000005,National,12.4,National,837014,National,5.775,3.225,5.625,National,3002.098360655738,2450.4571948998178,5225.078324225865,1898.457194899818,National,91323.956284153,100564.35154826958,109760.74134790528,90456.9781420765,National,11,449679,2.7,11802,783611,16.5,110877,524787,3.2,16040,614933,11.3,62290,192470,0,-77,National,12.4,837014,10.025,6.275,5.6225000000000005,0.3,5.425,NA,NA,NA,NA,NA,NA,NA,NA,NA,NA,NA,NA,NA,NA,NA,NA,NA,NA,NA,NA,NA,NA,NA,NA,NA,NA,NA,NA,NA,NA,NA,NA
2015,Gisborne District,Other,1.1401,1.096675,1.063,National,6.275,5.6225000000000005,National,12.4,National,837014,National,5.775,3.225,5.625,National,3002.098360655738,2450.4571948998178,5225.078324225865,1898.457194899818,National,91323.956284153,100564.35154826958,109760.74134790528,90456.9781420765,National,11,449679,2.7,11802,783611,16.5,110877,524787,3.2,16040,614933,11.3,62290,192470,0,-77,National,12.4,837014,10.025,6.275,5.6225000000000005,0.3,5.425,NA,NA,NA,NA,NA,NA,NA,NA,NA,NA,NA,NA,NA,NA,NA,NA,NA,NA,NA,NA,NA,NA,NA,NA,NA,NA,NA,NA,NA,NA,NA,NA
2015,Gore District,Other,1.14605,1.1027,1.014,National,6.275,5.6225000000000005,National,12.4,National,837014,National,5.775,3.225,5.625,National,3002.098360655738,2450.4571948998178,5225.078324225865,1898.457194899818,National,91323.956284153,100564.35154826958,109760.74134790528,90456.9781420765,National,11,449679,2.7,11802,783611,16.5,110877,524787,3.2,16040,614933,11.3,62290,192470,0,-77,National,12.4,837014,10.025,6.275,5.6225000000000005,0.3,5.425,NA,NA,NA,NA,NA,NA,NA,NA,NA,NA,NA,NA,NA,NA,NA,NA,NA,NA,NA,NA,NA,NA,NA,NA,NA,NA,NA,NA,NA,NA,NA,NA
2015,Grey District,Other,1.118325,1.073425,1.07515,National,6.275,5.6225000000000005,National,12.4,National,837014,National,5.775,3.225,5.625,National,3002.098360655738,2450.4571948998178,5225.078324225865,1898.457194899818,National,91323.956284153,100564.35154826958,109760.74134790528,90456.9781420765,National,11,449679,2.7,11802,783611,16.5,110877,524787,3.2,16040,614933,11.3,62290,192470,0,-77,National,12.4,837014,10.025,6.275,5.6225000000000005,0.3,5.425,NA,NA,NA,NA,NA,NA,NA,NA,NA,NA,NA,NA,NA,NA,NA,NA,NA,NA,NA,NA,NA,NA,NA,NA,NA,NA,NA,NA,NA,NA,NA,NA
2015,Hamilton City,Other,0.8995500000000001,0.868025,0.99855,National,6.275,5.6225000000000005,National,12.4,National,837014,National,5.775,3.225,5.625,National,3002.098360655738,2450.4571948998178,5225.078324225865,1898.457194899818,National,91323.956284153,100564.35154826958,109760.74134790528,90456.9781420765,National,11,449679,2.7,11802,783611,16.5,110877,524787,3.2,16040,614933,11.3,62290,192470,0,-77,National,12.4,837014,10.025,6.275,5.6225000000000005,0.3,5.425,NA,NA,NA,NA,NA,NA,NA,NA,NA,NA,NA,NA,NA,NA,NA,NA,NA,NA,NA,NA,NA,NA,NA,NA,NA,NA,NA,NA,NA,NA,NA,NA
2015,Hastings District,Other,1.0491000000000001,1.00975,1.0406,National,6.275,5.6225000000000005,National,12.4,National,837014,National,5.775,3.225,5.625,National,3002.098360655738,2450.4571948998178,5225.078324225865,1898.457194899818,National,91323.956284153,100564.35154826958,109760.74134790528,90456.9781420765,National,11,449679,2.7,11802,783611,16.5,110877,524787,3.2,16040,614933,11.3,62290,192470,0,-77,National,12.4,837014,10.025,6.275,5.6225000000000005,0.3,5.425,NA,NA,NA,NA,NA,NA,NA,NA,NA,NA,NA,NA,NA,NA,NA,NA,NA,NA,NA,NA,NA,NA,NA,NA,NA,NA,NA,NA,NA,NA,NA,NA
2015,Hauraki District,Other,1.0769,1.0373999999999999,1.053375,National,6.275,5.6225000000000005,National,12.4,National,837014,National,5.775,3.225,5.625,National,3002.098360655738,2450.4571948998178,5225.078324225865,1898.457194899818,National,91323.956284153,100564.35154826958,109760.74134790528,90456.9781420765,National,11,449679,2.7,11802,783611,16.5,110877,524787,3.2,16040,614933,11.3,62290,192470,0,-77,National,12.4,837014,10.025,6.275,5.6225000000000005,0.3,5.425,NA,NA,NA,NA,NA,NA,NA,NA,NA,NA,NA,NA,NA,NA,NA,NA,NA,NA,NA,NA,NA,NA,NA,NA,NA,NA,NA,NA,NA,NA,NA,NA
2015,Hawke's Bay,Other,1.062525,1.02255,1.0456249999999998,National,6.275,5.6225000000000005,National,12.4,National,837014,National,5.775,3.225,5.625,National,3002.098360655738,2450.4571948998178,5225.078324225865,1898.457194899818,National,91323.956284153,100564.35154826958,109760.74134790528,90456.9781420765,National,11,449679,2.7,11802,783611,16.5,110877,524787,3.2,16040,614933,11.3,62290,192470,0,-77,National,12.4,837014,10.025,6.275,5.6225000000000005,0.3,5.425,NA,NA,NA,NA,NA,NA,NA,NA,NA,NA,NA,NA,NA,NA,NA,NA,NA,NA,NA,NA,NA,NA,NA,NA,NA,NA,NA,NA,NA,NA,NA,NA
2015,Horowhenua District,Other,1.1216249999999999,1.078625,1.060775,National,6.275,5.6225000000000005,National,12.4,National,837014,National,5.775,3.225,5.625,National,3002.098360655738,2450.4571948998178,5225.078324225865,1898.457194899818,National,91323.956284153,100564.35154826958,109760.74134790528,90456.9781420765,National,11,449679,2.7,11802,783611,16.5,110877,524787,3.2,16040,614933,11.3,62290,192470,0,-77,National,12.4,837014,10.025,6.275,5.6225000000000005,0.3,5.425,NA,NA,NA,NA,NA,NA,NA,NA,NA,NA,NA,NA,NA,NA,NA,NA,NA,NA,NA,NA,NA,NA,NA,NA,NA,NA,NA,NA,NA,NA,NA,NA
2015,Hurunui District,Canterbury Rural,1.022875,0.984275,0.9776499999999999,National,6.275,5.6225000000000005,National,12.4,National,837014,National,5.775,3.225,5.625,National,3002.098360655738,2450.4571948998178,5225.078324225865,1898.457194899818,National,91323.956284153,100564.35154826958,109760.74134790528,90456.9781420765,National,11,449679,2.7,11802,783611,16.5,110877,524787,3.2,16040,614933,11.3,62290,192470,0,-77,National,12.4,837014,10.025,6.275,5.6225000000000005,0.3,5.425,NA,NA,NA,NA,NA,NA,NA,NA,NA,NA,NA,NA,NA,NA,NA,NA,NA,NA,NA,NA,NA,NA,NA,NA,NA,NA,NA,NA,NA,NA,NA,NA
2015,Hutt City,Wellington Urban,1.0883,1.0469249999999999,1.0529,National,6.275,5.6225000000000005,National,12.4,National,837014,National,5.775,3.225,5.625,National,3002.098360655738,2450.4571948998178,5225.078324225865,1898.457194899818,National,91323.956284153,100564.35154826958,109760.74134790528,90456.9781420765,National,11,449679,2.7,11802,783611,16.5,110877,524787,3.2,16040,614933,11.3,62290,192470,0,-77,National,12.4,837014,10.025,6.275,5.6225000000000005,0.3,5.425,NA,NA,NA,NA,NA,NA,NA,NA,NA,NA,NA,NA,NA,NA,NA,NA,NA,NA,NA,NA,NA,NA,NA,NA,NA,NA,NA,NA,NA,NA,NA,NA
2015,Invercargill City,Other,1.106825,1.06505,1.03775,National,6.275,5.6225000000000005,National,12.4,National,837014,National,5.775,3.225,5.625,National,3002.098360655738,2450.4571948998178,5225.078324225865,1898.457194899818,National,91323.956284153,100564.35154826958,109760.74134790528,90456.9781420765,National,11,449679,2.7,11802,783611,16.5,110877,524787,3.2,16040,614933,11.3,62290,192470,0,-77,National,12.4,837014,10.025,6.275,5.6225000000000005,0.3,5.425,NA,NA,NA,NA,NA,NA,NA,NA,NA,NA,NA,NA,NA,NA,NA,NA,NA,NA,NA,NA,NA,NA,NA,NA,NA,NA,NA,NA,NA,NA,NA,NA
2015,Kaikoura District,Other,1.0423,1.0016,1.05305,National,6.275,5.6225000000000005,National,12.4,National,837014,National,5.775,3.225,5.625,National,3002.098360655738,2450.4571948998178,5225.078324225865,1898.457194899818,National,91323.956284153,100564.35154826958,109760.74134790528,90456.9781420765,National,11,449679,2.7,11802,783611,16.5,110877,524787,3.2,16040,614933,11.3,62290,192470,0,-77,National,12.4,837014,10.025,6.275,5.6225000000000005,0.3,5.425,NA,NA,NA,NA,NA,NA,NA,NA,NA,NA,NA,NA,NA,NA,NA,NA,NA,NA,NA,NA,NA,NA,NA,NA,NA,NA,NA,NA,NA,NA,NA,NA
2015,Kaipara District,Other,0.98305,0.9467,1.0266,National,6.275,5.6225000000000005,National,12.4,National,837014,National,5.775,3.225,5.625,National,3002.098360655738,2450.4571948998178,5225.078324225865,1898.457194899818,National,91323.956284153,100564.35154826958,109760.74134790528,90456.9781420765,National,11,449679,2.7,11802,783611,16.5,110877,524787,3.2,16040,614933,11.3,62290,192470,0,-77,National,12.4,837014,10.025,6.275,5.6225000000000005,0.3,5.425,NA,NA,NA,NA,NA,NA,NA,NA,NA,NA,NA,NA,NA,NA,NA,NA,NA,NA,NA,NA,NA,NA,NA,NA,NA,NA,NA,NA,NA,NA,NA,NA
2015,Kapiti Coast District,Wellington Rural,1.056225,1.0156,1.019525,National,6.275,5.6225000000000005,National,12.4,National,837014,National,5.775,3.225,5.625,National,3002.098360655738,2450.4571948998178,5225.078324225865,1898.457194899818,National,91323.956284153,100564.35154826958,109760.74134790528,90456.9781420765,National,11,449679,2.7,11802,783611,16.5,110877,524787,3.2,16040,614933,11.3,62290,192470,0,-77,National,12.4,837014,10.025,6.275,5.6225000000000005,0.3,5.425,NA,NA,NA,NA,NA,NA,NA,NA,NA,NA,NA,NA,NA,NA,NA,NA,NA,NA,NA,NA,NA,NA,NA,NA,NA,NA,NA,NA,NA,NA,NA,NA
2015,Kawerau District,Other,1.145675,1.104,1.0221,National,6.275,5.6225000000000005,National,12.4,National,837014,National,5.775,3.225,5.625,National,3002.098360655738,2450.4571948998178,5225.078324225865,1898.457194899818,National,91323.956284153,100564.35154826958,109760.74134790528,90456.9781420765,National,11,449679,2.7,11802,783611,16.5,110877,524787,3.2,16040,614933,11.3,62290,192470,0,-77,National,12.4,837014,10.025,6.275,5.6225000000000005,0.3,5.425,NA,NA,NA,NA,NA,NA,NA,NA,NA,NA,NA,NA,NA,NA,NA,NA,NA,NA,NA,NA,NA,NA,NA,NA,NA,NA,NA,NA,NA,NA,NA,NA
2015,MacKenzie District,Canterbury Rural,0.990425,0.9532,1.0661,National,6.275,5.6225000000000005,National,12.4,National,837014,National,5.775,3.225,5.625,National,3002.098360655738,2450.4571948998178,5225.078324225865,1898.457194899818,National,91323.956284153,100564.35154826958,109760.74134790528,90456.9781420765,National,11,449679,2.7,11802,783611,16.5,110877,524787,3.2,16040,614933,11.3,62290,192470,0,-77,National,12.4,837014,10.025,6.275,5.6225000000000005,0.3,5.425,NA,NA,NA,NA,NA,NA,NA,NA,NA,NA,NA,NA,NA,NA,NA,NA,NA,NA,NA,NA,NA,NA,NA,NA,NA,NA,NA,NA,NA,NA,NA,NA
2015,Manawatu District,Other,1.1081,1.0667,0.996225,National,6.275,5.6225000000000005,National,12.4,National,837014,National,5.775,3.225,5.625,National,3002.098360655738,2450.4571948998178,5225.078324225865,1898.457194899818,National,91323.956284153,100564.35154826958,109760.74134790528,90456.9781420765,National,11,449679,2.7,11802,783611,16.5,110877,524787,3.2,16040,614933,11.3,62290,192470,0,-77,National,12.4,837014,10.025,6.275,5.6225000000000005,0.3,5.425,NA,NA,NA,NA,NA,NA,NA,NA,NA,NA,NA,NA,NA,NA,NA,NA,NA,NA,NA,NA,NA,NA,NA,NA,NA,NA,NA,NA,NA,NA,NA,NA
2015,Manawatu-Wanganui,Other,1.103875,1.06195,1.02725,National,6.275,5.6225000000000005,National,12.4,National,837014,National,5.775,3.225,5.625,National,3002.098360655738,2450.4571948998178,5225.078324225865,1898.457194899818,National,91323.956284153,100564.35154826958,109760.74134790528,90456.9781420765,National,11,449679,2.7,11802,783611,16.5,110877,524787,3.2,16040,614933,11.3,62290,192470,0,-77,National,12.4,837014,10.025,6.275,5.6225000000000005,0.3,5.425,NA,NA,NA,NA,NA,NA,NA,NA,NA,NA,NA,NA,NA,NA,NA,NA,NA,NA,NA,NA,NA,NA,NA,NA,NA,NA,NA,NA,NA,NA,NA,NA
2015,Marlborough,Other,1.075175,1.0345,1.020025,National,6.275,5.6225000000000005,National,12.4,National,837014,National,5.775,3.225,5.625,National,3002.098360655738,2450.4571948998178,5225.078324225865,1898.457194899818,National,91323.956284153,100564.35154826958,109760.74134790528,90456.9781420765,National,11,449679,2.7,11802,783611,16.5,110877,524787,3.2,16040,614933,11.3,62290,192470,0,-77,National,12.4,837014,10.025,6.275,5.6225000000000005,0.3,5.425,NA,NA,NA,NA,NA,NA,NA,NA,NA,NA,NA,NA,NA,NA,NA,NA,NA,NA,NA,NA,NA,NA,NA,NA,NA,NA,NA,NA,NA,NA,NA,NA
2015,Marlborough District,Other,1.075175,1.0345,1.02005,National,6.275,5.6225000000000005,National,12.4,National,837014,National,5.775,3.225,5.625,National,3002.098360655738,2450.4571948998178,5225.078324225865,1898.457194899818,National,91323.956284153,100564.35154826958,109760.74134790528,90456.9781420765,National,11,449679,2.7,11802,783611,16.5,110877,524787,3.2,16040,614933,11.3,62290,192470,0,-77,National,12.4,837014,10.025,6.275,5.6225000000000005,0.3,5.425,NA,NA,NA,NA,NA,NA,NA,NA,NA,NA,NA,NA,NA,NA,NA,NA,NA,NA,NA,NA,NA,NA,NA,NA,NA,NA,NA,NA,NA,NA,NA,NA
2015,Masterton District,Wellington Rural,1.1397,1.095975,1.00115,National,6.275,5.6225000000000005,National,12.4,National,837014,National,5.775,3.225,5.625,National,3002.098360655738,2450.4571948998178,5225.078324225865,1898.457194899818,National,91323.956284153,100564.35154826958,109760.74134790528,90456.9781420765,National,11,449679,2.7,11802,783611,16.5,110877,524787,3.2,16040,614933,11.3,62290,192470,0,-77,National,12.4,837014,10.025,6.275,5.6225000000000005,0.3,5.425,NA,NA,NA,NA,NA,NA,NA,NA,NA,NA,NA,NA,NA,NA,NA,NA,NA,NA,NA,NA,NA,NA,NA,NA,NA,NA,NA,NA,NA,NA,NA,NA
2015,Matamata Piako District,Other,1.012675,0.9755,1.006075,National,6.275,5.6225000000000005,National,12.4,National,837014,National,5.775,3.225,5.625,National,3002.098360655738,2450.4571948998178,5225.078324225865,1898.457194899818,National,91323.956284153,100564.35154826958,109760.74134790528,90456.9781420765,National,11,449679,2.7,11802,783611,16.5,110877,524787,3.2,16040,614933,11.3,62290,192470,0,-77,National,12.4,837014,10.025,6.275,5.6225000000000005,0.3,5.425,NA,NA,NA,NA,NA,NA,NA,NA,NA,NA,NA,NA,NA,NA,NA,NA,NA,NA,NA,NA,NA,NA,NA,NA,NA,NA,NA,NA,NA,NA,NA,NA
2015,Napier City,Other,1.060275,1.020325,1.0555249999999998,National,6.275,5.6225000000000005,National,12.4,National,837014,National,5.775,3.225,5.625,National,3002.098360655738,2450.4571948998178,5225.078324225865,1898.457194899818,National,91323.956284153,100564.35154826958,109760.74134790528,90456.9781420765,National,11,449679,2.7,11802,783611,16.5,110877,524787,3.2,16040,614933,11.3,62290,192470,0,-77,National,12.4,837014,10.025,6.275,5.6225000000000005,0.3,5.425,NA,NA,NA,NA,NA,NA,NA,NA,NA,NA,NA,NA,NA,NA,NA,NA,NA,NA,NA,NA,NA,NA,NA,NA,NA,NA,NA,NA,NA,NA,NA,NA
2015,Nelson,Other,1.049075,1.0097,1.0619750000000001,National,6.275,5.6225000000000005,National,12.4,National,837014,National,5.775,3.225,5.625,National,3002.098360655738,2450.4571948998178,5225.078324225865,1898.457194899818,National,91323.956284153,100564.35154826958,109760.74134790528,90456.9781420765,National,11,449679,2.7,11802,783611,16.5,110877,524787,3.2,16040,614933,11.3,62290,192470,0,-77,National,12.4,837014,10.025,6.275,5.6225000000000005,0.3,5.425,NA,NA,NA,NA,NA,NA,NA,NA,NA,NA,NA,NA,NA,NA,NA,NA,NA,NA,NA,NA,NA,NA,NA,NA,NA,NA,NA,NA,NA,NA,NA,NA
2015,Nelson City,Other,1.049075,1.0097,1.062075,National,6.275,5.6225000000000005,National,12.4,National,837014,National,5.775,3.225,5.625,National,3002.098360655738,2450.4571948998178,5225.078324225865,1898.457194899818,National,91323.956284153,100564.35154826958,109760.74134790528,90456.9781420765,National,11,449679,2.7,11802,783611,16.5,110877,524787,3.2,16040,614933,11.3,62290,192470,0,-77,National,12.4,837014,10.025,6.275,5.6225000000000005,0.3,5.425,NA,NA,NA,NA,NA,NA,NA,NA,NA,NA,NA,NA,NA,NA,NA,NA,NA,NA,NA,NA,NA,NA,NA,NA,NA,NA,NA,NA,NA,NA,NA,NA
2015,New Plymouth District,Other,1.0022,0.96465,1.03025,National,6.275,5.6225000000000005,National,12.4,National,837014,National,5.775,3.225,5.625,National,3002.098360655738,2450.4571948998178,5225.078324225865,1898.457194899818,National,91323.956284153,100564.35154826958,109760.74134790528,90456.9781420765,National,11,449679,2.7,11802,783611,16.5,110877,524787,3.2,16040,614933,11.3,62290,192470,0,-77,National,12.4,837014,10.025,6.275,5.6225000000000005,0.3,5.425,NA,NA,NA,NA,NA,NA,NA,NA,NA,NA,NA,NA,NA,NA,NA,NA,NA,NA,NA,NA,NA,NA,NA,NA,NA,NA,NA,NA,NA,NA,NA,NA
2015,New Zealand,Other,0.8700749999999999,0.8378,1.0106000000000002,National,6.275,5.6225000000000005,National,12.4,National,837014,National,5.775,3.225,5.625,National,3002.098360655738,2450.4571948998178,5225.078324225865,1898.457194899818,National,91323.956284153,100564.35154826958,109760.74134790528,90456.9781420765,National,11,449679,2.7,11802,783611,16.5,110877,524787,3.2,16040,614933,11.3,62290,192470,0,-77,National,12.4,837014,10.025,6.275,5.6225000000000005,0.3,5.425,NA,NA,NA,NA,NA,NA,NA,NA,NA,NA,NA,NA,NA,NA,NA,NA,NA,NA,NA,NA,NA,NA,NA,NA,NA,NA,NA,NA,NA,NA,NA,NA
2015,Northland,Other,1.0597,1.0204,1.0328249999999999,National,6.275,5.6225000000000005,National,12.4,National,837014,National,5.775,3.225,5.625,National,3002.098360655738,2450.4571948998178,5225.078324225865,1898.457194899818,National,91323.956284153,100564.35154826958,109760.74134790528,90456.9781420765,National,11,449679,2.7,11802,783611,16.5,110877,524787,3.2,16040,614933,11.3,62290,192470,0,-77,National,12.4,837014,10.025,6.275,5.6225000000000005,0.3,5.425,NA,NA,NA,NA,NA,NA,NA,NA,NA,NA,NA,NA,NA,NA,NA,NA,NA,NA,NA,NA,NA,NA,NA,NA,NA,NA,NA,NA,NA,NA,NA,NA
2015,Opotiki District,Other,1.134475,1.0922,1.043375,National,6.275,5.6225000000000005,National,12.4,National,837014,National,5.775,3.225,5.625,National,3002.098360655738,2450.4571948998178,5225.078324225865,1898.457194899818,National,91323.956284153,100564.35154826958,109760.74134790528,90456.9781420765,National,11,449679,2.7,11802,783611,16.5,110877,524787,3.2,16040,614933,11.3,62290,192470,0,-77,National,12.4,837014,10.025,6.275,5.6225000000000005,0.3,5.425,NA,NA,NA,NA,NA,NA,NA,NA,NA,NA,NA,NA,NA,NA,NA,NA,NA,NA,NA,NA,NA,NA,NA,NA,NA,NA,NA,NA,NA,NA,NA,NA
2015,Otago,Other,0.9961,0.959075,1.083575,National,6.275,5.6225000000000005,National,12.4,National,837014,National,5.775,3.225,5.625,National,3002.098360655738,2450.4571948998178,5225.078324225865,1898.457194899818,National,91323.956284153,100564.35154826958,109760.74134790528,90456.9781420765,National,11,449679,2.7,11802,783611,16.5,110877,524787,3.2,16040,614933,11.3,62290,192470,0,-77,National,12.4,837014,10.025,6.275,5.6225000000000005,0.3,5.425,NA,NA,NA,NA,NA,NA,NA,NA,NA,NA,NA,NA,NA,NA,NA,NA,NA,NA,NA,NA,NA,NA,NA,NA,NA,NA,NA,NA,NA,NA,NA,NA
2015,Otorohanga District,Other,1.099275,1.05885,1.0133,National,6.275,5.6225000000000005,National,12.4,National,837014,National,5.775,3.225,5.625,National,3002.098360655738,2450.4571948998178,5225.078324225865,1898.457194899818,National,91323.956284153,100564.35154826958,109760.74134790528,90456.9781420765,National,11,449679,2.7,11802,783611,16.5,110877,524787,3.2,16040,614933,11.3,62290,192470,0,-77,National,12.4,837014,10.025,6.275,5.6225000000000005,0.3,5.425,NA,NA,NA,NA,NA,NA,NA,NA,NA,NA,NA,NA,NA,NA,NA,NA,NA,NA,NA,NA,NA,NA,NA,NA,NA,NA,NA,NA,NA,NA,NA,NA
2015,Palmerston North City,Other,1.066925,1.02645,1.010325,National,6.275,5.6225000000000005,National,12.4,National,837014,National,5.775,3.225,5.625,National,3002.098360655738,2450.4571948998178,5225.078324225865,1898.457194899818,National,91323.956284153,100564.35154826958,109760.74134790528,90456.9781420765,National,11,449679,2.7,11802,783611,16.5,110877,524787,3.2,16040,614933,11.3,62290,192470,0,-77,National,12.4,837014,10.025,6.275,5.6225000000000005,0.3,5.425,NA,NA,NA,NA,NA,NA,NA,NA,NA,NA,NA,NA,NA,NA,NA,NA,NA,NA,NA,NA,NA,NA,NA,NA,NA,NA,NA,NA,NA,NA,NA,NA
2015,Porirua City,Wellington Urban,1.1006749999999998,1.0592,1.076125,National,6.275,5.6225000000000005,National,12.4,National,837014,National,5.775,3.225,5.625,National,3002.098360655738,2450.4571948998178,5225.078324225865,1898.457194899818,National,91323.956284153,100564.35154826958,109760.74134790528,90456.9781420765,National,11,449679,2.7,11802,783611,16.5,110877,524787,3.2,16040,614933,11.3,62290,192470,0,-77,National,12.4,837014,10.025,6.275,5.6225000000000005,0.3,5.425,NA,NA,NA,NA,NA,NA,NA,NA,NA,NA,NA,NA,NA,NA,NA,NA,NA,NA,NA,NA,NA,NA,NA,NA,NA,NA,NA,NA,NA,NA,NA,NA
2015,Queenstown Lakes District,Other,0.994775,0.9577249999999999,1.005275,National,6.275,5.6225000000000005,National,12.4,National,837014,National,5.775,3.225,5.625,National,3002.098360655738,2450.4571948998178,5225.078324225865,1898.457194899818,National,91323.956284153,100564.35154826958,109760.74134790528,90456.9781420765,National,11,449679,2.7,11802,783611,16.5,110877,524787,3.2,16040,614933,11.3,62290,192470,0,-77,National,12.4,837014,10.025,6.275,5.6225000000000005,0.3,5.425,NA,NA,NA,NA,NA,NA,NA,NA,NA,NA,NA,NA,NA,NA,NA,NA,NA,NA,NA,NA,NA,NA,NA,NA,NA,NA,NA,NA,NA,NA,NA,NA
2015,Rangitikei District,Other,1.233725,1.1870500000000002,1.059725,National,6.275,5.6225000000000005,National,12.4,National,837014,National,5.775,3.225,5.625,National,3002.098360655738,2450.4571948998178,5225.078324225865,1898.457194899818,National,91323.956284153,100564.35154826958,109760.74134790528,90456.9781420765,National,11,449679,2.7,11802,783611,16.5,110877,524787,3.2,16040,614933,11.3,62290,192470,0,-77,National,12.4,837014,10.025,6.275,5.6225000000000005,0.3,5.425,NA,NA,NA,NA,NA,NA,NA,NA,NA,NA,NA,NA,NA,NA,NA,NA,NA,NA,NA,NA,NA,NA,NA,NA,NA,NA,NA,NA,NA,NA,NA,NA
2015,Rotorua District,Other,1.08235,1.0424250000000002,1.0133,National,6.275,5.6225000000000005,National,12.4,National,837014,National,5.775,3.225,5.625,National,3002.098360655738,2450.4571948998178,5225.078324225865,1898.457194899818,National,91323.956284153,100564.35154826958,109760.74134790528,90456.9781420765,National,11,449679,2.7,11802,783611,16.5,110877,524787,3.2,16040,614933,11.3,62290,192470,0,-77,National,12.4,837014,10.025,6.275,5.6225000000000005,0.3,5.425,NA,NA,NA,NA,NA,NA,NA,NA,NA,NA,NA,NA,NA,NA,NA,NA,NA,NA,NA,NA,NA,NA,NA,NA,NA,NA,NA,NA,NA,NA,NA,NA
2015,Ruapehu District,Other,1.2857,1.236325,1.0569,National,6.275,5.6225000000000005,National,12.4,National,837014,National,5.775,3.225,5.625,National,3002.098360655738,2450.4571948998178,5225.078324225865,1898.457194899818,National,91323.956284153,100564.35154826958,109760.74134790528,90456.9781420765,National,11,449679,2.7,11802,783611,16.5,110877,524787,3.2,16040,614933,11.3,62290,192470,0,-77,National,12.4,837014,10.025,6.275,5.6225000000000005,0.3,5.425,NA,NA,NA,NA,NA,NA,NA,NA,NA,NA,NA,NA,NA,NA,NA,NA,NA,NA,NA,NA,NA,NA,NA,NA,NA,NA,NA,NA,NA,NA,NA,NA
2015,Selwyn District,Canterbury Rural,0.96475,0.927025,1.035025,National,6.275,5.6225000000000005,National,12.4,National,837014,National,5.775,3.225,5.625,National,3002.098360655738,2450.4571948998178,5225.078324225865,1898.457194899818,National,91323.956284153,100564.35154826958,109760.74134790528,90456.9781420765,National,11,449679,2.7,11802,783611,16.5,110877,524787,3.2,16040,614933,11.3,62290,192470,0,-77,National,12.4,837014,10.025,6.275,5.6225000000000005,0.3,5.425,NA,NA,NA,NA,NA,NA,NA,NA,NA,NA,NA,NA,NA,NA,NA,NA,NA,NA,NA,NA,NA,NA,NA,NA,NA,NA,NA,NA,NA,NA,NA,NA
2015,South Taranaki District,Other,1.108225,1.065425,1.06515,National,6.275,5.6225000000000005,National,12.4,National,837014,National,5.775,3.225,5.625,National,3002.098360655738,2450.4571948998178,5225.078324225865,1898.457194899818,National,91323.956284153,100564.35154826958,109760.74134790528,90456.9781420765,National,11,449679,2.7,11802,783611,16.5,110877,524787,3.2,16040,614933,11.3,62290,192470,0,-77,National,12.4,837014,10.025,6.275,5.6225000000000005,0.3,5.425,NA,NA,NA,NA,NA,NA,NA,NA,NA,NA,NA,NA,NA,NA,NA,NA,NA,NA,NA,NA,NA,NA,NA,NA,NA,NA,NA,NA,NA,NA,NA,NA
2015,South Waikato District,Other,1.10825,1.068375,0.99695,National,6.275,5.6225000000000005,National,12.4,National,837014,National,5.775,3.225,5.625,National,3002.098360655738,2450.4571948998178,5225.078324225865,1898.457194899818,National,91323.956284153,100564.35154826958,109760.74134790528,90456.9781420765,National,11,449679,2.7,11802,783611,16.5,110877,524787,3.2,16040,614933,11.3,62290,192470,0,-77,National,12.4,837014,10.025,6.275,5.6225000000000005,0.3,5.425,NA,NA,NA,NA,NA,NA,NA,NA,NA,NA,NA,NA,NA,NA,NA,NA,NA,NA,NA,NA,NA,NA,NA,NA,NA,NA,NA,NA,NA,NA,NA,NA
2015,South Wairarapa District,Wellington Rural,1.1801249999999999,1.1344750000000001,1.1018249999999998,National,6.275,5.6225000000000005,National,12.4,National,837014,National,5.775,3.225,5.625,National,3002.098360655738,2450.4571948998178,5225.078324225865,1898.457194899818,National,91323.956284153,100564.35154826958,109760.74134790528,90456.9781420765,National,11,449679,2.7,11802,783611,16.5,110877,524787,3.2,16040,614933,11.3,62290,192470,0,-77,National,12.4,837014,10.025,6.275,5.6225000000000005,0.3,5.425,NA,NA,NA,NA,NA,NA,NA,NA,NA,NA,NA,NA,NA,NA,NA,NA,NA,NA,NA,NA,NA,NA,NA,NA,NA,NA,NA,NA,NA,NA,NA,NA
2015,Southland,Other,1.1359,1.0929,1.05415,National,6.275,5.6225000000000005,National,12.4,National,837014,National,5.775,3.225,5.625,National,3002.098360655738,2450.4571948998178,5225.078324225865,1898.457194899818,National,91323.956284153,100564.35154826958,109760.74134790528,90456.9781420765,National,11,449679,2.7,11802,783611,16.5,110877,524787,3.2,16040,614933,11.3,62290,192470,0,-77,National,12.4,837014,10.025,6.275,5.6225000000000005,0.3,5.425,NA,NA,NA,NA,NA,NA,NA,NA,NA,NA,NA,NA,NA,NA,NA,NA,NA,NA,NA,NA,NA,NA,NA,NA,NA,NA,NA,NA,NA,NA,NA,NA
2015,Southland District,Other,1.1967249999999998,1.1505750000000001,1.124325,National,6.275,5.6225000000000005,National,12.4,National,837014,National,5.775,3.225,5.625,National,3002.098360655738,2450.4571948998178,5225.078324225865,1898.457194899818,National,91323.956284153,100564.35154826958,109760.74134790528,90456.9781420765,National,11,449679,2.7,11802,783611,16.5,110877,524787,3.2,16040,614933,11.3,62290,192470,0,-77,National,12.4,837014,10.025,6.275,5.6225000000000005,0.3,5.425,NA,NA,NA,NA,NA,NA,NA,NA,NA,NA,NA,NA,NA,NA,NA,NA,NA,NA,NA,NA,NA,NA,NA,NA,NA,NA,NA,NA,NA,NA,NA,NA
2015,Stratford District,Other,1.08565,1.0444,1.026025,National,6.275,5.6225000000000005,National,12.4,National,837014,National,5.775,3.225,5.625,National,3002.098360655738,2450.4571948998178,5225.078324225865,1898.457194899818,National,91323.956284153,100564.35154826958,109760.74134790528,90456.9781420765,National,11,449679,2.7,11802,783611,16.5,110877,524787,3.2,16040,614933,11.3,62290,192470,0,-77,National,12.4,837014,10.025,6.275,5.6225000000000005,0.3,5.425,NA,NA,NA,NA,NA,NA,NA,NA,NA,NA,NA,NA,NA,NA,NA,NA,NA,NA,NA,NA,NA,NA,NA,NA,NA,NA,NA,NA,NA,NA,NA,NA
2015,Taranaki,Other,1.0152,0.97695,1.035125,National,6.275,5.6225000000000005,National,12.4,National,837014,National,5.775,3.225,5.625,National,3002.098360655738,2450.4571948998178,5225.078324225865,1898.457194899818,National,91323.956284153,100564.35154826958,109760.74134790528,90456.9781420765,National,11,449679,2.7,11802,783611,16.5,110877,524787,3.2,16040,614933,11.3,62290,192470,0,-77,National,12.4,837014,10.025,6.275,5.6225000000000005,0.3,5.425,NA,NA,NA,NA,NA,NA,NA,NA,NA,NA,NA,NA,NA,NA,NA,NA,NA,NA,NA,NA,NA,NA,NA,NA,NA,NA,NA,NA,NA,NA,NA,NA
2015,Tararua District,Other,1.1196000000000002,1.077175,1.0826,National,6.275,5.6225000000000005,National,12.4,National,837014,National,5.775,3.225,5.625,National,3002.098360655738,2450.4571948998178,5225.078324225865,1898.457194899818,National,91323.956284153,100564.35154826958,109760.74134790528,90456.9781420765,National,11,449679,2.7,11802,783611,16.5,110877,524787,3.2,16040,614933,11.3,62290,192470,0,-77,National,12.4,837014,10.025,6.275,5.6225000000000005,0.3,5.425,NA,NA,NA,NA,NA,NA,NA,NA,NA,NA,NA,NA,NA,NA,NA,NA,NA,NA,NA,NA,NA,NA,NA,NA,NA,NA,NA,NA,NA,NA,NA,NA
2015,Tasman,Other,1.0581,1.017825,1.04235,National,6.275,5.6225000000000005,National,12.4,National,837014,National,5.775,3.225,5.625,National,3002.098360655738,2450.4571948998178,5225.078324225865,1898.457194899818,National,91323.956284153,100564.35154826958,109760.74134790528,90456.9781420765,National,11,449679,2.7,11802,783611,16.5,110877,524787,3.2,16040,614933,11.3,62290,192470,0,-77,National,12.4,837014,10.025,6.275,5.6225000000000005,0.3,5.425,NA,NA,NA,NA,NA,NA,NA,NA,NA,NA,NA,NA,NA,NA,NA,NA,NA,NA,NA,NA,NA,NA,NA,NA,NA,NA,NA,NA,NA,NA,NA,NA
2015,Tasman District,Other,1.0581,1.017825,1.04215,National,6.275,5.6225000000000005,National,12.4,National,837014,National,5.775,3.225,5.625,National,3002.098360655738,2450.4571948998178,5225.078324225865,1898.457194899818,National,91323.956284153,100564.35154826958,109760.74134790528,90456.9781420765,National,11,449679,2.7,11802,783611,16.5,110877,524787,3.2,16040,614933,11.3,62290,192470,0,-77,National,12.4,837014,10.025,6.275,5.6225000000000005,0.3,5.425,NA,NA,NA,NA,NA,NA,NA,NA,NA,NA,NA,NA,NA,NA,NA,NA,NA,NA,NA,NA,NA,NA,NA,NA,NA,NA,NA,NA,NA,NA,NA,NA
2015,Taupo District,Other,1.119575,1.077775,1.027275,National,6.275,5.6225000000000005,National,12.4,National,837014,National,5.775,3.225,5.625,National,3002.098360655738,2450.4571948998178,5225.078324225865,1898.457194899818,National,91323.956284153,100564.35154826958,109760.74134790528,90456.9781420765,National,11,449679,2.7,11802,783611,16.5,110877,524787,3.2,16040,614933,11.3,62290,192470,0,-77,National,12.4,837014,10.025,6.275,5.6225000000000005,0.3,5.425,NA,NA,NA,NA,NA,NA,NA,NA,NA,NA,NA,NA,NA,NA,NA,NA,NA,NA,NA,NA,NA,NA,NA,NA,NA,NA,NA,NA,NA,NA,NA,NA
2015,Tauranga City,Other,0.968125,0.93365,0.985,National,6.275,5.6225000000000005,National,12.4,National,837014,National,5.775,3.225,5.625,National,3002.098360655738,2450.4571948998178,5225.078324225865,1898.457194899818,National,91323.956284153,100564.35154826958,109760.74134790528,90456.9781420765,National,11,449679,2.7,11802,783611,16.5,110877,524787,3.2,16040,614933,11.3,62290,192470,0,-77,National,12.4,837014,10.025,6.275,5.6225000000000005,0.3,5.425,NA,NA,NA,NA,NA,NA,NA,NA,NA,NA,NA,NA,NA,NA,NA,NA,NA,NA,NA,NA,NA,NA,NA,NA,NA,NA,NA,NA,NA,NA,NA,NA
2015,Thames Coromandel District,Other,1.048575,1.009625,1.008325,National,6.275,5.6225000000000005,National,12.4,National,837014,National,5.775,3.225,5.625,National,3002.098360655738,2450.4571948998178,5225.078324225865,1898.457194899818,National,91323.956284153,100564.35154826958,109760.74134790528,90456.9781420765,National,11,449679,2.7,11802,783611,16.5,110877,524787,3.2,16040,614933,11.3,62290,192470,0,-77,National,12.4,837014,10.025,6.275,5.6225000000000005,0.3,5.425,NA,NA,NA,NA,NA,NA,NA,NA,NA,NA,NA,NA,NA,NA,NA,NA,NA,NA,NA,NA,NA,NA,NA,NA,NA,NA,NA,NA,NA,NA,NA,NA
2015,Timaru District,Canterbury Rural,0.958025,0.9216500000000001,0.979875,National,6.275,5.6225000000000005,National,12.4,National,837014,National,5.775,3.225,5.625,National,3002.098360655738,2450.4571948998178,5225.078324225865,1898.457194899818,National,91323.956284153,100564.35154826958,109760.74134790528,90456.9781420765,National,11,449679,2.7,11802,783611,16.5,110877,524787,3.2,16040,614933,11.3,62290,192470,0,-77,National,12.4,837014,10.025,6.275,5.6225000000000005,0.3,5.425,NA,NA,NA,NA,NA,NA,NA,NA,NA,NA,NA,NA,NA,NA,NA,NA,NA,NA,NA,NA,NA,NA,NA,NA,NA,NA,NA,NA,NA,NA,NA,NA
2015,Upper Hutt City,Wellington Urban,1.109375,1.06695,1.058375,National,6.275,5.6225000000000005,National,12.4,National,837014,National,5.775,3.225,5.625,National,3002.098360655738,2450.4571948998178,5225.078324225865,1898.457194899818,National,91323.956284153,100564.35154826958,109760.74134790528,90456.9781420765,National,11,449679,2.7,11802,783611,16.5,110877,524787,3.2,16040,614933,11.3,62290,192470,0,-77,National,12.4,837014,10.025,6.275,5.6225000000000005,0.3,5.425,NA,NA,NA,NA,NA,NA,NA,NA,NA,NA,NA,NA,NA,NA,NA,NA,NA,NA,NA,NA,NA,NA,NA,NA,NA,NA,NA,NA,NA,NA,NA,NA
2015,Waikato,Other,0.98165,0.9462,1.015475,National,6.275,5.6225000000000005,National,12.4,National,837014,National,5.775,3.225,5.625,National,3002.098360655738,2450.4571948998178,5225.078324225865,1898.457194899818,National,91323.956284153,100564.35154826958,109760.74134790528,90456.9781420765,National,11,449679,2.7,11802,783611,16.5,110877,524787,3.2,16040,614933,11.3,62290,192470,0,-77,National,12.4,837014,10.025,6.275,5.6225000000000005,0.3,5.425,NA,NA,NA,NA,NA,NA,NA,NA,NA,NA,NA,NA,NA,NA,NA,NA,NA,NA,NA,NA,NA,NA,NA,NA,NA,NA,NA,NA,NA,NA,NA,NA
2015,Waikato District,Other,0.9465749999999999,0.913125,1.033925,National,6.275,5.6225000000000005,National,12.4,National,837014,National,5.775,3.225,5.625,National,3002.098360655738,2450.4571948998178,5225.078324225865,1898.457194899818,National,91323.956284153,100564.35154826958,109760.74134790528,90456.9781420765,National,11,449679,2.7,11802,783611,16.5,110877,524787,3.2,16040,614933,11.3,62290,192470,0,-77,National,12.4,837014,10.025,6.275,5.6225000000000005,0.3,5.425,NA,NA,NA,NA,NA,NA,NA,NA,NA,NA,NA,NA,NA,NA,NA,NA,NA,NA,NA,NA,NA,NA,NA,NA,NA,NA,NA,NA,NA,NA,NA,NA
2015,Waimakariri District,Canterbury Rural,1.004225,0.965625,1.03035,National,6.275,5.6225000000000005,National,12.4,National,837014,National,5.775,3.225,5.625,National,3002.098360655738,2450.4571948998178,5225.078324225865,1898.457194899818,National,91323.956284153,100564.35154826958,109760.74134790528,90456.9781420765,National,11,449679,2.7,11802,783611,16.5,110877,524787,3.2,16040,614933,11.3,62290,192470,0,-77,National,12.4,837014,10.025,6.275,5.6225000000000005,0.3,5.425,NA,NA,NA,NA,NA,NA,NA,NA,NA,NA,NA,NA,NA,NA,NA,NA,NA,NA,NA,NA,NA,NA,NA,NA,NA,NA,NA,NA,NA,NA,NA,NA
2015,Waimate District,Canterbury Rural,0.965075,0.9282,0.878375,National,6.275,5.6225000000000005,National,12.4,National,837014,National,5.775,3.225,5.625,National,3002.098360655738,2450.4571948998178,5225.078324225865,1898.457194899818,National,91323.956284153,100564.35154826958,109760.74134790528,90456.9781420765,National,11,449679,2.7,11802,783611,16.5,110877,524787,3.2,16040,614933,11.3,62290,192470,0,-77,National,12.4,837014,10.025,6.275,5.6225000000000005,0.3,5.425,NA,NA,NA,NA,NA,NA,NA,NA,NA,NA,NA,NA,NA,NA,NA,NA,NA,NA,NA,NA,NA,NA,NA,NA,NA,NA,NA,NA,NA,NA,NA,NA
2015,Waipa District,Other,0.9518500000000001,0.917075,1.011025,National,6.275,5.6225000000000005,National,12.4,National,837014,National,5.775,3.225,5.625,National,3002.098360655738,2450.4571948998178,5225.078324225865,1898.457194899818,National,91323.956284153,100564.35154826958,109760.74134790528,90456.9781420765,National,11,449679,2.7,11802,783611,16.5,110877,524787,3.2,16040,614933,11.3,62290,192470,0,-77,National,12.4,837014,10.025,6.275,5.6225000000000005,0.3,5.425,NA,NA,NA,NA,NA,NA,NA,NA,NA,NA,NA,NA,NA,NA,NA,NA,NA,NA,NA,NA,NA,NA,NA,NA,NA,NA,NA,NA,NA,NA,NA,NA
2015,Wairoa District,Other,1.2564250000000001,1.207325,0.9864499999999999,National,6.275,5.6225000000000005,National,12.4,National,837014,National,5.775,3.225,5.625,National,3002.098360655738,2450.4571948998178,5225.078324225865,1898.457194899818,National,91323.956284153,100564.35154826958,109760.74134790528,90456.9781420765,National,11,449679,2.7,11802,783611,16.5,110877,524787,3.2,16040,614933,11.3,62290,192470,0,-77,National,12.4,837014,10.025,6.275,5.6225000000000005,0.3,5.425,NA,NA,NA,NA,NA,NA,NA,NA,NA,NA,NA,NA,NA,NA,NA,NA,NA,NA,NA,NA,NA,NA,NA,NA,NA,NA,NA,NA,NA,NA,NA,NA
2015,Waitaki District,Other,1.075825,1.0351249999999999,1.013575,National,6.275,5.6225000000000005,National,12.4,National,837014,National,5.775,3.225,5.625,National,3002.098360655738,2450.4571948998178,5225.078324225865,1898.457194899818,National,91323.956284153,100564.35154826958,109760.74134790528,90456.9781420765,National,11,449679,2.7,11802,783611,16.5,110877,524787,3.2,16040,614933,11.3,62290,192470,0,-77,National,12.4,837014,10.025,6.275,5.6225000000000005,0.3,5.425,NA,NA,NA,NA,NA,NA,NA,NA,NA,NA,NA,NA,NA,NA,NA,NA,NA,NA,NA,NA,NA,NA,NA,NA,NA,NA,NA,NA,NA,NA,NA,NA
2015,Waitomo District,Other,1.0461,1.0046,1.032375,National,6.275,5.6225000000000005,National,12.4,National,837014,National,5.775,3.225,5.625,National,3002.098360655738,2450.4571948998178,5225.078324225865,1898.457194899818,National,91323.956284153,100564.35154826958,109760.74134790528,90456.9781420765,National,11,449679,2.7,11802,783611,16.5,110877,524787,3.2,16040,614933,11.3,62290,192470,0,-77,National,12.4,837014,10.025,6.275,5.6225000000000005,0.3,5.425,NA,NA,NA,NA,NA,NA,NA,NA,NA,NA,NA,NA,NA,NA,NA,NA,NA,NA,NA,NA,NA,NA,NA,NA,NA,NA,NA,NA,NA,NA,NA,NA
2015,Wellington,Wellington Rural,1.077075,1.036225,1.067,National,6.275,5.6225000000000005,National,12.4,National,837014,National,5.775,3.225,5.625,National,3002.098360655738,2450.4571948998178,5225.078324225865,1898.457194899818,National,91323.956284153,100564.35154826958,109760.74134790528,90456.9781420765,National,11,449679,2.7,11802,783611,16.5,110877,524787,3.2,16040,614933,11.3,62290,192470,0,-77,National,12.4,837014,10.025,6.275,5.6225000000000005,0.3,5.425,NA,NA,NA,NA,NA,NA,NA,NA,NA,NA,NA,NA,NA,NA,NA,NA,NA,NA,NA,NA,NA,NA,NA,NA,NA,NA,NA,NA,NA,NA,NA,NA
2015,Wellington City,Wellington Urban,1.0543,1.014525,1.072625,National,6.275,5.6225000000000005,National,12.4,National,837014,National,5.775,3.225,5.625,National,3002.098360655738,2450.4571948998178,5225.078324225865,1898.457194899818,National,91323.956284153,100564.35154826958,109760.74134790528,90456.9781420765,National,11,449679,2.7,11802,783611,16.5,110877,524787,3.2,16040,614933,11.3,62290,192470,0,-77,National,12.4,837014,10.025,6.275,5.6225000000000005,0.3,5.425,NA,NA,NA,NA,NA,NA,NA,NA,NA,NA,NA,NA,NA,NA,NA,NA,NA,NA,NA,NA,NA,NA,NA,NA,NA,NA,NA,NA,NA,NA,NA,NA
2015,West Coast,Other,1.1242999999999999,1.080025,1.1374499999999999,National,6.275,5.6225000000000005,National,12.4,National,837014,National,5.775,3.225,5.625,National,3002.098360655738,2450.4571948998178,5225.078324225865,1898.457194899818,National,91323.956284153,100564.35154826958,109760.74134790528,90456.9781420765,National,11,449679,2.7,11802,783611,16.5,110877,524787,3.2,16040,614933,11.3,62290,192470,0,-77,National,12.4,837014,10.025,6.275,5.6225000000000005,0.3,5.425,NA,NA,NA,NA,NA,NA,NA,NA,NA,NA,NA,NA,NA,NA,NA,NA,NA,NA,NA,NA,NA,NA,NA,NA,NA,NA,NA,NA,NA,NA,NA,NA
2015,Western Bay of Plenty District,Other,1.0258500000000002,0.988225,1.0120749999999998,National,6.275,5.6225000000000005,National,12.4,National,837014,National,5.775,3.225,5.625,National,3002.098360655738,2450.4571948998178,5225.078324225865,1898.457194899818,National,91323.956284153,100564.35154826958,109760.74134790528,90456.9781420765,National,11,449679,2.7,11802,783611,16.5,110877,524787,3.2,16040,614933,11.3,62290,192470,0,-77,National,12.4,837014,10.025,6.275,5.6225000000000005,0.3,5.425,NA,NA,NA,NA,NA,NA,NA,NA,NA,NA,NA,NA,NA,NA,NA,NA,NA,NA,NA,NA,NA,NA,NA,NA,NA,NA,NA,NA,NA,NA,NA,NA
2015,Westland District,Other,1.0962749999999999,1.053325,0.977525,National,6.275,5.6225000000000005,National,12.4,National,837014,National,5.775,3.225,5.625,National,3002.098360655738,2450.4571948998178,5225.078324225865,1898.457194899818,National,91323.956284153,100564.35154826958,109760.74134790528,90456.9781420765,National,11,449679,2.7,11802,783611,16.5,110877,524787,3.2,16040,614933,11.3,62290,192470,0,-77,National,12.4,837014,10.025,6.275,5.6225000000000005,0.3,5.425,NA,NA,NA,NA,NA,NA,NA,NA,NA,NA,NA,NA,NA,NA,NA,NA,NA,NA,NA,NA,NA,NA,NA,NA,NA,NA,NA,NA,NA,NA,NA,NA
2015,Whakatane District,Other,1.10735,1.066075,1.017775,National,6.275,5.6225000000000005,National,12.4,National,837014,National,5.775,3.225,5.625,National,3002.098360655738,2450.4571948998178,5225.078324225865,1898.457194899818,National,91323.956284153,100564.35154826958,109760.74134790528,90456.9781420765,National,11,449679,2.7,11802,783611,16.5,110877,524787,3.2,16040,614933,11.3,62290,192470,0,-77,National,12.4,837014,10.025,6.275,5.6225000000000005,0.3,5.425,NA,NA,NA,NA,NA,NA,NA,NA,NA,NA,NA,NA,NA,NA,NA,NA,NA,NA,NA,NA,NA,NA,NA,NA,NA,NA,NA,NA,NA,NA,NA,NA
2015,Whanganui District,Other,1.14215,1.098725,1.05355,National,6.275,5.6225000000000005,National,12.4,National,837014,National,5.775,3.225,5.625,National,3002.098360655738,2450.4571948998178,5225.078324225865,1898.457194899818,National,91323.956284153,100564.35154826958,109760.74134790528,90456.9781420765,National,11,449679,2.7,11802,783611,16.5,110877,524787,3.2,16040,614933,11.3,62290,192470,0,-77,National,12.4,837014,10.025,6.275,5.6225000000000005,0.3,5.425,NA,NA,NA,NA,NA,NA,NA,NA,NA,NA,NA,NA,NA,NA,NA,NA,NA,NA,NA,NA,NA,NA,NA,NA,NA,NA,NA,NA,NA,NA,NA,NA
2015,Whangarei District,Other,1.03175,0.9939,1.01895,National,6.275,5.6225000000000005,National,12.4,National,837014,National,5.775,3.225,5.625,National,3002.098360655738,2450.4571948998178,5225.078324225865,1898.457194899818,National,91323.956284153,100564.35154826958,109760.74134790528,90456.9781420765,National,11,449679,2.7,11802,783611,16.5,110877,524787,3.2,16040,614933,11.3,62290,192470,0,-77,National,12.4,837014,10.025,6.275,5.6225000000000005,0.3,5.425,NA,NA,NA,NA,NA,NA,NA,NA,NA,NA,NA,NA,NA,NA,NA,NA,NA,NA,NA,NA,NA,NA,NA,NA,NA,NA,NA,NA,NA,NA,NA,NA
2016,Ashburton District,Canterbury Rural,1.0405250000000001,0.909475,0.994625,National,5.699166666666667,5.095833333333333,National,14.2,National,970210.75,National,5.3,3.35,5.375,National,3806.604311699977,3452.5708024552737,6219.482695186765,2061.494775058013,National,94696.9793622277,103642.17640729097,115252.58576989296,92246.14481810016,National,12,472184,5,22505,895381,14.3,111770,598234,14,73447,669453,8.9,54520,205687,6.9,13217,National,14.2,970210.75,8.95,5.699166666666667,5.095833333333333,0.625,5.175,NA,NA,NA,NA,NA,NA,NA,NA,NA,NA,NA,NA,NA,NA,NA,NA,NA,NA,NA,NA,NA,NA,NA,NA,NA,NA,NA,NA,NA,NA,NA,NA
2016,Auckland,Auckland Urban,0.7424499999999999,0.6490625,0.9890625,National,5.699166666666667,5.095833333333333,National,14.2,National,970210.75,National,5.3,3.35,5.375,National,3806.604311699977,3452.5708024552737,6219.482695186765,2061.494775058013,National,94696.9793622277,103642.17640729097,115252.58576989296,92246.14481810016,National,12,472184,5,22505,895381,14.3,111770,598234,14,73447,669453,8.9,54520,205687,6.9,13217,National,14.2,970210.75,8.95,5.699166666666667,5.095833333333333,0.625,5.175,NA,NA,NA,NA,NA,NA,NA,NA,NA,NA,NA,NA,NA,NA,NA,NA,NA,NA,NA,NA,NA,NA,NA,NA,NA,NA,NA,NA,NA,NA,NA,NA
2016,Bay of Plenty,Other,0.937375,0.8195,0.9514750000000001,National,5.699166666666667,5.095833333333333,National,14.2,National,970210.75,National,5.3,3.35,5.375,National,3806.604311699977,3452.5708024552737,6219.482695186765,2061.494775058013,National,94696.9793622277,103642.17640729097,115252.58576989296,92246.14481810016,National,12,472184,5,22505,895381,14.3,111770,598234,14,73447,669453,8.9,54520,205687,6.9,13217,National,14.2,970210.75,8.95,5.699166666666667,5.095833333333333,0.625,5.175,NA,NA,NA,NA,NA,NA,NA,NA,NA,NA,NA,NA,NA,NA,NA,NA,NA,NA,NA,NA,NA,NA,NA,NA,NA,NA,NA,NA,NA,NA,NA,NA
2016,Buller District,Other,1.15055,1.00555,1.28535,National,5.699166666666667,5.095833333333333,National,14.2,National,970210.75,National,5.3,3.35,5.375,National,3806.604311699977,3452.5708024552737,6219.482695186765,2061.494775058013,National,94696.9793622277,103642.17640729097,115252.58576989296,92246.14481810016,National,12,472184,5,22505,895381,14.3,111770,598234,14,73447,669453,8.9,54520,205687,6.9,13217,National,14.2,970210.75,8.95,5.699166666666667,5.095833333333333,0.625,5.175,NA,NA,NA,NA,NA,NA,NA,NA,NA,NA,NA,NA,NA,NA,NA,NA,NA,NA,NA,NA,NA,NA,NA,NA,NA,NA,NA,NA,NA,NA,NA,NA
2016,Canterbury,Canterbury Rural,1.04625,0.91445,1.02705,National,5.699166666666667,5.095833333333333,National,14.2,National,970210.75,National,5.3,3.35,5.375,National,3806.604311699977,3452.5708024552737,6219.482695186765,2061.494775058013,National,94696.9793622277,103642.17640729097,115252.58576989296,92246.14481810016,National,12,472184,5,22505,895381,14.3,111770,598234,14,73447,669453,8.9,54520,205687,6.9,13217,National,14.2,970210.75,8.95,5.699166666666667,5.095833333333333,0.625,5.175,NA,NA,NA,NA,NA,NA,NA,NA,NA,NA,NA,NA,NA,NA,NA,NA,NA,NA,NA,NA,NA,NA,NA,NA,NA,NA,NA,NA,NA,NA,NA,NA
2016,Carterton District,Wellington Rural,1.0135,0.886,0.946075,National,5.699166666666667,5.095833333333333,National,14.2,National,970210.75,National,5.3,3.35,5.375,National,3806.604311699977,3452.5708024552737,6219.482695186765,2061.494775058013,National,94696.9793622277,103642.17640729097,115252.58576989296,92246.14481810016,National,12,472184,5,22505,895381,14.3,111770,598234,14,73447,669453,8.9,54520,205687,6.9,13217,National,14.2,970210.75,8.95,5.699166666666667,5.095833333333333,0.625,5.175,NA,NA,NA,NA,NA,NA,NA,NA,NA,NA,NA,NA,NA,NA,NA,NA,NA,NA,NA,NA,NA,NA,NA,NA,NA,NA,NA,NA,NA,NA,NA,NA
2016,Central Hawkes Bay District,Other,1.13545,0.99255,0.93775,National,5.699166666666667,5.095833333333333,National,14.2,National,970210.75,National,5.3,3.35,5.375,National,3806.604311699977,3452.5708024552737,6219.482695186765,2061.494775058013,National,94696.9793622277,103642.17640729097,115252.58576989296,92246.14481810016,National,12,472184,5,22505,895381,14.3,111770,598234,14,73447,669453,8.9,54520,205687,6.9,13217,National,14.2,970210.75,8.95,5.699166666666667,5.095833333333333,0.625,5.175,NA,NA,NA,NA,NA,NA,NA,NA,NA,NA,NA,NA,NA,NA,NA,NA,NA,NA,NA,NA,NA,NA,NA,NA,NA,NA,NA,NA,NA,NA,NA,NA
2016,Central Otago District,Other,0.995125,0.8699,0.94705,National,5.699166666666667,5.095833333333333,National,14.2,National,970210.75,National,5.3,3.35,5.375,National,3806.604311699977,3452.5708024552737,6219.482695186765,2061.494775058013,National,94696.9793622277,103642.17640729097,115252.58576989296,92246.14481810016,National,12,472184,5,22505,895381,14.3,111770,598234,14,73447,669453,8.9,54520,205687,6.9,13217,National,14.2,970210.75,8.95,5.699166666666667,5.095833333333333,0.625,5.175,NA,NA,NA,NA,NA,NA,NA,NA,NA,NA,NA,NA,NA,NA,NA,NA,NA,NA,NA,NA,NA,NA,NA,NA,NA,NA,NA,NA,NA,NA,NA,NA
2016,Christchurch City,Canterbury Urban,1.014025,0.8863,1.0114,National,5.699166666666667,5.095833333333333,National,14.2,National,970210.75,National,5.3,3.35,5.375,National,3806.604311699977,3452.5708024552737,6219.482695186765,2061.494775058013,National,94696.9793622277,103642.17640729097,115252.58576989296,92246.14481810016,National,12,472184,5,22505,895381,14.3,111770,598234,14,73447,669453,8.9,54520,205687,6.9,13217,National,14.2,970210.75,8.95,5.699166666666667,5.095833333333333,0.625,5.175,NA,NA,NA,NA,NA,NA,NA,NA,NA,NA,NA,NA,NA,NA,NA,NA,NA,NA,NA,NA,NA,NA,NA,NA,NA,NA,NA,NA,NA,NA,NA,NA
2016,Clutha District,Other,1.062525,0.928725,0.973375,National,5.699166666666667,5.095833333333333,National,14.2,National,970210.75,National,5.3,3.35,5.375,National,3806.604311699977,3452.5708024552737,6219.482695186765,2061.494775058013,National,94696.9793622277,103642.17640729097,115252.58576989296,92246.14481810016,National,12,472184,5,22505,895381,14.3,111770,598234,14,73447,669453,8.9,54520,205687,6.9,13217,National,14.2,970210.75,8.95,5.699166666666667,5.095833333333333,0.625,5.175,NA,NA,NA,NA,NA,NA,NA,NA,NA,NA,NA,NA,NA,NA,NA,NA,NA,NA,NA,NA,NA,NA,NA,NA,NA,NA,NA,NA,NA,NA,NA,NA
2016,Dunedin City,Other,1.037925,0.9073,1.14335,National,5.699166666666667,5.095833333333333,National,14.2,National,970210.75,National,5.3,3.35,5.375,National,3806.604311699977,3452.5708024552737,6219.482695186765,2061.494775058013,National,94696.9793622277,103642.17640729097,115252.58576989296,92246.14481810016,National,12,472184,5,22505,895381,14.3,111770,598234,14,73447,669453,8.9,54520,205687,6.9,13217,National,14.2,970210.75,8.95,5.699166666666667,5.095833333333333,0.625,5.175,NA,NA,NA,NA,NA,NA,NA,NA,NA,NA,NA,NA,NA,NA,NA,NA,NA,NA,NA,NA,NA,NA,NA,NA,NA,NA,NA,NA,NA,NA,NA,NA
2016,Far North District,Other,1.10975,0.970075,1.031425,National,5.699166666666667,5.095833333333333,National,14.2,National,970210.75,National,5.3,3.35,5.375,National,3806.604311699977,3452.5708024552737,6219.482695186765,2061.494775058013,National,94696.9793622277,103642.17640729097,115252.58576989296,92246.14481810016,National,12,472184,5,22505,895381,14.3,111770,598234,14,73447,669453,8.9,54520,205687,6.9,13217,National,14.2,970210.75,8.95,5.699166666666667,5.095833333333333,0.625,5.175,NA,NA,NA,NA,NA,NA,NA,NA,NA,NA,NA,NA,NA,NA,NA,NA,NA,NA,NA,NA,NA,NA,NA,NA,NA,NA,NA,NA,NA,NA,NA,NA
2016,Gisborne,Other,1.1404,0.996975,1.035325,National,5.699166666666667,5.095833333333333,National,14.2,National,970210.75,National,5.3,3.35,5.375,National,3806.604311699977,3452.5708024552737,6219.482695186765,2061.494775058013,National,94696.9793622277,103642.17640729097,115252.58576989296,92246.14481810016,National,12,472184,5,22505,895381,14.3,111770,598234,14,73447,669453,8.9,54520,205687,6.9,13217,National,14.2,970210.75,8.95,5.699166666666667,5.095833333333333,0.625,5.175,NA,NA,NA,NA,NA,NA,NA,NA,NA,NA,NA,NA,NA,NA,NA,NA,NA,NA,NA,NA,NA,NA,NA,NA,NA,NA,NA,NA,NA,NA,NA,NA
2016,Gisborne District,Other,1.1404,0.996975,1.035325,National,5.699166666666667,5.095833333333333,National,14.2,National,970210.75,National,5.3,3.35,5.375,National,3806.604311699977,3452.5708024552737,6219.482695186765,2061.494775058013,National,94696.9793622277,103642.17640729097,115252.58576989296,92246.14481810016,National,12,472184,5,22505,895381,14.3,111770,598234,14,73447,669453,8.9,54520,205687,6.9,13217,National,14.2,970210.75,8.95,5.699166666666667,5.095833333333333,0.625,5.175,NA,NA,NA,NA,NA,NA,NA,NA,NA,NA,NA,NA,NA,NA,NA,NA,NA,NA,NA,NA,NA,NA,NA,NA,NA,NA,NA,NA,NA,NA,NA,NA
2016,Gore District,Other,1.194425,1.044,0.9839,National,5.699166666666667,5.095833333333333,National,14.2,National,970210.75,National,5.3,3.35,5.375,National,3806.604311699977,3452.5708024552737,6219.482695186765,2061.494775058013,National,94696.9793622277,103642.17640729097,115252.58576989296,92246.14481810016,National,12,472184,5,22505,895381,14.3,111770,598234,14,73447,669453,8.9,54520,205687,6.9,13217,National,14.2,970210.75,8.95,5.699166666666667,5.095833333333333,0.625,5.175,NA,NA,NA,NA,NA,NA,NA,NA,NA,NA,NA,NA,NA,NA,NA,NA,NA,NA,NA,NA,NA,NA,NA,NA,NA,NA,NA,NA,NA,NA,NA,NA
2016,Grey District,Other,1.240475,1.0842,1.0566,National,5.699166666666667,5.095833333333333,National,14.2,National,970210.75,National,5.3,3.35,5.375,National,3806.604311699977,3452.5708024552737,6219.482695186765,2061.494775058013,National,94696.9793622277,103642.17640729097,115252.58576989296,92246.14481810016,National,12,472184,5,22505,895381,14.3,111770,598234,14,73447,669453,8.9,54520,205687,6.9,13217,National,14.2,970210.75,8.95,5.699166666666667,5.095833333333333,0.625,5.175,NA,NA,NA,NA,NA,NA,NA,NA,NA,NA,NA,NA,NA,NA,NA,NA,NA,NA,NA,NA,NA,NA,NA,NA,NA,NA,NA,NA,NA,NA,NA,NA
2016,Hamilton City,Other,0.8217,0.71845,0.983525,National,5.699166666666667,5.095833333333333,National,14.2,National,970210.75,National,5.3,3.35,5.375,National,3806.604311699977,3452.5708024552737,6219.482695186765,2061.494775058013,National,94696.9793622277,103642.17640729097,115252.58576989296,92246.14481810016,National,12,472184,5,22505,895381,14.3,111770,598234,14,73447,669453,8.9,54520,205687,6.9,13217,National,14.2,970210.75,8.95,5.699166666666667,5.095833333333333,0.625,5.175,NA,NA,NA,NA,NA,NA,NA,NA,NA,NA,NA,NA,NA,NA,NA,NA,NA,NA,NA,NA,NA,NA,NA,NA,NA,NA,NA,NA,NA,NA,NA,NA
2016,Hastings District,Other,1.03065,0.90105,1.027475,National,5.699166666666667,5.095833333333333,National,14.2,National,970210.75,National,5.3,3.35,5.375,National,3806.604311699977,3452.5708024552737,6219.482695186765,2061.494775058013,National,94696.9793622277,103642.17640729097,115252.58576989296,92246.14481810016,National,12,472184,5,22505,895381,14.3,111770,598234,14,73447,669453,8.9,54520,205687,6.9,13217,National,14.2,970210.75,8.95,5.699166666666667,5.095833333333333,0.625,5.175,NA,NA,NA,NA,NA,NA,NA,NA,NA,NA,NA,NA,NA,NA,NA,NA,NA,NA,NA,NA,NA,NA,NA,NA,NA,NA,NA,NA,NA,NA,NA,NA
2016,Hauraki District,Other,0.97885,0.85575,0.97755,National,5.699166666666667,5.095833333333333,National,14.2,National,970210.75,National,5.3,3.35,5.375,National,3806.604311699977,3452.5708024552737,6219.482695186765,2061.494775058013,National,94696.9793622277,103642.17640729097,115252.58576989296,92246.14481810016,National,12,472184,5,22505,895381,14.3,111770,598234,14,73447,669453,8.9,54520,205687,6.9,13217,National,14.2,970210.75,8.95,5.699166666666667,5.095833333333333,0.625,5.175,NA,NA,NA,NA,NA,NA,NA,NA,NA,NA,NA,NA,NA,NA,NA,NA,NA,NA,NA,NA,NA,NA,NA,NA,NA,NA,NA,NA,NA,NA,NA,NA
2016,Hawke's Bay,Other,1.0431,0.911875,1.02875,National,5.699166666666667,5.095833333333333,National,14.2,National,970210.75,National,5.3,3.35,5.375,National,3806.604311699977,3452.5708024552737,6219.482695186765,2061.494775058013,National,94696.9793622277,103642.17640729097,115252.58576989296,92246.14481810016,National,12,472184,5,22505,895381,14.3,111770,598234,14,73447,669453,8.9,54520,205687,6.9,13217,National,14.2,970210.75,8.95,5.699166666666667,5.095833333333333,0.625,5.175,NA,NA,NA,NA,NA,NA,NA,NA,NA,NA,NA,NA,NA,NA,NA,NA,NA,NA,NA,NA,NA,NA,NA,NA,NA,NA,NA,NA,NA,NA,NA,NA
2016,Horowhenua District,Other,1.113775,0.97375,1.0387,National,5.699166666666667,5.095833333333333,National,14.2,National,970210.75,National,5.3,3.35,5.375,National,3806.604311699977,3452.5708024552737,6219.482695186765,2061.494775058013,National,94696.9793622277,103642.17640729097,115252.58576989296,92246.14481810016,National,12,472184,5,22505,895381,14.3,111770,598234,14,73447,669453,8.9,54520,205687,6.9,13217,National,14.2,970210.75,8.95,5.699166666666667,5.095833333333333,0.625,5.175,NA,NA,NA,NA,NA,NA,NA,NA,NA,NA,NA,NA,NA,NA,NA,NA,NA,NA,NA,NA,NA,NA,NA,NA,NA,NA,NA,NA,NA,NA,NA,NA
2016,Hurunui District,Canterbury Rural,1.1137,0.973525,0.98545,National,5.699166666666667,5.095833333333333,National,14.2,National,970210.75,National,5.3,3.35,5.375,National,3806.604311699977,3452.5708024552737,6219.482695186765,2061.494775058013,National,94696.9793622277,103642.17640729097,115252.58576989296,92246.14481810016,National,12,472184,5,22505,895381,14.3,111770,598234,14,73447,669453,8.9,54520,205687,6.9,13217,National,14.2,970210.75,8.95,5.699166666666667,5.095833333333333,0.625,5.175,NA,NA,NA,NA,NA,NA,NA,NA,NA,NA,NA,NA,NA,NA,NA,NA,NA,NA,NA,NA,NA,NA,NA,NA,NA,NA,NA,NA,NA,NA,NA,NA
2016,Hutt City,Wellington Urban,1.0545499999999999,0.9219999999999999,1.045175,National,5.699166666666667,5.095833333333333,National,14.2,National,970210.75,National,5.3,3.35,5.375,National,3806.604311699977,3452.5708024552737,6219.482695186765,2061.494775058013,National,94696.9793622277,103642.17640729097,115252.58576989296,92246.14481810016,National,12,472184,5,22505,895381,14.3,111770,598234,14,73447,669453,8.9,54520,205687,6.9,13217,National,14.2,970210.75,8.95,5.699166666666667,5.095833333333333,0.625,5.175,NA,NA,NA,NA,NA,NA,NA,NA,NA,NA,NA,NA,NA,NA,NA,NA,NA,NA,NA,NA,NA,NA,NA,NA,NA,NA,NA,NA,NA,NA,NA,NA
2016,Invercargill City,Other,1.1495,1.00485,1.0267249999999999,National,5.699166666666667,5.095833333333333,National,14.2,National,970210.75,National,5.3,3.35,5.375,National,3806.604311699977,3452.5708024552737,6219.482695186765,2061.494775058013,National,94696.9793622277,103642.17640729097,115252.58576989296,92246.14481810016,National,12,472184,5,22505,895381,14.3,111770,598234,14,73447,669453,8.9,54520,205687,6.9,13217,National,14.2,970210.75,8.95,5.699166666666667,5.095833333333333,0.625,5.175,NA,NA,NA,NA,NA,NA,NA,NA,NA,NA,NA,NA,NA,NA,NA,NA,NA,NA,NA,NA,NA,NA,NA,NA,NA,NA,NA,NA,NA,NA,NA,NA
2016,Kaikoura District,Other,1.153975,1.0085250000000001,1.1193499999999998,National,5.699166666666667,5.095833333333333,National,14.2,National,970210.75,National,5.3,3.35,5.375,National,3806.604311699977,3452.5708024552737,6219.482695186765,2061.494775058013,National,94696.9793622277,103642.17640729097,115252.58576989296,92246.14481810016,National,12,472184,5,22505,895381,14.3,111770,598234,14,73447,669453,8.9,54520,205687,6.9,13217,National,14.2,970210.75,8.95,5.699166666666667,5.095833333333333,0.625,5.175,NA,NA,NA,NA,NA,NA,NA,NA,NA,NA,NA,NA,NA,NA,NA,NA,NA,NA,NA,NA,NA,NA,NA,NA,NA,NA,NA,NA,NA,NA,NA,NA
2016,Kaipara District,Other,0.9319999999999999,0.814675,0.988175,National,5.699166666666667,5.095833333333333,National,14.2,National,970210.75,National,5.3,3.35,5.375,National,3806.604311699977,3452.5708024552737,6219.482695186765,2061.494775058013,National,94696.9793622277,103642.17640729097,115252.58576989296,92246.14481810016,National,12,472184,5,22505,895381,14.3,111770,598234,14,73447,669453,8.9,54520,205687,6.9,13217,National,14.2,970210.75,8.95,5.699166666666667,5.095833333333333,0.625,5.175,NA,NA,NA,NA,NA,NA,NA,NA,NA,NA,NA,NA,NA,NA,NA,NA,NA,NA,NA,NA,NA,NA,NA,NA,NA,NA,NA,NA,NA,NA,NA,NA
2016,Kapiti Coast District,Wellington Rural,1.0491000000000001,0.917125,1.025725,National,5.699166666666667,5.095833333333333,National,14.2,National,970210.75,National,5.3,3.35,5.375,National,3806.604311699977,3452.5708024552737,6219.482695186765,2061.494775058013,National,94696.9793622277,103642.17640729097,115252.58576989296,92246.14481810016,National,12,472184,5,22505,895381,14.3,111770,598234,14,73447,669453,8.9,54520,205687,6.9,13217,National,14.2,970210.75,8.95,5.699166666666667,5.095833333333333,0.625,5.175,NA,NA,NA,NA,NA,NA,NA,NA,NA,NA,NA,NA,NA,NA,NA,NA,NA,NA,NA,NA,NA,NA,NA,NA,NA,NA,NA,NA,NA,NA,NA,NA
2016,Kawerau District,Other,0.9756,0.85325,0.9969,National,5.699166666666667,5.095833333333333,National,14.2,National,970210.75,National,5.3,3.35,5.375,National,3806.604311699977,3452.5708024552737,6219.482695186765,2061.494775058013,National,94696.9793622277,103642.17640729097,115252.58576989296,92246.14481810016,National,12,472184,5,22505,895381,14.3,111770,598234,14,73447,669453,8.9,54520,205687,6.9,13217,National,14.2,970210.75,8.95,5.699166666666667,5.095833333333333,0.625,5.175,NA,NA,NA,NA,NA,NA,NA,NA,NA,NA,NA,NA,NA,NA,NA,NA,NA,NA,NA,NA,NA,NA,NA,NA,NA,NA,NA,NA,NA,NA,NA,NA
2016,MacKenzie District,Canterbury Rural,0.965125,0.84365,1.12415,National,5.699166666666667,5.095833333333333,National,14.2,National,970210.75,National,5.3,3.35,5.375,National,3806.604311699977,3452.5708024552737,6219.482695186765,2061.494775058013,National,94696.9793622277,103642.17640729097,115252.58576989296,92246.14481810016,National,12,472184,5,22505,895381,14.3,111770,598234,14,73447,669453,8.9,54520,205687,6.9,13217,National,14.2,970210.75,8.95,5.699166666666667,5.095833333333333,0.625,5.175,NA,NA,NA,NA,NA,NA,NA,NA,NA,NA,NA,NA,NA,NA,NA,NA,NA,NA,NA,NA,NA,NA,NA,NA,NA,NA,NA,NA,NA,NA,NA,NA
2016,Manawatu District,Other,1.133475,0.9908,0.998375,National,5.699166666666667,5.095833333333333,National,14.2,National,970210.75,National,5.3,3.35,5.375,National,3806.604311699977,3452.5708024552737,6219.482695186765,2061.494775058013,National,94696.9793622277,103642.17640729097,115252.58576989296,92246.14481810016,National,12,472184,5,22505,895381,14.3,111770,598234,14,73447,669453,8.9,54520,205687,6.9,13217,National,14.2,970210.75,8.95,5.699166666666667,5.095833333333333,0.625,5.175,NA,NA,NA,NA,NA,NA,NA,NA,NA,NA,NA,NA,NA,NA,NA,NA,NA,NA,NA,NA,NA,NA,NA,NA,NA,NA,NA,NA,NA,NA,NA,NA
2016,Manawatu-Wanganui,Other,1.12565,0.984,1.013725,National,5.699166666666667,5.095833333333333,National,14.2,National,970210.75,National,5.3,3.35,5.375,National,3806.604311699977,3452.5708024552737,6219.482695186765,2061.494775058013,National,94696.9793622277,103642.17640729097,115252.58576989296,92246.14481810016,National,12,472184,5,22505,895381,14.3,111770,598234,14,73447,669453,8.9,54520,205687,6.9,13217,National,14.2,970210.75,8.95,5.699166666666667,5.095833333333333,0.625,5.175,NA,NA,NA,NA,NA,NA,NA,NA,NA,NA,NA,NA,NA,NA,NA,NA,NA,NA,NA,NA,NA,NA,NA,NA,NA,NA,NA,NA,NA,NA,NA,NA
2016,Marlborough,Other,1.084275,0.9478500000000001,0.997375,National,5.699166666666667,5.095833333333333,National,14.2,National,970210.75,National,5.3,3.35,5.375,National,3806.604311699977,3452.5708024552737,6219.482695186765,2061.494775058013,National,94696.9793622277,103642.17640729097,115252.58576989296,92246.14481810016,National,12,472184,5,22505,895381,14.3,111770,598234,14,73447,669453,8.9,54520,205687,6.9,13217,National,14.2,970210.75,8.95,5.699166666666667,5.095833333333333,0.625,5.175,NA,NA,NA,NA,NA,NA,NA,NA,NA,NA,NA,NA,NA,NA,NA,NA,NA,NA,NA,NA,NA,NA,NA,NA,NA,NA,NA,NA,NA,NA,NA,NA
2016,Marlborough District,Other,1.084275,0.9478500000000001,0.997325,National,5.699166666666667,5.095833333333333,National,14.2,National,970210.75,National,5.3,3.35,5.375,National,3806.604311699977,3452.5708024552737,6219.482695186765,2061.494775058013,National,94696.9793622277,103642.17640729097,115252.58576989296,92246.14481810016,National,12,472184,5,22505,895381,14.3,111770,598234,14,73447,669453,8.9,54520,205687,6.9,13217,National,14.2,970210.75,8.95,5.699166666666667,5.095833333333333,0.625,5.175,NA,NA,NA,NA,NA,NA,NA,NA,NA,NA,NA,NA,NA,NA,NA,NA,NA,NA,NA,NA,NA,NA,NA,NA,NA,NA,NA,NA,NA,NA,NA,NA
2016,Masterton District,Wellington Rural,1.194375,1.044,0.9988250000000001,National,5.699166666666667,5.095833333333333,National,14.2,National,970210.75,National,5.3,3.35,5.375,National,3806.604311699977,3452.5708024552737,6219.482695186765,2061.494775058013,National,94696.9793622277,103642.17640729097,115252.58576989296,92246.14481810016,National,12,472184,5,22505,895381,14.3,111770,598234,14,73447,669453,8.9,54520,205687,6.9,13217,National,14.2,970210.75,8.95,5.699166666666667,5.095833333333333,0.625,5.175,NA,NA,NA,NA,NA,NA,NA,NA,NA,NA,NA,NA,NA,NA,NA,NA,NA,NA,NA,NA,NA,NA,NA,NA,NA,NA,NA,NA,NA,NA,NA,NA
2016,Matamata Piako District,Other,0.9378500000000001,0.819975,0.974975,National,5.699166666666667,5.095833333333333,National,14.2,National,970210.75,National,5.3,3.35,5.375,National,3806.604311699977,3452.5708024552737,6219.482695186765,2061.494775058013,National,94696.9793622277,103642.17640729097,115252.58576989296,92246.14481810016,National,12,472184,5,22505,895381,14.3,111770,598234,14,73447,669453,8.9,54520,205687,6.9,13217,National,14.2,970210.75,8.95,5.699166666666667,5.095833333333333,0.625,5.175,NA,NA,NA,NA,NA,NA,NA,NA,NA,NA,NA,NA,NA,NA,NA,NA,NA,NA,NA,NA,NA,NA,NA,NA,NA,NA,NA,NA,NA,NA,NA,NA
2016,Napier City,Other,1.02965,0.9001750000000001,1.0402,National,5.699166666666667,5.095833333333333,National,14.2,National,970210.75,National,5.3,3.35,5.375,National,3806.604311699977,3452.5708024552737,6219.482695186765,2061.494775058013,National,94696.9793622277,103642.17640729097,115252.58576989296,92246.14481810016,National,12,472184,5,22505,895381,14.3,111770,598234,14,73447,669453,8.9,54520,205687,6.9,13217,National,14.2,970210.75,8.95,5.699166666666667,5.095833333333333,0.625,5.175,NA,NA,NA,NA,NA,NA,NA,NA,NA,NA,NA,NA,NA,NA,NA,NA,NA,NA,NA,NA,NA,NA,NA,NA,NA,NA,NA,NA,NA,NA,NA,NA
2016,Nelson,Other,1.0361,0.905725,1.06225,National,5.699166666666667,5.095833333333333,National,14.2,National,970210.75,National,5.3,3.35,5.375,National,3806.604311699977,3452.5708024552737,6219.482695186765,2061.494775058013,National,94696.9793622277,103642.17640729097,115252.58576989296,92246.14481810016,National,12,472184,5,22505,895381,14.3,111770,598234,14,73447,669453,8.9,54520,205687,6.9,13217,National,14.2,970210.75,8.95,5.699166666666667,5.095833333333333,0.625,5.175,NA,NA,NA,NA,NA,NA,NA,NA,NA,NA,NA,NA,NA,NA,NA,NA,NA,NA,NA,NA,NA,NA,NA,NA,NA,NA,NA,NA,NA,NA,NA,NA
2016,Nelson City,Other,1.0361,0.905725,1.0624,National,5.699166666666667,5.095833333333333,National,14.2,National,970210.75,National,5.3,3.35,5.375,National,3806.604311699977,3452.5708024552737,6219.482695186765,2061.494775058013,National,94696.9793622277,103642.17640729097,115252.58576989296,92246.14481810016,National,12,472184,5,22505,895381,14.3,111770,598234,14,73447,669453,8.9,54520,205687,6.9,13217,National,14.2,970210.75,8.95,5.699166666666667,5.095833333333333,0.625,5.175,NA,NA,NA,NA,NA,NA,NA,NA,NA,NA,NA,NA,NA,NA,NA,NA,NA,NA,NA,NA,NA,NA,NA,NA,NA,NA,NA,NA,NA,NA,NA,NA
2016,New Plymouth District,Other,1.02855,0.899025,1.0449000000000002,National,5.699166666666667,5.095833333333333,National,14.2,National,970210.75,National,5.3,3.35,5.375,National,3806.604311699977,3452.5708024552737,6219.482695186765,2061.494775058013,National,94696.9793622277,103642.17640729097,115252.58576989296,92246.14481810016,National,12,472184,5,22505,895381,14.3,111770,598234,14,73447,669453,8.9,54520,205687,6.9,13217,National,14.2,970210.75,8.95,5.699166666666667,5.095833333333333,0.625,5.175,NA,NA,NA,NA,NA,NA,NA,NA,NA,NA,NA,NA,NA,NA,NA,NA,NA,NA,NA,NA,NA,NA,NA,NA,NA,NA,NA,NA,NA,NA,NA,NA
2016,New Zealand,Other,0.870125,0.76065,1.01015,National,5.699166666666667,5.095833333333333,National,14.2,National,970210.75,National,5.3,3.35,5.375,National,3806.604311699977,3452.5708024552737,6219.482695186765,2061.494775058013,National,94696.9793622277,103642.17640729097,115252.58576989296,92246.14481810016,National,12,472184,5,22505,895381,14.3,111770,598234,14,73447,669453,8.9,54520,205687,6.9,13217,National,14.2,970210.75,8.95,5.699166666666667,5.095833333333333,0.625,5.175,NA,NA,NA,NA,NA,NA,NA,NA,NA,NA,NA,NA,NA,NA,NA,NA,NA,NA,NA,NA,NA,NA,NA,NA,NA,NA,NA,NA,NA,NA,NA,NA
2016,Northland,Other,1.0217749999999999,0.89325,1.0084,National,5.699166666666667,5.095833333333333,National,14.2,National,970210.75,National,5.3,3.35,5.375,National,3806.604311699977,3452.5708024552737,6219.482695186765,2061.494775058013,National,94696.9793622277,103642.17640729097,115252.58576989296,92246.14481810016,National,12,472184,5,22505,895381,14.3,111770,598234,14,73447,669453,8.9,54520,205687,6.9,13217,National,14.2,970210.75,8.95,5.699166666666667,5.095833333333333,0.625,5.175,NA,NA,NA,NA,NA,NA,NA,NA,NA,NA,NA,NA,NA,NA,NA,NA,NA,NA,NA,NA,NA,NA,NA,NA,NA,NA,NA,NA,NA,NA,NA,NA
2016,Opotiki District,Other,1.132325,0.9898750000000001,1.02,National,5.699166666666667,5.095833333333333,National,14.2,National,970210.75,National,5.3,3.35,5.375,National,3806.604311699977,3452.5708024552737,6219.482695186765,2061.494775058013,National,94696.9793622277,103642.17640729097,115252.58576989296,92246.14481810016,National,12,472184,5,22505,895381,14.3,111770,598234,14,73447,669453,8.9,54520,205687,6.9,13217,National,14.2,970210.75,8.95,5.699166666666667,5.095833333333333,0.625,5.175,NA,NA,NA,NA,NA,NA,NA,NA,NA,NA,NA,NA,NA,NA,NA,NA,NA,NA,NA,NA,NA,NA,NA,NA,NA,NA,NA,NA,NA,NA,NA,NA
2016,Otago,Other,0.961325,0.840425,1.04175,National,5.699166666666667,5.095833333333333,National,14.2,National,970210.75,National,5.3,3.35,5.375,National,3806.604311699977,3452.5708024552737,6219.482695186765,2061.494775058013,National,94696.9793622277,103642.17640729097,115252.58576989296,92246.14481810016,National,12,472184,5,22505,895381,14.3,111770,598234,14,73447,669453,8.9,54520,205687,6.9,13217,National,14.2,970210.75,8.95,5.699166666666667,5.095833333333333,0.625,5.175,NA,NA,NA,NA,NA,NA,NA,NA,NA,NA,NA,NA,NA,NA,NA,NA,NA,NA,NA,NA,NA,NA,NA,NA,NA,NA,NA,NA,NA,NA,NA,NA
2016,Otorohanga District,Other,1.052775,0.9204,0.9638,National,5.699166666666667,5.095833333333333,National,14.2,National,970210.75,National,5.3,3.35,5.375,National,3806.604311699977,3452.5708024552737,6219.482695186765,2061.494775058013,National,94696.9793622277,103642.17640729097,115252.58576989296,92246.14481810016,National,12,472184,5,22505,895381,14.3,111770,598234,14,73447,669453,8.9,54520,205687,6.9,13217,National,14.2,970210.75,8.95,5.699166666666667,5.095833333333333,0.625,5.175,NA,NA,NA,NA,NA,NA,NA,NA,NA,NA,NA,NA,NA,NA,NA,NA,NA,NA,NA,NA,NA,NA,NA,NA,NA,NA,NA,NA,NA,NA,NA,NA
2016,Palmerston North City,Other,1.0880999999999998,0.9512,1.00345,National,5.699166666666667,5.095833333333333,National,14.2,National,970210.75,National,5.3,3.35,5.375,National,3806.604311699977,3452.5708024552737,6219.482695186765,2061.494775058013,National,94696.9793622277,103642.17640729097,115252.58576989296,92246.14481810016,National,12,472184,5,22505,895381,14.3,111770,598234,14,73447,669453,8.9,54520,205687,6.9,13217,National,14.2,970210.75,8.95,5.699166666666667,5.095833333333333,0.625,5.175,NA,NA,NA,NA,NA,NA,NA,NA,NA,NA,NA,NA,NA,NA,NA,NA,NA,NA,NA,NA,NA,NA,NA,NA,NA,NA,NA,NA,NA,NA,NA,NA
2016,Porirua City,Wellington Urban,1.079275,0.9435250000000001,1.0638999999999998,National,5.699166666666667,5.095833333333333,National,14.2,National,970210.75,National,5.3,3.35,5.375,National,3806.604311699977,3452.5708024552737,6219.482695186765,2061.494775058013,National,94696.9793622277,103642.17640729097,115252.58576989296,92246.14481810016,National,12,472184,5,22505,895381,14.3,111770,598234,14,73447,669453,8.9,54520,205687,6.9,13217,National,14.2,970210.75,8.95,5.699166666666667,5.095833333333333,0.625,5.175,NA,NA,NA,NA,NA,NA,NA,NA,NA,NA,NA,NA,NA,NA,NA,NA,NA,NA,NA,NA,NA,NA,NA,NA,NA,NA,NA,NA,NA,NA,NA,NA
2016,Queenstown Lakes District,Other,0.934325,0.816875,0.92925,National,5.699166666666667,5.095833333333333,National,14.2,National,970210.75,National,5.3,3.35,5.375,National,3806.604311699977,3452.5708024552737,6219.482695186765,2061.494775058013,National,94696.9793622277,103642.17640729097,115252.58576989296,92246.14481810016,National,12,472184,5,22505,895381,14.3,111770,598234,14,73447,669453,8.9,54520,205687,6.9,13217,National,14.2,970210.75,8.95,5.699166666666667,5.095833333333333,0.625,5.175,NA,NA,NA,NA,NA,NA,NA,NA,NA,NA,NA,NA,NA,NA,NA,NA,NA,NA,NA,NA,NA,NA,NA,NA,NA,NA,NA,NA,NA,NA,NA,NA
2016,Rangitikei District,Other,1.257675,1.0993249999999999,1.029125,National,5.699166666666667,5.095833333333333,National,14.2,National,970210.75,National,5.3,3.35,5.375,National,3806.604311699977,3452.5708024552737,6219.482695186765,2061.494775058013,National,94696.9793622277,103642.17640729097,115252.58576989296,92246.14481810016,National,12,472184,5,22505,895381,14.3,111770,598234,14,73447,669453,8.9,54520,205687,6.9,13217,National,14.2,970210.75,8.95,5.699166666666667,5.095833333333333,0.625,5.175,NA,NA,NA,NA,NA,NA,NA,NA,NA,NA,NA,NA,NA,NA,NA,NA,NA,NA,NA,NA,NA,NA,NA,NA,NA,NA,NA,NA,NA,NA,NA,NA
2016,Rotorua District,Other,0.998,0.8726,0.947225,National,5.699166666666667,5.095833333333333,National,14.2,National,970210.75,National,5.3,3.35,5.375,National,3806.604311699977,3452.5708024552737,6219.482695186765,2061.494775058013,National,94696.9793622277,103642.17640729097,115252.58576989296,92246.14481810016,National,12,472184,5,22505,895381,14.3,111770,598234,14,73447,669453,8.9,54520,205687,6.9,13217,National,14.2,970210.75,8.95,5.699166666666667,5.095833333333333,0.625,5.175,NA,NA,NA,NA,NA,NA,NA,NA,NA,NA,NA,NA,NA,NA,NA,NA,NA,NA,NA,NA,NA,NA,NA,NA,NA,NA,NA,NA,NA,NA,NA,NA
2016,Ruapehu District,Other,1.29065,1.12815,1.0094,National,5.699166666666667,5.095833333333333,National,14.2,National,970210.75,National,5.3,3.35,5.375,National,3806.604311699977,3452.5708024552737,6219.482695186765,2061.494775058013,National,94696.9793622277,103642.17640729097,115252.58576989296,92246.14481810016,National,12,472184,5,22505,895381,14.3,111770,598234,14,73447,669453,8.9,54520,205687,6.9,13217,National,14.2,970210.75,8.95,5.699166666666667,5.095833333333333,0.625,5.175,NA,NA,NA,NA,NA,NA,NA,NA,NA,NA,NA,NA,NA,NA,NA,NA,NA,NA,NA,NA,NA,NA,NA,NA,NA,NA,NA,NA,NA,NA,NA,NA
2016,Selwyn District,Canterbury Rural,1.068575,0.9339500000000001,1.1033,National,5.699166666666667,5.095833333333333,National,14.2,National,970210.75,National,5.3,3.35,5.375,National,3806.604311699977,3452.5708024552737,6219.482695186765,2061.494775058013,National,94696.9793622277,103642.17640729097,115252.58576989296,92246.14481810016,National,12,472184,5,22505,895381,14.3,111770,598234,14,73447,669453,8.9,54520,205687,6.9,13217,National,14.2,970210.75,8.95,5.699166666666667,5.095833333333333,0.625,5.175,NA,NA,NA,NA,NA,NA,NA,NA,NA,NA,NA,NA,NA,NA,NA,NA,NA,NA,NA,NA,NA,NA,NA,NA,NA,NA,NA,NA,NA,NA,NA,NA
2016,South Taranaki District,Other,1.18315,1.0343,1.048775,National,5.699166666666667,5.095833333333333,National,14.2,National,970210.75,National,5.3,3.35,5.375,National,3806.604311699977,3452.5708024552737,6219.482695186765,2061.494775058013,National,94696.9793622277,103642.17640729097,115252.58576989296,92246.14481810016,National,12,472184,5,22505,895381,14.3,111770,598234,14,73447,669453,8.9,54520,205687,6.9,13217,National,14.2,970210.75,8.95,5.699166666666667,5.095833333333333,0.625,5.175,NA,NA,NA,NA,NA,NA,NA,NA,NA,NA,NA,NA,NA,NA,NA,NA,NA,NA,NA,NA,NA,NA,NA,NA,NA,NA,NA,NA,NA,NA,NA,NA
2016,South Waikato District,Other,1.0105,0.883525,0.9286,National,5.699166666666667,5.095833333333333,National,14.2,National,970210.75,National,5.3,3.35,5.375,National,3806.604311699977,3452.5708024552737,6219.482695186765,2061.494775058013,National,94696.9793622277,103642.17640729097,115252.58576989296,92246.14481810016,National,12,472184,5,22505,895381,14.3,111770,598234,14,73447,669453,8.9,54520,205687,6.9,13217,National,14.2,970210.75,8.95,5.699166666666667,5.095833333333333,0.625,5.175,NA,NA,NA,NA,NA,NA,NA,NA,NA,NA,NA,NA,NA,NA,NA,NA,NA,NA,NA,NA,NA,NA,NA,NA,NA,NA,NA,NA,NA,NA,NA,NA
2016,South Wairarapa District,Wellington Rural,1.233575,1.0783,1.08325,National,5.699166666666667,5.095833333333333,National,14.2,National,970210.75,National,5.3,3.35,5.375,National,3806.604311699977,3452.5708024552737,6219.482695186765,2061.494775058013,National,94696.9793622277,103642.17640729097,115252.58576989296,92246.14481810016,National,12,472184,5,22505,895381,14.3,111770,598234,14,73447,669453,8.9,54520,205687,6.9,13217,National,14.2,970210.75,8.95,5.699166666666667,5.095833333333333,0.625,5.175,NA,NA,NA,NA,NA,NA,NA,NA,NA,NA,NA,NA,NA,NA,NA,NA,NA,NA,NA,NA,NA,NA,NA,NA,NA,NA,NA,NA,NA,NA,NA,NA
2016,Southland,Other,1.184575,1.035475,1.0398,National,5.699166666666667,5.095833333333333,National,14.2,National,970210.75,National,5.3,3.35,5.375,National,3806.604311699977,3452.5708024552737,6219.482695186765,2061.494775058013,National,94696.9793622277,103642.17640729097,115252.58576989296,92246.14481810016,National,12,472184,5,22505,895381,14.3,111770,598234,14,73447,669453,8.9,54520,205687,6.9,13217,National,14.2,970210.75,8.95,5.699166666666667,5.095833333333333,0.625,5.175,NA,NA,NA,NA,NA,NA,NA,NA,NA,NA,NA,NA,NA,NA,NA,NA,NA,NA,NA,NA,NA,NA,NA,NA,NA,NA,NA,NA,NA,NA,NA,NA
2016,Southland District,Other,1.26765,1.107875,1.1007500000000001,National,5.699166666666667,5.095833333333333,National,14.2,National,970210.75,National,5.3,3.35,5.375,National,3806.604311699977,3452.5708024552737,6219.482695186765,2061.494775058013,National,94696.9793622277,103642.17640729097,115252.58576989296,92246.14481810016,National,12,472184,5,22505,895381,14.3,111770,598234,14,73447,669453,8.9,54520,205687,6.9,13217,National,14.2,970210.75,8.95,5.699166666666667,5.095833333333333,0.625,5.175,NA,NA,NA,NA,NA,NA,NA,NA,NA,NA,NA,NA,NA,NA,NA,NA,NA,NA,NA,NA,NA,NA,NA,NA,NA,NA,NA,NA,NA,NA,NA,NA
2016,Stratford District,Other,1.078925,0.9431499999999999,0.992875,National,5.699166666666667,5.095833333333333,National,14.2,National,970210.75,National,5.3,3.35,5.375,National,3806.604311699977,3452.5708024552737,6219.482695186765,2061.494775058013,National,94696.9793622277,103642.17640729097,115252.58576989296,92246.14481810016,National,12,472184,5,22505,895381,14.3,111770,598234,14,73447,669453,8.9,54520,205687,6.9,13217,National,14.2,970210.75,8.95,5.699166666666667,5.095833333333333,0.625,5.175,NA,NA,NA,NA,NA,NA,NA,NA,NA,NA,NA,NA,NA,NA,NA,NA,NA,NA,NA,NA,NA,NA,NA,NA,NA,NA,NA,NA,NA,NA,NA,NA
2016,Taranaki,Other,1.043175,0.9117999999999999,1.040525,National,5.699166666666667,5.095833333333333,National,14.2,National,970210.75,National,5.3,3.35,5.375,National,3806.604311699977,3452.5708024552737,6219.482695186765,2061.494775058013,National,94696.9793622277,103642.17640729097,115252.58576989296,92246.14481810016,National,12,472184,5,22505,895381,14.3,111770,598234,14,73447,669453,8.9,54520,205687,6.9,13217,National,14.2,970210.75,8.95,5.699166666666667,5.095833333333333,0.625,5.175,NA,NA,NA,NA,NA,NA,NA,NA,NA,NA,NA,NA,NA,NA,NA,NA,NA,NA,NA,NA,NA,NA,NA,NA,NA,NA,NA,NA,NA,NA,NA,NA
2016,Tararua District,Other,1.18365,1.03455,1.057775,National,5.699166666666667,5.095833333333333,National,14.2,National,970210.75,National,5.3,3.35,5.375,National,3806.604311699977,3452.5708024552737,6219.482695186765,2061.494775058013,National,94696.9793622277,103642.17640729097,115252.58576989296,92246.14481810016,National,12,472184,5,22505,895381,14.3,111770,598234,14,73447,669453,8.9,54520,205687,6.9,13217,National,14.2,970210.75,8.95,5.699166666666667,5.095833333333333,0.625,5.175,NA,NA,NA,NA,NA,NA,NA,NA,NA,NA,NA,NA,NA,NA,NA,NA,NA,NA,NA,NA,NA,NA,NA,NA,NA,NA,NA,NA,NA,NA,NA,NA
2016,Tasman,Other,1.074225,0.939025,1.03675,National,5.699166666666667,5.095833333333333,National,14.2,National,970210.75,National,5.3,3.35,5.375,National,3806.604311699977,3452.5708024552737,6219.482695186765,2061.494775058013,National,94696.9793622277,103642.17640729097,115252.58576989296,92246.14481810016,National,12,472184,5,22505,895381,14.3,111770,598234,14,73447,669453,8.9,54520,205687,6.9,13217,National,14.2,970210.75,8.95,5.699166666666667,5.095833333333333,0.625,5.175,NA,NA,NA,NA,NA,NA,NA,NA,NA,NA,NA,NA,NA,NA,NA,NA,NA,NA,NA,NA,NA,NA,NA,NA,NA,NA,NA,NA,NA,NA,NA,NA
2016,Tasman District,Other,1.074225,0.939025,1.03675,National,5.699166666666667,5.095833333333333,National,14.2,National,970210.75,National,5.3,3.35,5.375,National,3806.604311699977,3452.5708024552737,6219.482695186765,2061.494775058013,National,94696.9793622277,103642.17640729097,115252.58576989296,92246.14481810016,National,12,472184,5,22505,895381,14.3,111770,598234,14,73447,669453,8.9,54520,205687,6.9,13217,National,14.2,970210.75,8.95,5.699166666666667,5.095833333333333,0.625,5.175,NA,NA,NA,NA,NA,NA,NA,NA,NA,NA,NA,NA,NA,NA,NA,NA,NA,NA,NA,NA,NA,NA,NA,NA,NA,NA,NA,NA,NA,NA,NA,NA
2016,Taupo District,Other,1.1041,0.965275,1.00045,National,5.699166666666667,5.095833333333333,National,14.2,National,970210.75,National,5.3,3.35,5.375,National,3806.604311699977,3452.5708024552737,6219.482695186765,2061.494775058013,National,94696.9793622277,103642.17640729097,115252.58576989296,92246.14481810016,National,12,472184,5,22505,895381,14.3,111770,598234,14,73447,669453,8.9,54520,205687,6.9,13217,National,14.2,970210.75,8.95,5.699166666666667,5.095833333333333,0.625,5.175,NA,NA,NA,NA,NA,NA,NA,NA,NA,NA,NA,NA,NA,NA,NA,NA,NA,NA,NA,NA,NA,NA,NA,NA,NA,NA,NA,NA,NA,NA,NA,NA
2016,Tauranga City,Other,0.9069,0.79285,0.94025,National,5.699166666666667,5.095833333333333,National,14.2,National,970210.75,National,5.3,3.35,5.375,National,3806.604311699977,3452.5708024552737,6219.482695186765,2061.494775058013,National,94696.9793622277,103642.17640729097,115252.58576989296,92246.14481810016,National,12,472184,5,22505,895381,14.3,111770,598234,14,73447,669453,8.9,54520,205687,6.9,13217,National,14.2,970210.75,8.95,5.699166666666667,5.095833333333333,0.625,5.175,NA,NA,NA,NA,NA,NA,NA,NA,NA,NA,NA,NA,NA,NA,NA,NA,NA,NA,NA,NA,NA,NA,NA,NA,NA,NA,NA,NA,NA,NA,NA,NA
2016,Thames Coromandel District,Other,1.0609250000000001,0.92745,0.97485,National,5.699166666666667,5.095833333333333,National,14.2,National,970210.75,National,5.3,3.35,5.375,National,3806.604311699977,3452.5708024552737,6219.482695186765,2061.494775058013,National,94696.9793622277,103642.17640729097,115252.58576989296,92246.14481810016,National,12,472184,5,22505,895381,14.3,111770,598234,14,73447,669453,8.9,54520,205687,6.9,13217,National,14.2,970210.75,8.95,5.699166666666667,5.095833333333333,0.625,5.175,NA,NA,NA,NA,NA,NA,NA,NA,NA,NA,NA,NA,NA,NA,NA,NA,NA,NA,NA,NA,NA,NA,NA,NA,NA,NA,NA,NA,NA,NA,NA,NA
2016,Timaru District,Canterbury Rural,0.998525,0.8728,0.993475,National,5.699166666666667,5.095833333333333,National,14.2,National,970210.75,National,5.3,3.35,5.375,National,3806.604311699977,3452.5708024552737,6219.482695186765,2061.494775058013,National,94696.9793622277,103642.17640729097,115252.58576989296,92246.14481810016,National,12,472184,5,22505,895381,14.3,111770,598234,14,73447,669453,8.9,54520,205687,6.9,13217,National,14.2,970210.75,8.95,5.699166666666667,5.095833333333333,0.625,5.175,NA,NA,NA,NA,NA,NA,NA,NA,NA,NA,NA,NA,NA,NA,NA,NA,NA,NA,NA,NA,NA,NA,NA,NA,NA,NA,NA,NA,NA,NA,NA,NA
2016,Upper Hutt City,Wellington Urban,1.090975,0.9538500000000001,1.06205,National,5.699166666666667,5.095833333333333,National,14.2,National,970210.75,National,5.3,3.35,5.375,National,3806.604311699977,3452.5708024552737,6219.482695186765,2061.494775058013,National,94696.9793622277,103642.17640729097,115252.58576989296,92246.14481810016,National,12,472184,5,22505,895381,14.3,111770,598234,14,73447,669453,8.9,54520,205687,6.9,13217,National,14.2,970210.75,8.95,5.699166666666667,5.095833333333333,0.625,5.175,NA,NA,NA,NA,NA,NA,NA,NA,NA,NA,NA,NA,NA,NA,NA,NA,NA,NA,NA,NA,NA,NA,NA,NA,NA,NA,NA,NA,NA,NA,NA,NA
2016,Waikato,Other,0.927225,0.810675,0.9977499999999999,National,5.699166666666667,5.095833333333333,National,14.2,National,970210.75,National,5.3,3.35,5.375,National,3806.604311699977,3452.5708024552737,6219.482695186765,2061.494775058013,National,94696.9793622277,103642.17640729097,115252.58576989296,92246.14481810016,National,12,472184,5,22505,895381,14.3,111770,598234,14,73447,669453,8.9,54520,205687,6.9,13217,National,14.2,970210.75,8.95,5.699166666666667,5.095833333333333,0.625,5.175,NA,NA,NA,NA,NA,NA,NA,NA,NA,NA,NA,NA,NA,NA,NA,NA,NA,NA,NA,NA,NA,NA,NA,NA,NA,NA,NA,NA,NA,NA,NA,NA
2016,Waikato District,Other,0.8654,0.756575,1.0105,National,5.699166666666667,5.095833333333333,National,14.2,National,970210.75,National,5.3,3.35,5.375,National,3806.604311699977,3452.5708024552737,6219.482695186765,2061.494775058013,National,94696.9793622277,103642.17640729097,115252.58576989296,92246.14481810016,National,12,472184,5,22505,895381,14.3,111770,598234,14,73447,669453,8.9,54520,205687,6.9,13217,National,14.2,970210.75,8.95,5.699166666666667,5.095833333333333,0.625,5.175,NA,NA,NA,NA,NA,NA,NA,NA,NA,NA,NA,NA,NA,NA,NA,NA,NA,NA,NA,NA,NA,NA,NA,NA,NA,NA,NA,NA,NA,NA,NA,NA
2016,Waimakariri District,Canterbury Rural,1.097125,0.9589,1.0687,National,5.699166666666667,5.095833333333333,National,14.2,National,970210.75,National,5.3,3.35,5.375,National,3806.604311699977,3452.5708024552737,6219.482695186765,2061.494775058013,National,94696.9793622277,103642.17640729097,115252.58576989296,92246.14481810016,National,12,472184,5,22505,895381,14.3,111770,598234,14,73447,669453,8.9,54520,205687,6.9,13217,National,14.2,970210.75,8.95,5.699166666666667,5.095833333333333,0.625,5.175,NA,NA,NA,NA,NA,NA,NA,NA,NA,NA,NA,NA,NA,NA,NA,NA,NA,NA,NA,NA,NA,NA,NA,NA,NA,NA,NA,NA,NA,NA,NA,NA
2016,Waimate District,Canterbury Rural,1.0133,0.88555,0.9411,National,5.699166666666667,5.095833333333333,National,14.2,National,970210.75,National,5.3,3.35,5.375,National,3806.604311699977,3452.5708024552737,6219.482695186765,2061.494775058013,National,94696.9793622277,103642.17640729097,115252.58576989296,92246.14481810016,National,12,472184,5,22505,895381,14.3,111770,598234,14,73447,669453,8.9,54520,205687,6.9,13217,National,14.2,970210.75,8.95,5.699166666666667,5.095833333333333,0.625,5.175,NA,NA,NA,NA,NA,NA,NA,NA,NA,NA,NA,NA,NA,NA,NA,NA,NA,NA,NA,NA,NA,NA,NA,NA,NA,NA,NA,NA,NA,NA,NA,NA
2016,Waipa District,Other,0.8843,0.773075,1.000525,National,5.699166666666667,5.095833333333333,National,14.2,National,970210.75,National,5.3,3.35,5.375,National,3806.604311699977,3452.5708024552737,6219.482695186765,2061.494775058013,National,94696.9793622277,103642.17640729097,115252.58576989296,92246.14481810016,National,12,472184,5,22505,895381,14.3,111770,598234,14,73447,669453,8.9,54520,205687,6.9,13217,National,14.2,970210.75,8.95,5.699166666666667,5.095833333333333,0.625,5.175,NA,NA,NA,NA,NA,NA,NA,NA,NA,NA,NA,NA,NA,NA,NA,NA,NA,NA,NA,NA,NA,NA,NA,NA,NA,NA,NA,NA,NA,NA,NA,NA
2016,Wairoa District,Other,1.32985,1.162375,0.960275,National,5.699166666666667,5.095833333333333,National,14.2,National,970210.75,National,5.3,3.35,5.375,National,3806.604311699977,3452.5708024552737,6219.482695186765,2061.494775058013,National,94696.9793622277,103642.17640729097,115252.58576989296,92246.14481810016,National,12,472184,5,22505,895381,14.3,111770,598234,14,73447,669453,8.9,54520,205687,6.9,13217,National,14.2,970210.75,8.95,5.699166666666667,5.095833333333333,0.625,5.175,NA,NA,NA,NA,NA,NA,NA,NA,NA,NA,NA,NA,NA,NA,NA,NA,NA,NA,NA,NA,NA,NA,NA,NA,NA,NA,NA,NA,NA,NA,NA,NA
2016,Waitaki District,Other,1.13315,0.990525,1.002125,National,5.699166666666667,5.095833333333333,National,14.2,National,970210.75,National,5.3,3.35,5.375,National,3806.604311699977,3452.5708024552737,6219.482695186765,2061.494775058013,National,94696.9793622277,103642.17640729097,115252.58576989296,92246.14481810016,National,12,472184,5,22505,895381,14.3,111770,598234,14,73447,669453,8.9,54520,205687,6.9,13217,National,14.2,970210.75,8.95,5.699166666666667,5.095833333333333,0.625,5.175,NA,NA,NA,NA,NA,NA,NA,NA,NA,NA,NA,NA,NA,NA,NA,NA,NA,NA,NA,NA,NA,NA,NA,NA,NA,NA,NA,NA,NA,NA,NA,NA
2016,Waitomo District,Other,1.09855,0.960375,1.01165,National,5.699166666666667,5.095833333333333,National,14.2,National,970210.75,National,5.3,3.35,5.375,National,3806.604311699977,3452.5708024552737,6219.482695186765,2061.494775058013,National,94696.9793622277,103642.17640729097,115252.58576989296,92246.14481810016,National,12,472184,5,22505,895381,14.3,111770,598234,14,73447,669453,8.9,54520,205687,6.9,13217,National,14.2,970210.75,8.95,5.699166666666667,5.095833333333333,0.625,5.175,NA,NA,NA,NA,NA,NA,NA,NA,NA,NA,NA,NA,NA,NA,NA,NA,NA,NA,NA,NA,NA,NA,NA,NA,NA,NA,NA,NA,NA,NA,NA,NA
2016,Wellington,Wellington Rural,1.053825,0.9212750000000001,1.067225,National,5.699166666666667,5.095833333333333,National,14.2,National,970210.75,National,5.3,3.35,5.375,National,3806.604311699977,3452.5708024552737,6219.482695186765,2061.494775058013,National,94696.9793622277,103642.17640729097,115252.58576989296,92246.14481810016,National,12,472184,5,22505,895381,14.3,111770,598234,14,73447,669453,8.9,54520,205687,6.9,13217,National,14.2,970210.75,8.95,5.699166666666667,5.095833333333333,0.625,5.175,NA,NA,NA,NA,NA,NA,NA,NA,NA,NA,NA,NA,NA,NA,NA,NA,NA,NA,NA,NA,NA,NA,NA,NA,NA,NA,NA,NA,NA,NA,NA,NA
2016,Wellington City,Wellington Urban,1.026975,0.89775,1.07785,National,5.699166666666667,5.095833333333333,National,14.2,National,970210.75,National,5.3,3.35,5.375,National,3806.604311699977,3452.5708024552737,6219.482695186765,2061.494775058013,National,94696.9793622277,103642.17640729097,115252.58576989296,92246.14481810016,National,12,472184,5,22505,895381,14.3,111770,598234,14,73447,669453,8.9,54520,205687,6.9,13217,National,14.2,970210.75,8.95,5.699166666666667,5.095833333333333,0.625,5.175,NA,NA,NA,NA,NA,NA,NA,NA,NA,NA,NA,NA,NA,NA,NA,NA,NA,NA,NA,NA,NA,NA,NA,NA,NA,NA,NA,NA,NA,NA,NA,NA
2016,West Coast,Other,1.2241,1.06985,1.1348500000000001,National,5.699166666666667,5.095833333333333,National,14.2,National,970210.75,National,5.3,3.35,5.375,National,3806.604311699977,3452.5708024552737,6219.482695186765,2061.494775058013,National,94696.9793622277,103642.17640729097,115252.58576989296,92246.14481810016,National,12,472184,5,22505,895381,14.3,111770,598234,14,73447,669453,8.9,54520,205687,6.9,13217,National,14.2,970210.75,8.95,5.699166666666667,5.095833333333333,0.625,5.175,NA,NA,NA,NA,NA,NA,NA,NA,NA,NA,NA,NA,NA,NA,NA,NA,NA,NA,NA,NA,NA,NA,NA,NA,NA,NA,NA,NA,NA,NA,NA,NA
2016,Western Bay of Plenty District,Other,0.9712,0.849175,0.997075,National,5.699166666666667,5.095833333333333,National,14.2,National,970210.75,National,5.3,3.35,5.375,National,3806.604311699977,3452.5708024552737,6219.482695186765,2061.494775058013,National,94696.9793622277,103642.17640729097,115252.58576989296,92246.14481810016,National,12,472184,5,22505,895381,14.3,111770,598234,14,73447,669453,8.9,54520,205687,6.9,13217,National,14.2,970210.75,8.95,5.699166666666667,5.095833333333333,0.625,5.175,NA,NA,NA,NA,NA,NA,NA,NA,NA,NA,NA,NA,NA,NA,NA,NA,NA,NA,NA,NA,NA,NA,NA,NA,NA,NA,NA,NA,NA,NA,NA,NA
2016,Westland District,Other,1.2175,1.064125,1.0058500000000001,National,5.699166666666667,5.095833333333333,National,14.2,National,970210.75,National,5.3,3.35,5.375,National,3806.604311699977,3452.5708024552737,6219.482695186765,2061.494775058013,National,94696.9793622277,103642.17640729097,115252.58576989296,92246.14481810016,National,12,472184,5,22505,895381,14.3,111770,598234,14,73447,669453,8.9,54520,205687,6.9,13217,National,14.2,970210.75,8.95,5.699166666666667,5.095833333333333,0.625,5.175,NA,NA,NA,NA,NA,NA,NA,NA,NA,NA,NA,NA,NA,NA,NA,NA,NA,NA,NA,NA,NA,NA,NA,NA,NA,NA,NA,NA,NA,NA,NA,NA
2016,Whakatane District,Other,1.055025,0.9223250000000001,0.978,National,5.699166666666667,5.095833333333333,National,14.2,National,970210.75,National,5.3,3.35,5.375,National,3806.604311699977,3452.5708024552737,6219.482695186765,2061.494775058013,National,94696.9793622277,103642.17640729097,115252.58576989296,92246.14481810016,National,12,472184,5,22505,895381,14.3,111770,598234,14,73447,669453,8.9,54520,205687,6.9,13217,National,14.2,970210.75,8.95,5.699166666666667,5.095833333333333,0.625,5.175,NA,NA,NA,NA,NA,NA,NA,NA,NA,NA,NA,NA,NA,NA,NA,NA,NA,NA,NA,NA,NA,NA,NA,NA,NA,NA,NA,NA,NA,NA,NA,NA
2016,Whanganui District,Other,1.173575,1.025925,1.02505,National,5.699166666666667,5.095833333333333,National,14.2,National,970210.75,National,5.3,3.35,5.375,National,3806.604311699977,3452.5708024552737,6219.482695186765,2061.494775058013,National,94696.9793622277,103642.17640729097,115252.58576989296,92246.14481810016,National,12,472184,5,22505,895381,14.3,111770,598234,14,73447,669453,8.9,54520,205687,6.9,13217,National,14.2,970210.75,8.95,5.699166666666667,5.095833333333333,0.625,5.175,NA,NA,NA,NA,NA,NA,NA,NA,NA,NA,NA,NA,NA,NA,NA,NA,NA,NA,NA,NA,NA,NA,NA,NA,NA,NA,NA,NA,NA,NA,NA,NA
2016,Whangarei District,Other,0.9829,0.859325,0.990075,National,5.699166666666667,5.095833333333333,National,14.2,National,970210.75,National,5.3,3.35,5.375,National,3806.604311699977,3452.5708024552737,6219.482695186765,2061.494775058013,National,94696.9793622277,103642.17640729097,115252.58576989296,92246.14481810016,National,12,472184,5,22505,895381,14.3,111770,598234,14,73447,669453,8.9,54520,205687,6.9,13217,National,14.2,970210.75,8.95,5.699166666666667,5.095833333333333,0.625,5.175,NA,NA,NA,NA,NA,NA,NA,NA,NA,NA,NA,NA,NA,NA,NA,NA,NA,NA,NA,NA,NA,NA,NA,NA,NA,NA,NA,NA,NA,NA,NA,NA
2017,Ashburton District,Canterbury Rural,1.0765500000000001,0.9289000000000001,1.017125,National,5.72,5.081666666666667,National,6.625,National,1048186,National,4.55,3.85,4.6,National,2079.615068493151,1852.0109589041099,3489.8424657534247,179.86575342465758,National,96778.90410958904,105496.33287671232,118746.11095890412,92427.44794520548,National,13,474972,0.6,2788,987902,10.3,92521,700600,17.1,102366,741770,10.8,72317,234395,14,28708,National,6.625,1048186,8.425,5.72,5.081666666666667,1.85,4.75,NA,NA,NA,NA,NA,NA,NA,NA,NA,NA,NA,NA,NA,NA,NA,NA,NA,NA,NA,NA,NA,NA,NA,NA,NA,NA,NA,NA,NA,NA,NA,NA
2017,Auckland,Auckland Urban,0.7533375,0.65,0.9907,National,5.72,5.081666666666667,National,6.625,National,1048186,National,4.55,3.85,4.6,National,2079.615068493151,1852.0109589041099,3489.8424657534247,179.86575342465758,National,96778.90410958904,105496.33287671232,118746.11095890412,92427.44794520548,National,13,474972,0.6,2788,987902,10.3,92521,700600,17.1,102366,741770,10.8,72317,234395,14,28708,National,6.625,1048186,8.425,5.72,5.081666666666667,1.85,4.75,NA,NA,NA,NA,NA,NA,NA,NA,NA,NA,NA,NA,NA,NA,NA,NA,NA,NA,NA,NA,NA,NA,NA,NA,NA,NA,NA,NA,NA,NA,NA,NA
2017,Bay of Plenty,Other,0.886975,0.7653749999999999,0.92845,National,5.72,5.081666666666667,National,6.625,National,1048186,National,4.55,3.85,4.6,National,2079.615068493151,1852.0109589041099,3489.8424657534247,179.86575342465758,National,96778.90410958904,105496.33287671232,118746.11095890412,92427.44794520548,National,13,474972,0.6,2788,987902,10.3,92521,700600,17.1,102366,741770,10.8,72317,234395,14,28708,National,6.625,1048186,8.425,5.72,5.081666666666667,1.85,4.75,NA,NA,NA,NA,NA,NA,NA,NA,NA,NA,NA,NA,NA,NA,NA,NA,NA,NA,NA,NA,NA,NA,NA,NA,NA,NA,NA,NA,NA,NA,NA,NA
2017,Buller District,Other,1.13935,0.9832,1.14585,National,5.72,5.081666666666667,National,6.625,National,1048186,National,4.55,3.85,4.6,National,2079.615068493151,1852.0109589041099,3489.8424657534247,179.86575342465758,National,96778.90410958904,105496.33287671232,118746.11095890412,92427.44794520548,National,13,474972,0.6,2788,987902,10.3,92521,700600,17.1,102366,741770,10.8,72317,234395,14,28708,National,6.625,1048186,8.425,5.72,5.081666666666667,1.85,4.75,NA,NA,NA,NA,NA,NA,NA,NA,NA,NA,NA,NA,NA,NA,NA,NA,NA,NA,NA,NA,NA,NA,NA,NA,NA,NA,NA,NA,NA,NA,NA,NA
2017,Canterbury,Canterbury Rural,1.074775,0.9273750000000001,1.066025,National,5.72,5.081666666666667,National,6.625,National,1048186,National,4.55,3.85,4.6,National,2079.615068493151,1852.0109589041099,3489.8424657534247,179.86575342465758,National,96778.90410958904,105496.33287671232,118746.11095890412,92427.44794520548,National,13,474972,0.6,2788,987902,10.3,92521,700600,17.1,102366,741770,10.8,72317,234395,14,28708,National,6.625,1048186,8.425,5.72,5.081666666666667,1.85,4.75,NA,NA,NA,NA,NA,NA,NA,NA,NA,NA,NA,NA,NA,NA,NA,NA,NA,NA,NA,NA,NA,NA,NA,NA,NA,NA,NA,NA,NA,NA,NA,NA
2017,Carterton District,Wellington Rural,0.90165,0.7781,0.901875,National,5.72,5.081666666666667,National,6.625,National,1048186,National,4.55,3.85,4.6,National,2079.615068493151,1852.0109589041099,3489.8424657534247,179.86575342465758,National,96778.90410958904,105496.33287671232,118746.11095890412,92427.44794520548,National,13,474972,0.6,2788,987902,10.3,92521,700600,17.1,102366,741770,10.8,72317,234395,14,28708,National,6.625,1048186,8.425,5.72,5.081666666666667,1.85,4.75,NA,NA,NA,NA,NA,NA,NA,NA,NA,NA,NA,NA,NA,NA,NA,NA,NA,NA,NA,NA,NA,NA,NA,NA,NA,NA,NA,NA,NA,NA,NA,NA
2017,Central Hawkes Bay District,Other,0.986825,0.851775,0.872625,National,5.72,5.081666666666667,National,6.625,National,1048186,National,4.55,3.85,4.6,National,2079.615068493151,1852.0109589041099,3489.8424657534247,179.86575342465758,National,96778.90410958904,105496.33287671232,118746.11095890412,92427.44794520548,National,13,474972,0.6,2788,987902,10.3,92521,700600,17.1,102366,741770,10.8,72317,234395,14,28708,National,6.625,1048186,8.425,5.72,5.081666666666667,1.85,4.75,NA,NA,NA,NA,NA,NA,NA,NA,NA,NA,NA,NA,NA,NA,NA,NA,NA,NA,NA,NA,NA,NA,NA,NA,NA,NA,NA,NA,NA,NA,NA,NA
2017,Central Otago District,Other,0.91555,0.79,0.892,National,5.72,5.081666666666667,National,6.625,National,1048186,National,4.55,3.85,4.6,National,2079.615068493151,1852.0109589041099,3489.8424657534247,179.86575342465758,National,96778.90410958904,105496.33287671232,118746.11095890412,92427.44794520548,National,13,474972,0.6,2788,987902,10.3,92521,700600,17.1,102366,741770,10.8,72317,234395,14,28708,National,6.625,1048186,8.425,5.72,5.081666666666667,1.85,4.75,NA,NA,NA,NA,NA,NA,NA,NA,NA,NA,NA,NA,NA,NA,NA,NA,NA,NA,NA,NA,NA,NA,NA,NA,NA,NA,NA,NA,NA,NA,NA,NA
2017,Christchurch City,Canterbury Urban,1.0553,0.910575,1.05155,National,5.72,5.081666666666667,National,6.625,National,1048186,National,4.55,3.85,4.6,National,2079.615068493151,1852.0109589041099,3489.8424657534247,179.86575342465758,National,96778.90410958904,105496.33287671232,118746.11095890412,92427.44794520548,National,13,474972,0.6,2788,987902,10.3,92521,700600,17.1,102366,741770,10.8,72317,234395,14,28708,National,6.625,1048186,8.425,5.72,5.081666666666667,1.85,4.75,NA,NA,NA,NA,NA,NA,NA,NA,NA,NA,NA,NA,NA,NA,NA,NA,NA,NA,NA,NA,NA,NA,NA,NA,NA,NA,NA,NA,NA,NA,NA,NA
2017,Clutha District,Other,1.0248,0.884475,0.9576,National,5.72,5.081666666666667,National,6.625,National,1048186,National,4.55,3.85,4.6,National,2079.615068493151,1852.0109589041099,3489.8424657534247,179.86575342465758,National,96778.90410958904,105496.33287671232,118746.11095890412,92427.44794520548,National,13,474972,0.6,2788,987902,10.3,92521,700600,17.1,102366,741770,10.8,72317,234395,14,28708,National,6.625,1048186,8.425,5.72,5.081666666666667,1.85,4.75,NA,NA,NA,NA,NA,NA,NA,NA,NA,NA,NA,NA,NA,NA,NA,NA,NA,NA,NA,NA,NA,NA,NA,NA,NA,NA,NA,NA,NA,NA,NA,NA
2017,Dunedin City,Other,0.965525,0.83325,1.1219999999999999,National,5.72,5.081666666666667,National,6.625,National,1048186,National,4.55,3.85,4.6,National,2079.615068493151,1852.0109589041099,3489.8424657534247,179.86575342465758,National,96778.90410958904,105496.33287671232,118746.11095890412,92427.44794520548,National,13,474972,0.6,2788,987902,10.3,92521,700600,17.1,102366,741770,10.8,72317,234395,14,28708,National,6.625,1048186,8.425,5.72,5.081666666666667,1.85,4.75,NA,NA,NA,NA,NA,NA,NA,NA,NA,NA,NA,NA,NA,NA,NA,NA,NA,NA,NA,NA,NA,NA,NA,NA,NA,NA,NA,NA,NA,NA,NA,NA
2017,Far North District,Other,1.05155,0.9074,1.003,National,5.72,5.081666666666667,National,6.625,National,1048186,National,4.55,3.85,4.6,National,2079.615068493151,1852.0109589041099,3489.8424657534247,179.86575342465758,National,96778.90410958904,105496.33287671232,118746.11095890412,92427.44794520548,National,13,474972,0.6,2788,987902,10.3,92521,700600,17.1,102366,741770,10.8,72317,234395,14,28708,National,6.625,1048186,8.425,5.72,5.081666666666667,1.85,4.75,NA,NA,NA,NA,NA,NA,NA,NA,NA,NA,NA,NA,NA,NA,NA,NA,NA,NA,NA,NA,NA,NA,NA,NA,NA,NA,NA,NA,NA,NA,NA,NA
2017,Gisborne,Other,1.036775,0.894625,1.0017,National,5.72,5.081666666666667,National,6.625,National,1048186,National,4.55,3.85,4.6,National,2079.615068493151,1852.0109589041099,3489.8424657534247,179.86575342465758,National,96778.90410958904,105496.33287671232,118746.11095890412,92427.44794520548,National,13,474972,0.6,2788,987902,10.3,92521,700600,17.1,102366,741770,10.8,72317,234395,14,28708,National,6.625,1048186,8.425,5.72,5.081666666666667,1.85,4.75,NA,NA,NA,NA,NA,NA,NA,NA,NA,NA,NA,NA,NA,NA,NA,NA,NA,NA,NA,NA,NA,NA,NA,NA,NA,NA,NA,NA,NA,NA,NA,NA
2017,Gisborne District,Other,1.036775,0.894625,1.0017,National,5.72,5.081666666666667,National,6.625,National,1048186,National,4.55,3.85,4.6,National,2079.615068493151,1852.0109589041099,3489.8424657534247,179.86575342465758,National,96778.90410958904,105496.33287671232,118746.11095890412,92427.44794520548,National,13,474972,0.6,2788,987902,10.3,92521,700600,17.1,102366,741770,10.8,72317,234395,14,28708,National,6.625,1048186,8.425,5.72,5.081666666666667,1.85,4.75,NA,NA,NA,NA,NA,NA,NA,NA,NA,NA,NA,NA,NA,NA,NA,NA,NA,NA,NA,NA,NA,NA,NA,NA,NA,NA,NA,NA,NA,NA,NA,NA
2017,Gore District,Other,1.13855,0.982425,0.9489000000000001,National,5.72,5.081666666666667,National,6.625,National,1048186,National,4.55,3.85,4.6,National,2079.615068493151,1852.0109589041099,3489.8424657534247,179.86575342465758,National,96778.90410958904,105496.33287671232,118746.11095890412,92427.44794520548,National,13,474972,0.6,2788,987902,10.3,92521,700600,17.1,102366,741770,10.8,72317,234395,14,28708,National,6.625,1048186,8.425,5.72,5.081666666666667,1.85,4.75,NA,NA,NA,NA,NA,NA,NA,NA,NA,NA,NA,NA,NA,NA,NA,NA,NA,NA,NA,NA,NA,NA,NA,NA,NA,NA,NA,NA,NA,NA,NA,NA
2017,Grey District,Other,1.2386249999999999,1.06875,1.06375,National,5.72,5.081666666666667,National,6.625,National,1048186,National,4.55,3.85,4.6,National,2079.615068493151,1852.0109589041099,3489.8424657534247,179.86575342465758,National,96778.90410958904,105496.33287671232,118746.11095890412,92427.44794520548,National,13,474972,0.6,2788,987902,10.3,92521,700600,17.1,102366,741770,10.8,72317,234395,14,28708,National,6.625,1048186,8.425,5.72,5.081666666666667,1.85,4.75,NA,NA,NA,NA,NA,NA,NA,NA,NA,NA,NA,NA,NA,NA,NA,NA,NA,NA,NA,NA,NA,NA,NA,NA,NA,NA,NA,NA,NA,NA,NA,NA
2017,Hamilton City,Other,0.8045,0.694225,0.9574,National,5.72,5.081666666666667,National,6.625,National,1048186,National,4.55,3.85,4.6,National,2079.615068493151,1852.0109589041099,3489.8424657534247,179.86575342465758,National,96778.90410958904,105496.33287671232,118746.11095890412,92427.44794520548,National,13,474972,0.6,2788,987902,10.3,92521,700600,17.1,102366,741770,10.8,72317,234395,14,28708,National,6.625,1048186,8.425,5.72,5.081666666666667,1.85,4.75,NA,NA,NA,NA,NA,NA,NA,NA,NA,NA,NA,NA,NA,NA,NA,NA,NA,NA,NA,NA,NA,NA,NA,NA,NA,NA,NA,NA,NA,NA,NA,NA
2017,Hastings District,Other,0.91755,0.7919,0.982175,National,5.72,5.081666666666667,National,6.625,National,1048186,National,4.55,3.85,4.6,National,2079.615068493151,1852.0109589041099,3489.8424657534247,179.86575342465758,National,96778.90410958904,105496.33287671232,118746.11095890412,92427.44794520548,National,13,474972,0.6,2788,987902,10.3,92521,700600,17.1,102366,741770,10.8,72317,234395,14,28708,National,6.625,1048186,8.425,5.72,5.081666666666667,1.85,4.75,NA,NA,NA,NA,NA,NA,NA,NA,NA,NA,NA,NA,NA,NA,NA,NA,NA,NA,NA,NA,NA,NA,NA,NA,NA,NA,NA,NA,NA,NA,NA,NA
2017,Hauraki District,Other,0.89015,0.76795,0.944725,National,5.72,5.081666666666667,National,6.625,National,1048186,National,4.55,3.85,4.6,National,2079.615068493151,1852.0109589041099,3489.8424657534247,179.86575342465758,National,96778.90410958904,105496.33287671232,118746.11095890412,92427.44794520548,National,13,474972,0.6,2788,987902,10.3,92521,700600,17.1,102366,741770,10.8,72317,234395,14,28708,National,6.625,1048186,8.425,5.72,5.081666666666667,1.85,4.75,NA,NA,NA,NA,NA,NA,NA,NA,NA,NA,NA,NA,NA,NA,NA,NA,NA,NA,NA,NA,NA,NA,NA,NA,NA,NA,NA,NA,NA,NA,NA,NA
2017,Hawke's Bay,Other,0.9257,0.798925,0.973175,National,5.72,5.081666666666667,National,6.625,National,1048186,National,4.55,3.85,4.6,National,2079.615068493151,1852.0109589041099,3489.8424657534247,179.86575342465758,National,96778.90410958904,105496.33287671232,118746.11095890412,92427.44794520548,National,13,474972,0.6,2788,987902,10.3,92521,700600,17.1,102366,741770,10.8,72317,234395,14,28708,National,6.625,1048186,8.425,5.72,5.081666666666667,1.85,4.75,NA,NA,NA,NA,NA,NA,NA,NA,NA,NA,NA,NA,NA,NA,NA,NA,NA,NA,NA,NA,NA,NA,NA,NA,NA,NA,NA,NA,NA,NA,NA,NA
2017,Horowhenua District,Other,0.981975,0.8474999999999999,0.987725,National,5.72,5.081666666666667,National,6.625,National,1048186,National,4.55,3.85,4.6,National,2079.615068493151,1852.0109589041099,3489.8424657534247,179.86575342465758,National,96778.90410958904,105496.33287671232,118746.11095890412,92427.44794520548,National,13,474972,0.6,2788,987902,10.3,92521,700600,17.1,102366,741770,10.8,72317,234395,14,28708,National,6.625,1048186,8.425,5.72,5.081666666666667,1.85,4.75,NA,NA,NA,NA,NA,NA,NA,NA,NA,NA,NA,NA,NA,NA,NA,NA,NA,NA,NA,NA,NA,NA,NA,NA,NA,NA,NA,NA,NA,NA,NA,NA
2017,Hurunui District,Canterbury Rural,1.12995,0.975,1.023925,National,5.72,5.081666666666667,National,6.625,National,1048186,National,4.55,3.85,4.6,National,2079.615068493151,1852.0109589041099,3489.8424657534247,179.86575342465758,National,96778.90410958904,105496.33287671232,118746.11095890412,92427.44794520548,National,13,474972,0.6,2788,987902,10.3,92521,700600,17.1,102366,741770,10.8,72317,234395,14,28708,National,6.625,1048186,8.425,5.72,5.081666666666667,1.85,4.75,NA,NA,NA,NA,NA,NA,NA,NA,NA,NA,NA,NA,NA,NA,NA,NA,NA,NA,NA,NA,NA,NA,NA,NA,NA,NA,NA,NA,NA,NA,NA,NA
2017,Hutt City,Wellington Urban,0.962075,0.8301499999999999,1.002375,National,5.72,5.081666666666667,National,6.625,National,1048186,National,4.55,3.85,4.6,National,2079.615068493151,1852.0109589041099,3489.8424657534247,179.86575342465758,National,96778.90410958904,105496.33287671232,118746.11095890412,92427.44794520548,National,13,474972,0.6,2788,987902,10.3,92521,700600,17.1,102366,741770,10.8,72317,234395,14,28708,National,6.625,1048186,8.425,5.72,5.081666666666667,1.85,4.75,NA,NA,NA,NA,NA,NA,NA,NA,NA,NA,NA,NA,NA,NA,NA,NA,NA,NA,NA,NA,NA,NA,NA,NA,NA,NA,NA,NA,NA,NA,NA,NA
2017,Invercargill City,Other,1.08465,0.9360999999999999,1.001925,National,5.72,5.081666666666667,National,6.625,National,1048186,National,4.55,3.85,4.6,National,2079.615068493151,1852.0109589041099,3489.8424657534247,179.86575342465758,National,96778.90410958904,105496.33287671232,118746.11095890412,92427.44794520548,National,13,474972,0.6,2788,987902,10.3,92521,700600,17.1,102366,741770,10.8,72317,234395,14,28708,National,6.625,1048186,8.425,5.72,5.081666666666667,1.85,4.75,NA,NA,NA,NA,NA,NA,NA,NA,NA,NA,NA,NA,NA,NA,NA,NA,NA,NA,NA,NA,NA,NA,NA,NA,NA,NA,NA,NA,NA,NA,NA,NA
2017,Kaikoura District,Other,1.174925,1.013575,0.9946250000000001,National,5.72,5.081666666666667,National,6.625,National,1048186,National,4.55,3.85,4.6,National,2079.615068493151,1852.0109589041099,3489.8424657534247,179.86575342465758,National,96778.90410958904,105496.33287671232,118746.11095890412,92427.44794520548,National,13,474972,0.6,2788,987902,10.3,92521,700600,17.1,102366,741770,10.8,72317,234395,14,28708,National,6.625,1048186,8.425,5.72,5.081666666666667,1.85,4.75,NA,NA,NA,NA,NA,NA,NA,NA,NA,NA,NA,NA,NA,NA,NA,NA,NA,NA,NA,NA,NA,NA,NA,NA,NA,NA,NA,NA,NA,NA,NA,NA
2017,Kaipara District,Other,0.849425,0.73285,0.9636750000000001,National,5.72,5.081666666666667,National,6.625,National,1048186,National,4.55,3.85,4.6,National,2079.615068493151,1852.0109589041099,3489.8424657534247,179.86575342465758,National,96778.90410958904,105496.33287671232,118746.11095890412,92427.44794520548,National,13,474972,0.6,2788,987902,10.3,92521,700600,17.1,102366,741770,10.8,72317,234395,14,28708,National,6.625,1048186,8.425,5.72,5.081666666666667,1.85,4.75,NA,NA,NA,NA,NA,NA,NA,NA,NA,NA,NA,NA,NA,NA,NA,NA,NA,NA,NA,NA,NA,NA,NA,NA,NA,NA,NA,NA,NA,NA,NA,NA
2017,Kapiti Coast District,Wellington Rural,0.943875,0.8146,0.995475,National,5.72,5.081666666666667,National,6.625,National,1048186,National,4.55,3.85,4.6,National,2079.615068493151,1852.0109589041099,3489.8424657534247,179.86575342465758,National,96778.90410958904,105496.33287671232,118746.11095890412,92427.44794520548,National,13,474972,0.6,2788,987902,10.3,92521,700600,17.1,102366,741770,10.8,72317,234395,14,28708,National,6.625,1048186,8.425,5.72,5.081666666666667,1.85,4.75,NA,NA,NA,NA,NA,NA,NA,NA,NA,NA,NA,NA,NA,NA,NA,NA,NA,NA,NA,NA,NA,NA,NA,NA,NA,NA,NA,NA,NA,NA,NA,NA
2017,Kawerau District,Other,0.8367249999999999,0.72215,0.9465,National,5.72,5.081666666666667,National,6.625,National,1048186,National,4.55,3.85,4.6,National,2079.615068493151,1852.0109589041099,3489.8424657534247,179.86575342465758,National,96778.90410958904,105496.33287671232,118746.11095890412,92427.44794520548,National,13,474972,0.6,2788,987902,10.3,92521,700600,17.1,102366,741770,10.8,72317,234395,14,28708,National,6.625,1048186,8.425,5.72,5.081666666666667,1.85,4.75,NA,NA,NA,NA,NA,NA,NA,NA,NA,NA,NA,NA,NA,NA,NA,NA,NA,NA,NA,NA,NA,NA,NA,NA,NA,NA,NA,NA,NA,NA,NA,NA
2017,MacKenzie District,Canterbury Rural,0.79055,0.6824,1.0881750000000001,National,5.72,5.081666666666667,National,6.625,National,1048186,National,4.55,3.85,4.6,National,2079.615068493151,1852.0109589041099,3489.8424657534247,179.86575342465758,National,96778.90410958904,105496.33287671232,118746.11095890412,92427.44794520548,National,13,474972,0.6,2788,987902,10.3,92521,700600,17.1,102366,741770,10.8,72317,234395,14,28708,National,6.625,1048186,8.425,5.72,5.081666666666667,1.85,4.75,NA,NA,NA,NA,NA,NA,NA,NA,NA,NA,NA,NA,NA,NA,NA,NA,NA,NA,NA,NA,NA,NA,NA,NA,NA,NA,NA,NA,NA,NA,NA,NA
2017,Manawatu District,Other,1.0342500000000001,0.89255,0.9743999999999999,National,5.72,5.081666666666667,National,6.625,National,1048186,National,4.55,3.85,4.6,National,2079.615068493151,1852.0109589041099,3489.8424657534247,179.86575342465758,National,96778.90410958904,105496.33287671232,118746.11095890412,92427.44794520548,National,13,474972,0.6,2788,987902,10.3,92521,700600,17.1,102366,741770,10.8,72317,234395,14,28708,National,6.625,1048186,8.425,5.72,5.081666666666667,1.85,4.75,NA,NA,NA,NA,NA,NA,NA,NA,NA,NA,NA,NA,NA,NA,NA,NA,NA,NA,NA,NA,NA,NA,NA,NA,NA,NA,NA,NA,NA,NA,NA,NA
2017,Manawatu-Wanganui,Other,1.026125,0.885575,0.980925,National,5.72,5.081666666666667,National,6.625,National,1048186,National,4.55,3.85,4.6,National,2079.615068493151,1852.0109589041099,3489.8424657534247,179.86575342465758,National,96778.90410958904,105496.33287671232,118746.11095890412,92427.44794520548,National,13,474972,0.6,2788,987902,10.3,92521,700600,17.1,102366,741770,10.8,72317,234395,14,28708,National,6.625,1048186,8.425,5.72,5.081666666666667,1.85,4.75,NA,NA,NA,NA,NA,NA,NA,NA,NA,NA,NA,NA,NA,NA,NA,NA,NA,NA,NA,NA,NA,NA,NA,NA,NA,NA,NA,NA,NA,NA,NA,NA
2017,Marlborough,Other,1.03875,0.896425,0.97255,National,5.72,5.081666666666667,National,6.625,National,1048186,National,4.55,3.85,4.6,National,2079.615068493151,1852.0109589041099,3489.8424657534247,179.86575342465758,National,96778.90410958904,105496.33287671232,118746.11095890412,92427.44794520548,National,13,474972,0.6,2788,987902,10.3,92521,700600,17.1,102366,741770,10.8,72317,234395,14,28708,National,6.625,1048186,8.425,5.72,5.081666666666667,1.85,4.75,NA,NA,NA,NA,NA,NA,NA,NA,NA,NA,NA,NA,NA,NA,NA,NA,NA,NA,NA,NA,NA,NA,NA,NA,NA,NA,NA,NA,NA,NA,NA,NA
2017,Marlborough District,Other,1.03875,0.896425,0.97255,National,5.72,5.081666666666667,National,6.625,National,1048186,National,4.55,3.85,4.6,National,2079.615068493151,1852.0109589041099,3489.8424657534247,179.86575342465758,National,96778.90410958904,105496.33287671232,118746.11095890412,92427.44794520548,National,13,474972,0.6,2788,987902,10.3,92521,700600,17.1,102366,741770,10.8,72317,234395,14,28708,National,6.625,1048186,8.425,5.72,5.081666666666667,1.85,4.75,NA,NA,NA,NA,NA,NA,NA,NA,NA,NA,NA,NA,NA,NA,NA,NA,NA,NA,NA,NA,NA,NA,NA,NA,NA,NA,NA,NA,NA,NA,NA,NA
2017,Masterton District,Wellington Rural,1.0415,0.898875,0.95045,National,5.72,5.081666666666667,National,6.625,National,1048186,National,4.55,3.85,4.6,National,2079.615068493151,1852.0109589041099,3489.8424657534247,179.86575342465758,National,96778.90410958904,105496.33287671232,118746.11095890412,92427.44794520548,National,13,474972,0.6,2788,987902,10.3,92521,700600,17.1,102366,741770,10.8,72317,234395,14,28708,National,6.625,1048186,8.425,5.72,5.081666666666667,1.85,4.75,NA,NA,NA,NA,NA,NA,NA,NA,NA,NA,NA,NA,NA,NA,NA,NA,NA,NA,NA,NA,NA,NA,NA,NA,NA,NA,NA,NA,NA,NA,NA,NA
2017,Matamata Piako District,Other,0.840175,0.725025,0.9401999999999999,National,5.72,5.081666666666667,National,6.625,National,1048186,National,4.55,3.85,4.6,National,2079.615068493151,1852.0109589041099,3489.8424657534247,179.86575342465758,National,96778.90410958904,105496.33287671232,118746.11095890412,92427.44794520548,National,13,474972,0.6,2788,987902,10.3,92521,700600,17.1,102366,741770,10.8,72317,234395,14,28708,National,6.625,1048186,8.425,5.72,5.081666666666667,1.85,4.75,NA,NA,NA,NA,NA,NA,NA,NA,NA,NA,NA,NA,NA,NA,NA,NA,NA,NA,NA,NA,NA,NA,NA,NA,NA,NA,NA,NA,NA,NA,NA,NA
2017,Napier City,Other,0.916725,0.791225,0.980275,National,5.72,5.081666666666667,National,6.625,National,1048186,National,4.55,3.85,4.6,National,2079.615068493151,1852.0109589041099,3489.8424657534247,179.86575342465758,National,96778.90410958904,105496.33287671232,118746.11095890412,92427.44794520548,National,13,474972,0.6,2788,987902,10.3,92521,700600,17.1,102366,741770,10.8,72317,234395,14,28708,National,6.625,1048186,8.425,5.72,5.081666666666667,1.85,4.75,NA,NA,NA,NA,NA,NA,NA,NA,NA,NA,NA,NA,NA,NA,NA,NA,NA,NA,NA,NA,NA,NA,NA,NA,NA,NA,NA,NA,NA,NA,NA,NA
2017,Nelson,Other,0.9541,0.823375,1.05525,National,5.72,5.081666666666667,National,6.625,National,1048186,National,4.55,3.85,4.6,National,2079.615068493151,1852.0109589041099,3489.8424657534247,179.86575342465758,National,96778.90410958904,105496.33287671232,118746.11095890412,92427.44794520548,National,13,474972,0.6,2788,987902,10.3,92521,700600,17.1,102366,741770,10.8,72317,234395,14,28708,National,6.625,1048186,8.425,5.72,5.081666666666667,1.85,4.75,NA,NA,NA,NA,NA,NA,NA,NA,NA,NA,NA,NA,NA,NA,NA,NA,NA,NA,NA,NA,NA,NA,NA,NA,NA,NA,NA,NA,NA,NA,NA,NA
2017,Nelson City,Other,0.9541,0.823375,1.055275,National,5.72,5.081666666666667,National,6.625,National,1048186,National,4.55,3.85,4.6,National,2079.615068493151,1852.0109589041099,3489.8424657534247,179.86575342465758,National,96778.90410958904,105496.33287671232,118746.11095890412,92427.44794520548,National,13,474972,0.6,2788,987902,10.3,92521,700600,17.1,102366,741770,10.8,72317,234395,14,28708,National,6.625,1048186,8.425,5.72,5.081666666666667,1.85,4.75,NA,NA,NA,NA,NA,NA,NA,NA,NA,NA,NA,NA,NA,NA,NA,NA,NA,NA,NA,NA,NA,NA,NA,NA,NA,NA,NA,NA,NA,NA,NA,NA
2017,New Plymouth District,Other,0.9822500000000001,0.84765,1.034825,National,5.72,5.081666666666667,National,6.625,National,1048186,National,4.55,3.85,4.6,National,2079.615068493151,1852.0109589041099,3489.8424657534247,179.86575342465758,National,96778.90410958904,105496.33287671232,118746.11095890412,92427.44794520548,National,13,474972,0.6,2788,987902,10.3,92521,700600,17.1,102366,741770,10.8,72317,234395,14,28708,National,6.625,1048186,8.425,5.72,5.081666666666667,1.85,4.75,NA,NA,NA,NA,NA,NA,NA,NA,NA,NA,NA,NA,NA,NA,NA,NA,NA,NA,NA,NA,NA,NA,NA,NA,NA,NA,NA,NA,NA,NA,NA,NA
2017,New Zealand,Other,0.85115,0.734475,1.0007,National,5.72,5.081666666666667,National,6.625,National,1048186,National,4.55,3.85,4.6,National,2079.615068493151,1852.0109589041099,3489.8424657534247,179.86575342465758,National,96778.90410958904,105496.33287671232,118746.11095890412,92427.44794520548,National,13,474972,0.6,2788,987902,10.3,92521,700600,17.1,102366,741770,10.8,72317,234395,14,28708,National,6.625,1048186,8.425,5.72,5.081666666666667,1.85,4.75,NA,NA,NA,NA,NA,NA,NA,NA,NA,NA,NA,NA,NA,NA,NA,NA,NA,NA,NA,NA,NA,NA,NA,NA,NA,NA,NA,NA,NA,NA,NA,NA
2017,Northland,Other,0.953975,0.823175,0.9689000000000001,National,5.72,5.081666666666667,National,6.625,National,1048186,National,4.55,3.85,4.6,National,2079.615068493151,1852.0109589041099,3489.8424657534247,179.86575342465758,National,96778.90410958904,105496.33287671232,118746.11095890412,92427.44794520548,National,13,474972,0.6,2788,987902,10.3,92521,700600,17.1,102366,741770,10.8,72317,234395,14,28708,National,6.625,1048186,8.425,5.72,5.081666666666667,1.85,4.75,NA,NA,NA,NA,NA,NA,NA,NA,NA,NA,NA,NA,NA,NA,NA,NA,NA,NA,NA,NA,NA,NA,NA,NA,NA,NA,NA,NA,NA,NA,NA,NA
2017,Opotiki District,Other,1.0287,0.88765,0.961175,National,5.72,5.081666666666667,National,6.625,National,1048186,National,4.55,3.85,4.6,National,2079.615068493151,1852.0109589041099,3489.8424657534247,179.86575342465758,National,96778.90410958904,105496.33287671232,118746.11095890412,92427.44794520548,National,13,474972,0.6,2788,987902,10.3,92521,700600,17.1,102366,741770,10.8,72317,234395,14,28708,National,6.625,1048186,8.425,5.72,5.081666666666667,1.85,4.75,NA,NA,NA,NA,NA,NA,NA,NA,NA,NA,NA,NA,NA,NA,NA,NA,NA,NA,NA,NA,NA,NA,NA,NA,NA,NA,NA,NA,NA,NA,NA,NA
2017,Otago,Other,0.87895,0.7585999999999999,1.020575,National,5.72,5.081666666666667,National,6.625,National,1048186,National,4.55,3.85,4.6,National,2079.615068493151,1852.0109589041099,3489.8424657534247,179.86575342465758,National,96778.90410958904,105496.33287671232,118746.11095890412,92427.44794520548,National,13,474972,0.6,2788,987902,10.3,92521,700600,17.1,102366,741770,10.8,72317,234395,14,28708,National,6.625,1048186,8.425,5.72,5.081666666666667,1.85,4.75,NA,NA,NA,NA,NA,NA,NA,NA,NA,NA,NA,NA,NA,NA,NA,NA,NA,NA,NA,NA,NA,NA,NA,NA,NA,NA,NA,NA,NA,NA,NA,NA
2017,Otorohanga District,Other,0.93505,0.8069,0.91105,National,5.72,5.081666666666667,National,6.625,National,1048186,National,4.55,3.85,4.6,National,2079.615068493151,1852.0109589041099,3489.8424657534247,179.86575342465758,National,96778.90410958904,105496.33287671232,118746.11095890412,92427.44794520548,National,13,474972,0.6,2788,987902,10.3,92521,700600,17.1,102366,741770,10.8,72317,234395,14,28708,National,6.625,1048186,8.425,5.72,5.081666666666667,1.85,4.75,NA,NA,NA,NA,NA,NA,NA,NA,NA,NA,NA,NA,NA,NA,NA,NA,NA,NA,NA,NA,NA,NA,NA,NA,NA,NA,NA,NA,NA,NA,NA,NA
2017,Palmerston North City,Other,1.0117,0.8731,0.9864999999999999,National,5.72,5.081666666666667,National,6.625,National,1048186,National,4.55,3.85,4.6,National,2079.615068493151,1852.0109589041099,3489.8424657534247,179.86575342465758,National,96778.90410958904,105496.33287671232,118746.11095890412,92427.44794520548,National,13,474972,0.6,2788,987902,10.3,92521,700600,17.1,102366,741770,10.8,72317,234395,14,28708,National,6.625,1048186,8.425,5.72,5.081666666666667,1.85,4.75,NA,NA,NA,NA,NA,NA,NA,NA,NA,NA,NA,NA,NA,NA,NA,NA,NA,NA,NA,NA,NA,NA,NA,NA,NA,NA,NA,NA,NA,NA,NA,NA
2017,Porirua City,Wellington Urban,0.95165,0.821375,1.0025,National,5.72,5.081666666666667,National,6.625,National,1048186,National,4.55,3.85,4.6,National,2079.615068493151,1852.0109589041099,3489.8424657534247,179.86575342465758,National,96778.90410958904,105496.33287671232,118746.11095890412,92427.44794520548,National,13,474972,0.6,2788,987902,10.3,92521,700600,17.1,102366,741770,10.8,72317,234395,14,28708,National,6.625,1048186,8.425,5.72,5.081666666666667,1.85,4.75,NA,NA,NA,NA,NA,NA,NA,NA,NA,NA,NA,NA,NA,NA,NA,NA,NA,NA,NA,NA,NA,NA,NA,NA,NA,NA,NA,NA,NA,NA,NA,NA
2017,Queenstown Lakes District,Other,0.879575,0.7589,0.918425,National,5.72,5.081666666666667,National,6.625,National,1048186,National,4.55,3.85,4.6,National,2079.615068493151,1852.0109589041099,3489.8424657534247,179.86575342465758,National,96778.90410958904,105496.33287671232,118746.11095890412,92427.44794520548,National,13,474972,0.6,2788,987902,10.3,92521,700600,17.1,102366,741770,10.8,72317,234395,14,28708,National,6.625,1048186,8.425,5.72,5.081666666666667,1.85,4.75,NA,NA,NA,NA,NA,NA,NA,NA,NA,NA,NA,NA,NA,NA,NA,NA,NA,NA,NA,NA,NA,NA,NA,NA,NA,NA,NA,NA,NA,NA,NA,NA
2017,Rangitikei District,Other,1.0722749999999999,0.9254,0.9191,National,5.72,5.081666666666667,National,6.625,National,1048186,National,4.55,3.85,4.6,National,2079.615068493151,1852.0109589041099,3489.8424657534247,179.86575342465758,National,96778.90410958904,105496.33287671232,118746.11095890412,92427.44794520548,National,13,474972,0.6,2788,987902,10.3,92521,700600,17.1,102366,741770,10.8,72317,234395,14,28708,National,6.625,1048186,8.425,5.72,5.081666666666667,1.85,4.75,NA,NA,NA,NA,NA,NA,NA,NA,NA,NA,NA,NA,NA,NA,NA,NA,NA,NA,NA,NA,NA,NA,NA,NA,NA,NA,NA,NA,NA,NA,NA,NA
2017,Rotorua District,Other,0.894625,0.772025,0.8774000000000001,National,5.72,5.081666666666667,National,6.625,National,1048186,National,4.55,3.85,4.6,National,2079.615068493151,1852.0109589041099,3489.8424657534247,179.86575342465758,National,96778.90410958904,105496.33287671232,118746.11095890412,92427.44794520548,National,13,474972,0.6,2788,987902,10.3,92521,700600,17.1,102366,741770,10.8,72317,234395,14,28708,National,6.625,1048186,8.425,5.72,5.081666666666667,1.85,4.75,NA,NA,NA,NA,NA,NA,NA,NA,NA,NA,NA,NA,NA,NA,NA,NA,NA,NA,NA,NA,NA,NA,NA,NA,NA,NA,NA,NA,NA,NA,NA,NA
2017,Ruapehu District,Other,1.189025,1.0261,0.980425,National,5.72,5.081666666666667,National,6.625,National,1048186,National,4.55,3.85,4.6,National,2079.615068493151,1852.0109589041099,3489.8424657534247,179.86575342465758,National,96778.90410958904,105496.33287671232,118746.11095890412,92427.44794520548,National,13,474972,0.6,2788,987902,10.3,92521,700600,17.1,102366,741770,10.8,72317,234395,14,28708,National,6.625,1048186,8.425,5.72,5.081666666666667,1.85,4.75,NA,NA,NA,NA,NA,NA,NA,NA,NA,NA,NA,NA,NA,NA,NA,NA,NA,NA,NA,NA,NA,NA,NA,NA,NA,NA,NA,NA,NA,NA,NA,NA
2017,Selwyn District,Canterbury Rural,1.088775,0.939425,1.1412499999999999,National,5.72,5.081666666666667,National,6.625,National,1048186,National,4.55,3.85,4.6,National,2079.615068493151,1852.0109589041099,3489.8424657534247,179.86575342465758,National,96778.90410958904,105496.33287671232,118746.11095890412,92427.44794520548,National,13,474972,0.6,2788,987902,10.3,92521,700600,17.1,102366,741770,10.8,72317,234395,14,28708,National,6.625,1048186,8.425,5.72,5.081666666666667,1.85,4.75,NA,NA,NA,NA,NA,NA,NA,NA,NA,NA,NA,NA,NA,NA,NA,NA,NA,NA,NA,NA,NA,NA,NA,NA,NA,NA,NA,NA,NA,NA,NA,NA
2017,South Taranaki District,Other,1.117,0.96405,1.010975,National,5.72,5.081666666666667,National,6.625,National,1048186,National,4.55,3.85,4.6,National,2079.615068493151,1852.0109589041099,3489.8424657534247,179.86575342465758,National,96778.90410958904,105496.33287671232,118746.11095890412,92427.44794520548,National,13,474972,0.6,2788,987902,10.3,92521,700600,17.1,102366,741770,10.8,72317,234395,14,28708,National,6.625,1048186,8.425,5.72,5.081666666666667,1.85,4.75,NA,NA,NA,NA,NA,NA,NA,NA,NA,NA,NA,NA,NA,NA,NA,NA,NA,NA,NA,NA,NA,NA,NA,NA,NA,NA,NA,NA,NA,NA,NA,NA
2017,South Waikato District,Other,0.8427250000000001,0.72745,0.84485,National,5.72,5.081666666666667,National,6.625,National,1048186,National,4.55,3.85,4.6,National,2079.615068493151,1852.0109589041099,3489.8424657534247,179.86575342465758,National,96778.90410958904,105496.33287671232,118746.11095890412,92427.44794520548,National,13,474972,0.6,2788,987902,10.3,92521,700600,17.1,102366,741770,10.8,72317,234395,14,28708,National,6.625,1048186,8.425,5.72,5.081666666666667,1.85,4.75,NA,NA,NA,NA,NA,NA,NA,NA,NA,NA,NA,NA,NA,NA,NA,NA,NA,NA,NA,NA,NA,NA,NA,NA,NA,NA,NA,NA,NA,NA,NA,NA
2017,South Wairarapa District,Wellington Rural,1.03535,0.893675,0.9781,National,5.72,5.081666666666667,National,6.625,National,1048186,National,4.55,3.85,4.6,National,2079.615068493151,1852.0109589041099,3489.8424657534247,179.86575342465758,National,96778.90410958904,105496.33287671232,118746.11095890412,92427.44794520548,National,13,474972,0.6,2788,987902,10.3,92521,700600,17.1,102366,741770,10.8,72317,234395,14,28708,National,6.625,1048186,8.425,5.72,5.081666666666667,1.85,4.75,NA,NA,NA,NA,NA,NA,NA,NA,NA,NA,NA,NA,NA,NA,NA,NA,NA,NA,NA,NA,NA,NA,NA,NA,NA,NA,NA,NA,NA,NA,NA,NA
2017,Southland,Other,1.104425,0.953175,1.008,National,5.72,5.081666666666667,National,6.625,National,1048186,National,4.55,3.85,4.6,National,2079.615068493151,1852.0109589041099,3489.8424657534247,179.86575342465758,National,96778.90410958904,105496.33287671232,118746.11095890412,92427.44794520548,National,13,474972,0.6,2788,987902,10.3,92521,700600,17.1,102366,741770,10.8,72317,234395,14,28708,National,6.625,1048186,8.425,5.72,5.081666666666667,1.85,4.75,NA,NA,NA,NA,NA,NA,NA,NA,NA,NA,NA,NA,NA,NA,NA,NA,NA,NA,NA,NA,NA,NA,NA,NA,NA,NA,NA,NA,NA,NA,NA,NA
2017,Southland District,Other,1.112275,0.960075,1.0430000000000001,National,5.72,5.081666666666667,National,6.625,National,1048186,National,4.55,3.85,4.6,National,2079.615068493151,1852.0109589041099,3489.8424657534247,179.86575342465758,National,96778.90410958904,105496.33287671232,118746.11095890412,92427.44794520548,National,13,474972,0.6,2788,987902,10.3,92521,700600,17.1,102366,741770,10.8,72317,234395,14,28708,National,6.625,1048186,8.425,5.72,5.081666666666667,1.85,4.75,NA,NA,NA,NA,NA,NA,NA,NA,NA,NA,NA,NA,NA,NA,NA,NA,NA,NA,NA,NA,NA,NA,NA,NA,NA,NA,NA,NA,NA,NA,NA,NA
2017,Stratford District,Other,1.03,0.888825,0.9423250000000001,National,5.72,5.081666666666667,National,6.625,National,1048186,National,4.55,3.85,4.6,National,2079.615068493151,1852.0109589041099,3489.8424657534247,179.86575342465758,National,96778.90410958904,105496.33287671232,118746.11095890412,92427.44794520548,National,13,474972,0.6,2788,987902,10.3,92521,700600,17.1,102366,741770,10.8,72317,234395,14,28708,National,6.625,1048186,8.425,5.72,5.081666666666667,1.85,4.75,NA,NA,NA,NA,NA,NA,NA,NA,NA,NA,NA,NA,NA,NA,NA,NA,NA,NA,NA,NA,NA,NA,NA,NA,NA,NA,NA,NA,NA,NA,NA,NA
2017,Taranaki,Other,0.990675,0.854925,1.0225,National,5.72,5.081666666666667,National,6.625,National,1048186,National,4.55,3.85,4.6,National,2079.615068493151,1852.0109589041099,3489.8424657534247,179.86575342465758,National,96778.90410958904,105496.33287671232,118746.11095890412,92427.44794520548,National,13,474972,0.6,2788,987902,10.3,92521,700600,17.1,102366,741770,10.8,72317,234395,14,28708,National,6.625,1048186,8.425,5.72,5.081666666666667,1.85,4.75,NA,NA,NA,NA,NA,NA,NA,NA,NA,NA,NA,NA,NA,NA,NA,NA,NA,NA,NA,NA,NA,NA,NA,NA,NA,NA,NA,NA,NA,NA,NA,NA
2017,Tararua District,Other,1.103075,0.952025,1.018375,National,5.72,5.081666666666667,National,6.625,National,1048186,National,4.55,3.85,4.6,National,2079.615068493151,1852.0109589041099,3489.8424657534247,179.86575342465758,National,96778.90410958904,105496.33287671232,118746.11095890412,92427.44794520548,National,13,474972,0.6,2788,987902,10.3,92521,700600,17.1,102366,741770,10.8,72317,234395,14,28708,National,6.625,1048186,8.425,5.72,5.081666666666667,1.85,4.75,NA,NA,NA,NA,NA,NA,NA,NA,NA,NA,NA,NA,NA,NA,NA,NA,NA,NA,NA,NA,NA,NA,NA,NA,NA,NA,NA,NA,NA,NA,NA,NA
2017,Tasman,Other,0.9981,0.8613,1.05695,National,5.72,5.081666666666667,National,6.625,National,1048186,National,4.55,3.85,4.6,National,2079.615068493151,1852.0109589041099,3489.8424657534247,179.86575342465758,National,96778.90410958904,105496.33287671232,118746.11095890412,92427.44794520548,National,13,474972,0.6,2788,987902,10.3,92521,700600,17.1,102366,741770,10.8,72317,234395,14,28708,National,6.625,1048186,8.425,5.72,5.081666666666667,1.85,4.75,NA,NA,NA,NA,NA,NA,NA,NA,NA,NA,NA,NA,NA,NA,NA,NA,NA,NA,NA,NA,NA,NA,NA,NA,NA,NA,NA,NA,NA,NA,NA,NA
2017,Tasman District,Other,0.9981,0.8613,1.05705,National,5.72,5.081666666666667,National,6.625,National,1048186,National,4.55,3.85,4.6,National,2079.615068493151,1852.0109589041099,3489.8424657534247,179.86575342465758,National,96778.90410958904,105496.33287671232,118746.11095890412,92427.44794520548,National,13,474972,0.6,2788,987902,10.3,92521,700600,17.1,102366,741770,10.8,72317,234395,14,28708,National,6.625,1048186,8.425,5.72,5.081666666666667,1.85,4.75,NA,NA,NA,NA,NA,NA,NA,NA,NA,NA,NA,NA,NA,NA,NA,NA,NA,NA,NA,NA,NA,NA,NA,NA,NA,NA,NA,NA,NA,NA,NA,NA
2017,Taupo District,Other,1.036225,0.8941749999999999,0.9637249999999999,National,5.72,5.081666666666667,National,6.625,National,1048186,National,4.55,3.85,4.6,National,2079.615068493151,1852.0109589041099,3489.8424657534247,179.86575342465758,National,96778.90410958904,105496.33287671232,118746.11095890412,92427.44794520548,National,13,474972,0.6,2788,987902,10.3,92521,700600,17.1,102366,741770,10.8,72317,234395,14,28708,National,6.625,1048186,8.425,5.72,5.081666666666667,1.85,4.75,NA,NA,NA,NA,NA,NA,NA,NA,NA,NA,NA,NA,NA,NA,NA,NA,NA,NA,NA,NA,NA,NA,NA,NA,NA,NA,NA,NA,NA,NA,NA,NA
2017,Tauranga City,Other,0.884925,0.763575,0.939975,National,5.72,5.081666666666667,National,6.625,National,1048186,National,4.55,3.85,4.6,National,2079.615068493151,1852.0109589041099,3489.8424657534247,179.86575342465758,National,96778.90410958904,105496.33287671232,118746.11095890412,92427.44794520548,National,13,474972,0.6,2788,987902,10.3,92521,700600,17.1,102366,741770,10.8,72317,234395,14,28708,National,6.625,1048186,8.425,5.72,5.081666666666667,1.85,4.75,NA,NA,NA,NA,NA,NA,NA,NA,NA,NA,NA,NA,NA,NA,NA,NA,NA,NA,NA,NA,NA,NA,NA,NA,NA,NA,NA,NA,NA,NA,NA,NA
2017,Thames Coromandel District,Other,0.966425,0.83385,0.943225,National,5.72,5.081666666666667,National,6.625,National,1048186,National,4.55,3.85,4.6,National,2079.615068493151,1852.0109589041099,3489.8424657534247,179.86575342465758,National,96778.90410958904,105496.33287671232,118746.11095890412,92427.44794520548,National,13,474972,0.6,2788,987902,10.3,92521,700600,17.1,102366,741770,10.8,72317,234395,14,28708,National,6.625,1048186,8.425,5.72,5.081666666666667,1.85,4.75,NA,NA,NA,NA,NA,NA,NA,NA,NA,NA,NA,NA,NA,NA,NA,NA,NA,NA,NA,NA,NA,NA,NA,NA,NA,NA,NA,NA,NA,NA,NA,NA
2017,Timaru District,Canterbury Rural,0.975175,0.84145,0.976225,National,5.72,5.081666666666667,National,6.625,National,1048186,National,4.55,3.85,4.6,National,2079.615068493151,1852.0109589041099,3489.8424657534247,179.86575342465758,National,96778.90410958904,105496.33287671232,118746.11095890412,92427.44794520548,National,13,474972,0.6,2788,987902,10.3,92521,700600,17.1,102366,741770,10.8,72317,234395,14,28708,National,6.625,1048186,8.425,5.72,5.081666666666667,1.85,4.75,NA,NA,NA,NA,NA,NA,NA,NA,NA,NA,NA,NA,NA,NA,NA,NA,NA,NA,NA,NA,NA,NA,NA,NA,NA,NA,NA,NA,NA,NA,NA,NA
2017,Upper Hutt City,Wellington Urban,0.994425,0.85815,0.99245,National,5.72,5.081666666666667,National,6.625,National,1048186,National,4.55,3.85,4.6,National,2079.615068493151,1852.0109589041099,3489.8424657534247,179.86575342465758,National,96778.90410958904,105496.33287671232,118746.11095890412,92427.44794520548,National,13,474972,0.6,2788,987902,10.3,92521,700600,17.1,102366,741770,10.8,72317,234395,14,28708,National,6.625,1048186,8.425,5.72,5.081666666666667,1.85,4.75,NA,NA,NA,NA,NA,NA,NA,NA,NA,NA,NA,NA,NA,NA,NA,NA,NA,NA,NA,NA,NA,NA,NA,NA,NA,NA,NA,NA,NA,NA,NA,NA
2017,Waikato,Other,0.873525,0.753825,0.9676750000000001,National,5.72,5.081666666666667,National,6.625,National,1048186,National,4.55,3.85,4.6,National,2079.615068493151,1852.0109589041099,3489.8424657534247,179.86575342465758,National,96778.90410958904,105496.33287671232,118746.11095890412,92427.44794520548,National,13,474972,0.6,2788,987902,10.3,92521,700600,17.1,102366,741770,10.8,72317,234395,14,28708,National,6.625,1048186,8.425,5.72,5.081666666666667,1.85,4.75,NA,NA,NA,NA,NA,NA,NA,NA,NA,NA,NA,NA,NA,NA,NA,NA,NA,NA,NA,NA,NA,NA,NA,NA,NA,NA,NA,NA,NA,NA,NA,NA
2017,Waikato District,Other,0.8097,0.698725,0.978975,National,5.72,5.081666666666667,National,6.625,National,1048186,National,4.55,3.85,4.6,National,2079.615068493151,1852.0109589041099,3489.8424657534247,179.86575342465758,National,96778.90410958904,105496.33287671232,118746.11095890412,92427.44794520548,National,13,474972,0.6,2788,987902,10.3,92521,700600,17.1,102366,741770,10.8,72317,234395,14,28708,National,6.625,1048186,8.425,5.72,5.081666666666667,1.85,4.75,NA,NA,NA,NA,NA,NA,NA,NA,NA,NA,NA,NA,NA,NA,NA,NA,NA,NA,NA,NA,NA,NA,NA,NA,NA,NA,NA,NA,NA,NA,NA,NA
2017,Waimakariri District,Canterbury Rural,1.11285,0.9603,1.102475,National,5.72,5.081666666666667,National,6.625,National,1048186,National,4.55,3.85,4.6,National,2079.615068493151,1852.0109589041099,3489.8424657534247,179.86575342465758,National,96778.90410958904,105496.33287671232,118746.11095890412,92427.44794520548,National,13,474972,0.6,2788,987902,10.3,92521,700600,17.1,102366,741770,10.8,72317,234395,14,28708,National,6.625,1048186,8.425,5.72,5.081666666666667,1.85,4.75,NA,NA,NA,NA,NA,NA,NA,NA,NA,NA,NA,NA,NA,NA,NA,NA,NA,NA,NA,NA,NA,NA,NA,NA,NA,NA,NA,NA,NA,NA,NA,NA
2017,Waimate District,Canterbury Rural,1.000375,0.86325,0.8903749999999999,National,5.72,5.081666666666667,National,6.625,National,1048186,National,4.55,3.85,4.6,National,2079.615068493151,1852.0109589041099,3489.8424657534247,179.86575342465758,National,96778.90410958904,105496.33287671232,118746.11095890412,92427.44794520548,National,13,474972,0.6,2788,987902,10.3,92521,700600,17.1,102366,741770,10.8,72317,234395,14,28708,National,6.625,1048186,8.425,5.72,5.081666666666667,1.85,4.75,NA,NA,NA,NA,NA,NA,NA,NA,NA,NA,NA,NA,NA,NA,NA,NA,NA,NA,NA,NA,NA,NA,NA,NA,NA,NA,NA,NA,NA,NA,NA,NA
2017,Waipa District,Other,0.8167,0.704775,0.97365,National,5.72,5.081666666666667,National,6.625,National,1048186,National,4.55,3.85,4.6,National,2079.615068493151,1852.0109589041099,3489.8424657534247,179.86575342465758,National,96778.90410958904,105496.33287671232,118746.11095890412,92427.44794520548,National,13,474972,0.6,2788,987902,10.3,92521,700600,17.1,102366,741770,10.8,72317,234395,14,28708,National,6.625,1048186,8.425,5.72,5.081666666666667,1.85,4.75,NA,NA,NA,NA,NA,NA,NA,NA,NA,NA,NA,NA,NA,NA,NA,NA,NA,NA,NA,NA,NA,NA,NA,NA,NA,NA,NA,NA,NA,NA,NA,NA
2017,Wairoa District,Other,1.28485,1.108875,0.8581,National,5.72,5.081666666666667,National,6.625,National,1048186,National,4.55,3.85,4.6,National,2079.615068493151,1852.0109589041099,3489.8424657534247,179.86575342465758,National,96778.90410958904,105496.33287671232,118746.11095890412,92427.44794520548,National,13,474972,0.6,2788,987902,10.3,92521,700600,17.1,102366,741770,10.8,72317,234395,14,28708,National,6.625,1048186,8.425,5.72,5.081666666666667,1.85,4.75,NA,NA,NA,NA,NA,NA,NA,NA,NA,NA,NA,NA,NA,NA,NA,NA,NA,NA,NA,NA,NA,NA,NA,NA,NA,NA,NA,NA,NA,NA,NA,NA
2017,Waitaki District,Other,1.025425,0.88495,0.997375,National,5.72,5.081666666666667,National,6.625,National,1048186,National,4.55,3.85,4.6,National,2079.615068493151,1852.0109589041099,3489.8424657534247,179.86575342465758,National,96778.90410958904,105496.33287671232,118746.11095890412,92427.44794520548,National,13,474972,0.6,2788,987902,10.3,92521,700600,17.1,102366,741770,10.8,72317,234395,14,28708,National,6.625,1048186,8.425,5.72,5.081666666666667,1.85,4.75,NA,NA,NA,NA,NA,NA,NA,NA,NA,NA,NA,NA,NA,NA,NA,NA,NA,NA,NA,NA,NA,NA,NA,NA,NA,NA,NA,NA,NA,NA,NA,NA
2017,Waitomo District,Other,0.9418000000000001,0.81275,0.98695,National,5.72,5.081666666666667,National,6.625,National,1048186,National,4.55,3.85,4.6,National,2079.615068493151,1852.0109589041099,3489.8424657534247,179.86575342465758,National,96778.90410958904,105496.33287671232,118746.11095890412,92427.44794520548,National,13,474972,0.6,2788,987902,10.3,92521,700600,17.1,102366,741770,10.8,72317,234395,14,28708,National,6.625,1048186,8.425,5.72,5.081666666666667,1.85,4.75,NA,NA,NA,NA,NA,NA,NA,NA,NA,NA,NA,NA,NA,NA,NA,NA,NA,NA,NA,NA,NA,NA,NA,NA,NA,NA,NA,NA,NA,NA,NA,NA
2017,Wellington,Wellington Rural,0.9707749999999999,0.837775,1.024675,National,5.72,5.081666666666667,National,6.625,National,1048186,National,4.55,3.85,4.6,National,2079.615068493151,1852.0109589041099,3489.8424657534247,179.86575342465758,National,96778.90410958904,105496.33287671232,118746.11095890412,92427.44794520548,National,13,474972,0.6,2788,987902,10.3,92521,700600,17.1,102366,741770,10.8,72317,234395,14,28708,National,6.625,1048186,8.425,5.72,5.081666666666667,1.85,4.75,NA,NA,NA,NA,NA,NA,NA,NA,NA,NA,NA,NA,NA,NA,NA,NA,NA,NA,NA,NA,NA,NA,NA,NA,NA,NA,NA,NA,NA,NA,NA,NA
2017,Wellington City,Wellington Urban,0.95755,0.8263499999999999,1.037925,National,5.72,5.081666666666667,National,6.625,National,1048186,National,4.55,3.85,4.6,National,2079.615068493151,1852.0109589041099,3489.8424657534247,179.86575342465758,National,96778.90410958904,105496.33287671232,118746.11095890412,92427.44794520548,National,13,474972,0.6,2788,987902,10.3,92521,700600,17.1,102366,741770,10.8,72317,234395,14,28708,National,6.625,1048186,8.425,5.72,5.081666666666667,1.85,4.75,NA,NA,NA,NA,NA,NA,NA,NA,NA,NA,NA,NA,NA,NA,NA,NA,NA,NA,NA,NA,NA,NA,NA,NA,NA,NA,NA,NA,NA,NA,NA,NA
2017,West Coast,Other,1.2227000000000001,1.055025,1.103625,National,5.72,5.081666666666667,National,6.625,National,1048186,National,4.55,3.85,4.6,National,2079.615068493151,1852.0109589041099,3489.8424657534247,179.86575342465758,National,96778.90410958904,105496.33287671232,118746.11095890412,92427.44794520548,National,13,474972,0.6,2788,987902,10.3,92521,700600,17.1,102366,741770,10.8,72317,234395,14,28708,National,6.625,1048186,8.425,5.72,5.081666666666667,1.85,4.75,NA,NA,NA,NA,NA,NA,NA,NA,NA,NA,NA,NA,NA,NA,NA,NA,NA,NA,NA,NA,NA,NA,NA,NA,NA,NA,NA,NA,NA,NA,NA,NA
2017,Western Bay of Plenty District,Other,0.9229499999999999,0.79635,0.9681,National,5.72,5.081666666666667,National,6.625,National,1048186,National,4.55,3.85,4.6,National,2079.615068493151,1852.0109589041099,3489.8424657534247,179.86575342465758,National,96778.90410958904,105496.33287671232,118746.11095890412,92427.44794520548,National,13,474972,0.6,2788,987902,10.3,92521,700600,17.1,102366,741770,10.8,72317,234395,14,28708,National,6.625,1048186,8.425,5.72,5.081666666666667,1.85,4.75,NA,NA,NA,NA,NA,NA,NA,NA,NA,NA,NA,NA,NA,NA,NA,NA,NA,NA,NA,NA,NA,NA,NA,NA,NA,NA,NA,NA,NA,NA,NA,NA
2017,Westland District,Other,1.1599,1.000825,1.0367,National,5.72,5.081666666666667,National,6.625,National,1048186,National,4.55,3.85,4.6,National,2079.615068493151,1852.0109589041099,3489.8424657534247,179.86575342465758,National,96778.90410958904,105496.33287671232,118746.11095890412,92427.44794520548,National,13,474972,0.6,2788,987902,10.3,92521,700600,17.1,102366,741770,10.8,72317,234395,14,28708,National,6.625,1048186,8.425,5.72,5.081666666666667,1.85,4.75,NA,NA,NA,NA,NA,NA,NA,NA,NA,NA,NA,NA,NA,NA,NA,NA,NA,NA,NA,NA,NA,NA,NA,NA,NA,NA,NA,NA,NA,NA,NA,NA
2017,Whakatane District,Other,0.9744,0.8408249999999999,0.9454750000000001,National,5.72,5.081666666666667,National,6.625,National,1048186,National,4.55,3.85,4.6,National,2079.615068493151,1852.0109589041099,3489.8424657534247,179.86575342465758,National,96778.90410958904,105496.33287671232,118746.11095890412,92427.44794520548,National,13,474972,0.6,2788,987902,10.3,92521,700600,17.1,102366,741770,10.8,72317,234395,14,28708,National,6.625,1048186,8.425,5.72,5.081666666666667,1.85,4.75,NA,NA,NA,NA,NA,NA,NA,NA,NA,NA,NA,NA,NA,NA,NA,NA,NA,NA,NA,NA,NA,NA,NA,NA,NA,NA,NA,NA,NA,NA,NA,NA
2017,Whanganui District,Other,1.05385,0.90945,0.938375,National,5.72,5.081666666666667,National,6.625,National,1048186,National,4.55,3.85,4.6,National,2079.615068493151,1852.0109589041099,3489.8424657534247,179.86575342465758,National,96778.90410958904,105496.33287671232,118746.11095890412,92427.44794520548,National,13,474972,0.6,2788,987902,10.3,92521,700600,17.1,102366,741770,10.8,72317,234395,14,28708,National,6.625,1048186,8.425,5.72,5.081666666666667,1.85,4.75,NA,NA,NA,NA,NA,NA,NA,NA,NA,NA,NA,NA,NA,NA,NA,NA,NA,NA,NA,NA,NA,NA,NA,NA,NA,NA,NA,NA,NA,NA,NA,NA
2017,Whangarei District,Other,0.90665,0.782325,0.9424,National,5.72,5.081666666666667,National,6.625,National,1048186,National,4.55,3.85,4.6,National,2079.615068493151,1852.0109589041099,3489.8424657534247,179.86575342465758,National,96778.90410958904,105496.33287671232,118746.11095890412,92427.44794520548,National,13,474972,0.6,2788,987902,10.3,92521,700600,17.1,102366,741770,10.8,72317,234395,14,28708,National,6.625,1048186,8.425,5.72,5.081666666666667,1.85,4.75,NA,NA,NA,NA,NA,NA,NA,NA,NA,NA,NA,NA,NA,NA,NA,NA,NA,NA,NA,NA,NA,NA,NA,NA,NA,NA,NA,NA,NA,NA,NA,NA
2018,Ashburton District,Canterbury Rural,1.18245,0.95545,1.03735,National,5.764166666666666,5.0008333333333335,National,3.6,National,1098300.75,National,4.175,3.7,4.575,National,3663.33698630137,4462.371232876712,4366.417808219178,2653.4438356164383,National,100442.24109589041,109958.70410958905,123112.52876712328,95080.89178082191,National,14,474295,-0.1,-677,1001320,1.4,13418,750871,7.2,50271,757269,2.1,15499,249448,6.4,15053,National,3.6,1098300.75,8.225,5.764166666666666,5.000833333333333,1.6,4.325,NA,NA,NA,NA,NA,NA,NA,NA,NA,NA,NA,NA,NA,NA,NA,NA,NA,NA,NA,NA,NA,NA,NA,NA,NA,NA,NA,NA,NA,NA,NA,NA
2018,Auckland,Auckland Urban,0.8368,0.67595,1.0137125,National,5.764166666666666,5.0008333333333335,National,3.6,National,1098300.75,National,4.175,3.7,4.575,National,3663.33698630137,4462.371232876712,4366.417808219178,2653.4438356164383,National,100442.24109589041,109958.70410958905,123112.52876712328,95080.89178082191,National,14,474295,-0.1,-677,1001320,1.4,13418,750871,7.2,50271,757269,2.1,15499,249448,6.4,15053,National,3.6,1098300.75,8.225,5.764166666666666,5.000833333333333,1.6,4.325,NA,NA,NA,NA,NA,NA,NA,NA,NA,NA,NA,NA,NA,NA,NA,NA,NA,NA,NA,NA,NA,NA,NA,NA,NA,NA,NA,NA,NA,NA,NA,NA
2018,Bay of Plenty,Other,0.9539249999999999,0.770775,0.926675,National,5.764166666666666,5.0008333333333335,National,3.6,National,1098300.75,National,4.175,3.7,4.575,National,3663.33698630137,4462.371232876712,4366.417808219178,2653.4438356164383,National,100442.24109589041,109958.70410958905,123112.52876712328,95080.89178082191,National,14,474295,-0.1,-677,1001320,1.4,13418,750871,7.2,50271,757269,2.1,15499,249448,6.4,15053,National,3.6,1098300.75,8.225,5.764166666666666,5.000833333333333,1.6,4.325,NA,NA,NA,NA,NA,NA,NA,NA,NA,NA,NA,NA,NA,NA,NA,NA,NA,NA,NA,NA,NA,NA,NA,NA,NA,NA,NA,NA,NA,NA,NA,NA
2018,Buller District,Other,1.209825,0.9773999999999999,1.0863,National,5.764166666666666,5.0008333333333335,National,3.6,National,1098300.75,National,4.175,3.7,4.575,National,3663.33698630137,4462.371232876712,4366.417808219178,2653.4438356164383,National,100442.24109589041,109958.70410958905,123112.52876712328,95080.89178082191,National,14,474295,-0.1,-677,1001320,1.4,13418,750871,7.2,50271,757269,2.1,15499,249448,6.4,15053,National,3.6,1098300.75,8.225,5.764166666666666,5.000833333333333,1.6,4.325,NA,NA,NA,NA,NA,NA,NA,NA,NA,NA,NA,NA,NA,NA,NA,NA,NA,NA,NA,NA,NA,NA,NA,NA,NA,NA,NA,NA,NA,NA,NA,NA
2018,Canterbury,Canterbury Rural,1.169625,0.94495,1.083825,National,5.764166666666666,5.0008333333333335,National,3.6,National,1098300.75,National,4.175,3.7,4.575,National,3663.33698630137,4462.371232876712,4366.417808219178,2653.4438356164383,National,100442.24109589041,109958.70410958905,123112.52876712328,95080.89178082191,National,14,474295,-0.1,-677,1001320,1.4,13418,750871,7.2,50271,757269,2.1,15499,249448,6.4,15053,National,3.6,1098300.75,8.225,5.764166666666666,5.000833333333333,1.6,4.325,NA,NA,NA,NA,NA,NA,NA,NA,NA,NA,NA,NA,NA,NA,NA,NA,NA,NA,NA,NA,NA,NA,NA,NA,NA,NA,NA,NA,NA,NA,NA,NA
2018,Carterton District,Wellington Rural,0.9020250000000001,0.729425,0.8775,National,5.764166666666666,5.0008333333333335,National,3.6,National,1098300.75,National,4.175,3.7,4.575,National,3663.33698630137,4462.371232876712,4366.417808219178,2653.4438356164383,National,100442.24109589041,109958.70410958905,123112.52876712328,95080.89178082191,National,14,474295,-0.1,-677,1001320,1.4,13418,750871,7.2,50271,757269,2.1,15499,249448,6.4,15053,National,3.6,1098300.75,8.225,5.764166666666666,5.000833333333333,1.6,4.325,NA,NA,NA,NA,NA,NA,NA,NA,NA,NA,NA,NA,NA,NA,NA,NA,NA,NA,NA,NA,NA,NA,NA,NA,NA,NA,NA,NA,NA,NA,NA,NA
2018,Central Hawkes Bay District,Other,0.9127000000000001,0.73795,0.798325,National,5.764166666666666,5.0008333333333335,National,3.6,National,1098300.75,National,4.175,3.7,4.575,National,3663.33698630137,4462.371232876712,4366.417808219178,2653.4438356164383,National,100442.24109589041,109958.70410958905,123112.52876712328,95080.89178082191,National,14,474295,-0.1,-677,1001320,1.4,13418,750871,7.2,50271,757269,2.1,15499,249448,6.4,15053,National,3.6,1098300.75,8.225,5.764166666666666,5.000833333333333,1.6,4.325,NA,NA,NA,NA,NA,NA,NA,NA,NA,NA,NA,NA,NA,NA,NA,NA,NA,NA,NA,NA,NA,NA,NA,NA,NA,NA,NA,NA,NA,NA,NA,NA
2018,Central Otago District,Other,0.938225,0.75815,0.89455,National,5.764166666666666,5.0008333333333335,National,3.6,National,1098300.75,National,4.175,3.7,4.575,National,3663.33698630137,4462.371232876712,4366.417808219178,2653.4438356164383,National,100442.24109589041,109958.70410958905,123112.52876712328,95080.89178082191,National,14,474295,-0.1,-677,1001320,1.4,13418,750871,7.2,50271,757269,2.1,15499,249448,6.4,15053,National,3.6,1098300.75,8.225,5.764166666666666,5.000833333333333,1.6,4.325,NA,NA,NA,NA,NA,NA,NA,NA,NA,NA,NA,NA,NA,NA,NA,NA,NA,NA,NA,NA,NA,NA,NA,NA,NA,NA,NA,NA,NA,NA,NA,NA
2018,Christchurch City,Canterbury Urban,1.14695,0.92665,1.0648499999999999,National,5.764166666666666,5.0008333333333335,National,3.6,National,1098300.75,National,4.175,3.7,4.575,National,3663.33698630137,4462.371232876712,4366.417808219178,2653.4438356164383,National,100442.24109589041,109958.70410958905,123112.52876712328,95080.89178082191,National,14,474295,-0.1,-677,1001320,1.4,13418,750871,7.2,50271,757269,2.1,15499,249448,6.4,15053,National,3.6,1098300.75,8.225,5.764166666666666,5.000833333333333,1.6,4.325,NA,NA,NA,NA,NA,NA,NA,NA,NA,NA,NA,NA,NA,NA,NA,NA,NA,NA,NA,NA,NA,NA,NA,NA,NA,NA,NA,NA,NA,NA,NA,NA
2018,Clutha District,Other,1.064275,0.859975,0.9148000000000001,National,5.764166666666666,5.0008333333333335,National,3.6,National,1098300.75,National,4.175,3.7,4.575,National,3663.33698630137,4462.371232876712,4366.417808219178,2653.4438356164383,National,100442.24109589041,109958.70410958905,123112.52876712328,95080.89178082191,National,14,474295,-0.1,-677,1001320,1.4,13418,750871,7.2,50271,757269,2.1,15499,249448,6.4,15053,National,3.6,1098300.75,8.225,5.764166666666666,5.000833333333333,1.6,4.325,NA,NA,NA,NA,NA,NA,NA,NA,NA,NA,NA,NA,NA,NA,NA,NA,NA,NA,NA,NA,NA,NA,NA,NA,NA,NA,NA,NA,NA,NA,NA,NA
2018,Dunedin City,Other,0.95135,0.76955,1.106825,National,5.764166666666666,5.0008333333333335,National,3.6,National,1098300.75,National,4.175,3.7,4.575,National,3663.33698630137,4462.371232876712,4366.417808219178,2653.4438356164383,National,100442.24109589041,109958.70410958905,123112.52876712328,95080.89178082191,National,14,474295,-0.1,-677,1001320,1.4,13418,750871,7.2,50271,757269,2.1,15499,249448,6.4,15053,National,3.6,1098300.75,8.225,5.764166666666666,5.000833333333333,1.6,4.325,NA,NA,NA,NA,NA,NA,NA,NA,NA,NA,NA,NA,NA,NA,NA,NA,NA,NA,NA,NA,NA,NA,NA,NA,NA,NA,NA,NA,NA,NA,NA,NA
2018,Far North District,Other,1.104825,0.893175,0.98265,National,5.764166666666666,5.0008333333333335,National,3.6,National,1098300.75,National,4.175,3.7,4.575,National,3663.33698630137,4462.371232876712,4366.417808219178,2653.4438356164383,National,100442.24109589041,109958.70410958905,123112.52876712328,95080.89178082191,National,14,474295,-0.1,-677,1001320,1.4,13418,750871,7.2,50271,757269,2.1,15499,249448,6.4,15053,National,3.6,1098300.75,8.225,5.764166666666666,5.000833333333333,1.6,4.325,NA,NA,NA,NA,NA,NA,NA,NA,NA,NA,NA,NA,NA,NA,NA,NA,NA,NA,NA,NA,NA,NA,NA,NA,NA,NA,NA,NA,NA,NA,NA,NA
2018,Gisborne,Other,1.0874000000000001,0.8786,0.96315,National,5.764166666666666,5.0008333333333335,National,3.6,National,1098300.75,National,4.175,3.7,4.575,National,3663.33698630137,4462.371232876712,4366.417808219178,2653.4438356164383,National,100442.24109589041,109958.70410958905,123112.52876712328,95080.89178082191,National,14,474295,-0.1,-677,1001320,1.4,13418,750871,7.2,50271,757269,2.1,15499,249448,6.4,15053,National,3.6,1098300.75,8.225,5.764166666666666,5.000833333333333,1.6,4.325,NA,NA,NA,NA,NA,NA,NA,NA,NA,NA,NA,NA,NA,NA,NA,NA,NA,NA,NA,NA,NA,NA,NA,NA,NA,NA,NA,NA,NA,NA,NA,NA
2018,Gisborne District,Other,1.0874000000000001,0.8786,0.96315,National,5.764166666666666,5.0008333333333335,National,3.6,National,1098300.75,National,4.175,3.7,4.575,National,3663.33698630137,4462.371232876712,4366.417808219178,2653.4438356164383,National,100442.24109589041,109958.70410958905,123112.52876712328,95080.89178082191,National,14,474295,-0.1,-677,1001320,1.4,13418,750871,7.2,50271,757269,2.1,15499,249448,6.4,15053,National,3.6,1098300.75,8.225,5.764166666666666,5.000833333333333,1.6,4.325,NA,NA,NA,NA,NA,NA,NA,NA,NA,NA,NA,NA,NA,NA,NA,NA,NA,NA,NA,NA,NA,NA,NA,NA,NA,NA,NA,NA,NA,NA,NA,NA
2018,Gore District,Other,1.191525,0.9636750000000001,0.949225,National,5.764166666666666,5.0008333333333335,National,3.6,National,1098300.75,National,4.175,3.7,4.575,National,3663.33698630137,4462.371232876712,4366.417808219178,2653.4438356164383,National,100442.24109589041,109958.70410958905,123112.52876712328,95080.89178082191,National,14,474295,-0.1,-677,1001320,1.4,13418,750871,7.2,50271,757269,2.1,15499,249448,6.4,15053,National,3.6,1098300.75,8.225,5.764166666666666,5.000833333333333,1.6,4.325,NA,NA,NA,NA,NA,NA,NA,NA,NA,NA,NA,NA,NA,NA,NA,NA,NA,NA,NA,NA,NA,NA,NA,NA,NA,NA,NA,NA,NA,NA,NA,NA
2018,Grey District,Other,1.34735,1.08795,1.054275,National,5.764166666666666,5.0008333333333335,National,3.6,National,1098300.75,National,4.175,3.7,4.575,National,3663.33698630137,4462.371232876712,4366.417808219178,2653.4438356164383,National,100442.24109589041,109958.70410958905,123112.52876712328,95080.89178082191,National,14,474295,-0.1,-677,1001320,1.4,13418,750871,7.2,50271,757269,2.1,15499,249448,6.4,15053,National,3.6,1098300.75,8.225,5.764166666666666,5.000833333333333,1.6,4.325,NA,NA,NA,NA,NA,NA,NA,NA,NA,NA,NA,NA,NA,NA,NA,NA,NA,NA,NA,NA,NA,NA,NA,NA,NA,NA,NA,NA,NA,NA,NA,NA
2018,Hamilton City,Other,0.84955,0.6865749999999999,0.94545,National,5.764166666666666,5.0008333333333335,National,3.6,National,1098300.75,National,4.175,3.7,4.575,National,3663.33698630137,4462.371232876712,4366.417808219178,2653.4438356164383,National,100442.24109589041,109958.70410958905,123112.52876712328,95080.89178082191,National,14,474295,-0.1,-677,1001320,1.4,13418,750871,7.2,50271,757269,2.1,15499,249448,6.4,15053,National,3.6,1098300.75,8.225,5.764166666666666,5.000833333333333,1.6,4.325,NA,NA,NA,NA,NA,NA,NA,NA,NA,NA,NA,NA,NA,NA,NA,NA,NA,NA,NA,NA,NA,NA,NA,NA,NA,NA,NA,NA,NA,NA,NA,NA
2018,Hastings District,Other,0.9312,0.753125,0.97175,National,5.764166666666666,5.0008333333333335,National,3.6,National,1098300.75,National,4.175,3.7,4.575,National,3663.33698630137,4462.371232876712,4366.417808219178,2653.4438356164383,National,100442.24109589041,109958.70410958905,123112.52876712328,95080.89178082191,National,14,474295,-0.1,-677,1001320,1.4,13418,750871,7.2,50271,757269,2.1,15499,249448,6.4,15053,National,3.6,1098300.75,8.225,5.764166666666666,5.000833333333333,1.6,4.325,NA,NA,NA,NA,NA,NA,NA,NA,NA,NA,NA,NA,NA,NA,NA,NA,NA,NA,NA,NA,NA,NA,NA,NA,NA,NA,NA,NA,NA,NA,NA,NA
2018,Hauraki District,Other,0.9191,0.742525,0.9514,National,5.764166666666666,5.0008333333333335,National,3.6,National,1098300.75,National,4.175,3.7,4.575,National,3663.33698630137,4462.371232876712,4366.417808219178,2653.4438356164383,National,100442.24109589041,109958.70410958905,123112.52876712328,95080.89178082191,National,14,474295,-0.1,-677,1001320,1.4,13418,750871,7.2,50271,757269,2.1,15499,249448,6.4,15053,National,3.6,1098300.75,8.225,5.764166666666666,5.000833333333333,1.6,4.325,NA,NA,NA,NA,NA,NA,NA,NA,NA,NA,NA,NA,NA,NA,NA,NA,NA,NA,NA,NA,NA,NA,NA,NA,NA,NA,NA,NA,NA,NA,NA,NA
2018,Hawke's Bay,Other,0.9271,0.749725,0.9524250000000001,National,5.764166666666666,5.0008333333333335,National,3.6,National,1098300.75,National,4.175,3.7,4.575,National,3663.33698630137,4462.371232876712,4366.417808219178,2653.4438356164383,National,100442.24109589041,109958.70410958905,123112.52876712328,95080.89178082191,National,14,474295,-0.1,-677,1001320,1.4,13418,750871,7.2,50271,757269,2.1,15499,249448,6.4,15053,National,3.6,1098300.75,8.225,5.764166666666666,5.000833333333333,1.6,4.325,NA,NA,NA,NA,NA,NA,NA,NA,NA,NA,NA,NA,NA,NA,NA,NA,NA,NA,NA,NA,NA,NA,NA,NA,NA,NA,NA,NA,NA,NA,NA,NA
2018,Horowhenua District,Other,0.9506,0.768825,0.945425,National,5.764166666666666,5.0008333333333335,National,3.6,National,1098300.75,National,4.175,3.7,4.575,National,3663.33698630137,4462.371232876712,4366.417808219178,2653.4438356164383,National,100442.24109589041,109958.70410958905,123112.52876712328,95080.89178082191,National,14,474295,-0.1,-677,1001320,1.4,13418,750871,7.2,50271,757269,2.1,15499,249448,6.4,15053,National,3.6,1098300.75,8.225,5.764166666666666,5.000833333333333,1.6,4.325,NA,NA,NA,NA,NA,NA,NA,NA,NA,NA,NA,NA,NA,NA,NA,NA,NA,NA,NA,NA,NA,NA,NA,NA,NA,NA,NA,NA,NA,NA,NA,NA
2018,Hurunui District,Canterbury Rural,1.221525,0.986625,1.029625,National,5.764166666666666,5.0008333333333335,National,3.6,National,1098300.75,National,4.175,3.7,4.575,National,3663.33698630137,4462.371232876712,4366.417808219178,2653.4438356164383,National,100442.24109589041,109958.70410958905,123112.52876712328,95080.89178082191,National,14,474295,-0.1,-677,1001320,1.4,13418,750871,7.2,50271,757269,2.1,15499,249448,6.4,15053,National,3.6,1098300.75,8.225,5.764166666666666,5.000833333333333,1.6,4.325,NA,NA,NA,NA,NA,NA,NA,NA,NA,NA,NA,NA,NA,NA,NA,NA,NA,NA,NA,NA,NA,NA,NA,NA,NA,NA,NA,NA,NA,NA,NA,NA
2018,Hutt City,Wellington Urban,0.978575,0.79115,0.981375,National,5.764166666666666,5.0008333333333335,National,3.6,National,1098300.75,National,4.175,3.7,4.575,National,3663.33698630137,4462.371232876712,4366.417808219178,2653.4438356164383,National,100442.24109589041,109958.70410958905,123112.52876712328,95080.89178082191,National,14,474295,-0.1,-677,1001320,1.4,13418,750871,7.2,50271,757269,2.1,15499,249448,6.4,15053,National,3.6,1098300.75,8.225,5.764166666666666,5.000833333333333,1.6,4.325,NA,NA,NA,NA,NA,NA,NA,NA,NA,NA,NA,NA,NA,NA,NA,NA,NA,NA,NA,NA,NA,NA,NA,NA,NA,NA,NA,NA,NA,NA,NA,NA
2018,Invercargill City,Other,1.098325,0.887875,0.98,National,5.764166666666666,5.0008333333333335,National,3.6,National,1098300.75,National,4.175,3.7,4.575,National,3663.33698630137,4462.371232876712,4366.417808219178,2653.4438356164383,National,100442.24109589041,109958.70410958905,123112.52876712328,95080.89178082191,National,14,474295,-0.1,-677,1001320,1.4,13418,750871,7.2,50271,757269,2.1,15499,249448,6.4,15053,National,3.6,1098300.75,8.225,5.764166666666666,5.000833333333333,1.6,4.325,NA,NA,NA,NA,NA,NA,NA,NA,NA,NA,NA,NA,NA,NA,NA,NA,NA,NA,NA,NA,NA,NA,NA,NA,NA,NA,NA,NA,NA,NA,NA,NA
2018,Kaikoura District,Other,1.30395,1.053375,1.137,National,5.764166666666666,5.0008333333333335,National,3.6,National,1098300.75,National,4.175,3.7,4.575,National,3663.33698630137,4462.371232876712,4366.417808219178,2653.4438356164383,National,100442.24109589041,109958.70410958905,123112.52876712328,95080.89178082191,National,14,474295,-0.1,-677,1001320,1.4,13418,750871,7.2,50271,757269,2.1,15499,249448,6.4,15053,National,3.6,1098300.75,8.225,5.764166666666666,5.000833333333333,1.6,4.325,NA,NA,NA,NA,NA,NA,NA,NA,NA,NA,NA,NA,NA,NA,NA,NA,NA,NA,NA,NA,NA,NA,NA,NA,NA,NA,NA,NA,NA,NA,NA,NA
2018,Kaipara District,Other,0.8878,0.71745,0.94765,National,5.764166666666666,5.0008333333333335,National,3.6,National,1098300.75,National,4.175,3.7,4.575,National,3663.33698630137,4462.371232876712,4366.417808219178,2653.4438356164383,National,100442.24109589041,109958.70410958905,123112.52876712328,95080.89178082191,National,14,474295,-0.1,-677,1001320,1.4,13418,750871,7.2,50271,757269,2.1,15499,249448,6.4,15053,National,3.6,1098300.75,8.225,5.764166666666666,5.000833333333333,1.6,4.325,NA,NA,NA,NA,NA,NA,NA,NA,NA,NA,NA,NA,NA,NA,NA,NA,NA,NA,NA,NA,NA,NA,NA,NA,NA,NA,NA,NA,NA,NA,NA,NA
2018,Kapiti Coast District,Wellington Rural,0.9776,0.790075,0.996775,National,5.764166666666666,5.0008333333333335,National,3.6,National,1098300.75,National,4.175,3.7,4.575,National,3663.33698630137,4462.371232876712,4366.417808219178,2653.4438356164383,National,100442.24109589041,109958.70410958905,123112.52876712328,95080.89178082191,National,14,474295,-0.1,-677,1001320,1.4,13418,750871,7.2,50271,757269,2.1,15499,249448,6.4,15053,National,3.6,1098300.75,8.225,5.764166666666666,5.000833333333333,1.6,4.325,NA,NA,NA,NA,NA,NA,NA,NA,NA,NA,NA,NA,NA,NA,NA,NA,NA,NA,NA,NA,NA,NA,NA,NA,NA,NA,NA,NA,NA,NA,NA,NA
2018,Kawerau District,Other,0.807725,0.65395,0.820325,National,5.764166666666666,5.0008333333333335,National,3.6,National,1098300.75,National,4.175,3.7,4.575,National,3663.33698630137,4462.371232876712,4366.417808219178,2653.4438356164383,National,100442.24109589041,109958.70410958905,123112.52876712328,95080.89178082191,National,14,474295,-0.1,-677,1001320,1.4,13418,750871,7.2,50271,757269,2.1,15499,249448,6.4,15053,National,3.6,1098300.75,8.225,5.764166666666666,5.000833333333333,1.6,4.325,NA,NA,NA,NA,NA,NA,NA,NA,NA,NA,NA,NA,NA,NA,NA,NA,NA,NA,NA,NA,NA,NA,NA,NA,NA,NA,NA,NA,NA,NA,NA,NA
2018,MacKenzie District,Canterbury Rural,0.830175,0.6704749999999999,1.033025,National,5.764166666666666,5.0008333333333335,National,3.6,National,1098300.75,National,4.175,3.7,4.575,National,3663.33698630137,4462.371232876712,4366.417808219178,2653.4438356164383,National,100442.24109589041,109958.70410958905,123112.52876712328,95080.89178082191,National,14,474295,-0.1,-677,1001320,1.4,13418,750871,7.2,50271,757269,2.1,15499,249448,6.4,15053,National,3.6,1098300.75,8.225,5.764166666666666,5.000833333333333,1.6,4.325,NA,NA,NA,NA,NA,NA,NA,NA,NA,NA,NA,NA,NA,NA,NA,NA,NA,NA,NA,NA,NA,NA,NA,NA,NA,NA,NA,NA,NA,NA,NA,NA
2018,Manawatu District,Other,1.0154,0.821225,0.95085,National,5.764166666666666,5.0008333333333335,National,3.6,National,1098300.75,National,4.175,3.7,4.575,National,3663.33698630137,4462.371232876712,4366.417808219178,2653.4438356164383,National,100442.24109589041,109958.70410958905,123112.52876712328,95080.89178082191,National,14,474295,-0.1,-677,1001320,1.4,13418,750871,7.2,50271,757269,2.1,15499,249448,6.4,15053,National,3.6,1098300.75,8.225,5.764166666666666,5.000833333333333,1.6,4.325,NA,NA,NA,NA,NA,NA,NA,NA,NA,NA,NA,NA,NA,NA,NA,NA,NA,NA,NA,NA,NA,NA,NA,NA,NA,NA,NA,NA,NA,NA,NA,NA
2018,Manawatu-Wanganui,Other,1.010175,0.8170000000000001,0.9533750000000001,National,5.764166666666666,5.0008333333333335,National,3.6,National,1098300.75,National,4.175,3.7,4.575,National,3663.33698630137,4462.371232876712,4366.417808219178,2653.4438356164383,National,100442.24109589041,109958.70410958905,123112.52876712328,95080.89178082191,National,14,474295,-0.1,-677,1001320,1.4,13418,750871,7.2,50271,757269,2.1,15499,249448,6.4,15053,National,3.6,1098300.75,8.225,5.764166666666666,5.000833333333333,1.6,4.325,NA,NA,NA,NA,NA,NA,NA,NA,NA,NA,NA,NA,NA,NA,NA,NA,NA,NA,NA,NA,NA,NA,NA,NA,NA,NA,NA,NA,NA,NA,NA,NA
2018,Marlborough,Other,1.087125,0.878625,0.963225,National,5.764166666666666,5.0008333333333335,National,3.6,National,1098300.75,National,4.175,3.7,4.575,National,3663.33698630137,4462.371232876712,4366.417808219178,2653.4438356164383,National,100442.24109589041,109958.70410958905,123112.52876712328,95080.89178082191,National,14,474295,-0.1,-677,1001320,1.4,13418,750871,7.2,50271,757269,2.1,15499,249448,6.4,15053,National,3.6,1098300.75,8.225,5.764166666666666,5.000833333333333,1.6,4.325,NA,NA,NA,NA,NA,NA,NA,NA,NA,NA,NA,NA,NA,NA,NA,NA,NA,NA,NA,NA,NA,NA,NA,NA,NA,NA,NA,NA,NA,NA,NA,NA
2018,Marlborough District,Other,1.087125,0.878625,0.9632499999999999,National,5.764166666666666,5.0008333333333335,National,3.6,National,1098300.75,National,4.175,3.7,4.575,National,3663.33698630137,4462.371232876712,4366.417808219178,2653.4438356164383,National,100442.24109589041,109958.70410958905,123112.52876712328,95080.89178082191,National,14,474295,-0.1,-677,1001320,1.4,13418,750871,7.2,50271,757269,2.1,15499,249448,6.4,15053,National,3.6,1098300.75,8.225,5.764166666666666,5.000833333333333,1.6,4.325,NA,NA,NA,NA,NA,NA,NA,NA,NA,NA,NA,NA,NA,NA,NA,NA,NA,NA,NA,NA,NA,NA,NA,NA,NA,NA,NA,NA,NA,NA,NA,NA
2018,Masterton District,Wellington Rural,1.038525,0.8396,0.92345,National,5.764166666666666,5.0008333333333335,National,3.6,National,1098300.75,National,4.175,3.7,4.575,National,3663.33698630137,4462.371232876712,4366.417808219178,2653.4438356164383,National,100442.24109589041,109958.70410958905,123112.52876712328,95080.89178082191,National,14,474295,-0.1,-677,1001320,1.4,13418,750871,7.2,50271,757269,2.1,15499,249448,6.4,15053,National,3.6,1098300.75,8.225,5.764166666666666,5.000833333333333,1.6,4.325,NA,NA,NA,NA,NA,NA,NA,NA,NA,NA,NA,NA,NA,NA,NA,NA,NA,NA,NA,NA,NA,NA,NA,NA,NA,NA,NA,NA,NA,NA,NA,NA
2018,Matamata Piako District,Other,0.8422499999999999,0.6809000000000001,0.8958,National,5.764166666666666,5.0008333333333335,National,3.6,National,1098300.75,National,4.175,3.7,4.575,National,3663.33698630137,4462.371232876712,4366.417808219178,2653.4438356164383,National,100442.24109589041,109958.70410958905,123112.52876712328,95080.89178082191,National,14,474295,-0.1,-677,1001320,1.4,13418,750871,7.2,50271,757269,2.1,15499,249448,6.4,15053,National,3.6,1098300.75,8.225,5.764166666666666,5.000833333333333,1.6,4.325,NA,NA,NA,NA,NA,NA,NA,NA,NA,NA,NA,NA,NA,NA,NA,NA,NA,NA,NA,NA,NA,NA,NA,NA,NA,NA,NA,NA,NA,NA,NA,NA
2018,Napier City,Other,0.913725,0.738675,0.9553,National,5.764166666666666,5.0008333333333335,National,3.6,National,1098300.75,National,4.175,3.7,4.575,National,3663.33698630137,4462.371232876712,4366.417808219178,2653.4438356164383,National,100442.24109589041,109958.70410958905,123112.52876712328,95080.89178082191,National,14,474295,-0.1,-677,1001320,1.4,13418,750871,7.2,50271,757269,2.1,15499,249448,6.4,15053,National,3.6,1098300.75,8.225,5.764166666666666,5.000833333333333,1.6,4.325,NA,NA,NA,NA,NA,NA,NA,NA,NA,NA,NA,NA,NA,NA,NA,NA,NA,NA,NA,NA,NA,NA,NA,NA,NA,NA,NA,NA,NA,NA,NA,NA
2018,Nelson,Other,0.98385,0.7952750000000001,1.0456,National,5.764166666666666,5.0008333333333335,National,3.6,National,1098300.75,National,4.175,3.7,4.575,National,3663.33698630137,4462.371232876712,4366.417808219178,2653.4438356164383,National,100442.24109589041,109958.70410958905,123112.52876712328,95080.89178082191,National,14,474295,-0.1,-677,1001320,1.4,13418,750871,7.2,50271,757269,2.1,15499,249448,6.4,15053,National,3.6,1098300.75,8.225,5.764166666666666,5.000833333333333,1.6,4.325,NA,NA,NA,NA,NA,NA,NA,NA,NA,NA,NA,NA,NA,NA,NA,NA,NA,NA,NA,NA,NA,NA,NA,NA,NA,NA,NA,NA,NA,NA,NA,NA
2018,Nelson City,Other,0.98385,0.7952750000000001,1.04575,National,5.764166666666666,5.0008333333333335,National,3.6,National,1098300.75,National,4.175,3.7,4.575,National,3663.33698630137,4462.371232876712,4366.417808219178,2653.4438356164383,National,100442.24109589041,109958.70410958905,123112.52876712328,95080.89178082191,National,14,474295,-0.1,-677,1001320,1.4,13418,750871,7.2,50271,757269,2.1,15499,249448,6.4,15053,National,3.6,1098300.75,8.225,5.764166666666666,5.000833333333333,1.6,4.325,NA,NA,NA,NA,NA,NA,NA,NA,NA,NA,NA,NA,NA,NA,NA,NA,NA,NA,NA,NA,NA,NA,NA,NA,NA,NA,NA,NA,NA,NA,NA,NA
2018,New Plymouth District,Other,1.0357750000000001,0.836825,1.036925,National,5.764166666666666,5.0008333333333335,National,3.6,National,1098300.75,National,4.175,3.7,4.575,National,3663.33698630137,4462.371232876712,4366.417808219178,2653.4438356164383,National,100442.24109589041,109958.70410958905,123112.52876712328,95080.89178082191,National,14,474295,-0.1,-677,1001320,1.4,13418,750871,7.2,50271,757269,2.1,15499,249448,6.4,15053,National,3.6,1098300.75,8.225,5.764166666666666,5.000833333333333,1.6,4.325,NA,NA,NA,NA,NA,NA,NA,NA,NA,NA,NA,NA,NA,NA,NA,NA,NA,NA,NA,NA,NA,NA,NA,NA,NA,NA,NA,NA,NA,NA,NA,NA
2018,New Zealand,Other,0.913,0.737725,1.0056500000000002,National,5.764166666666666,5.0008333333333335,National,3.6,National,1098300.75,National,4.175,3.7,4.575,National,3663.33698630137,4462.371232876712,4366.417808219178,2653.4438356164383,National,100442.24109589041,109958.70410958905,123112.52876712328,95080.89178082191,National,14,474295,-0.1,-677,1001320,1.4,13418,750871,7.2,50271,757269,2.1,15499,249448,6.4,15053,National,3.6,1098300.75,8.225,5.764166666666666,5.000833333333333,1.6,4.325,NA,NA,NA,NA,NA,NA,NA,NA,NA,NA,NA,NA,NA,NA,NA,NA,NA,NA,NA,NA,NA,NA,NA,NA,NA,NA,NA,NA,NA,NA,NA,NA
2018,Northland,Other,0.993275,0.802875,0.950775,National,5.764166666666666,5.0008333333333335,National,3.6,National,1098300.75,National,4.175,3.7,4.575,National,3663.33698630137,4462.371232876712,4366.417808219178,2653.4438356164383,National,100442.24109589041,109958.70410958905,123112.52876712328,95080.89178082191,National,14,474295,-0.1,-677,1001320,1.4,13418,750871,7.2,50271,757269,2.1,15499,249448,6.4,15053,National,3.6,1098300.75,8.225,5.764166666666666,5.000833333333333,1.6,4.325,NA,NA,NA,NA,NA,NA,NA,NA,NA,NA,NA,NA,NA,NA,NA,NA,NA,NA,NA,NA,NA,NA,NA,NA,NA,NA,NA,NA,NA,NA,NA,NA
2018,Opotiki District,Other,1.13405,0.9176,0.89995,National,5.764166666666666,5.0008333333333335,National,3.6,National,1098300.75,National,4.175,3.7,4.575,National,3663.33698630137,4462.371232876712,4366.417808219178,2653.4438356164383,National,100442.24109589041,109958.70410958905,123112.52876712328,95080.89178082191,National,14,474295,-0.1,-677,1001320,1.4,13418,750871,7.2,50271,757269,2.1,15499,249448,6.4,15053,National,3.6,1098300.75,8.225,5.764166666666666,5.000833333333333,1.6,4.325,NA,NA,NA,NA,NA,NA,NA,NA,NA,NA,NA,NA,NA,NA,NA,NA,NA,NA,NA,NA,NA,NA,NA,NA,NA,NA,NA,NA,NA,NA,NA,NA
2018,Otago,Other,0.8785499999999999,0.710475,1.02365,National,5.764166666666666,5.0008333333333335,National,3.6,National,1098300.75,National,4.175,3.7,4.575,National,3663.33698630137,4462.371232876712,4366.417808219178,2653.4438356164383,National,100442.24109589041,109958.70410958905,123112.52876712328,95080.89178082191,National,14,474295,-0.1,-677,1001320,1.4,13418,750871,7.2,50271,757269,2.1,15499,249448,6.4,15053,National,3.6,1098300.75,8.225,5.764166666666666,5.000833333333333,1.6,4.325,NA,NA,NA,NA,NA,NA,NA,NA,NA,NA,NA,NA,NA,NA,NA,NA,NA,NA,NA,NA,NA,NA,NA,NA,NA,NA,NA,NA,NA,NA,NA,NA
2018,Otorohanga District,Other,1.0041,0.813175,0.911175,National,5.764166666666666,5.0008333333333335,National,3.6,National,1098300.75,National,4.175,3.7,4.575,National,3663.33698630137,4462.371232876712,4366.417808219178,2653.4438356164383,National,100442.24109589041,109958.70410958905,123112.52876712328,95080.89178082191,National,14,474295,-0.1,-677,1001320,1.4,13418,750871,7.2,50271,757269,2.1,15499,249448,6.4,15053,National,3.6,1098300.75,8.225,5.764166666666666,5.000833333333333,1.6,4.325,NA,NA,NA,NA,NA,NA,NA,NA,NA,NA,NA,NA,NA,NA,NA,NA,NA,NA,NA,NA,NA,NA,NA,NA,NA,NA,NA,NA,NA,NA,NA,NA
2018,Palmerston North City,Other,1.011825,0.81825,0.9779,National,5.764166666666666,5.0008333333333335,National,3.6,National,1098300.75,National,4.175,3.7,4.575,National,3663.33698630137,4462.371232876712,4366.417808219178,2653.4438356164383,National,100442.24109589041,109958.70410958905,123112.52876712328,95080.89178082191,National,14,474295,-0.1,-677,1001320,1.4,13418,750871,7.2,50271,757269,2.1,15499,249448,6.4,15053,National,3.6,1098300.75,8.225,5.764166666666666,5.000833333333333,1.6,4.325,NA,NA,NA,NA,NA,NA,NA,NA,NA,NA,NA,NA,NA,NA,NA,NA,NA,NA,NA,NA,NA,NA,NA,NA,NA,NA,NA,NA,NA,NA,NA,NA
2018,Porirua City,Wellington Urban,0.973025,0.78645,0.98005,National,5.764166666666666,5.0008333333333335,National,3.6,National,1098300.75,National,4.175,3.7,4.575,National,3663.33698630137,4462.371232876712,4366.417808219178,2653.4438356164383,National,100442.24109589041,109958.70410958905,123112.52876712328,95080.89178082191,National,14,474295,-0.1,-677,1001320,1.4,13418,750871,7.2,50271,757269,2.1,15499,249448,6.4,15053,National,3.6,1098300.75,8.225,5.764166666666666,5.000833333333333,1.6,4.325,NA,NA,NA,NA,NA,NA,NA,NA,NA,NA,NA,NA,NA,NA,NA,NA,NA,NA,NA,NA,NA,NA,NA,NA,NA,NA,NA,NA,NA,NA,NA,NA
2018,Queenstown Lakes District,Other,0.92155,0.744775,0.91965,National,5.764166666666666,5.0008333333333335,National,3.6,National,1098300.75,National,4.175,3.7,4.575,National,3663.33698630137,4462.371232876712,4366.417808219178,2653.4438356164383,National,100442.24109589041,109958.70410958905,123112.52876712328,95080.89178082191,National,14,474295,-0.1,-677,1001320,1.4,13418,750871,7.2,50271,757269,2.1,15499,249448,6.4,15053,National,3.6,1098300.75,8.225,5.764166666666666,5.000833333333333,1.6,4.325,NA,NA,NA,NA,NA,NA,NA,NA,NA,NA,NA,NA,NA,NA,NA,NA,NA,NA,NA,NA,NA,NA,NA,NA,NA,NA,NA,NA,NA,NA,NA,NA
2018,Rangitikei District,Other,1.052175,0.8507750000000001,0.902475,National,5.764166666666666,5.0008333333333335,National,3.6,National,1098300.75,National,4.175,3.7,4.575,National,3663.33698630137,4462.371232876712,4366.417808219178,2653.4438356164383,National,100442.24109589041,109958.70410958905,123112.52876712328,95080.89178082191,National,14,474295,-0.1,-677,1001320,1.4,13418,750871,7.2,50271,757269,2.1,15499,249448,6.4,15053,National,3.6,1098300.75,8.225,5.764166666666666,5.000833333333333,1.6,4.325,NA,NA,NA,NA,NA,NA,NA,NA,NA,NA,NA,NA,NA,NA,NA,NA,NA,NA,NA,NA,NA,NA,NA,NA,NA,NA,NA,NA,NA,NA,NA,NA
2018,Rotorua District,Other,0.95,0.76795,0.852075,National,5.764166666666666,5.0008333333333335,National,3.6,National,1098300.75,National,4.175,3.7,4.575,National,3663.33698630137,4462.371232876712,4366.417808219178,2653.4438356164383,National,100442.24109589041,109958.70410958905,123112.52876712328,95080.89178082191,National,14,474295,-0.1,-677,1001320,1.4,13418,750871,7.2,50271,757269,2.1,15499,249448,6.4,15053,National,3.6,1098300.75,8.225,5.764166666666666,5.000833333333333,1.6,4.325,NA,NA,NA,NA,NA,NA,NA,NA,NA,NA,NA,NA,NA,NA,NA,NA,NA,NA,NA,NA,NA,NA,NA,NA,NA,NA,NA,NA,NA,NA,NA,NA
2018,Ruapehu District,Other,1.142875,0.92415,0.9417,National,5.764166666666666,5.0008333333333335,National,3.6,National,1098300.75,National,4.175,3.7,4.575,National,3663.33698630137,4462.371232876712,4366.417808219178,2653.4438356164383,National,100442.24109589041,109958.70410958905,123112.52876712328,95080.89178082191,National,14,474295,-0.1,-677,1001320,1.4,13418,750871,7.2,50271,757269,2.1,15499,249448,6.4,15053,National,3.6,1098300.75,8.225,5.764166666666666,5.000833333333333,1.6,4.325,NA,NA,NA,NA,NA,NA,NA,NA,NA,NA,NA,NA,NA,NA,NA,NA,NA,NA,NA,NA,NA,NA,NA,NA,NA,NA,NA,NA,NA,NA,NA,NA
2018,Selwyn District,Canterbury Rural,1.189225,0.96085,1.187875,National,5.764166666666666,5.0008333333333335,National,3.6,National,1098300.75,National,4.175,3.7,4.575,National,3663.33698630137,4462.371232876712,4366.417808219178,2653.4438356164383,National,100442.24109589041,109958.70410958905,123112.52876712328,95080.89178082191,National,14,474295,-0.1,-677,1001320,1.4,13418,750871,7.2,50271,757269,2.1,15499,249448,6.4,15053,National,3.6,1098300.75,8.225,5.764166666666666,5.000833333333333,1.6,4.325,NA,NA,NA,NA,NA,NA,NA,NA,NA,NA,NA,NA,NA,NA,NA,NA,NA,NA,NA,NA,NA,NA,NA,NA,NA,NA,NA,NA,NA,NA,NA,NA
2018,South Taranaki District,Other,1.115325,0.901525,0.9574750000000001,National,5.764166666666666,5.0008333333333335,National,3.6,National,1098300.75,National,4.175,3.7,4.575,National,3663.33698630137,4462.371232876712,4366.417808219178,2653.4438356164383,National,100442.24109589041,109958.70410958905,123112.52876712328,95080.89178082191,National,14,474295,-0.1,-677,1001320,1.4,13418,750871,7.2,50271,757269,2.1,15499,249448,6.4,15053,National,3.6,1098300.75,8.225,5.764166666666666,5.000833333333333,1.6,4.325,NA,NA,NA,NA,NA,NA,NA,NA,NA,NA,NA,NA,NA,NA,NA,NA,NA,NA,NA,NA,NA,NA,NA,NA,NA,NA,NA,NA,NA,NA,NA,NA
2018,South Waikato District,Other,0.84815,0.6869000000000001,0.80275,National,5.764166666666666,5.0008333333333335,National,3.6,National,1098300.75,National,4.175,3.7,4.575,National,3663.33698630137,4462.371232876712,4366.417808219178,2653.4438356164383,National,100442.24109589041,109958.70410958905,123112.52876712328,95080.89178082191,National,14,474295,-0.1,-677,1001320,1.4,13418,750871,7.2,50271,757269,2.1,15499,249448,6.4,15053,National,3.6,1098300.75,8.225,5.764166666666666,5.000833333333333,1.6,4.325,NA,NA,NA,NA,NA,NA,NA,NA,NA,NA,NA,NA,NA,NA,NA,NA,NA,NA,NA,NA,NA,NA,NA,NA,NA,NA,NA,NA,NA,NA,NA,NA
2018,South Wairarapa District,Wellington Rural,1.019525,0.8242,0.98985,National,5.764166666666666,5.0008333333333335,National,3.6,National,1098300.75,National,4.175,3.7,4.575,National,3663.33698630137,4462.371232876712,4366.417808219178,2653.4438356164383,National,100442.24109589041,109958.70410958905,123112.52876712328,95080.89178082191,National,14,474295,-0.1,-677,1001320,1.4,13418,750871,7.2,50271,757269,2.1,15499,249448,6.4,15053,National,3.6,1098300.75,8.225,5.764166666666666,5.000833333333333,1.6,4.325,NA,NA,NA,NA,NA,NA,NA,NA,NA,NA,NA,NA,NA,NA,NA,NA,NA,NA,NA,NA,NA,NA,NA,NA,NA,NA,NA,NA,NA,NA,NA,NA
2018,Southland,Other,1.11735,0.903475,0.985275,National,5.764166666666666,5.0008333333333335,National,3.6,National,1098300.75,National,4.175,3.7,4.575,National,3663.33698630137,4462.371232876712,4366.417808219178,2653.4438356164383,National,100442.24109589041,109958.70410958905,123112.52876712328,95080.89178082191,National,14,474295,-0.1,-677,1001320,1.4,13418,750871,7.2,50271,757269,2.1,15499,249448,6.4,15053,National,3.6,1098300.75,8.225,5.764166666666666,5.000833333333333,1.6,4.325,NA,NA,NA,NA,NA,NA,NA,NA,NA,NA,NA,NA,NA,NA,NA,NA,NA,NA,NA,NA,NA,NA,NA,NA,NA,NA,NA,NA,NA,NA,NA,NA
2018,Southland District,Other,1.11305,0.89995,1.0032,National,5.764166666666666,5.0008333333333335,National,3.6,National,1098300.75,National,4.175,3.7,4.575,National,3663.33698630137,4462.371232876712,4366.417808219178,2653.4438356164383,National,100442.24109589041,109958.70410958905,123112.52876712328,95080.89178082191,National,14,474295,-0.1,-677,1001320,1.4,13418,750871,7.2,50271,757269,2.1,15499,249448,6.4,15053,National,3.6,1098300.75,8.225,5.764166666666666,5.000833333333333,1.6,4.325,NA,NA,NA,NA,NA,NA,NA,NA,NA,NA,NA,NA,NA,NA,NA,NA,NA,NA,NA,NA,NA,NA,NA,NA,NA,NA,NA,NA,NA,NA,NA,NA
2018,Stratford District,Other,1.0527250000000001,0.850725,0.953125,National,5.764166666666666,5.0008333333333335,National,3.6,National,1098300.75,National,4.175,3.7,4.575,National,3663.33698630137,4462.371232876712,4366.417808219178,2653.4438356164383,National,100442.24109589041,109958.70410958905,123112.52876712328,95080.89178082191,National,14,474295,-0.1,-677,1001320,1.4,13418,750871,7.2,50271,757269,2.1,15499,249448,6.4,15053,National,3.6,1098300.75,8.225,5.764166666666666,5.000833333333333,1.6,4.325,NA,NA,NA,NA,NA,NA,NA,NA,NA,NA,NA,NA,NA,NA,NA,NA,NA,NA,NA,NA,NA,NA,NA,NA,NA,NA,NA,NA,NA,NA,NA,NA
2018,Taranaki,Other,1.034575,0.835925,1.0155,National,5.764166666666666,5.0008333333333335,National,3.6,National,1098300.75,National,4.175,3.7,4.575,National,3663.33698630137,4462.371232876712,4366.417808219178,2653.4438356164383,National,100442.24109589041,109958.70410958905,123112.52876712328,95080.89178082191,National,14,474295,-0.1,-677,1001320,1.4,13418,750871,7.2,50271,757269,2.1,15499,249448,6.4,15053,National,3.6,1098300.75,8.225,5.764166666666666,5.000833333333333,1.6,4.325,NA,NA,NA,NA,NA,NA,NA,NA,NA,NA,NA,NA,NA,NA,NA,NA,NA,NA,NA,NA,NA,NA,NA,NA,NA,NA,NA,NA,NA,NA,NA,NA
2018,Tararua District,Other,1.06395,0.8604499999999999,0.965075,National,5.764166666666666,5.0008333333333335,National,3.6,National,1098300.75,National,4.175,3.7,4.575,National,3663.33698630137,4462.371232876712,4366.417808219178,2653.4438356164383,National,100442.24109589041,109958.70410958905,123112.52876712328,95080.89178082191,National,14,474295,-0.1,-677,1001320,1.4,13418,750871,7.2,50271,757269,2.1,15499,249448,6.4,15053,National,3.6,1098300.75,8.225,5.764166666666666,5.000833333333333,1.6,4.325,NA,NA,NA,NA,NA,NA,NA,NA,NA,NA,NA,NA,NA,NA,NA,NA,NA,NA,NA,NA,NA,NA,NA,NA,NA,NA,NA,NA,NA,NA,NA,NA
2018,Tasman,Other,1.044125,0.843875,1.063575,National,5.764166666666666,5.0008333333333335,National,3.6,National,1098300.75,National,4.175,3.7,4.575,National,3663.33698630137,4462.371232876712,4366.417808219178,2653.4438356164383,National,100442.24109589041,109958.70410958905,123112.52876712328,95080.89178082191,National,14,474295,-0.1,-677,1001320,1.4,13418,750871,7.2,50271,757269,2.1,15499,249448,6.4,15053,National,3.6,1098300.75,8.225,5.764166666666666,5.000833333333333,1.6,4.325,NA,NA,NA,NA,NA,NA,NA,NA,NA,NA,NA,NA,NA,NA,NA,NA,NA,NA,NA,NA,NA,NA,NA,NA,NA,NA,NA,NA,NA,NA,NA,NA
2018,Tasman District,Other,1.044125,0.843875,1.0634,National,5.764166666666666,5.0008333333333335,National,3.6,National,1098300.75,National,4.175,3.7,4.575,National,3663.33698630137,4462.371232876712,4366.417808219178,2653.4438356164383,National,100442.24109589041,109958.70410958905,123112.52876712328,95080.89178082191,National,14,474295,-0.1,-677,1001320,1.4,13418,750871,7.2,50271,757269,2.1,15499,249448,6.4,15053,National,3.6,1098300.75,8.225,5.764166666666666,5.000833333333333,1.6,4.325,NA,NA,NA,NA,NA,NA,NA,NA,NA,NA,NA,NA,NA,NA,NA,NA,NA,NA,NA,NA,NA,NA,NA,NA,NA,NA,NA,NA,NA,NA,NA,NA
2018,Taupo District,Other,1.054875,0.853,0.93425,National,5.764166666666666,5.0008333333333335,National,3.6,National,1098300.75,National,4.175,3.7,4.575,National,3663.33698630137,4462.371232876712,4366.417808219178,2653.4438356164383,National,100442.24109589041,109958.70410958905,123112.52876712328,95080.89178082191,National,14,474295,-0.1,-677,1001320,1.4,13418,750871,7.2,50271,757269,2.1,15499,249448,6.4,15053,National,3.6,1098300.75,8.225,5.764166666666666,5.000833333333333,1.6,4.325,NA,NA,NA,NA,NA,NA,NA,NA,NA,NA,NA,NA,NA,NA,NA,NA,NA,NA,NA,NA,NA,NA,NA,NA,NA,NA,NA,NA,NA,NA,NA,NA
2018,Tauranga City,Other,0.9663999999999999,0.7809,0.9476,National,5.764166666666666,5.0008333333333335,National,3.6,National,1098300.75,National,4.175,3.7,4.575,National,3663.33698630137,4462.371232876712,4366.417808219178,2653.4438356164383,National,100442.24109589041,109958.70410958905,123112.52876712328,95080.89178082191,National,14,474295,-0.1,-677,1001320,1.4,13418,750871,7.2,50271,757269,2.1,15499,249448,6.4,15053,National,3.6,1098300.75,8.225,5.764166666666666,5.000833333333333,1.6,4.325,NA,NA,NA,NA,NA,NA,NA,NA,NA,NA,NA,NA,NA,NA,NA,NA,NA,NA,NA,NA,NA,NA,NA,NA,NA,NA,NA,NA,NA,NA,NA,NA
2018,Thames Coromandel District,Other,1.0311,0.833325,0.94065,National,5.764166666666666,5.0008333333333335,National,3.6,National,1098300.75,National,4.175,3.7,4.575,National,3663.33698630137,4462.371232876712,4366.417808219178,2653.4438356164383,National,100442.24109589041,109958.70410958905,123112.52876712328,95080.89178082191,National,14,474295,-0.1,-677,1001320,1.4,13418,750871,7.2,50271,757269,2.1,15499,249448,6.4,15053,National,3.6,1098300.75,8.225,5.764166666666666,5.000833333333333,1.6,4.325,NA,NA,NA,NA,NA,NA,NA,NA,NA,NA,NA,NA,NA,NA,NA,NA,NA,NA,NA,NA,NA,NA,NA,NA,NA,NA,NA,NA,NA,NA,NA,NA
2018,Timaru District,Canterbury Rural,1.05665,0.85385,0.9940249999999999,National,5.764166666666666,5.0008333333333335,National,3.6,National,1098300.75,National,4.175,3.7,4.575,National,3663.33698630137,4462.371232876712,4366.417808219178,2653.4438356164383,National,100442.24109589041,109958.70410958905,123112.52876712328,95080.89178082191,National,14,474295,-0.1,-677,1001320,1.4,13418,750871,7.2,50271,757269,2.1,15499,249448,6.4,15053,National,3.6,1098300.75,8.225,5.764166666666666,5.000833333333333,1.6,4.325,NA,NA,NA,NA,NA,NA,NA,NA,NA,NA,NA,NA,NA,NA,NA,NA,NA,NA,NA,NA,NA,NA,NA,NA,NA,NA,NA,NA,NA,NA,NA,NA
2018,Upper Hutt City,Wellington Urban,1.00205,0.8102,0.955725,National,5.764166666666666,5.0008333333333335,National,3.6,National,1098300.75,National,4.175,3.7,4.575,National,3663.33698630137,4462.371232876712,4366.417808219178,2653.4438356164383,National,100442.24109589041,109958.70410958905,123112.52876712328,95080.89178082191,National,14,474295,-0.1,-677,1001320,1.4,13418,750871,7.2,50271,757269,2.1,15499,249448,6.4,15053,National,3.6,1098300.75,8.225,5.764166666666666,5.000833333333333,1.6,4.325,NA,NA,NA,NA,NA,NA,NA,NA,NA,NA,NA,NA,NA,NA,NA,NA,NA,NA,NA,NA,NA,NA,NA,NA,NA,NA,NA,NA,NA,NA,NA,NA
2018,Waikato,Other,0.910525,0.735975,0.953525,National,5.764166666666666,5.0008333333333335,National,3.6,National,1098300.75,National,4.175,3.7,4.575,National,3663.33698630137,4462.371232876712,4366.417808219178,2653.4438356164383,National,100442.24109589041,109958.70410958905,123112.52876712328,95080.89178082191,National,14,474295,-0.1,-677,1001320,1.4,13418,750871,7.2,50271,757269,2.1,15499,249448,6.4,15053,National,3.6,1098300.75,8.225,5.764166666666666,5.000833333333333,1.6,4.325,NA,NA,NA,NA,NA,NA,NA,NA,NA,NA,NA,NA,NA,NA,NA,NA,NA,NA,NA,NA,NA,NA,NA,NA,NA,NA,NA,NA,NA,NA,NA,NA
2018,Waikato District,Other,0.86465,0.6985,0.9902,National,5.764166666666666,5.0008333333333335,National,3.6,National,1098300.75,National,4.175,3.7,4.575,National,3663.33698630137,4462.371232876712,4366.417808219178,2653.4438356164383,National,100442.24109589041,109958.70410958905,123112.52876712328,95080.89178082191,National,14,474295,-0.1,-677,1001320,1.4,13418,750871,7.2,50271,757269,2.1,15499,249448,6.4,15053,National,3.6,1098300.75,8.225,5.764166666666666,5.000833333333333,1.6,4.325,NA,NA,NA,NA,NA,NA,NA,NA,NA,NA,NA,NA,NA,NA,NA,NA,NA,NA,NA,NA,NA,NA,NA,NA,NA,NA,NA,NA,NA,NA,NA,NA
2018,Waimakariri District,Canterbury Rural,1.191075,0.962525,1.1042,National,5.764166666666666,5.0008333333333335,National,3.6,National,1098300.75,National,4.175,3.7,4.575,National,3663.33698630137,4462.371232876712,4366.417808219178,2653.4438356164383,National,100442.24109589041,109958.70410958905,123112.52876712328,95080.89178082191,National,14,474295,-0.1,-677,1001320,1.4,13418,750871,7.2,50271,757269,2.1,15499,249448,6.4,15053,National,3.6,1098300.75,8.225,5.764166666666666,5.000833333333333,1.6,4.325,NA,NA,NA,NA,NA,NA,NA,NA,NA,NA,NA,NA,NA,NA,NA,NA,NA,NA,NA,NA,NA,NA,NA,NA,NA,NA,NA,NA,NA,NA,NA,NA
2018,Waimate District,Canterbury Rural,1.06345,0.858675,0.9251,National,5.764166666666666,5.0008333333333335,National,3.6,National,1098300.75,National,4.175,3.7,4.575,National,3663.33698630137,4462.371232876712,4366.417808219178,2653.4438356164383,National,100442.24109589041,109958.70410958905,123112.52876712328,95080.89178082191,National,14,474295,-0.1,-677,1001320,1.4,13418,750871,7.2,50271,757269,2.1,15499,249448,6.4,15053,National,3.6,1098300.75,8.225,5.764166666666666,5.000833333333333,1.6,4.325,NA,NA,NA,NA,NA,NA,NA,NA,NA,NA,NA,NA,NA,NA,NA,NA,NA,NA,NA,NA,NA,NA,NA,NA,NA,NA,NA,NA,NA,NA,NA,NA
2018,Waipa District,Other,0.8418,0.68025,0.9498500000000001,National,5.764166666666666,5.0008333333333335,National,3.6,National,1098300.75,National,4.175,3.7,4.575,National,3663.33698630137,4462.371232876712,4366.417808219178,2653.4438356164383,National,100442.24109589041,109958.70410958905,123112.52876712328,95080.89178082191,National,14,474295,-0.1,-677,1001320,1.4,13418,750871,7.2,50271,757269,2.1,15499,249448,6.4,15053,National,3.6,1098300.75,8.225,5.764166666666666,5.000833333333333,1.6,4.325,NA,NA,NA,NA,NA,NA,NA,NA,NA,NA,NA,NA,NA,NA,NA,NA,NA,NA,NA,NA,NA,NA,NA,NA,NA,NA,NA,NA,NA,NA,NA,NA
2018,Wairoa District,Other,1.182375,0.95575,0.7808999999999999,National,5.764166666666666,5.0008333333333335,National,3.6,National,1098300.75,National,4.175,3.7,4.575,National,3663.33698630137,4462.371232876712,4366.417808219178,2653.4438356164383,National,100442.24109589041,109958.70410958905,123112.52876712328,95080.89178082191,National,14,474295,-0.1,-677,1001320,1.4,13418,750871,7.2,50271,757269,2.1,15499,249448,6.4,15053,National,3.6,1098300.75,8.225,5.764166666666666,5.000833333333333,1.6,4.325,NA,NA,NA,NA,NA,NA,NA,NA,NA,NA,NA,NA,NA,NA,NA,NA,NA,NA,NA,NA,NA,NA,NA,NA,NA,NA,NA,NA,NA,NA,NA,NA
2018,Waitaki District,Other,1.047675,0.8468249999999999,0.9948750000000001,National,5.764166666666666,5.0008333333333335,National,3.6,National,1098300.75,National,4.175,3.7,4.575,National,3663.33698630137,4462.371232876712,4366.417808219178,2653.4438356164383,National,100442.24109589041,109958.70410958905,123112.52876712328,95080.89178082191,National,14,474295,-0.1,-677,1001320,1.4,13418,750871,7.2,50271,757269,2.1,15499,249448,6.4,15053,National,3.6,1098300.75,8.225,5.764166666666666,5.000833333333333,1.6,4.325,NA,NA,NA,NA,NA,NA,NA,NA,NA,NA,NA,NA,NA,NA,NA,NA,NA,NA,NA,NA,NA,NA,NA,NA,NA,NA,NA,NA,NA,NA,NA,NA
2018,Waitomo District,Other,0.910325,0.7354,0.91275,National,5.764166666666666,5.0008333333333335,National,3.6,National,1098300.75,National,4.175,3.7,4.575,National,3663.33698630137,4462.371232876712,4366.417808219178,2653.4438356164383,National,100442.24109589041,109958.70410958905,123112.52876712328,95080.89178082191,National,14,474295,-0.1,-677,1001320,1.4,13418,750871,7.2,50271,757269,2.1,15499,249448,6.4,15053,National,3.6,1098300.75,8.225,5.764166666666666,5.000833333333333,1.6,4.325,NA,NA,NA,NA,NA,NA,NA,NA,NA,NA,NA,NA,NA,NA,NA,NA,NA,NA,NA,NA,NA,NA,NA,NA,NA,NA,NA,NA,NA,NA,NA,NA
2018,Wellington,Wellington Rural,0.9882,0.799075,1.005125,National,5.764166666666666,5.0008333333333335,National,3.6,National,1098300.75,National,4.175,3.7,4.575,National,3663.33698630137,4462.371232876712,4366.417808219178,2653.4438356164383,National,100442.24109589041,109958.70410958905,123112.52876712328,95080.89178082191,National,14,474295,-0.1,-677,1001320,1.4,13418,750871,7.2,50271,757269,2.1,15499,249448,6.4,15053,National,3.6,1098300.75,8.225,5.764166666666666,5.000833333333333,1.6,4.325,NA,NA,NA,NA,NA,NA,NA,NA,NA,NA,NA,NA,NA,NA,NA,NA,NA,NA,NA,NA,NA,NA,NA,NA,NA,NA,NA,NA,NA,NA,NA,NA
2018,Wellington City,Wellington Urban,0.981625,0.7935,1.023375,National,5.764166666666666,5.0008333333333335,National,3.6,National,1098300.75,National,4.175,3.7,4.575,National,3663.33698630137,4462.371232876712,4366.417808219178,2653.4438356164383,National,100442.24109589041,109958.70410958905,123112.52876712328,95080.89178082191,National,14,474295,-0.1,-677,1001320,1.4,13418,750871,7.2,50271,757269,2.1,15499,249448,6.4,15053,National,3.6,1098300.75,8.225,5.764166666666666,5.000833333333333,1.6,4.325,NA,NA,NA,NA,NA,NA,NA,NA,NA,NA,NA,NA,NA,NA,NA,NA,NA,NA,NA,NA,NA,NA,NA,NA,NA,NA,NA,NA,NA,NA,NA,NA
2018,West Coast,Other,1.3161,1.0631,1.0781,National,5.764166666666666,5.0008333333333335,National,3.6,National,1098300.75,National,4.175,3.7,4.575,National,3663.33698630137,4462.371232876712,4366.417808219178,2653.4438356164383,National,100442.24109589041,109958.70410958905,123112.52876712328,95080.89178082191,National,14,474295,-0.1,-677,1001320,1.4,13418,750871,7.2,50271,757269,2.1,15499,249448,6.4,15053,National,3.6,1098300.75,8.225,5.764166666666666,5.000833333333333,1.6,4.325,NA,NA,NA,NA,NA,NA,NA,NA,NA,NA,NA,NA,NA,NA,NA,NA,NA,NA,NA,NA,NA,NA,NA,NA,NA,NA,NA,NA,NA,NA,NA,NA
2018,Western Bay of Plenty District,Other,1.02035,0.824475,0.9992,National,5.764166666666666,5.0008333333333335,National,3.6,National,1098300.75,National,4.175,3.7,4.575,National,3663.33698630137,4462.371232876712,4366.417808219178,2653.4438356164383,National,100442.24109589041,109958.70410958905,123112.52876712328,95080.89178082191,National,14,474295,-0.1,-677,1001320,1.4,13418,750871,7.2,50271,757269,2.1,15499,249448,6.4,15053,National,3.6,1098300.75,8.225,5.764166666666666,5.000833333333333,1.6,4.325,NA,NA,NA,NA,NA,NA,NA,NA,NA,NA,NA,NA,NA,NA,NA,NA,NA,NA,NA,NA,NA,NA,NA,NA,NA,NA,NA,NA,NA,NA,NA,NA
2018,Westland District,Other,1.2634,1.02065,1.01665,National,5.764166666666666,5.0008333333333335,National,3.6,National,1098300.75,National,4.175,3.7,4.575,National,3663.33698630137,4462.371232876712,4366.417808219178,2653.4438356164383,National,100442.24109589041,109958.70410958905,123112.52876712328,95080.89178082191,National,14,474295,-0.1,-677,1001320,1.4,13418,750871,7.2,50271,757269,2.1,15499,249448,6.4,15053,National,3.6,1098300.75,8.225,5.764166666666666,5.000833333333333,1.6,4.325,NA,NA,NA,NA,NA,NA,NA,NA,NA,NA,NA,NA,NA,NA,NA,NA,NA,NA,NA,NA,NA,NA,NA,NA,NA,NA,NA,NA,NA,NA,NA,NA
2018,Whakatane District,Other,0.990325,0.80075,0.9390000000000001,National,5.764166666666666,5.0008333333333335,National,3.6,National,1098300.75,National,4.175,3.7,4.575,National,3663.33698630137,4462.371232876712,4366.417808219178,2653.4438356164383,National,100442.24109589041,109958.70410958905,123112.52876712328,95080.89178082191,National,14,474295,-0.1,-677,1001320,1.4,13418,750871,7.2,50271,757269,2.1,15499,249448,6.4,15053,National,3.6,1098300.75,8.225,5.764166666666666,5.000833333333333,1.6,4.325,NA,NA,NA,NA,NA,NA,NA,NA,NA,NA,NA,NA,NA,NA,NA,NA,NA,NA,NA,NA,NA,NA,NA,NA,NA,NA,NA,NA,NA,NA,NA,NA
2018,Whanganui District,Other,1.02155,0.826325,0.8608,National,5.764166666666666,5.0008333333333335,National,3.6,National,1098300.75,National,4.175,3.7,4.575,National,3663.33698630137,4462.371232876712,4366.417808219178,2653.4438356164383,National,100442.24109589041,109958.70410958905,123112.52876712328,95080.89178082191,National,14,474295,-0.1,-677,1001320,1.4,13418,750871,7.2,50271,757269,2.1,15499,249448,6.4,15053,National,3.6,1098300.75,8.225,5.764166666666666,5.000833333333333,1.6,4.325,NA,NA,NA,NA,NA,NA,NA,NA,NA,NA,NA,NA,NA,NA,NA,NA,NA,NA,NA,NA,NA,NA,NA,NA,NA,NA,NA,NA,NA,NA,NA,NA
2018,Whangarei District,Other,0.926075,0.7484999999999999,0.925125,National,5.764166666666666,5.0008333333333335,National,3.6,National,1098300.75,National,4.175,3.7,4.575,National,3663.33698630137,4462.371232876712,4366.417808219178,2653.4438356164383,National,100442.24109589041,109958.70410958905,123112.52876712328,95080.89178082191,National,14,474295,-0.1,-677,1001320,1.4,13418,750871,7.2,50271,757269,2.1,15499,249448,6.4,15053,National,3.6,1098300.75,8.225,5.764166666666666,5.000833333333333,1.6,4.325,NA,NA,NA,NA,NA,NA,NA,NA,NA,NA,NA,NA,NA,NA,NA,NA,NA,NA,NA,NA,NA,NA,NA,NA,NA,NA,NA,NA,NA,NA,NA,NA
2019,Ashburton District,Canterbury Rural,1.40815,0.96625,1.0297749999999999,National,5.6325,4.655833333333334,National,3.125,National,1150979,National,4.225,3.675,3.475,National,4956.086252713527,7229.223482296579,5759.039842054046,3026.899000673703,National,105395.86454824463,117184.24749232727,128868.70585373156,98106.3304326671,National,15,480815,1.4,6520,974156,-2.7,-27164,797330,6.2,46459,752979,-0.6,-4290,272073,9.1,22625,National,3.125,1150979,7.65,5.6325,4.655833333333334,1.65,4.1,National,1.375,546.5,387.5,496,14667.5,2674.5,1377.25,1680500,388600,212100,3.55,2.85,9.375,104.1,101.45,105.975,8.7325,6.885,6.49,1.0317,1.392925,1.085275,1.095075,0.707625,0.95545,0.744725,0.751675,1.0239500000000001,1.091775,1.00265,0.973675
2019,Auckland,Auckland Urban,1.0323125,0.708075,1.024,National,5.6325,4.655833333333334,National,3.125,National,1150979,National,4.225,3.675,3.475,National,4956.086252713527,7229.223482296579,5759.039842054046,3026.899000673703,National,105395.86454824463,117184.24749232727,128868.70585373156,98106.3304326671,National,15,480815,1.4,6520,974156,-2.7,-27164,797330,6.2,46459,752979,-0.6,-4290,272073,9.1,22625,National,3.125,1150979,7.65,5.6325,4.655833333333334,1.65,4.1,National,1.375,546.5,387.5,496,14667.5,2674.5,1377.25,1680500,388600,212100,3.55,2.85,9.375,104.1,101.45,105.975,8.7325,6.885,6.49,1.0317,1.392925,1.085275,1.095075,0.707625,0.95545,0.744725,0.751675,1.0239500000000001,1.091775,1.00265,0.973675
2019,Bay of Plenty,Other,1.111375,0.7626,0.913975,National,5.6325,4.655833333333334,National,3.125,National,1150979,National,4.225,3.675,3.475,National,4956.086252713527,7229.223482296579,5759.039842054046,3026.899000673703,National,105395.86454824463,117184.24749232727,128868.70585373156,98106.3304326671,National,15,480815,1.4,6520,974156,-2.7,-27164,797330,6.2,46459,752979,-0.6,-4290,272073,9.1,22625,National,3.125,1150979,7.65,5.6325,4.655833333333334,1.65,4.1,National,1.375,546.5,387.5,496,14667.5,2674.5,1377.25,1680500,388600,212100,3.55,2.85,9.375,104.1,101.45,105.975,8.7325,6.885,6.49,1.0317,1.392925,1.085275,1.095075,0.707625,0.95545,0.744725,0.751675,1.0239500000000001,1.091775,1.00265,0.973675
2019,Buller District,Other,1.3697,0.939725,1.02955,National,5.6325,4.655833333333334,National,3.125,National,1150979,National,4.225,3.675,3.475,National,4956.086252713527,7229.223482296579,5759.039842054046,3026.899000673703,National,105395.86454824463,117184.24749232727,128868.70585373156,98106.3304326671,National,15,480815,1.4,6520,974156,-2.7,-27164,797330,6.2,46459,752979,-0.6,-4290,272073,9.1,22625,National,3.125,1150979,7.65,5.6325,4.655833333333334,1.65,4.1,National,1.375,546.5,387.5,496,14667.5,2674.5,1377.25,1680500,388600,212100,3.55,2.85,9.375,104.1,101.45,105.975,8.7325,6.885,6.49,1.0317,1.392925,1.085275,1.095075,0.707625,0.95545,0.744725,0.751675,1.0239500000000001,1.091775,1.00265,0.973675
2019,Canterbury,Canterbury Rural,1.392925,0.95545,1.091775,National,5.6325,4.655833333333334,National,3.125,National,1150979,National,4.225,3.675,3.475,National,4956.086252713527,7229.223482296579,5759.039842054046,3026.899000673703,National,105395.86454824463,117184.24749232727,128868.70585373156,98106.3304326671,National,15,480815,1.4,6520,974156,-2.7,-27164,797330,6.2,46459,752979,-0.6,-4290,272073,9.1,22625,National,3.125,1150979,7.65,5.6325,4.655833333333334,1.65,4.1,National,1.375,546.5,387.5,496,14667.5,2674.5,1377.25,1680500,388600,212100,3.55,2.85,9.375,104.1,101.45,105.975,8.7325,6.885,6.49,1.0317,1.392925,1.085275,1.095075,0.707625,0.95545,0.744725,0.751675,1.0239500000000001,1.091775,1.00265,0.973675
2019,Carterton District,Wellington Rural,0.99015,0.680125,0.8477,National,5.6325,4.655833333333334,National,3.125,National,1150979,National,4.225,3.675,3.475,National,4956.086252713527,7229.223482296579,5759.039842054046,3026.899000673703,National,105395.86454824463,117184.24749232727,128868.70585373156,98106.3304326671,National,15,480815,1.4,6520,974156,-2.7,-27164,797330,6.2,46459,752979,-0.6,-4290,272073,9.1,22625,National,3.125,1150979,7.65,5.6325,4.655833333333334,1.65,4.1,National,1.375,546.5,387.5,496,14667.5,2674.5,1377.25,1680500,388600,212100,3.55,2.85,9.375,104.1,101.45,105.975,8.7325,6.885,6.49,1.0317,1.392925,1.085275,1.095075,0.707625,0.95545,0.744725,0.751675,1.0239500000000001,1.091775,1.00265,0.973675
2019,Central Hawkes Bay District,Other,1.050875,0.72015,0.71815,National,5.6325,4.655833333333334,National,3.125,National,1150979,National,4.225,3.675,3.475,National,4956.086252713527,7229.223482296579,5759.039842054046,3026.899000673703,National,105395.86454824463,117184.24749232727,128868.70585373156,98106.3304326671,National,15,480815,1.4,6520,974156,-2.7,-27164,797330,6.2,46459,752979,-0.6,-4290,272073,9.1,22625,National,3.125,1150979,7.65,5.6325,4.655833333333334,1.65,4.1,National,1.375,546.5,387.5,496,14667.5,2674.5,1377.25,1680500,388600,212100,3.55,2.85,9.375,104.1,101.45,105.975,8.7325,6.885,6.49,1.0317,1.392925,1.085275,1.095075,0.707625,0.95545,0.744725,0.751675,1.0239500000000001,1.091775,1.00265,0.973675
2019,Central Otago District,Other,1.04515,0.717025,0.8838,National,5.6325,4.655833333333334,National,3.125,National,1150979,National,4.225,3.675,3.475,National,4956.086252713527,7229.223482296579,5759.039842054046,3026.899000673703,National,105395.86454824463,117184.24749232727,128868.70585373156,98106.3304326671,National,15,480815,1.4,6520,974156,-2.7,-27164,797330,6.2,46459,752979,-0.6,-4290,272073,9.1,22625,National,3.125,1150979,7.65,5.6325,4.655833333333334,1.65,4.1,National,1.375,546.5,387.5,496,14667.5,2674.5,1377.25,1680500,388600,212100,3.55,2.85,9.375,104.1,101.45,105.975,8.7325,6.885,6.49,1.0317,1.392925,1.085275,1.095075,0.707625,0.95545,0.744725,0.751675,1.0239500000000001,1.091775,1.00265,0.973675
2019,Christchurch City,Canterbury Urban,1.3696,0.939425,1.073725,National,5.6325,4.655833333333334,National,3.125,National,1150979,National,4.225,3.675,3.475,National,4956.086252713527,7229.223482296579,5759.039842054046,3026.899000673703,National,105395.86454824463,117184.24749232727,128868.70585373156,98106.3304326671,National,15,480815,1.4,6520,974156,-2.7,-27164,797330,6.2,46459,752979,-0.6,-4290,272073,9.1,22625,National,3.125,1150979,7.65,5.6325,4.655833333333334,1.65,4.1,National,1.375,546.5,387.5,496,14667.5,2674.5,1377.25,1680500,388600,212100,3.55,2.85,9.375,104.1,101.45,105.975,8.7325,6.885,6.49,1.0317,1.392925,1.085275,1.095075,0.707625,0.95545,0.744725,0.751675,1.0239500000000001,1.091775,1.00265,0.973675
2019,Clutha District,Other,1.10655,0.762575,0.8472999999999999,National,5.6325,4.655833333333334,National,3.125,National,1150979,National,4.225,3.675,3.475,National,4956.086252713527,7229.223482296579,5759.039842054046,3026.899000673703,National,105395.86454824463,117184.24749232727,128868.70585373156,98106.3304326671,National,15,480815,1.4,6520,974156,-2.7,-27164,797330,6.2,46459,752979,-0.6,-4290,272073,9.1,22625,National,3.125,1150979,7.65,5.6325,4.655833333333334,1.65,4.1,National,1.375,546.5,387.5,496,14667.5,2674.5,1377.25,1680500,388600,212100,3.55,2.85,9.375,104.1,101.45,105.975,8.7325,6.885,6.49,1.0317,1.392925,1.085275,1.095075,0.707625,0.95545,0.744725,0.751675,1.0239500000000001,1.091775,1.00265,0.973675
2019,Dunedin City,Other,1.011875,0.6959,1.06175,National,5.6325,4.655833333333334,National,3.125,National,1150979,National,4.225,3.675,3.475,National,4956.086252713527,7229.223482296579,5759.039842054046,3026.899000673703,National,105395.86454824463,117184.24749232727,128868.70585373156,98106.3304326671,National,15,480815,1.4,6520,974156,-2.7,-27164,797330,6.2,46459,752979,-0.6,-4290,272073,9.1,22625,National,3.125,1150979,7.65,5.6325,4.655833333333334,1.65,4.1,National,1.375,546.5,387.5,496,14667.5,2674.5,1377.25,1680500,388600,212100,3.55,2.85,9.375,104.1,101.45,105.975,8.7325,6.885,6.49,1.0317,1.392925,1.085275,1.095075,0.707625,0.95545,0.744725,0.751675,1.0239500000000001,1.091775,1.00265,0.973675
2019,Far North District,Other,1.245225,0.854075,0.9429000000000001,National,5.6325,4.655833333333334,National,3.125,National,1150979,National,4.225,3.675,3.475,National,4956.086252713527,7229.223482296579,5759.039842054046,3026.899000673703,National,105395.86454824463,117184.24749232727,128868.70585373156,98106.3304326671,National,15,480815,1.4,6520,974156,-2.7,-27164,797330,6.2,46459,752979,-0.6,-4290,272073,9.1,22625,National,3.125,1150979,7.65,5.6325,4.655833333333334,1.65,4.1,National,1.375,546.5,387.5,496,14667.5,2674.5,1377.25,1680500,388600,212100,3.55,2.85,9.375,104.1,101.45,105.975,8.7325,6.885,6.49,1.0317,1.392925,1.085275,1.095075,0.707625,0.95545,0.744725,0.751675,1.0239500000000001,1.091775,1.00265,0.973675
2019,Gisborne,Other,1.1767,0.810025,0.927075,National,5.6325,4.655833333333334,National,3.125,National,1150979,National,4.225,3.675,3.475,National,4956.086252713527,7229.223482296579,5759.039842054046,3026.899000673703,National,105395.86454824463,117184.24749232727,128868.70585373156,98106.3304326671,National,15,480815,1.4,6520,974156,-2.7,-27164,797330,6.2,46459,752979,-0.6,-4290,272073,9.1,22625,National,3.125,1150979,7.65,5.6325,4.655833333333334,1.65,4.1,National,1.375,546.5,387.5,496,14667.5,2674.5,1377.25,1680500,388600,212100,3.55,2.85,9.375,104.1,101.45,105.975,8.7325,6.885,6.49,1.0317,1.392925,1.085275,1.095075,0.707625,0.95545,0.744725,0.751675,1.0239500000000001,1.091775,1.00265,0.973675
2019,Gisborne District,Other,1.1767,0.810025,0.927075,National,5.6325,4.655833333333334,National,3.125,National,1150979,National,4.225,3.675,3.475,National,4956.086252713527,7229.223482296579,5759.039842054046,3026.899000673703,National,105395.86454824463,117184.24749232727,128868.70585373156,98106.3304326671,National,15,480815,1.4,6520,974156,-2.7,-27164,797330,6.2,46459,752979,-0.6,-4290,272073,9.1,22625,National,3.125,1150979,7.65,5.6325,4.655833333333334,1.65,4.1,National,1.375,546.5,387.5,496,14667.5,2674.5,1377.25,1680500,388600,212100,3.55,2.85,9.375,104.1,101.45,105.975,8.7325,6.885,6.49,1.0317,1.392925,1.085275,1.095075,0.707625,0.95545,0.744725,0.751675,1.0239500000000001,1.091775,1.00265,0.973675
2019,Gore District,Other,1.338325,0.918925,0.891675,National,5.6325,4.655833333333334,National,3.125,National,1150979,National,4.225,3.675,3.475,National,4956.086252713527,7229.223482296579,5759.039842054046,3026.899000673703,National,105395.86454824463,117184.24749232727,128868.70585373156,98106.3304326671,National,15,480815,1.4,6520,974156,-2.7,-27164,797330,6.2,46459,752979,-0.6,-4290,272073,9.1,22625,National,3.125,1150979,7.65,5.6325,4.655833333333334,1.65,4.1,National,1.375,546.5,387.5,496,14667.5,2674.5,1377.25,1680500,388600,212100,3.55,2.85,9.375,104.1,101.45,105.975,8.7325,6.885,6.49,1.0317,1.392925,1.085275,1.095075,0.707625,0.95545,0.744725,0.751675,1.0239500000000001,1.091775,1.00265,0.973675
2019,Grey District,Other,1.5511249999999999,1.06555,1.041375,National,5.6325,4.655833333333334,National,3.125,National,1150979,National,4.225,3.675,3.475,National,4956.086252713527,7229.223482296579,5759.039842054046,3026.899000673703,National,105395.86454824463,117184.24749232727,128868.70585373156,98106.3304326671,National,15,480815,1.4,6520,974156,-2.7,-27164,797330,6.2,46459,752979,-0.6,-4290,272073,9.1,22625,National,3.125,1150979,7.65,5.6325,4.655833333333334,1.65,4.1,National,1.375,546.5,387.5,496,14667.5,2674.5,1377.25,1680500,388600,212100,3.55,2.85,9.375,104.1,101.45,105.975,8.7325,6.885,6.49,1.0317,1.392925,1.085275,1.095075,0.707625,0.95545,0.744725,0.751675,1.0239500000000001,1.091775,1.00265,0.973675
2019,Hamilton City,Other,0.998425,0.685275,0.9329000000000001,National,5.6325,4.655833333333334,National,3.125,National,1150979,National,4.225,3.675,3.475,National,4956.086252713527,7229.223482296579,5759.039842054046,3026.899000673703,National,105395.86454824463,117184.24749232727,128868.70585373156,98106.3304326671,National,15,480815,1.4,6520,974156,-2.7,-27164,797330,6.2,46459,752979,-0.6,-4290,272073,9.1,22625,National,3.125,1150979,7.65,5.6325,4.655833333333334,1.65,4.1,National,1.375,546.5,387.5,496,14667.5,2674.5,1377.25,1680500,388600,212100,3.55,2.85,9.375,104.1,101.45,105.975,8.7325,6.885,6.49,1.0317,1.392925,1.085275,1.095075,0.707625,0.95545,0.744725,0.751675,1.0239500000000001,1.091775,1.00265,0.973675
2019,Hastings District,Other,1.02845,0.7063,0.948475,National,5.6325,4.655833333333334,National,3.125,National,1150979,National,4.225,3.675,3.475,National,4956.086252713527,7229.223482296579,5759.039842054046,3026.899000673703,National,105395.86454824463,117184.24749232727,128868.70585373156,98106.3304326671,National,15,480815,1.4,6520,974156,-2.7,-27164,797330,6.2,46459,752979,-0.6,-4290,272073,9.1,22625,National,3.125,1150979,7.65,5.6325,4.655833333333334,1.65,4.1,National,1.375,546.5,387.5,496,14667.5,2674.5,1377.25,1680500,388600,212100,3.55,2.85,9.375,104.1,101.45,105.975,8.7325,6.885,6.49,1.0317,1.392925,1.085275,1.095075,0.707625,0.95545,0.744725,0.751675,1.0239500000000001,1.091775,1.00265,0.973675
2019,Hauraki District,Other,1.08975,0.748,0.9432,National,5.6325,4.655833333333334,National,3.125,National,1150979,National,4.225,3.675,3.475,National,4956.086252713527,7229.223482296579,5759.039842054046,3026.899000673703,National,105395.86454824463,117184.24749232727,128868.70585373156,98106.3304326671,National,15,480815,1.4,6520,974156,-2.7,-27164,797330,6.2,46459,752979,-0.6,-4290,272073,9.1,22625,National,3.125,1150979,7.65,5.6325,4.655833333333334,1.65,4.1,National,1.375,546.5,387.5,496,14667.5,2674.5,1377.25,1680500,388600,212100,3.55,2.85,9.375,104.1,101.45,105.975,8.7325,6.885,6.49,1.0317,1.392925,1.085275,1.095075,0.707625,0.95545,0.744725,0.751675,1.0239500000000001,1.091775,1.00265,0.973675
2019,Hawke's Bay,Other,1.034625,0.710025,0.927625,National,5.6325,4.655833333333334,National,3.125,National,1150979,National,4.225,3.675,3.475,National,4956.086252713527,7229.223482296579,5759.039842054046,3026.899000673703,National,105395.86454824463,117184.24749232727,128868.70585373156,98106.3304326671,National,15,480815,1.4,6520,974156,-2.7,-27164,797330,6.2,46459,752979,-0.6,-4290,272073,9.1,22625,National,3.125,1150979,7.65,5.6325,4.655833333333334,1.65,4.1,National,1.375,546.5,387.5,496,14667.5,2674.5,1377.25,1680500,388600,212100,3.55,2.85,9.375,104.1,101.45,105.975,8.7325,6.885,6.49,1.0317,1.392925,1.085275,1.095075,0.707625,0.95545,0.744725,0.751675,1.0239500000000001,1.091775,1.00265,0.973675
2019,Horowhenua District,Other,0.996075,0.684775,0.893975,National,5.6325,4.655833333333334,National,3.125,National,1150979,National,4.225,3.675,3.475,National,4956.086252713527,7229.223482296579,5759.039842054046,3026.899000673703,National,105395.86454824463,117184.24749232727,128868.70585373156,98106.3304326671,National,15,480815,1.4,6520,974156,-2.7,-27164,797330,6.2,46459,752979,-0.6,-4290,272073,9.1,22625,National,3.125,1150979,7.65,5.6325,4.655833333333334,1.65,4.1,National,1.375,546.5,387.5,496,14667.5,2674.5,1377.25,1680500,388600,212100,3.55,2.85,9.375,104.1,101.45,105.975,8.7325,6.885,6.49,1.0317,1.392925,1.085275,1.095075,0.707625,0.95545,0.744725,0.751675,1.0239500000000001,1.091775,1.00265,0.973675
2019,Hurunui District,Canterbury Rural,1.4228,0.976025,1.033725,National,5.6325,4.655833333333334,National,3.125,National,1150979,National,4.225,3.675,3.475,National,4956.086252713527,7229.223482296579,5759.039842054046,3026.899000673703,National,105395.86454824463,117184.24749232727,128868.70585373156,98106.3304326671,National,15,480815,1.4,6520,974156,-2.7,-27164,797330,6.2,46459,752979,-0.6,-4290,272073,9.1,22625,National,3.125,1150979,7.65,5.6325,4.655833333333334,1.65,4.1,National,1.375,546.5,387.5,496,14667.5,2674.5,1377.25,1680500,388600,212100,3.55,2.85,9.375,104.1,101.45,105.975,8.7325,6.885,6.49,1.0317,1.392925,1.085275,1.095075,0.707625,0.95545,0.744725,0.751675,1.0239500000000001,1.091775,1.00265,0.973675
2019,Hutt City,Wellington Urban,1.0851250000000001,0.745175,0.943175,National,5.6325,4.655833333333334,National,3.125,National,1150979,National,4.225,3.675,3.475,National,4956.086252713527,7229.223482296579,5759.039842054046,3026.899000673703,National,105395.86454824463,117184.24749232727,128868.70585373156,98106.3304326671,National,15,480815,1.4,6520,974156,-2.7,-27164,797330,6.2,46459,752979,-0.6,-4290,272073,9.1,22625,National,3.125,1150979,7.65,5.6325,4.655833333333334,1.65,4.1,National,1.375,546.5,387.5,496,14667.5,2674.5,1377.25,1680500,388600,212100,3.55,2.85,9.375,104.1,101.45,105.975,8.7325,6.885,6.49,1.0317,1.392925,1.085275,1.095075,0.707625,0.95545,0.744725,0.751675,1.0239500000000001,1.091775,1.00265,0.973675
2019,Invercargill City,Other,1.159975,0.797775,0.9434750000000001,National,5.6325,4.655833333333334,National,3.125,National,1150979,National,4.225,3.675,3.475,National,4956.086252713527,7229.223482296579,5759.039842054046,3026.899000673703,National,105395.86454824463,117184.24749232727,128868.70585373156,98106.3304326671,National,15,480815,1.4,6520,974156,-2.7,-27164,797330,6.2,46459,752979,-0.6,-4290,272073,9.1,22625,National,3.125,1150979,7.65,5.6325,4.655833333333334,1.65,4.1,National,1.375,546.5,387.5,496,14667.5,2674.5,1377.25,1680500,388600,212100,3.55,2.85,9.375,104.1,101.45,105.975,8.7325,6.885,6.49,1.0317,1.392925,1.085275,1.095075,0.707625,0.95545,0.744725,0.751675,1.0239500000000001,1.091775,1.00265,0.973675
2019,Kaikoura District,Other,1.47165,1.0109,1.07785,National,5.6325,4.655833333333334,National,3.125,National,1150979,National,4.225,3.675,3.475,National,4956.086252713527,7229.223482296579,5759.039842054046,3026.899000673703,National,105395.86454824463,117184.24749232727,128868.70585373156,98106.3304326671,National,15,480815,1.4,6520,974156,-2.7,-27164,797330,6.2,46459,752979,-0.6,-4290,272073,9.1,22625,National,3.125,1150979,7.65,5.6325,4.655833333333334,1.65,4.1,National,1.375,546.5,387.5,496,14667.5,2674.5,1377.25,1680500,388600,212100,3.55,2.85,9.375,104.1,101.45,105.975,8.7325,6.885,6.49,1.0317,1.392925,1.085275,1.095075,0.707625,0.95545,0.744725,0.751675,1.0239500000000001,1.091775,1.00265,0.973675
2019,Kaipara District,Other,1.043825,0.71645,0.9194,National,5.6325,4.655833333333334,National,3.125,National,1150979,National,4.225,3.675,3.475,National,4956.086252713527,7229.223482296579,5759.039842054046,3026.899000673703,National,105395.86454824463,117184.24749232727,128868.70585373156,98106.3304326671,National,15,480815,1.4,6520,974156,-2.7,-27164,797330,6.2,46459,752979,-0.6,-4290,272073,9.1,22625,National,3.125,1150979,7.65,5.6325,4.655833333333334,1.65,4.1,National,1.375,546.5,387.5,496,14667.5,2674.5,1377.25,1680500,388600,212100,3.55,2.85,9.375,104.1,101.45,105.975,8.7325,6.885,6.49,1.0317,1.392925,1.085275,1.095075,0.707625,0.95545,0.744725,0.751675,1.0239500000000001,1.091775,1.00265,0.973675
2019,Kapiti Coast District,Wellington Rural,1.11145,0.7631249999999999,0.9678,National,5.6325,4.655833333333334,National,3.125,National,1150979,National,4.225,3.675,3.475,National,4956.086252713527,7229.223482296579,5759.039842054046,3026.899000673703,National,105395.86454824463,117184.24749232727,128868.70585373156,98106.3304326671,National,15,480815,1.4,6520,974156,-2.7,-27164,797330,6.2,46459,752979,-0.6,-4290,272073,9.1,22625,National,3.125,1150979,7.65,5.6325,4.655833333333334,1.65,4.1,National,1.375,546.5,387.5,496,14667.5,2674.5,1377.25,1680500,388600,212100,3.55,2.85,9.375,104.1,101.45,105.975,8.7325,6.885,6.49,1.0317,1.392925,1.085275,1.095075,0.707625,0.95545,0.744725,0.751675,1.0239500000000001,1.091775,1.00265,0.973675
2019,Kawerau District,Other,0.79895,0.549625,0.837,National,5.6325,4.655833333333334,National,3.125,National,1150979,National,4.225,3.675,3.475,National,4956.086252713527,7229.223482296579,5759.039842054046,3026.899000673703,National,105395.86454824463,117184.24749232727,128868.70585373156,98106.3304326671,National,15,480815,1.4,6520,974156,-2.7,-27164,797330,6.2,46459,752979,-0.6,-4290,272073,9.1,22625,National,3.125,1150979,7.65,5.6325,4.655833333333334,1.65,4.1,National,1.375,546.5,387.5,496,14667.5,2674.5,1377.25,1680500,388600,212100,3.55,2.85,9.375,104.1,101.45,105.975,8.7325,6.885,6.49,1.0317,1.392925,1.085275,1.095075,0.707625,0.95545,0.744725,0.751675,1.0239500000000001,1.091775,1.00265,0.973675
2019,MacKenzie District,Canterbury Rural,0.94185,0.647875,0.92575,National,5.6325,4.655833333333334,National,3.125,National,1150979,National,4.225,3.675,3.475,National,4956.086252713527,7229.223482296579,5759.039842054046,3026.899000673703,National,105395.86454824463,117184.24749232727,128868.70585373156,98106.3304326671,National,15,480815,1.4,6520,974156,-2.7,-27164,797330,6.2,46459,752979,-0.6,-4290,272073,9.1,22625,National,3.125,1150979,7.65,5.6325,4.655833333333334,1.65,4.1,National,1.375,546.5,387.5,496,14667.5,2674.5,1377.25,1680500,388600,212100,3.55,2.85,9.375,104.1,101.45,105.975,8.7325,6.885,6.49,1.0317,1.392925,1.085275,1.095075,0.707625,0.95545,0.744725,0.751675,1.0239500000000001,1.091775,1.00265,0.973675
2019,Manawatu District,Other,1.0350000000000001,0.712825,0.9153,National,5.6325,4.655833333333334,National,3.125,National,1150979,National,4.225,3.675,3.475,National,4956.086252713527,7229.223482296579,5759.039842054046,3026.899000673703,National,105395.86454824463,117184.24749232727,128868.70585373156,98106.3304326671,National,15,480815,1.4,6520,974156,-2.7,-27164,797330,6.2,46459,752979,-0.6,-4290,272073,9.1,22625,National,3.125,1150979,7.65,5.6325,4.655833333333334,1.65,4.1,National,1.375,546.5,387.5,496,14667.5,2674.5,1377.25,1680500,388600,212100,3.55,2.85,9.375,104.1,101.45,105.975,8.7325,6.885,6.49,1.0317,1.392925,1.085275,1.095075,0.707625,0.95545,0.744725,0.751675,1.0239500000000001,1.091775,1.00265,0.973675
2019,Manawatu-Wanganui,Other,1.063525,0.7314,0.92735,National,5.6325,4.655833333333334,National,3.125,National,1150979,National,4.225,3.675,3.475,National,4956.086252713527,7229.223482296579,5759.039842054046,3026.899000673703,National,105395.86454824463,117184.24749232727,128868.70585373156,98106.3304326671,National,15,480815,1.4,6520,974156,-2.7,-27164,797330,6.2,46459,752979,-0.6,-4290,272073,9.1,22625,National,3.125,1150979,7.65,5.6325,4.655833333333334,1.65,4.1,National,1.375,546.5,387.5,496,14667.5,2674.5,1377.25,1680500,388600,212100,3.55,2.85,9.375,104.1,101.45,105.975,8.7325,6.885,6.49,1.0317,1.392925,1.085275,1.095075,0.707625,0.95545,0.744725,0.751675,1.0239500000000001,1.091775,1.00265,0.973675
2019,Marlborough,Other,1.24735,0.856275,0.931125,National,5.6325,4.655833333333334,National,3.125,National,1150979,National,4.225,3.675,3.475,National,4956.086252713527,7229.223482296579,5759.039842054046,3026.899000673703,National,105395.86454824463,117184.24749232727,128868.70585373156,98106.3304326671,National,15,480815,1.4,6520,974156,-2.7,-27164,797330,6.2,46459,752979,-0.6,-4290,272073,9.1,22625,National,3.125,1150979,7.65,5.6325,4.655833333333334,1.65,4.1,National,1.375,546.5,387.5,496,14667.5,2674.5,1377.25,1680500,388600,212100,3.55,2.85,9.375,104.1,101.45,105.975,8.7325,6.885,6.49,1.0317,1.392925,1.085275,1.095075,0.707625,0.95545,0.744725,0.751675,1.0239500000000001,1.091775,1.00265,0.973675
2019,Marlborough District,Other,1.24735,0.856275,0.931125,National,5.6325,4.655833333333334,National,3.125,National,1150979,National,4.225,3.675,3.475,National,4956.086252713527,7229.223482296579,5759.039842054046,3026.899000673703,National,105395.86454824463,117184.24749232727,128868.70585373156,98106.3304326671,National,15,480815,1.4,6520,974156,-2.7,-27164,797330,6.2,46459,752979,-0.6,-4290,272073,9.1,22625,National,3.125,1150979,7.65,5.6325,4.655833333333334,1.65,4.1,National,1.375,546.5,387.5,496,14667.5,2674.5,1377.25,1680500,388600,212100,3.55,2.85,9.375,104.1,101.45,105.975,8.7325,6.885,6.49,1.0317,1.392925,1.085275,1.095075,0.707625,0.95545,0.744725,0.751675,1.0239500000000001,1.091775,1.00265,0.973675
2019,Masterton District,Wellington Rural,1.1393,0.78305,0.890875,National,5.6325,4.655833333333334,National,3.125,National,1150979,National,4.225,3.675,3.475,National,4956.086252713527,7229.223482296579,5759.039842054046,3026.899000673703,National,105395.86454824463,117184.24749232727,128868.70585373156,98106.3304326671,National,15,480815,1.4,6520,974156,-2.7,-27164,797330,6.2,46459,752979,-0.6,-4290,272073,9.1,22625,National,3.125,1150979,7.65,5.6325,4.655833333333334,1.65,4.1,National,1.375,546.5,387.5,496,14667.5,2674.5,1377.25,1680500,388600,212100,3.55,2.85,9.375,104.1,101.45,105.975,8.7325,6.885,6.49,1.0317,1.392925,1.085275,1.095075,0.707625,0.95545,0.744725,0.751675,1.0239500000000001,1.091775,1.00265,0.973675
2019,Matamata Piako District,Other,0.9667,0.663025,0.8913249999999999,National,5.6325,4.655833333333334,National,3.125,National,1150979,National,4.225,3.675,3.475,National,4956.086252713527,7229.223482296579,5759.039842054046,3026.899000673703,National,105395.86454824463,117184.24749232727,128868.70585373156,98106.3304326671,National,15,480815,1.4,6520,974156,-2.7,-27164,797330,6.2,46459,752979,-0.6,-4290,272073,9.1,22625,National,3.125,1150979,7.65,5.6325,4.655833333333334,1.65,4.1,National,1.375,546.5,387.5,496,14667.5,2674.5,1377.25,1680500,388600,212100,3.55,2.85,9.375,104.1,101.45,105.975,8.7325,6.885,6.49,1.0317,1.392925,1.085275,1.095075,0.707625,0.95545,0.744725,0.751675,1.0239500000000001,1.091775,1.00265,0.973675
2019,Napier City,Other,1.036475,0.711425,0.935825,National,5.6325,4.655833333333334,National,3.125,National,1150979,National,4.225,3.675,3.475,National,4956.086252713527,7229.223482296579,5759.039842054046,3026.899000673703,National,105395.86454824463,117184.24749232727,128868.70585373156,98106.3304326671,National,15,480815,1.4,6520,974156,-2.7,-27164,797330,6.2,46459,752979,-0.6,-4290,272073,9.1,22625,National,3.125,1150979,7.65,5.6325,4.655833333333334,1.65,4.1,National,1.375,546.5,387.5,496,14667.5,2674.5,1377.25,1680500,388600,212100,3.55,2.85,9.375,104.1,101.45,105.975,8.7325,6.885,6.49,1.0317,1.392925,1.085275,1.095075,0.707625,0.95545,0.744725,0.751675,1.0239500000000001,1.091775,1.00265,0.973675
2019,Nelson,Other,1.128325,0.7742,1.039625,National,5.6325,4.655833333333334,National,3.125,National,1150979,National,4.225,3.675,3.475,National,4956.086252713527,7229.223482296579,5759.039842054046,3026.899000673703,National,105395.86454824463,117184.24749232727,128868.70585373156,98106.3304326671,National,15,480815,1.4,6520,974156,-2.7,-27164,797330,6.2,46459,752979,-0.6,-4290,272073,9.1,22625,National,3.125,1150979,7.65,5.6325,4.655833333333334,1.65,4.1,National,1.375,546.5,387.5,496,14667.5,2674.5,1377.25,1680500,388600,212100,3.55,2.85,9.375,104.1,101.45,105.975,8.7325,6.885,6.49,1.0317,1.392925,1.085275,1.095075,0.707625,0.95545,0.744725,0.751675,1.0239500000000001,1.091775,1.00265,0.973675
2019,Nelson City,Other,1.128325,0.7742,1.0398,National,5.6325,4.655833333333334,National,3.125,National,1150979,National,4.225,3.675,3.475,National,4956.086252713527,7229.223482296579,5759.039842054046,3026.899000673703,National,105395.86454824463,117184.24749232727,128868.70585373156,98106.3304326671,National,15,480815,1.4,6520,974156,-2.7,-27164,797330,6.2,46459,752979,-0.6,-4290,272073,9.1,22625,National,3.125,1150979,7.65,5.6325,4.655833333333334,1.65,4.1,National,1.375,546.5,387.5,496,14667.5,2674.5,1377.25,1680500,388600,212100,3.55,2.85,9.375,104.1,101.45,105.975,8.7325,6.885,6.49,1.0317,1.392925,1.085275,1.095075,0.707625,0.95545,0.744725,0.751675,1.0239500000000001,1.091775,1.00265,0.973675
2019,New Plymouth District,Other,1.2059,0.8278,1.021175,National,5.6325,4.655833333333334,National,3.125,National,1150979,National,4.225,3.675,3.475,National,4956.086252713527,7229.223482296579,5759.039842054046,3026.899000673703,National,105395.86454824463,117184.24749232727,128868.70585373156,98106.3304326671,National,15,480815,1.4,6520,974156,-2.7,-27164,797330,6.2,46459,752979,-0.6,-4290,272073,9.1,22625,National,3.125,1150979,7.65,5.6325,4.655833333333334,1.65,4.1,National,1.375,546.5,387.5,496,14667.5,2674.5,1377.25,1680500,388600,212100,3.55,2.85,9.375,104.1,101.45,105.975,8.7325,6.885,6.49,1.0317,1.392925,1.085275,1.095075,0.707625,0.95545,0.744725,0.751675,1.0239500000000001,1.091775,1.00265,0.973675
2019,New Zealand,Other,1.085275,0.744725,1.00265,National,5.6325,4.655833333333334,National,3.125,National,1150979,National,4.225,3.675,3.475,National,4956.086252713527,7229.223482296579,5759.039842054046,3026.899000673703,National,105395.86454824463,117184.24749232727,128868.70585373156,98106.3304326671,National,15,480815,1.4,6520,974156,-2.7,-27164,797330,6.2,46459,752979,-0.6,-4290,272073,9.1,22625,National,3.125,1150979,7.65,5.6325,4.655833333333334,1.65,4.1,National,1.375,546.5,387.5,496,14667.5,2674.5,1377.25,1680500,388600,212100,3.55,2.85,9.375,104.1,101.45,105.975,8.7325,6.885,6.49,1.0317,1.392925,1.085275,1.095075,0.707625,0.95545,0.744725,0.751675,1.0239500000000001,1.091775,1.00265,0.973675
2019,Northland,Other,1.148825,0.787875,0.9288,National,5.6325,4.655833333333334,National,3.125,National,1150979,National,4.225,3.675,3.475,National,4956.086252713527,7229.223482296579,5759.039842054046,3026.899000673703,National,105395.86454824463,117184.24749232727,128868.70585373156,98106.3304326671,National,15,480815,1.4,6520,974156,-2.7,-27164,797330,6.2,46459,752979,-0.6,-4290,272073,9.1,22625,National,3.125,1150979,7.65,5.6325,4.655833333333334,1.65,4.1,National,1.375,546.5,387.5,496,14667.5,2674.5,1377.25,1680500,388600,212100,3.55,2.85,9.375,104.1,101.45,105.975,8.7325,6.885,6.49,1.0317,1.392925,1.085275,1.095075,0.707625,0.95545,0.744725,0.751675,1.0239500000000001,1.091775,1.00265,0.973675
2019,Opotiki District,Other,1.2178499999999999,0.836475,0.864675,National,5.6325,4.655833333333334,National,3.125,National,1150979,National,4.225,3.675,3.475,National,4956.086252713527,7229.223482296579,5759.039842054046,3026.899000673703,National,105395.86454824463,117184.24749232727,128868.70585373156,98106.3304326671,National,15,480815,1.4,6520,974156,-2.7,-27164,797330,6.2,46459,752979,-0.6,-4290,272073,9.1,22625,National,3.125,1150979,7.65,5.6325,4.655833333333334,1.65,4.1,National,1.375,546.5,387.5,496,14667.5,2674.5,1377.25,1680500,388600,212100,3.55,2.85,9.375,104.1,101.45,105.975,8.7325,6.885,6.49,1.0317,1.392925,1.085275,1.095075,0.707625,0.95545,0.744725,0.751675,1.0239500000000001,1.091775,1.00265,0.973675
2019,Otago,Other,0.972375,0.6677,0.9964,National,5.6325,4.655833333333334,National,3.125,National,1150979,National,4.225,3.675,3.475,National,4956.086252713527,7229.223482296579,5759.039842054046,3026.899000673703,National,105395.86454824463,117184.24749232727,128868.70585373156,98106.3304326671,National,15,480815,1.4,6520,974156,-2.7,-27164,797330,6.2,46459,752979,-0.6,-4290,272073,9.1,22625,National,3.125,1150979,7.65,5.6325,4.655833333333334,1.65,4.1,National,1.375,546.5,387.5,496,14667.5,2674.5,1377.25,1680500,388600,212100,3.55,2.85,9.375,104.1,101.45,105.975,8.7325,6.885,6.49,1.0317,1.392925,1.085275,1.095075,0.707625,0.95545,0.744725,0.751675,1.0239500000000001,1.091775,1.00265,0.973675
2019,Otorohanga District,Other,1.011425,0.6925,0.870575,National,5.6325,4.655833333333334,National,3.125,National,1150979,National,4.225,3.675,3.475,National,4956.086252713527,7229.223482296579,5759.039842054046,3026.899000673703,National,105395.86454824463,117184.24749232727,128868.70585373156,98106.3304326671,National,15,480815,1.4,6520,974156,-2.7,-27164,797330,6.2,46459,752979,-0.6,-4290,272073,9.1,22625,National,3.125,1150979,7.65,5.6325,4.655833333333334,1.65,4.1,National,1.375,546.5,387.5,496,14667.5,2674.5,1377.25,1680500,388600,212100,3.55,2.85,9.375,104.1,101.45,105.975,8.7325,6.885,6.49,1.0317,1.392925,1.085275,1.095075,0.707625,0.95545,0.744725,0.751675,1.0239500000000001,1.091775,1.00265,0.973675
2019,Palmerston North City,Other,1.10525,0.75975,0.97035,National,5.6325,4.655833333333334,National,3.125,National,1150979,National,4.225,3.675,3.475,National,4956.086252713527,7229.223482296579,5759.039842054046,3026.899000673703,National,105395.86454824463,117184.24749232727,128868.70585373156,98106.3304326671,National,15,480815,1.4,6520,974156,-2.7,-27164,797330,6.2,46459,752979,-0.6,-4290,272073,9.1,22625,National,3.125,1150979,7.65,5.6325,4.655833333333334,1.65,4.1,National,1.375,546.5,387.5,496,14667.5,2674.5,1377.25,1680500,388600,212100,3.55,2.85,9.375,104.1,101.45,105.975,8.7325,6.885,6.49,1.0317,1.392925,1.085275,1.095075,0.707625,0.95545,0.744725,0.751675,1.0239500000000001,1.091775,1.00265,0.973675
2019,Porirua City,Wellington Urban,1.101275,0.755875,0.96245,National,5.6325,4.655833333333334,National,3.125,National,1150979,National,4.225,3.675,3.475,National,4956.086252713527,7229.223482296579,5759.039842054046,3026.899000673703,National,105395.86454824463,117184.24749232727,128868.70585373156,98106.3304326671,National,15,480815,1.4,6520,974156,-2.7,-27164,797330,6.2,46459,752979,-0.6,-4290,272073,9.1,22625,National,3.125,1150979,7.65,5.6325,4.655833333333334,1.65,4.1,National,1.375,546.5,387.5,496,14667.5,2674.5,1377.25,1680500,388600,212100,3.55,2.85,9.375,104.1,101.45,105.975,8.7325,6.885,6.49,1.0317,1.392925,1.085275,1.095075,0.707625,0.95545,0.744725,0.751675,1.0239500000000001,1.091775,1.00265,0.973675
2019,Queenstown Lakes District,Other,1.077475,0.73925,0.900275,National,5.6325,4.655833333333334,National,3.125,National,1150979,National,4.225,3.675,3.475,National,4956.086252713527,7229.223482296579,5759.039842054046,3026.899000673703,National,105395.86454824463,117184.24749232727,128868.70585373156,98106.3304326671,National,15,480815,1.4,6520,974156,-2.7,-27164,797330,6.2,46459,752979,-0.6,-4290,272073,9.1,22625,National,3.125,1150979,7.65,5.6325,4.655833333333334,1.65,4.1,National,1.375,546.5,387.5,496,14667.5,2674.5,1377.25,1680500,388600,212100,3.55,2.85,9.375,104.1,101.45,105.975,8.7325,6.885,6.49,1.0317,1.392925,1.085275,1.095075,0.707625,0.95545,0.744725,0.751675,1.0239500000000001,1.091775,1.00265,0.973675
2019,Rangitikei District,Other,1.1059,0.76205,0.86585,National,5.6325,4.655833333333334,National,3.125,National,1150979,National,4.225,3.675,3.475,National,4956.086252713527,7229.223482296579,5759.039842054046,3026.899000673703,National,105395.86454824463,117184.24749232727,128868.70585373156,98106.3304326671,National,15,480815,1.4,6520,974156,-2.7,-27164,797330,6.2,46459,752979,-0.6,-4290,272073,9.1,22625,National,3.125,1150979,7.65,5.6325,4.655833333333334,1.65,4.1,National,1.375,546.5,387.5,496,14667.5,2674.5,1377.25,1680500,388600,212100,3.55,2.85,9.375,104.1,101.45,105.975,8.7325,6.885,6.49,1.0317,1.392925,1.085275,1.095075,0.707625,0.95545,0.744725,0.751675,1.0239500000000001,1.091775,1.00265,0.973675
2019,Rotorua District,Other,1.052275,0.7222,0.810025,National,5.6325,4.655833333333334,National,3.125,National,1150979,National,4.225,3.675,3.475,National,4956.086252713527,7229.223482296579,5759.039842054046,3026.899000673703,National,105395.86454824463,117184.24749232727,128868.70585373156,98106.3304326671,National,15,480815,1.4,6520,974156,-2.7,-27164,797330,6.2,46459,752979,-0.6,-4290,272073,9.1,22625,National,3.125,1150979,7.65,5.6325,4.655833333333334,1.65,4.1,National,1.375,546.5,387.5,496,14667.5,2674.5,1377.25,1680500,388600,212100,3.55,2.85,9.375,104.1,101.45,105.975,8.7325,6.885,6.49,1.0317,1.392925,1.085275,1.095075,0.707625,0.95545,0.744725,0.751675,1.0239500000000001,1.091775,1.00265,0.973675
2019,Ruapehu District,Other,1.1646999999999998,0.80145,0.9077,National,5.6325,4.655833333333334,National,3.125,National,1150979,National,4.225,3.675,3.475,National,4956.086252713527,7229.223482296579,5759.039842054046,3026.899000673703,National,105395.86454824463,117184.24749232727,128868.70585373156,98106.3304326671,National,15,480815,1.4,6520,974156,-2.7,-27164,797330,6.2,46459,752979,-0.6,-4290,272073,9.1,22625,National,3.125,1150979,7.65,5.6325,4.655833333333334,1.65,4.1,National,1.375,546.5,387.5,496,14667.5,2674.5,1377.25,1680500,388600,212100,3.55,2.85,9.375,104.1,101.45,105.975,8.7325,6.885,6.49,1.0317,1.392925,1.085275,1.095075,0.707625,0.95545,0.744725,0.751675,1.0239500000000001,1.091775,1.00265,0.973675
2019,Selwyn District,Canterbury Rural,1.4261,0.97765,1.217,National,5.6325,4.655833333333334,National,3.125,National,1150979,National,4.225,3.675,3.475,National,4956.086252713527,7229.223482296579,5759.039842054046,3026.899000673703,National,105395.86454824463,117184.24749232727,128868.70585373156,98106.3304326671,National,15,480815,1.4,6520,974156,-2.7,-27164,797330,6.2,46459,752979,-0.6,-4290,272073,9.1,22625,National,3.125,1150979,7.65,5.6325,4.655833333333334,1.65,4.1,National,1.375,546.5,387.5,496,14667.5,2674.5,1377.25,1680500,388600,212100,3.55,2.85,9.375,104.1,101.45,105.975,8.7325,6.885,6.49,1.0317,1.392925,1.085275,1.095075,0.707625,0.95545,0.744725,0.751675,1.0239500000000001,1.091775,1.00265,0.973675
2019,South Taranaki District,Other,1.220275,0.83975,0.941425,National,5.6325,4.655833333333334,National,3.125,National,1150979,National,4.225,3.675,3.475,National,4956.086252713527,7229.223482296579,5759.039842054046,3026.899000673703,National,105395.86454824463,117184.24749232727,128868.70585373156,98106.3304326671,National,15,480815,1.4,6520,974156,-2.7,-27164,797330,6.2,46459,752979,-0.6,-4290,272073,9.1,22625,National,3.125,1150979,7.65,5.6325,4.655833333333334,1.65,4.1,National,1.375,546.5,387.5,496,14667.5,2674.5,1377.25,1680500,388600,212100,3.55,2.85,9.375,104.1,101.45,105.975,8.7325,6.885,6.49,1.0317,1.392925,1.085275,1.095075,0.707625,0.95545,0.744725,0.751675,1.0239500000000001,1.091775,1.00265,0.973675
2019,South Waikato District,Other,0.9531,0.6541,0.77515,National,5.6325,4.655833333333334,National,3.125,National,1150979,National,4.225,3.675,3.475,National,4956.086252713527,7229.223482296579,5759.039842054046,3026.899000673703,National,105395.86454824463,117184.24749232727,128868.70585373156,98106.3304326671,National,15,480815,1.4,6520,974156,-2.7,-27164,797330,6.2,46459,752979,-0.6,-4290,272073,9.1,22625,National,3.125,1150979,7.65,5.6325,4.655833333333334,1.65,4.1,National,1.375,546.5,387.5,496,14667.5,2674.5,1377.25,1680500,388600,212100,3.55,2.85,9.375,104.1,101.45,105.975,8.7325,6.885,6.49,1.0317,1.392925,1.085275,1.095075,0.707625,0.95545,0.744725,0.751675,1.0239500000000001,1.091775,1.00265,0.973675
2019,South Wairarapa District,Wellington Rural,1.158575,0.796375,0.954175,National,5.6325,4.655833333333334,National,3.125,National,1150979,National,4.225,3.675,3.475,National,4956.086252713527,7229.223482296579,5759.039842054046,3026.899000673703,National,105395.86454824463,117184.24749232727,128868.70585373156,98106.3304326671,National,15,480815,1.4,6520,974156,-2.7,-27164,797330,6.2,46459,752979,-0.6,-4290,272073,9.1,22625,National,3.125,1150979,7.65,5.6325,4.655833333333334,1.65,4.1,National,1.375,546.5,387.5,496,14667.5,2674.5,1377.25,1680500,388600,212100,3.55,2.85,9.375,104.1,101.45,105.975,8.7325,6.885,6.49,1.0317,1.392925,1.085275,1.095075,0.707625,0.95545,0.744725,0.751675,1.0239500000000001,1.091775,1.00265,0.973675
2019,Southland,Other,1.1759,0.8087249999999999,0.9373,National,5.6325,4.655833333333334,National,3.125,National,1150979,National,4.225,3.675,3.475,National,4956.086252713527,7229.223482296579,5759.039842054046,3026.899000673703,National,105395.86454824463,117184.24749232727,128868.70585373156,98106.3304326671,National,15,480815,1.4,6520,974156,-2.7,-27164,797330,6.2,46459,752979,-0.6,-4290,272073,9.1,22625,National,3.125,1150979,7.65,5.6325,4.655833333333334,1.65,4.1,National,1.375,546.5,387.5,496,14667.5,2674.5,1377.25,1680500,388600,212100,3.55,2.85,9.375,104.1,101.45,105.975,8.7325,6.885,6.49,1.0317,1.392925,1.085275,1.095075,0.707625,0.95545,0.744725,0.751675,1.0239500000000001,1.091775,1.00265,0.973675
2019,Southland District,Other,1.1855,0.815175,0.961125,National,5.6325,4.655833333333334,National,3.125,National,1150979,National,4.225,3.675,3.475,National,4956.086252713527,7229.223482296579,5759.039842054046,3026.899000673703,National,105395.86454824463,117184.24749232727,128868.70585373156,98106.3304326671,National,15,480815,1.4,6520,974156,-2.7,-27164,797330,6.2,46459,752979,-0.6,-4290,272073,9.1,22625,National,3.125,1150979,7.65,5.6325,4.655833333333334,1.65,4.1,National,1.375,546.5,387.5,496,14667.5,2674.5,1377.25,1680500,388600,212100,3.55,2.85,9.375,104.1,101.45,105.975,8.7325,6.885,6.49,1.0317,1.392925,1.085275,1.095075,0.707625,0.95545,0.744725,0.751675,1.0239500000000001,1.091775,1.00265,0.973675
2019,Stratford District,Other,1.153075,0.79345,0.902975,National,5.6325,4.655833333333334,National,3.125,National,1150979,National,4.225,3.675,3.475,National,4956.086252713527,7229.223482296579,5759.039842054046,3026.899000673703,National,105395.86454824463,117184.24749232727,128868.70585373156,98106.3304326671,National,15,480815,1.4,6520,974156,-2.7,-27164,797330,6.2,46459,752979,-0.6,-4290,272073,9.1,22625,National,3.125,1150979,7.65,5.6325,4.655833333333334,1.65,4.1,National,1.375,546.5,387.5,496,14667.5,2674.5,1377.25,1680500,388600,212100,3.55,2.85,9.375,104.1,101.45,105.975,8.7325,6.885,6.49,1.0317,1.392925,1.085275,1.095075,0.707625,0.95545,0.744725,0.751675,1.0239500000000001,1.091775,1.00265,0.973675
2019,Taranaki,Other,1.189025,0.8167,0.9966999999999999,National,5.6325,4.655833333333334,National,3.125,National,1150979,National,4.225,3.675,3.475,National,4956.086252713527,7229.223482296579,5759.039842054046,3026.899000673703,National,105395.86454824463,117184.24749232727,128868.70585373156,98106.3304326671,National,15,480815,1.4,6520,974156,-2.7,-27164,797330,6.2,46459,752979,-0.6,-4290,272073,9.1,22625,National,3.125,1150979,7.65,5.6325,4.655833333333334,1.65,4.1,National,1.375,546.5,387.5,496,14667.5,2674.5,1377.25,1680500,388600,212100,3.55,2.85,9.375,104.1,101.45,105.975,8.7325,6.885,6.49,1.0317,1.392925,1.085275,1.095075,0.707625,0.95545,0.744725,0.751675,1.0239500000000001,1.091775,1.00265,0.973675
2019,Tararua District,Other,1.075175,0.738925,0.899625,National,5.6325,4.655833333333334,National,3.125,National,1150979,National,4.225,3.675,3.475,National,4956.086252713527,7229.223482296579,5759.039842054046,3026.899000673703,National,105395.86454824463,117184.24749232727,128868.70585373156,98106.3304326671,National,15,480815,1.4,6520,974156,-2.7,-27164,797330,6.2,46459,752979,-0.6,-4290,272073,9.1,22625,National,3.125,1150979,7.65,5.6325,4.655833333333334,1.65,4.1,National,1.375,546.5,387.5,496,14667.5,2674.5,1377.25,1680500,388600,212100,3.55,2.85,9.375,104.1,101.45,105.975,8.7325,6.885,6.49,1.0317,1.392925,1.085275,1.095075,0.707625,0.95545,0.744725,0.751675,1.0239500000000001,1.091775,1.00265,0.973675
2019,Tasman,Other,1.217625,0.8354,1.065175,National,5.6325,4.655833333333334,National,3.125,National,1150979,National,4.225,3.675,3.475,National,4956.086252713527,7229.223482296579,5759.039842054046,3026.899000673703,National,105395.86454824463,117184.24749232727,128868.70585373156,98106.3304326671,National,15,480815,1.4,6520,974156,-2.7,-27164,797330,6.2,46459,752979,-0.6,-4290,272073,9.1,22625,National,3.125,1150979,7.65,5.6325,4.655833333333334,1.65,4.1,National,1.375,546.5,387.5,496,14667.5,2674.5,1377.25,1680500,388600,212100,3.55,2.85,9.375,104.1,101.45,105.975,8.7325,6.885,6.49,1.0317,1.392925,1.085275,1.095075,0.707625,0.95545,0.744725,0.751675,1.0239500000000001,1.091775,1.00265,0.973675
2019,Tasman District,Other,1.217625,0.8354,1.064925,National,5.6325,4.655833333333334,National,3.125,National,1150979,National,4.225,3.675,3.475,National,4956.086252713527,7229.223482296579,5759.039842054046,3026.899000673703,National,105395.86454824463,117184.24749232727,128868.70585373156,98106.3304326671,National,15,480815,1.4,6520,974156,-2.7,-27164,797330,6.2,46459,752979,-0.6,-4290,272073,9.1,22625,National,3.125,1150979,7.65,5.6325,4.655833333333334,1.65,4.1,National,1.375,546.5,387.5,496,14667.5,2674.5,1377.25,1680500,388600,212100,3.55,2.85,9.375,104.1,101.45,105.975,8.7325,6.885,6.49,1.0317,1.392925,1.085275,1.095075,0.707625,0.95545,0.744725,0.751675,1.0239500000000001,1.091775,1.00265,0.973675
2019,Taupo District,Other,1.187825,0.81475,0.9073,National,5.6325,4.655833333333334,National,3.125,National,1150979,National,4.225,3.675,3.475,National,4956.086252713527,7229.223482296579,5759.039842054046,3026.899000673703,National,105395.86454824463,117184.24749232727,128868.70585373156,98106.3304326671,National,15,480815,1.4,6520,974156,-2.7,-27164,797330,6.2,46459,752979,-0.6,-4290,272073,9.1,22625,National,3.125,1150979,7.65,5.6325,4.655833333333334,1.65,4.1,National,1.375,546.5,387.5,496,14667.5,2674.5,1377.25,1680500,388600,212100,3.55,2.85,9.375,104.1,101.45,105.975,8.7325,6.885,6.49,1.0317,1.392925,1.085275,1.095075,0.707625,0.95545,0.744725,0.751675,1.0239500000000001,1.091775,1.00265,0.973675
2019,Tauranga City,Other,1.13215,0.776425,0.953625,National,5.6325,4.655833333333334,National,3.125,National,1150979,National,4.225,3.675,3.475,National,4956.086252713527,7229.223482296579,5759.039842054046,3026.899000673703,National,105395.86454824463,117184.24749232727,128868.70585373156,98106.3304326671,National,15,480815,1.4,6520,974156,-2.7,-27164,797330,6.2,46459,752979,-0.6,-4290,272073,9.1,22625,National,3.125,1150979,7.65,5.6325,4.655833333333334,1.65,4.1,National,1.375,546.5,387.5,496,14667.5,2674.5,1377.25,1680500,388600,212100,3.55,2.85,9.375,104.1,101.45,105.975,8.7325,6.885,6.49,1.0317,1.392925,1.085275,1.095075,0.707625,0.95545,0.744725,0.751675,1.0239500000000001,1.091775,1.00265,0.973675
2019,Thames Coromandel District,Other,1.192675,0.819025,0.920425,National,5.6325,4.655833333333334,National,3.125,National,1150979,National,4.225,3.675,3.475,National,4956.086252713527,7229.223482296579,5759.039842054046,3026.899000673703,National,105395.86454824463,117184.24749232727,128868.70585373156,98106.3304326671,National,15,480815,1.4,6520,974156,-2.7,-27164,797330,6.2,46459,752979,-0.6,-4290,272073,9.1,22625,National,3.125,1150979,7.65,5.6325,4.655833333333334,1.65,4.1,National,1.375,546.5,387.5,496,14667.5,2674.5,1377.25,1680500,388600,212100,3.55,2.85,9.375,104.1,101.45,105.975,8.7325,6.885,6.49,1.0317,1.392925,1.085275,1.095075,0.707625,0.95545,0.744725,0.751675,1.0239500000000001,1.091775,1.00265,0.973675
2019,Timaru District,Canterbury Rural,1.24325,0.85275,0.9894499999999999,National,5.6325,4.655833333333334,National,3.125,National,1150979,National,4.225,3.675,3.475,National,4956.086252713527,7229.223482296579,5759.039842054046,3026.899000673703,National,105395.86454824463,117184.24749232727,128868.70585373156,98106.3304326671,National,15,480815,1.4,6520,974156,-2.7,-27164,797330,6.2,46459,752979,-0.6,-4290,272073,9.1,22625,National,3.125,1150979,7.65,5.6325,4.655833333333334,1.65,4.1,National,1.375,546.5,387.5,496,14667.5,2674.5,1377.25,1680500,388600,212100,3.55,2.85,9.375,104.1,101.45,105.975,8.7325,6.885,6.49,1.0317,1.392925,1.085275,1.095075,0.707625,0.95545,0.744725,0.751675,1.0239500000000001,1.091775,1.00265,0.973675
2019,Upper Hutt City,Wellington Urban,1.0514,0.7227750000000001,0.92165,National,5.6325,4.655833333333334,National,3.125,National,1150979,National,4.225,3.675,3.475,National,4956.086252713527,7229.223482296579,5759.039842054046,3026.899000673703,National,105395.86454824463,117184.24749232727,128868.70585373156,98106.3304326671,National,15,480815,1.4,6520,974156,-2.7,-27164,797330,6.2,46459,752979,-0.6,-4290,272073,9.1,22625,National,3.125,1150979,7.65,5.6325,4.655833333333334,1.65,4.1,National,1.375,546.5,387.5,496,14667.5,2674.5,1377.25,1680500,388600,212100,3.55,2.85,9.375,104.1,101.45,105.975,8.7325,6.885,6.49,1.0317,1.392925,1.085275,1.095075,0.707625,0.95545,0.744725,0.751675,1.0239500000000001,1.091775,1.00265,0.973675
2019,Waikato,Other,1.062625,0.729,0.942475,National,5.6325,4.655833333333334,National,3.125,National,1150979,National,4.225,3.675,3.475,National,4956.086252713527,7229.223482296579,5759.039842054046,3026.899000673703,National,105395.86454824463,117184.24749232727,128868.70585373156,98106.3304326671,National,15,480815,1.4,6520,974156,-2.7,-27164,797330,6.2,46459,752979,-0.6,-4290,272073,9.1,22625,National,3.125,1150979,7.65,5.6325,4.655833333333334,1.65,4.1,National,1.375,546.5,387.5,496,14667.5,2674.5,1377.25,1680500,388600,212100,3.55,2.85,9.375,104.1,101.45,105.975,8.7325,6.885,6.49,1.0317,1.392925,1.085275,1.095075,0.707625,0.95545,0.744725,0.751675,1.0239500000000001,1.091775,1.00265,0.973675
2019,Waikato District,Other,1.0309,0.7076,0.986425,National,5.6325,4.655833333333334,National,3.125,National,1150979,National,4.225,3.675,3.475,National,4956.086252713527,7229.223482296579,5759.039842054046,3026.899000673703,National,105395.86454824463,117184.24749232727,128868.70585373156,98106.3304326671,National,15,480815,1.4,6520,974156,-2.7,-27164,797330,6.2,46459,752979,-0.6,-4290,272073,9.1,22625,National,3.125,1150979,7.65,5.6325,4.655833333333334,1.65,4.1,National,1.375,546.5,387.5,496,14667.5,2674.5,1377.25,1680500,388600,212100,3.55,2.85,9.375,104.1,101.45,105.975,8.7325,6.885,6.49,1.0317,1.392925,1.085275,1.095075,0.707625,0.95545,0.744725,0.751675,1.0239500000000001,1.091775,1.00265,0.973675
2019,Waimakariri District,Canterbury Rural,1.398125,0.9592499999999999,1.089525,National,5.6325,4.655833333333334,National,3.125,National,1150979,National,4.225,3.675,3.475,National,4956.086252713527,7229.223482296579,5759.039842054046,3026.899000673703,National,105395.86454824463,117184.24749232727,128868.70585373156,98106.3304326671,National,15,480815,1.4,6520,974156,-2.7,-27164,797330,6.2,46459,752979,-0.6,-4290,272073,9.1,22625,National,3.125,1150979,7.65,5.6325,4.655833333333334,1.65,4.1,National,1.375,546.5,387.5,496,14667.5,2674.5,1377.25,1680500,388600,212100,3.55,2.85,9.375,104.1,101.45,105.975,8.7325,6.885,6.49,1.0317,1.392925,1.085275,1.095075,0.707625,0.95545,0.744725,0.751675,1.0239500000000001,1.091775,1.00265,0.973675
2019,Waimate District,Canterbury Rural,1.1777,0.808225,0.90065,National,5.6325,4.655833333333334,National,3.125,National,1150979,National,4.225,3.675,3.475,National,4956.086252713527,7229.223482296579,5759.039842054046,3026.899000673703,National,105395.86454824463,117184.24749232727,128868.70585373156,98106.3304326671,National,15,480815,1.4,6520,974156,-2.7,-27164,797330,6.2,46459,752979,-0.6,-4290,272073,9.1,22625,National,3.125,1150979,7.65,5.6325,4.655833333333334,1.65,4.1,National,1.375,546.5,387.5,496,14667.5,2674.5,1377.25,1680500,388600,212100,3.55,2.85,9.375,104.1,101.45,105.975,8.7325,6.885,6.49,1.0317,1.392925,1.085275,1.095075,0.707625,0.95545,0.744725,0.751675,1.0239500000000001,1.091775,1.00265,0.973675
2019,Waipa District,Other,0.95635,0.656,0.93695,National,5.6325,4.655833333333334,National,3.125,National,1150979,National,4.225,3.675,3.475,National,4956.086252713527,7229.223482296579,5759.039842054046,3026.899000673703,National,105395.86454824463,117184.24749232727,128868.70585373156,98106.3304326671,National,15,480815,1.4,6520,974156,-2.7,-27164,797330,6.2,46459,752979,-0.6,-4290,272073,9.1,22625,National,3.125,1150979,7.65,5.6325,4.655833333333334,1.65,4.1,National,1.375,546.5,387.5,496,14667.5,2674.5,1377.25,1680500,388600,212100,3.55,2.85,9.375,104.1,101.45,105.975,8.7325,6.885,6.49,1.0317,1.392925,1.085275,1.095075,0.707625,0.95545,0.744725,0.751675,1.0239500000000001,1.091775,1.00265,0.973675
2019,Wairoa District,Other,1.254575,0.865625,0.772975,National,5.6325,4.655833333333334,National,3.125,National,1150979,National,4.225,3.675,3.475,National,4956.086252713527,7229.223482296579,5759.039842054046,3026.899000673703,National,105395.86454824463,117184.24749232727,128868.70585373156,98106.3304326671,National,15,480815,1.4,6520,974156,-2.7,-27164,797330,6.2,46459,752979,-0.6,-4290,272073,9.1,22625,National,3.125,1150979,7.65,5.6325,4.655833333333334,1.65,4.1,National,1.375,546.5,387.5,496,14667.5,2674.5,1377.25,1680500,388600,212100,3.55,2.85,9.375,104.1,101.45,105.975,8.7325,6.885,6.49,1.0317,1.392925,1.085275,1.095075,0.707625,0.95545,0.744725,0.751675,1.0239500000000001,1.091775,1.00265,0.973675
2019,Waitaki District,Other,1.181475,0.812225,0.957475,National,5.6325,4.655833333333334,National,3.125,National,1150979,National,4.225,3.675,3.475,National,4956.086252713527,7229.223482296579,5759.039842054046,3026.899000673703,National,105395.86454824463,117184.24749232727,128868.70585373156,98106.3304326671,National,15,480815,1.4,6520,974156,-2.7,-27164,797330,6.2,46459,752979,-0.6,-4290,272073,9.1,22625,National,3.125,1150979,7.65,5.6325,4.655833333333334,1.65,4.1,National,1.375,546.5,387.5,496,14667.5,2674.5,1377.25,1680500,388600,212100,3.55,2.85,9.375,104.1,101.45,105.975,8.7325,6.885,6.49,1.0317,1.392925,1.085275,1.095075,0.707625,0.95545,0.744725,0.751675,1.0239500000000001,1.091775,1.00265,0.973675
2019,Waitomo District,Other,1.028325,0.70595,0.9064,National,5.6325,4.655833333333334,National,3.125,National,1150979,National,4.225,3.675,3.475,National,4956.086252713527,7229.223482296579,5759.039842054046,3026.899000673703,National,105395.86454824463,117184.24749232727,128868.70585373156,98106.3304326671,National,15,480815,1.4,6520,974156,-2.7,-27164,797330,6.2,46459,752979,-0.6,-4290,272073,9.1,22625,National,3.125,1150979,7.65,5.6325,4.655833333333334,1.65,4.1,National,1.375,546.5,387.5,496,14667.5,2674.5,1377.25,1680500,388600,212100,3.55,2.85,9.375,104.1,101.45,105.975,8.7325,6.885,6.49,1.0317,1.392925,1.085275,1.095075,0.707625,0.95545,0.744725,0.751675,1.0239500000000001,1.091775,1.00265,0.973675
2019,Wellington,Wellington Rural,1.095075,0.751675,0.973675,National,5.6325,4.655833333333334,National,3.125,National,1150979,National,4.225,3.675,3.475,National,4956.086252713527,7229.223482296579,5759.039842054046,3026.899000673703,National,105395.86454824463,117184.24749232727,128868.70585373156,98106.3304326671,National,15,480815,1.4,6520,974156,-2.7,-27164,797330,6.2,46459,752979,-0.6,-4290,272073,9.1,22625,National,3.125,1150979,7.65,5.6325,4.655833333333334,1.65,4.1,National,1.375,546.5,387.5,496,14667.5,2674.5,1377.25,1680500,388600,212100,3.55,2.85,9.375,104.1,101.45,105.975,8.7325,6.885,6.49,1.0317,1.392925,1.085275,1.095075,0.707625,0.95545,0.744725,0.751675,1.0239500000000001,1.091775,1.00265,0.973675
2019,Wellington City,Wellington Urban,1.1297,0.7756,0.9849,National,5.6325,4.655833333333334,National,3.125,National,1150979,National,4.225,3.675,3.475,National,4956.086252713527,7229.223482296579,5759.039842054046,3026.899000673703,National,105395.86454824463,117184.24749232727,128868.70585373156,98106.3304326671,National,15,480815,1.4,6520,974156,-2.7,-27164,797330,6.2,46459,752979,-0.6,-4290,272073,9.1,22625,National,3.125,1150979,7.65,5.6325,4.655833333333334,1.65,4.1,National,1.375,546.5,387.5,496,14667.5,2674.5,1377.25,1680500,388600,212100,3.55,2.85,9.375,104.1,101.45,105.975,8.7325,6.885,6.49,1.0317,1.392925,1.085275,1.095075,0.707625,0.95545,0.744725,0.751675,1.0239500000000001,1.091775,1.00265,0.973675
2019,West Coast,Other,1.5044,1.033075,1.04535,National,5.6325,4.655833333333334,National,3.125,National,1150979,National,4.225,3.675,3.475,National,4956.086252713527,7229.223482296579,5759.039842054046,3026.899000673703,National,105395.86454824463,117184.24749232727,128868.70585373156,98106.3304326671,National,15,480815,1.4,6520,974156,-2.7,-27164,797330,6.2,46459,752979,-0.6,-4290,272073,9.1,22625,National,3.125,1150979,7.65,5.6325,4.655833333333334,1.65,4.1,National,1.375,546.5,387.5,496,14667.5,2674.5,1377.25,1680500,388600,212100,3.55,2.85,9.375,104.1,101.45,105.975,8.7325,6.885,6.49,1.0317,1.392925,1.085275,1.095075,0.707625,0.95545,0.744725,0.751675,1.0239500000000001,1.091775,1.00265,0.973675
2019,Western Bay of Plenty District,Other,1.1787,0.80875,0.9811,National,5.6325,4.655833333333334,National,3.125,National,1150979,National,4.225,3.675,3.475,National,4956.086252713527,7229.223482296579,5759.039842054046,3026.899000673703,National,105395.86454824463,117184.24749232727,128868.70585373156,98106.3304326671,National,15,480815,1.4,6520,974156,-2.7,-27164,797330,6.2,46459,752979,-0.6,-4290,272073,9.1,22625,National,3.125,1150979,7.65,5.6325,4.655833333333334,1.65,4.1,National,1.375,546.5,387.5,496,14667.5,2674.5,1377.25,1680500,388600,212100,3.55,2.85,9.375,104.1,101.45,105.975,8.7325,6.885,6.49,1.0317,1.392925,1.085275,1.095075,0.707625,0.95545,0.744725,0.751675,1.0239500000000001,1.091775,1.00265,0.973675
2019,Westland District,Other,1.4635500000000001,1.005175,1.016325,National,5.6325,4.655833333333334,National,3.125,National,1150979,National,4.225,3.675,3.475,National,4956.086252713527,7229.223482296579,5759.039842054046,3026.899000673703,National,105395.86454824463,117184.24749232727,128868.70585373156,98106.3304326671,National,15,480815,1.4,6520,974156,-2.7,-27164,797330,6.2,46459,752979,-0.6,-4290,272073,9.1,22625,National,3.125,1150979,7.65,5.6325,4.655833333333334,1.65,4.1,National,1.375,546.5,387.5,496,14667.5,2674.5,1377.25,1680500,388600,212100,3.55,2.85,9.375,104.1,101.45,105.975,8.7325,6.885,6.49,1.0317,1.392925,1.085275,1.095075,0.707625,0.95545,0.744725,0.751675,1.0239500000000001,1.091775,1.00265,0.973675
2019,Whakatane District,Other,1.118925,0.768275,0.92665,National,5.6325,4.655833333333334,National,3.125,National,1150979,National,4.225,3.675,3.475,National,4956.086252713527,7229.223482296579,5759.039842054046,3026.899000673703,National,105395.86454824463,117184.24749232727,128868.70585373156,98106.3304326671,National,15,480815,1.4,6520,974156,-2.7,-27164,797330,6.2,46459,752979,-0.6,-4290,272073,9.1,22625,National,3.125,1150979,7.65,5.6325,4.655833333333334,1.65,4.1,National,1.375,546.5,387.5,496,14667.5,2674.5,1377.25,1680500,388600,212100,3.55,2.85,9.375,104.1,101.45,105.975,8.7325,6.885,6.49,1.0317,1.392925,1.085275,1.095075,0.707625,0.95545,0.744725,0.751675,1.0239500000000001,1.091775,1.00265,0.973675
2019,Whanganui District,Other,1.038625,0.714275,0.7952,National,5.6325,4.655833333333334,National,3.125,National,1150979,National,4.225,3.675,3.475,National,4956.086252713527,7229.223482296579,5759.039842054046,3026.899000673703,National,105395.86454824463,117184.24749232727,128868.70585373156,98106.3304326671,National,15,480815,1.4,6520,974156,-2.7,-27164,797330,6.2,46459,752979,-0.6,-4290,272073,9.1,22625,National,3.125,1150979,7.65,5.6325,4.655833333333334,1.65,4.1,National,1.375,546.5,387.5,496,14667.5,2674.5,1377.25,1680500,388600,212100,3.55,2.85,9.375,104.1,101.45,105.975,8.7325,6.885,6.49,1.0317,1.392925,1.085275,1.095075,0.707625,0.95545,0.744725,0.751675,1.0239500000000001,1.091775,1.00265,0.973675
2019,Whangarei District,Other,1.1349,0.777875,0.915625,National,5.6325,4.655833333333334,National,3.125,National,1150979,National,4.225,3.675,3.475,National,4956.086252713527,7229.223482296579,5759.039842054046,3026.899000673703,National,105395.86454824463,117184.24749232727,128868.70585373156,98106.3304326671,National,15,480815,1.4,6520,974156,-2.7,-27164,797330,6.2,46459,752979,-0.6,-4290,272073,9.1,22625,National,3.125,1150979,7.65,5.6325,4.655833333333334,1.65,4.1,National,1.375,546.5,387.5,496,14667.5,2674.5,1377.25,1680500,388600,212100,3.55,2.85,9.375,104.1,101.45,105.975,8.7325,6.885,6.49,1.0317,1.392925,1.085275,1.095075,0.707625,0.95545,0.744725,0.751675,1.0239500000000001,1.091775,1.00265,0.973675
2020,Ashburton District,Canterbury Rural,1.7315,0.917725,1.0514000000000001,National,4.7683333333333335,3.8783333333333334,National,10.125,National,1280598,National,4.925,4.15,4.525,National,5755.925048656337,7878.968983456845,6565.674199041845,3461.9492869975297,National,111152.41079422113,125063.87271315217,135435.0900366794,101568.75895089452,National,16,497627,3.5,16812,1032727,6,58571,865546,8.6,68216,830518,10.3,77539,317561,16.7,45488,National,10.125,1280598,6.45,4.768333333333333,3.8783333333333334,1.7,4.6,National,0.375,560,401,524.25,16854.25,2966.5,1209.5,1712000,395200,214200,2.5,3.475,5.7,106.675,104.975,112.025,9.845,7.5075,5.6450000000000005,1.2590999999999999,1.736125,1.32035,1.30755,0.667725,0.9202250000000001,0.70015,0.694,1.0377,1.09395,1.010475,0.971325
2020,Auckland,Auckland Urban,1.25945,0.6678999999999999,1.0377625,National,4.7683333333333335,3.8783333333333334,National,10.125,National,1280598,National,4.925,4.15,4.525,National,5755.925048656337,7878.968983456845,6565.674199041845,3461.9492869975297,National,111152.41079422113,125063.87271315217,135435.0900366794,101568.75895089452,National,16,497627,3.5,16812,1032727,6,58571,865546,8.6,68216,830518,10.3,77539,317561,16.7,45488,National,10.125,1280598,6.45,4.768333333333333,3.8783333333333334,1.7,4.6,National,0.375,560,401,524.25,16854.25,2966.5,1209.5,1712000,395200,214200,2.5,3.475,5.7,106.675,104.975,112.025,9.845,7.5075,5.6450000000000005,1.2590999999999999,1.736125,1.32035,1.30755,0.667725,0.9202250000000001,0.70015,0.694,1.0377,1.09395,1.010475,0.971325
2020,Bay of Plenty,Other,1.3557,0.7191000000000001,0.8925000000000001,National,4.7683333333333335,3.8783333333333334,National,10.125,National,1280598,National,4.925,4.15,4.525,National,5755.925048656337,7878.968983456845,6565.674199041845,3461.9492869975297,National,111152.41079422113,125063.87271315217,135435.0900366794,101568.75895089452,National,16,497627,3.5,16812,1032727,6,58571,865546,8.6,68216,830518,10.3,77539,317561,16.7,45488,National,10.125,1280598,6.45,4.768333333333333,3.8783333333333334,1.7,4.6,National,0.375,560,401,524.25,16854.25,2966.5,1209.5,1712000,395200,214200,2.5,3.475,5.7,106.675,104.975,112.025,9.845,7.5075,5.6450000000000005,1.2590999999999999,1.736125,1.32035,1.30755,0.667725,0.9202250000000001,0.70015,0.694,1.0377,1.09395,1.010475,0.971325
2020,Buller District,Other,1.73815,0.9214,0.952125,National,4.7683333333333335,3.8783333333333334,National,10.125,National,1280598,National,4.925,4.15,4.525,National,5755.925048656337,7878.968983456845,6565.674199041845,3461.9492869975297,National,111152.41079422113,125063.87271315217,135435.0900366794,101568.75895089452,National,16,497627,3.5,16812,1032727,6,58571,865546,8.6,68216,830518,10.3,77539,317561,16.7,45488,National,10.125,1280598,6.45,4.768333333333333,3.8783333333333334,1.7,4.6,National,0.375,560,401,524.25,16854.25,2966.5,1209.5,1712000,395200,214200,2.5,3.475,5.7,106.675,104.975,112.025,9.845,7.5075,5.6450000000000005,1.2590999999999999,1.736125,1.32035,1.30755,0.667725,0.9202250000000001,0.70015,0.694,1.0377,1.09395,1.010475,0.971325
2020,Canterbury,Canterbury Rural,1.736125,0.9202250000000001,1.09395,National,4.7683333333333335,3.8783333333333334,National,10.125,National,1280598,National,4.925,4.15,4.525,National,5755.925048656337,7878.968983456845,6565.674199041845,3461.9492869975297,National,111152.41079422113,125063.87271315217,135435.0900366794,101568.75895089452,National,16,497627,3.5,16812,1032727,6,58571,865546,8.6,68216,830518,10.3,77539,317561,16.7,45488,National,10.125,1280598,6.45,4.768333333333333,3.8783333333333334,1.7,4.6,National,0.375,560,401,524.25,16854.25,2966.5,1209.5,1712000,395200,214200,2.5,3.475,5.7,106.675,104.975,112.025,9.845,7.5075,5.6450000000000005,1.2590999999999999,1.736125,1.32035,1.30755,0.667725,0.9202250000000001,0.70015,0.694,1.0377,1.09395,1.010475,0.971325
2020,Carterton District,Wellington Rural,1.1509749999999999,0.612075,0.79805,National,4.7683333333333335,3.8783333333333334,National,10.125,National,1280598,National,4.925,4.15,4.525,National,5755.925048656337,7878.968983456845,6565.674199041845,3461.9492869975297,National,111152.41079422113,125063.87271315217,135435.0900366794,101568.75895089452,National,16,497627,3.5,16812,1032727,6,58571,865546,8.6,68216,830518,10.3,77539,317561,16.7,45488,National,10.125,1280598,6.45,4.768333333333333,3.8783333333333334,1.7,4.6,National,0.375,560,401,524.25,16854.25,2966.5,1209.5,1712000,395200,214200,2.5,3.475,5.7,106.675,104.975,112.025,9.845,7.5075,5.6450000000000005,1.2590999999999999,1.736125,1.32035,1.30755,0.667725,0.9202250000000001,0.70015,0.694,1.0377,1.09395,1.010475,0.971325
2020,Central Hawkes Bay District,Other,1.27635,0.6779,0.77495,National,4.7683333333333335,3.8783333333333334,National,10.125,National,1280598,National,4.925,4.15,4.525,National,5755.925048656337,7878.968983456845,6565.674199041845,3461.9492869975297,National,111152.41079422113,125063.87271315217,135435.0900366794,101568.75895089452,National,16,497627,3.5,16812,1032727,6,58571,865546,8.6,68216,830518,10.3,77539,317561,16.7,45488,National,10.125,1280598,6.45,4.768333333333333,3.8783333333333334,1.7,4.6,National,0.375,560,401,524.25,16854.25,2966.5,1209.5,1712000,395200,214200,2.5,3.475,5.7,106.675,104.975,112.025,9.845,7.5075,5.6450000000000005,1.2590999999999999,1.736125,1.32035,1.30755,0.667725,0.9202250000000001,0.70015,0.694,1.0377,1.09395,1.010475,0.971325
2020,Central Otago District,Other,1.27625,0.674775,0.883625,National,4.7683333333333335,3.8783333333333334,National,10.125,National,1280598,National,4.925,4.15,4.525,National,5755.925048656337,7878.968983456845,6565.674199041845,3461.9492869975297,National,111152.41079422113,125063.87271315217,135435.0900366794,101568.75895089452,National,16,497627,3.5,16812,1032727,6,58571,865546,8.6,68216,830518,10.3,77539,317561,16.7,45488,National,10.125,1280598,6.45,4.768333333333333,3.8783333333333334,1.7,4.6,National,0.375,560,401,524.25,16854.25,2966.5,1209.5,1712000,395200,214200,2.5,3.475,5.7,106.675,104.975,112.025,9.845,7.5075,5.6450000000000005,1.2590999999999999,1.736125,1.32035,1.30755,0.667725,0.9202250000000001,0.70015,0.694,1.0377,1.09395,1.010475,0.971325
2020,Christchurch City,Canterbury Urban,1.699375,0.9009,1.0712,National,4.7683333333333335,3.8783333333333334,National,10.125,National,1280598,National,4.925,4.15,4.525,National,5755.925048656337,7878.968983456845,6565.674199041845,3461.9492869975297,National,111152.41079422113,125063.87271315217,135435.0900366794,101568.75895089452,National,16,497627,3.5,16812,1032727,6,58571,865546,8.6,68216,830518,10.3,77539,317561,16.7,45488,National,10.125,1280598,6.45,4.768333333333333,3.8783333333333334,1.7,4.6,National,0.375,560,401,524.25,16854.25,2966.5,1209.5,1712000,395200,214200,2.5,3.475,5.7,106.675,104.975,112.025,9.845,7.5075,5.6450000000000005,1.2590999999999999,1.736125,1.32035,1.30755,0.667725,0.9202250000000001,0.70015,0.694,1.0377,1.09395,1.010475,0.971325
2020,Clutha District,Other,1.2138,0.644075,0.861225,National,4.7683333333333335,3.8783333333333334,National,10.125,National,1280598,National,4.925,4.15,4.525,National,5755.925048656337,7878.968983456845,6565.674199041845,3461.9492869975297,National,111152.41079422113,125063.87271315217,135435.0900366794,101568.75895089452,National,16,497627,3.5,16812,1032727,6,58571,865546,8.6,68216,830518,10.3,77539,317561,16.7,45488,National,10.125,1280598,6.45,4.768333333333333,3.8783333333333334,1.7,4.6,National,0.375,560,401,524.25,16854.25,2966.5,1209.5,1712000,395200,214200,2.5,3.475,5.7,106.675,104.975,112.025,9.845,7.5075,5.6450000000000005,1.2590999999999999,1.736125,1.32035,1.30755,0.667725,0.9202250000000001,0.70015,0.694,1.0377,1.09395,1.010475,0.971325
2020,Dunedin City,Other,1.1775,0.62365,1.041925,National,4.7683333333333335,3.8783333333333334,National,10.125,National,1280598,National,4.925,4.15,4.525,National,5755.925048656337,7878.968983456845,6565.674199041845,3461.9492869975297,National,111152.41079422113,125063.87271315217,135435.0900366794,101568.75895089452,National,16,497627,3.5,16812,1032727,6,58571,865546,8.6,68216,830518,10.3,77539,317561,16.7,45488,National,10.125,1280598,6.45,4.768333333333333,3.8783333333333334,1.7,4.6,National,0.375,560,401,524.25,16854.25,2966.5,1209.5,1712000,395200,214200,2.5,3.475,5.7,106.675,104.975,112.025,9.845,7.5075,5.6450000000000005,1.2590999999999999,1.736125,1.32035,1.30755,0.667725,0.9202250000000001,0.70015,0.694,1.0377,1.09395,1.010475,0.971325
2020,Far North District,Other,1.570725,0.8331500000000001,0.9415,National,4.7683333333333335,3.8783333333333334,National,10.125,National,1280598,National,4.925,4.15,4.525,National,5755.925048656337,7878.968983456845,6565.674199041845,3461.9492869975297,National,111152.41079422113,125063.87271315217,135435.0900366794,101568.75895089452,National,16,497627,3.5,16812,1032727,6,58571,865546,8.6,68216,830518,10.3,77539,317561,16.7,45488,National,10.125,1280598,6.45,4.768333333333333,3.8783333333333334,1.7,4.6,National,0.375,560,401,524.25,16854.25,2966.5,1209.5,1712000,395200,214200,2.5,3.475,5.7,106.675,104.975,112.025,9.845,7.5075,5.6450000000000005,1.2590999999999999,1.736125,1.32035,1.30755,0.667725,0.9202250000000001,0.70015,0.694,1.0377,1.09395,1.010475,0.971325
2020,Gisborne,Other,1.27115,0.676175,0.913475,National,4.7683333333333335,3.8783333333333334,National,10.125,National,1280598,National,4.925,4.15,4.525,National,5755.925048656337,7878.968983456845,6565.674199041845,3461.9492869975297,National,111152.41079422113,125063.87271315217,135435.0900366794,101568.75895089452,National,16,497627,3.5,16812,1032727,6,58571,865546,8.6,68216,830518,10.3,77539,317561,16.7,45488,National,10.125,1280598,6.45,4.768333333333333,3.8783333333333334,1.7,4.6,National,0.375,560,401,524.25,16854.25,2966.5,1209.5,1712000,395200,214200,2.5,3.475,5.7,106.675,104.975,112.025,9.845,7.5075,5.6450000000000005,1.2590999999999999,1.736125,1.32035,1.30755,0.667725,0.9202250000000001,0.70015,0.694,1.0377,1.09395,1.010475,0.971325
2020,Gisborne District,Other,1.271425,0.676275,0.913675,National,4.7683333333333335,3.8783333333333334,National,10.125,National,1280598,National,4.925,4.15,4.525,National,5755.925048656337,7878.968983456845,6565.674199041845,3461.9492869975297,National,111152.41079422113,125063.87271315217,135435.0900366794,101568.75895089452,National,16,497627,3.5,16812,1032727,6,58571,865546,8.6,68216,830518,10.3,77539,317561,16.7,45488,National,10.125,1280598,6.45,4.768333333333333,3.8783333333333334,1.7,4.6,National,0.375,560,401,524.25,16854.25,2966.5,1209.5,1712000,395200,214200,2.5,3.475,5.7,106.675,104.975,112.025,9.845,7.5075,5.6450000000000005,1.2590999999999999,1.736125,1.32035,1.30755,0.667725,0.9202250000000001,0.70015,0.694,1.0377,1.09395,1.010475,0.971325
2020,Gore District,Other,1.536325,0.8151999999999999,0.85445,National,4.7683333333333335,3.8783333333333334,National,10.125,National,1280598,National,4.925,4.15,4.525,National,5755.925048656337,7878.968983456845,6565.674199041845,3461.9492869975297,National,111152.41079422113,125063.87271315217,135435.0900366794,101568.75895089452,National,16,497627,3.5,16812,1032727,6,58571,865546,8.6,68216,830518,10.3,77539,317561,16.7,45488,National,10.125,1280598,6.45,4.768333333333333,3.8783333333333334,1.7,4.6,National,0.375,560,401,524.25,16854.25,2966.5,1209.5,1712000,395200,214200,2.5,3.475,5.7,106.675,104.975,112.025,9.845,7.5075,5.6450000000000005,1.2590999999999999,1.736125,1.32035,1.30755,0.667725,0.9202250000000001,0.70015,0.694,1.0377,1.09395,1.010475,0.971325
2020,Grey District,Other,1.9175,1.016175,0.99685,National,4.7683333333333335,3.8783333333333334,National,10.125,National,1280598,National,4.925,4.15,4.525,National,5755.925048656337,7878.968983456845,6565.674199041845,3461.9492869975297,National,111152.41079422113,125063.87271315217,135435.0900366794,101568.75895089452,National,16,497627,3.5,16812,1032727,6,58571,865546,8.6,68216,830518,10.3,77539,317561,16.7,45488,National,10.125,1280598,6.45,4.768333333333333,3.8783333333333334,1.7,4.6,National,0.375,560,401,524.25,16854.25,2966.5,1209.5,1712000,395200,214200,2.5,3.475,5.7,106.675,104.975,112.025,9.845,7.5075,5.6450000000000005,1.2590999999999999,1.736125,1.32035,1.30755,0.667725,0.9202250000000001,0.70015,0.694,1.0377,1.09395,1.010475,0.971325
2020,Hamilton City,Other,1.221075,0.647625,0.9335,National,4.7683333333333335,3.8783333333333334,National,10.125,National,1280598,National,4.925,4.15,4.525,National,5755.925048656337,7878.968983456845,6565.674199041845,3461.9492869975297,National,111152.41079422113,125063.87271315217,135435.0900366794,101568.75895089452,National,16,497627,3.5,16812,1032727,6,58571,865546,8.6,68216,830518,10.3,77539,317561,16.7,45488,National,10.125,1280598,6.45,4.768333333333333,3.8783333333333334,1.7,4.6,National,0.375,560,401,524.25,16854.25,2966.5,1209.5,1712000,395200,214200,2.5,3.475,5.7,106.675,104.975,112.025,9.845,7.5075,5.6450000000000005,1.2590999999999999,1.736125,1.32035,1.30755,0.667725,0.9202250000000001,0.70015,0.694,1.0377,1.09395,1.010475,0.971325
2020,Hastings District,Other,1.21845,0.646625,0.921475,National,4.7683333333333335,3.8783333333333334,National,10.125,National,1280598,National,4.925,4.15,4.525,National,5755.925048656337,7878.968983456845,6565.674199041845,3461.9492869975297,National,111152.41079422113,125063.87271315217,135435.0900366794,101568.75895089452,National,16,497627,3.5,16812,1032727,6,58571,865546,8.6,68216,830518,10.3,77539,317561,16.7,45488,National,10.125,1280598,6.45,4.768333333333333,3.8783333333333334,1.7,4.6,National,0.375,560,401,524.25,16854.25,2966.5,1209.5,1712000,395200,214200,2.5,3.475,5.7,106.675,104.975,112.025,9.845,7.5075,5.6450000000000005,1.2590999999999999,1.736125,1.32035,1.30755,0.667725,0.9202250000000001,0.70015,0.694,1.0377,1.09395,1.010475,0.971325
2020,Hauraki District,Other,1.30595,0.69395,0.905875,National,4.7683333333333335,3.8783333333333334,National,10.125,National,1280598,National,4.925,4.15,4.525,National,5755.925048656337,7878.968983456845,6565.674199041845,3461.9492869975297,National,111152.41079422113,125063.87271315217,135435.0900366794,101568.75895089452,National,16,497627,3.5,16812,1032727,6,58571,865546,8.6,68216,830518,10.3,77539,317561,16.7,45488,National,10.125,1280598,6.45,4.768333333333333,3.8783333333333334,1.7,4.6,National,0.375,560,401,524.25,16854.25,2966.5,1209.5,1712000,395200,214200,2.5,3.475,5.7,106.675,104.975,112.025,9.845,7.5075,5.6450000000000005,1.2590999999999999,1.736125,1.32035,1.30755,0.667725,0.9202250000000001,0.70015,0.694,1.0377,1.09395,1.010475,0.971325
2020,Hawke's Bay,Other,1.2359499999999999,0.65535,0.91485,National,4.7683333333333335,3.8783333333333334,National,10.125,National,1280598,National,4.925,4.15,4.525,National,5755.925048656337,7878.968983456845,6565.674199041845,3461.9492869975297,National,111152.41079422113,125063.87271315217,135435.0900366794,101568.75895089452,National,16,497627,3.5,16812,1032727,6,58571,865546,8.6,68216,830518,10.3,77539,317561,16.7,45488,National,10.125,1280598,6.45,4.768333333333333,3.8783333333333334,1.7,4.6,National,0.375,560,401,524.25,16854.25,2966.5,1209.5,1712000,395200,214200,2.5,3.475,5.7,106.675,104.975,112.025,9.845,7.5075,5.6450000000000005,1.2590999999999999,1.736125,1.32035,1.30755,0.667725,0.9202250000000001,0.70015,0.694,1.0377,1.09395,1.010475,0.971325
2020,Horowhenua District,Other,1.139475,0.604325,0.83135,National,4.7683333333333335,3.8783333333333334,National,10.125,National,1280598,National,4.925,4.15,4.525,National,5755.925048656337,7878.968983456845,6565.674199041845,3461.9492869975297,National,111152.41079422113,125063.87271315217,135435.0900366794,101568.75895089452,National,16,497627,3.5,16812,1032727,6,58571,865546,8.6,68216,830518,10.3,77539,317561,16.7,45488,National,10.125,1280598,6.45,4.768333333333333,3.8783333333333334,1.7,4.6,National,0.375,560,401,524.25,16854.25,2966.5,1209.5,1712000,395200,214200,2.5,3.475,5.7,106.675,104.975,112.025,9.845,7.5075,5.6450000000000005,1.2590999999999999,1.736125,1.32035,1.30755,0.667725,0.9202250000000001,0.70015,0.694,1.0377,1.09395,1.010475,0.971325
2020,Hurunui District,Canterbury Rural,1.778675,0.942825,1.038475,National,4.7683333333333335,3.8783333333333334,National,10.125,National,1280598,National,4.925,4.15,4.525,National,5755.925048656337,7878.968983456845,6565.674199041845,3461.9492869975297,National,111152.41079422113,125063.87271315217,135435.0900366794,101568.75895089452,National,16,497627,3.5,16812,1032727,6,58571,865546,8.6,68216,830518,10.3,77539,317561,16.7,45488,National,10.125,1280598,6.45,4.768333333333333,3.8783333333333334,1.7,4.6,National,0.375,560,401,524.25,16854.25,2966.5,1209.5,1712000,395200,214200,2.5,3.475,5.7,106.675,104.975,112.025,9.845,7.5075,5.6450000000000005,1.2590999999999999,1.736125,1.32035,1.30755,0.667725,0.9202250000000001,0.70015,0.694,1.0377,1.09395,1.010475,0.971325
2020,Hutt City,Wellington Urban,1.278275,0.67845,0.9266,National,4.7683333333333335,3.8783333333333334,National,10.125,National,1280598,National,4.925,4.15,4.525,National,5755.925048656337,7878.968983456845,6565.674199041845,3461.9492869975297,National,111152.41079422113,125063.87271315217,135435.0900366794,101568.75895089452,National,16,497627,3.5,16812,1032727,6,58571,865546,8.6,68216,830518,10.3,77539,317561,16.7,45488,National,10.125,1280598,6.45,4.768333333333333,3.8783333333333334,1.7,4.6,National,0.375,560,401,524.25,16854.25,2966.5,1209.5,1712000,395200,214200,2.5,3.475,5.7,106.675,104.975,112.025,9.845,7.5075,5.6450000000000005,1.2590999999999999,1.736125,1.32035,1.30755,0.667725,0.9202250000000001,0.70015,0.694,1.0377,1.09395,1.010475,0.971325
2020,Invercargill City,Other,1.357625,0.71875,0.89885,National,4.7683333333333335,3.8783333333333334,National,10.125,National,1280598,National,4.925,4.15,4.525,National,5755.925048656337,7878.968983456845,6565.674199041845,3461.9492869975297,National,111152.41079422113,125063.87271315217,135435.0900366794,101568.75895089452,National,16,497627,3.5,16812,1032727,6,58571,865546,8.6,68216,830518,10.3,77539,317561,16.7,45488,National,10.125,1280598,6.45,4.768333333333333,3.8783333333333334,1.7,4.6,National,0.375,560,401,524.25,16854.25,2966.5,1209.5,1712000,395200,214200,2.5,3.475,5.7,106.675,104.975,112.025,9.845,7.5075,5.6450000000000005,1.2590999999999999,1.736125,1.32035,1.30755,0.667725,0.9202250000000001,0.70015,0.694,1.0377,1.09395,1.010475,0.971325
2020,Kaikoura District,Other,1.8104,0.960425,1.112625,National,4.7683333333333335,3.8783333333333334,National,10.125,National,1280598,National,4.925,4.15,4.525,National,5755.925048656337,7878.968983456845,6565.674199041845,3461.9492869975297,National,111152.41079422113,125063.87271315217,135435.0900366794,101568.75895089452,National,16,497627,3.5,16812,1032727,6,58571,865546,8.6,68216,830518,10.3,77539,317561,16.7,45488,National,10.125,1280598,6.45,4.768333333333333,3.8783333333333334,1.7,4.6,National,0.375,560,401,524.25,16854.25,2966.5,1209.5,1712000,395200,214200,2.5,3.475,5.7,106.675,104.975,112.025,9.845,7.5075,5.6450000000000005,1.2590999999999999,1.736125,1.32035,1.30755,0.667725,0.9202250000000001,0.70015,0.694,1.0377,1.09395,1.010475,0.971325
2020,Kaipara District,Other,1.24515,0.6603,0.896325,National,4.7683333333333335,3.8783333333333334,National,10.125,National,1280598,National,4.925,4.15,4.525,National,5755.925048656337,7878.968983456845,6565.674199041845,3461.9492869975297,National,111152.41079422113,125063.87271315217,135435.0900366794,101568.75895089452,National,16,497627,3.5,16812,1032727,6,58571,865546,8.6,68216,830518,10.3,77539,317561,16.7,45488,National,10.125,1280598,6.45,4.768333333333333,3.8783333333333334,1.7,4.6,National,0.375,560,401,524.25,16854.25,2966.5,1209.5,1712000,395200,214200,2.5,3.475,5.7,106.675,104.975,112.025,9.845,7.5075,5.6450000000000005,1.2590999999999999,1.736125,1.32035,1.30755,0.667725,0.9202250000000001,0.70015,0.694,1.0377,1.09395,1.010475,0.971325
2020,Kapiti Coast District,Wellington Rural,1.302175,0.6910000000000001,0.949825,National,4.7683333333333335,3.8783333333333334,National,10.125,National,1280598,National,4.925,4.15,4.525,National,5755.925048656337,7878.968983456845,6565.674199041845,3461.9492869975297,National,111152.41079422113,125063.87271315217,135435.0900366794,101568.75895089452,National,16,497627,3.5,16812,1032727,6,58571,865546,8.6,68216,830518,10.3,77539,317561,16.7,45488,National,10.125,1280598,6.45,4.768333333333333,3.8783333333333334,1.7,4.6,National,0.375,560,401,524.25,16854.25,2966.5,1209.5,1712000,395200,214200,2.5,3.475,5.7,106.675,104.975,112.025,9.845,7.5075,5.6450000000000005,1.2590999999999999,1.736125,1.32035,1.30755,0.667725,0.9202250000000001,0.70015,0.694,1.0377,1.09395,1.010475,0.971325
2020,Kawerau District,Other,0.9814,0.5202,0.82095,National,4.7683333333333335,3.8783333333333334,National,10.125,National,1280598,National,4.925,4.15,4.525,National,5755.925048656337,7878.968983456845,6565.674199041845,3461.9492869975297,National,111152.41079422113,125063.87271315217,135435.0900366794,101568.75895089452,National,16,497627,3.5,16812,1032727,6,58571,865546,8.6,68216,830518,10.3,77539,317561,16.7,45488,National,10.125,1280598,6.45,4.768333333333333,3.8783333333333334,1.7,4.6,National,0.375,560,401,524.25,16854.25,2966.5,1209.5,1712000,395200,214200,2.5,3.475,5.7,106.675,104.975,112.025,9.845,7.5075,5.6450000000000005,1.2590999999999999,1.736125,1.32035,1.30755,0.667725,0.9202250000000001,0.70015,0.694,1.0377,1.09395,1.010475,0.971325
2020,MacKenzie District,Canterbury Rural,1.1449,0.60545,1.054425,National,4.7683333333333335,3.8783333333333334,National,10.125,National,1280598,National,4.925,4.15,4.525,National,5755.925048656337,7878.968983456845,6565.674199041845,3461.9492869975297,National,111152.41079422113,125063.87271315217,135435.0900366794,101568.75895089452,National,16,497627,3.5,16812,1032727,6,58571,865546,8.6,68216,830518,10.3,77539,317561,16.7,45488,National,10.125,1280598,6.45,4.768333333333333,3.8783333333333334,1.7,4.6,National,0.375,560,401,524.25,16854.25,2966.5,1209.5,1712000,395200,214200,2.5,3.475,5.7,106.675,104.975,112.025,9.845,7.5075,5.6450000000000005,1.2590999999999999,1.736125,1.32035,1.30755,0.667725,0.9202250000000001,0.70015,0.694,1.0377,1.09395,1.010475,0.971325
2020,Manawatu District,Other,1.2271,0.65115,0.90005,National,4.7683333333333335,3.8783333333333334,National,10.125,National,1280598,National,4.925,4.15,4.525,National,5755.925048656337,7878.968983456845,6565.674199041845,3461.9492869975297,National,111152.41079422113,125063.87271315217,135435.0900366794,101568.75895089452,National,16,497627,3.5,16812,1032727,6,58571,865546,8.6,68216,830518,10.3,77539,317561,16.7,45488,National,10.125,1280598,6.45,4.768333333333333,3.8783333333333334,1.7,4.6,National,0.375,560,401,524.25,16854.25,2966.5,1209.5,1712000,395200,214200,2.5,3.475,5.7,106.675,104.975,112.025,9.845,7.5075,5.6450000000000005,1.2590999999999999,1.736125,1.32035,1.30755,0.667725,0.9202250000000001,0.70015,0.694,1.0377,1.09395,1.010475,0.971325
2020,Manawatu-Wanganui,Other,1.223125,0.649225,0.894325,National,4.7683333333333335,3.8783333333333334,National,10.125,National,1280598,National,4.925,4.15,4.525,National,5755.925048656337,7878.968983456845,6565.674199041845,3461.9492869975297,National,111152.41079422113,125063.87271315217,135435.0900366794,101568.75895089452,National,16,497627,3.5,16812,1032727,6,58571,865546,8.6,68216,830518,10.3,77539,317561,16.7,45488,National,10.125,1280598,6.45,4.768333333333333,3.8783333333333334,1.7,4.6,National,0.375,560,401,524.25,16854.25,2966.5,1209.5,1712000,395200,214200,2.5,3.475,5.7,106.675,104.975,112.025,9.845,7.5075,5.6450000000000005,1.2590999999999999,1.736125,1.32035,1.30755,0.667725,0.9202250000000001,0.70015,0.694,1.0377,1.09395,1.010475,0.971325
2020,Marlborough,Other,1.501875,0.7974,0.9014500000000001,National,4.7683333333333335,3.8783333333333334,National,10.125,National,1280598,National,4.925,4.15,4.525,National,5755.925048656337,7878.968983456845,6565.674199041845,3461.9492869975297,National,111152.41079422113,125063.87271315217,135435.0900366794,101568.75895089452,National,16,497627,3.5,16812,1032727,6,58571,865546,8.6,68216,830518,10.3,77539,317561,16.7,45488,National,10.125,1280598,6.45,4.768333333333333,3.8783333333333334,1.7,4.6,National,0.375,560,401,524.25,16854.25,2966.5,1209.5,1712000,395200,214200,2.5,3.475,5.7,106.675,104.975,112.025,9.845,7.5075,5.6450000000000005,1.2590999999999999,1.736125,1.32035,1.30755,0.667725,0.9202250000000001,0.70015,0.694,1.0377,1.09395,1.010475,0.971325
2020,Marlborough District,Other,1.501875,0.7974,0.9014500000000001,National,4.7683333333333335,3.8783333333333334,National,10.125,National,1280598,National,4.925,4.15,4.525,National,5755.925048656337,7878.968983456845,6565.674199041845,3461.9492869975297,National,111152.41079422113,125063.87271315217,135435.0900366794,101568.75895089452,National,16,497627,3.5,16812,1032727,6,58571,865546,8.6,68216,830518,10.3,77539,317561,16.7,45488,National,10.125,1280598,6.45,4.768333333333333,3.8783333333333334,1.7,4.6,National,0.375,560,401,524.25,16854.25,2966.5,1209.5,1712000,395200,214200,2.5,3.475,5.7,106.675,104.975,112.025,9.845,7.5075,5.6450000000000005,1.2590999999999999,1.736125,1.32035,1.30755,0.667725,0.9202250000000001,0.70015,0.694,1.0377,1.09395,1.010475,0.971325
2020,Masterton District,Wellington Rural,1.291925,0.6870499999999999,0.85795,National,4.7683333333333335,3.8783333333333334,National,10.125,National,1280598,National,4.925,4.15,4.525,National,5755.925048656337,7878.968983456845,6565.674199041845,3461.9492869975297,National,111152.41079422113,125063.87271315217,135435.0900366794,101568.75895089452,National,16,497627,3.5,16812,1032727,6,58571,865546,8.6,68216,830518,10.3,77539,317561,16.7,45488,National,10.125,1280598,6.45,4.768333333333333,3.8783333333333334,1.7,4.6,National,0.375,560,401,524.25,16854.25,2966.5,1209.5,1712000,395200,214200,2.5,3.475,5.7,106.675,104.975,112.025,9.845,7.5075,5.6450000000000005,1.2590999999999999,1.736125,1.32035,1.30755,0.667725,0.9202250000000001,0.70015,0.694,1.0377,1.09395,1.010475,0.971325
2020,Matamata Piako District,Other,1.1913,0.631625,0.86465,National,4.7683333333333335,3.8783333333333334,National,10.125,National,1280598,National,4.925,4.15,4.525,National,5755.925048656337,7878.968983456845,6565.674199041845,3461.9492869975297,National,111152.41079422113,125063.87271315217,135435.0900366794,101568.75895089452,National,16,497627,3.5,16812,1032727,6,58571,865546,8.6,68216,830518,10.3,77539,317561,16.7,45488,National,10.125,1280598,6.45,4.768333333333333,3.8783333333333334,1.7,4.6,National,0.375,560,401,524.25,16854.25,2966.5,1209.5,1712000,395200,214200,2.5,3.475,5.7,106.675,104.975,112.025,9.845,7.5075,5.6450000000000005,1.2590999999999999,1.736125,1.32035,1.30755,0.667725,0.9202250000000001,0.70015,0.694,1.0377,1.09395,1.010475,0.971325
2020,Napier City,Other,1.2409000000000001,0.657725,0.919,National,4.7683333333333335,3.8783333333333334,National,10.125,National,1280598,National,4.925,4.15,4.525,National,5755.925048656337,7878.968983456845,6565.674199041845,3461.9492869975297,National,111152.41079422113,125063.87271315217,135435.0900366794,101568.75895089452,National,16,497627,3.5,16812,1032727,6,58571,865546,8.6,68216,830518,10.3,77539,317561,16.7,45488,National,10.125,1280598,6.45,4.768333333333333,3.8783333333333334,1.7,4.6,National,0.375,560,401,524.25,16854.25,2966.5,1209.5,1712000,395200,214200,2.5,3.475,5.7,106.675,104.975,112.025,9.845,7.5075,5.6450000000000005,1.2590999999999999,1.736125,1.32035,1.30755,0.667725,0.9202250000000001,0.70015,0.694,1.0377,1.09395,1.010475,0.971325
2020,Nelson,Other,1.4211749999999999,0.752575,1.044175,National,4.7683333333333335,3.8783333333333334,National,10.125,National,1280598,National,4.925,4.15,4.525,National,5755.925048656337,7878.968983456845,6565.674199041845,3461.9492869975297,National,111152.41079422113,125063.87271315217,135435.0900366794,101568.75895089452,National,16,497627,3.5,16812,1032727,6,58571,865546,8.6,68216,830518,10.3,77539,317561,16.7,45488,National,10.125,1280598,6.45,4.768333333333333,3.8783333333333334,1.7,4.6,National,0.375,560,401,524.25,16854.25,2966.5,1209.5,1712000,395200,214200,2.5,3.475,5.7,106.675,104.975,112.025,9.845,7.5075,5.6450000000000005,1.2590999999999999,1.736125,1.32035,1.30755,0.667725,0.9202250000000001,0.70015,0.694,1.0377,1.09395,1.010475,0.971325
2020,Nelson City,Other,1.4211749999999999,0.752575,1.04425,National,4.7683333333333335,3.8783333333333334,National,10.125,National,1280598,National,4.925,4.15,4.525,National,5755.925048656337,7878.968983456845,6565.674199041845,3461.9492869975297,National,111152.41079422113,125063.87271315217,135435.0900366794,101568.75895089452,National,16,497627,3.5,16812,1032727,6,58571,865546,8.6,68216,830518,10.3,77539,317561,16.7,45488,National,10.125,1280598,6.45,4.768333333333333,3.8783333333333334,1.7,4.6,National,0.375,560,401,524.25,16854.25,2966.5,1209.5,1712000,395200,214200,2.5,3.475,5.7,106.675,104.975,112.025,9.845,7.5075,5.6450000000000005,1.2590999999999999,1.736125,1.32035,1.30755,0.667725,0.9202250000000001,0.70015,0.694,1.0377,1.09395,1.010475,0.971325
2020,New Plymouth District,Other,1.460025,0.7744500000000001,1.012475,National,4.7683333333333335,3.8783333333333334,National,10.125,National,1280598,National,4.925,4.15,4.525,National,5755.925048656337,7878.968983456845,6565.674199041845,3461.9492869975297,National,111152.41079422113,125063.87271315217,135435.0900366794,101568.75895089452,National,16,497627,3.5,16812,1032727,6,58571,865546,8.6,68216,830518,10.3,77539,317561,16.7,45488,National,10.125,1280598,6.45,4.768333333333333,3.8783333333333334,1.7,4.6,National,0.375,560,401,524.25,16854.25,2966.5,1209.5,1712000,395200,214200,2.5,3.475,5.7,106.675,104.975,112.025,9.845,7.5075,5.6450000000000005,1.2590999999999999,1.736125,1.32035,1.30755,0.667725,0.9202250000000001,0.70015,0.694,1.0377,1.09395,1.010475,0.971325
2020,New Zealand,Other,1.32035,0.70015,1.010475,National,4.7683333333333335,3.8783333333333334,National,10.125,National,1280598,National,4.925,4.15,4.525,National,5755.925048656337,7878.968983456845,6565.674199041845,3461.9492869975297,National,111152.41079422113,125063.87271315217,135435.0900366794,101568.75895089452,National,16,497627,3.5,16812,1032727,6,58571,865546,8.6,68216,830518,10.3,77539,317561,16.7,45488,National,10.125,1280598,6.45,4.768333333333333,3.8783333333333334,1.7,4.6,National,0.375,560,401,524.25,16854.25,2966.5,1209.5,1712000,395200,214200,2.5,3.475,5.7,106.675,104.975,112.025,9.845,7.5075,5.6450000000000005,1.2590999999999999,1.736125,1.32035,1.30755,0.667725,0.9202250000000001,0.70015,0.694,1.0377,1.09395,1.010475,0.971325
2020,Northland,Other,1.424375,0.755375,0.9132,National,4.7683333333333335,3.8783333333333334,National,10.125,National,1280598,National,4.925,4.15,4.525,National,5755.925048656337,7878.968983456845,6565.674199041845,3461.9492869975297,National,111152.41079422113,125063.87271315217,135435.0900366794,101568.75895089452,National,16,497627,3.5,16812,1032727,6,58571,865546,8.6,68216,830518,10.3,77539,317561,16.7,45488,National,10.125,1280598,6.45,4.768333333333333,3.8783333333333334,1.7,4.6,National,0.375,560,401,524.25,16854.25,2966.5,1209.5,1712000,395200,214200,2.5,3.475,5.7,106.675,104.975,112.025,9.845,7.5075,5.6450000000000005,1.2590999999999999,1.736125,1.32035,1.30755,0.667725,0.9202250000000001,0.70015,0.694,1.0377,1.09395,1.010475,0.971325
2020,Opotiki District,Other,1.447775,0.767325,0.863425,National,4.7683333333333335,3.8783333333333334,National,10.125,National,1280598,National,4.925,4.15,4.525,National,5755.925048656337,7878.968983456845,6565.674199041845,3461.9492869975297,National,111152.41079422113,125063.87271315217,135435.0900366794,101568.75895089452,National,16,497627,3.5,16812,1032727,6,58571,865546,8.6,68216,830518,10.3,77539,317561,16.7,45488,National,10.125,1280598,6.45,4.768333333333333,3.8783333333333334,1.7,4.6,National,0.375,560,401,524.25,16854.25,2966.5,1209.5,1712000,395200,214200,2.5,3.475,5.7,106.675,104.975,112.025,9.845,7.5075,5.6450000000000005,1.2590999999999999,1.736125,1.32035,1.30755,0.667725,0.9202250000000001,0.70015,0.694,1.0377,1.09395,1.010475,0.971325
2020,Otago,Other,1.197225,0.633625,1.079625,National,4.7683333333333335,3.8783333333333334,National,10.125,National,1280598,National,4.925,4.15,4.525,National,5755.925048656337,7878.968983456845,6565.674199041845,3461.9492869975297,National,111152.41079422113,125063.87271315217,135435.0900366794,101568.75895089452,National,16,497627,3.5,16812,1032727,6,58571,865546,8.6,68216,830518,10.3,77539,317561,16.7,45488,National,10.125,1280598,6.45,4.768333333333333,3.8783333333333334,1.7,4.6,National,0.375,560,401,524.25,16854.25,2966.5,1209.5,1712000,395200,214200,2.5,3.475,5.7,106.675,104.975,112.025,9.845,7.5075,5.6450000000000005,1.2590999999999999,1.736125,1.32035,1.30755,0.667725,0.9202250000000001,0.70015,0.694,1.0377,1.09395,1.010475,0.971325
2020,Otorohanga District,Other,1.2219,0.64805,0.8565,National,4.7683333333333335,3.8783333333333334,National,10.125,National,1280598,National,4.925,4.15,4.525,National,5755.925048656337,7878.968983456845,6565.674199041845,3461.9492869975297,National,111152.41079422113,125063.87271315217,135435.0900366794,101568.75895089452,National,16,497627,3.5,16812,1032727,6,58571,865546,8.6,68216,830518,10.3,77539,317561,16.7,45488,National,10.125,1280598,6.45,4.768333333333333,3.8783333333333334,1.7,4.6,National,0.375,560,401,524.25,16854.25,2966.5,1209.5,1712000,395200,214200,2.5,3.475,5.7,106.675,104.975,112.025,9.845,7.5075,5.6450000000000005,1.2590999999999999,1.736125,1.32035,1.30755,0.667725,0.9202250000000001,0.70015,0.694,1.0377,1.09395,1.010475,0.971325
2020,Palmerston North City,Other,1.27575,0.677125,0.942825,National,4.7683333333333335,3.8783333333333334,National,10.125,National,1280598,National,4.925,4.15,4.525,National,5755.925048656337,7878.968983456845,6565.674199041845,3461.9492869975297,National,111152.41079422113,125063.87271315217,135435.0900366794,101568.75895089452,National,16,497627,3.5,16812,1032727,6,58571,865546,8.6,68216,830518,10.3,77539,317561,16.7,45488,National,10.125,1280598,6.45,4.768333333333333,3.8783333333333334,1.7,4.6,National,0.375,560,401,524.25,16854.25,2966.5,1209.5,1712000,395200,214200,2.5,3.475,5.7,106.675,104.975,112.025,9.845,7.5075,5.6450000000000005,1.2590999999999999,1.736125,1.32035,1.30755,0.667725,0.9202250000000001,0.70015,0.694,1.0377,1.09395,1.010475,0.971325
2020,Porirua City,Wellington Urban,1.303775,0.692475,0.955625,National,4.7683333333333335,3.8783333333333334,National,10.125,National,1280598,National,4.925,4.15,4.525,National,5755.925048656337,7878.968983456845,6565.674199041845,3461.9492869975297,National,111152.41079422113,125063.87271315217,135435.0900366794,101568.75895089452,National,16,497627,3.5,16812,1032727,6,58571,865546,8.6,68216,830518,10.3,77539,317561,16.7,45488,National,10.125,1280598,6.45,4.768333333333333,3.8783333333333334,1.7,4.6,National,0.375,560,401,524.25,16854.25,2966.5,1209.5,1712000,395200,214200,2.5,3.475,5.7,106.675,104.975,112.025,9.845,7.5075,5.6450000000000005,1.2590999999999999,1.736125,1.32035,1.30755,0.667725,0.9202250000000001,0.70015,0.694,1.0377,1.09395,1.010475,0.971325
2020,Queenstown Lakes District,Other,1.394075,0.7382,1.0795000000000001,National,4.7683333333333335,3.8783333333333334,National,10.125,National,1280598,National,4.925,4.15,4.525,National,5755.925048656337,7878.968983456845,6565.674199041845,3461.9492869975297,National,111152.41079422113,125063.87271315217,135435.0900366794,101568.75895089452,National,16,497627,3.5,16812,1032727,6,58571,865546,8.6,68216,830518,10.3,77539,317561,16.7,45488,National,10.125,1280598,6.45,4.768333333333333,3.8783333333333334,1.7,4.6,National,0.375,560,401,524.25,16854.25,2966.5,1209.5,1712000,395200,214200,2.5,3.475,5.7,106.675,104.975,112.025,9.845,7.5075,5.6450000000000005,1.2590999999999999,1.736125,1.32035,1.30755,0.667725,0.9202250000000001,0.70015,0.694,1.0377,1.09395,1.010475,0.971325
2020,Rangitikei District,Other,1.1778250000000001,0.625125,0.8202,National,4.7683333333333335,3.8783333333333334,National,10.125,National,1280598,National,4.925,4.15,4.525,National,5755.925048656337,7878.968983456845,6565.674199041845,3461.9492869975297,National,111152.41079422113,125063.87271315217,135435.0900366794,101568.75895089452,National,16,497627,3.5,16812,1032727,6,58571,865546,8.6,68216,830518,10.3,77539,317561,16.7,45488,National,10.125,1280598,6.45,4.768333333333333,3.8783333333333334,1.7,4.6,National,0.375,560,401,524.25,16854.25,2966.5,1209.5,1712000,395200,214200,2.5,3.475,5.7,106.675,104.975,112.025,9.845,7.5075,5.6450000000000005,1.2590999999999999,1.736125,1.32035,1.30755,0.667725,0.9202250000000001,0.70015,0.694,1.0377,1.09395,1.010475,0.971325
2020,Rotorua District,Other,1.213525,0.6442,0.778475,National,4.7683333333333335,3.8783333333333334,National,10.125,National,1280598,National,4.925,4.15,4.525,National,5755.925048656337,7878.968983456845,6565.674199041845,3461.9492869975297,National,111152.41079422113,125063.87271315217,135435.0900366794,101568.75895089452,National,16,497627,3.5,16812,1032727,6,58571,865546,8.6,68216,830518,10.3,77539,317561,16.7,45488,National,10.125,1280598,6.45,4.768333333333333,3.8783333333333334,1.7,4.6,National,0.375,560,401,524.25,16854.25,2966.5,1209.5,1712000,395200,214200,2.5,3.475,5.7,106.675,104.975,112.025,9.845,7.5075,5.6450000000000005,1.2590999999999999,1.736125,1.32035,1.30755,0.667725,0.9202250000000001,0.70015,0.694,1.0377,1.09395,1.010475,0.971325
2020,Ruapehu District,Other,1.3241,0.70485,0.9042749999999999,National,4.7683333333333335,3.8783333333333334,National,10.125,National,1280598,National,4.925,4.15,4.525,National,5755.925048656337,7878.968983456845,6565.674199041845,3461.9492869975297,National,111152.41079422113,125063.87271315217,135435.0900366794,101568.75895089452,National,16,497627,3.5,16812,1032727,6,58571,865546,8.6,68216,830518,10.3,77539,317561,16.7,45488,National,10.125,1280598,6.45,4.768333333333333,3.8783333333333334,1.7,4.6,National,0.375,560,401,524.25,16854.25,2966.5,1209.5,1712000,395200,214200,2.5,3.475,5.7,106.675,104.975,112.025,9.845,7.5075,5.6450000000000005,1.2590999999999999,1.736125,1.32035,1.30755,0.667725,0.9202250000000001,0.70015,0.694,1.0377,1.09395,1.010475,0.971325
2020,Selwyn District,Canterbury Rural,1.828825,0.9682999999999999,1.216625,National,4.7683333333333335,3.8783333333333334,National,10.125,National,1280598,National,4.925,4.15,4.525,National,5755.925048656337,7878.968983456845,6565.674199041845,3461.9492869975297,National,111152.41079422113,125063.87271315217,135435.0900366794,101568.75895089452,National,16,497627,3.5,16812,1032727,6,58571,865546,8.6,68216,830518,10.3,77539,317561,16.7,45488,National,10.125,1280598,6.45,4.768333333333333,3.8783333333333334,1.7,4.6,National,0.375,560,401,524.25,16854.25,2966.5,1209.5,1712000,395200,214200,2.5,3.475,5.7,106.675,104.975,112.025,9.845,7.5075,5.6450000000000005,1.2590999999999999,1.736125,1.32035,1.30755,0.667725,0.9202250000000001,0.70015,0.694,1.0377,1.09395,1.010475,0.971325
2020,South Taranaki District,Other,1.37305,0.729975,0.880775,National,4.7683333333333335,3.8783333333333334,National,10.125,National,1280598,National,4.925,4.15,4.525,National,5755.925048656337,7878.968983456845,6565.674199041845,3461.9492869975297,National,111152.41079422113,125063.87271315217,135435.0900366794,101568.75895089452,National,16,497627,3.5,16812,1032727,6,58571,865546,8.6,68216,830518,10.3,77539,317561,16.7,45488,National,10.125,1280598,6.45,4.768333333333333,3.8783333333333334,1.7,4.6,National,0.375,560,401,524.25,16854.25,2966.5,1209.5,1712000,395200,214200,2.5,3.475,5.7,106.675,104.975,112.025,9.845,7.5075,5.6450000000000005,1.2590999999999999,1.736125,1.32035,1.30755,0.667725,0.9202250000000001,0.70015,0.694,1.0377,1.09395,1.010475,0.971325
2020,South Waikato District,Other,1.0539749999999999,0.557925,0.71815,National,4.7683333333333335,3.8783333333333334,National,10.125,National,1280598,National,4.925,4.15,4.525,National,5755.925048656337,7878.968983456845,6565.674199041845,3461.9492869975297,National,111152.41079422113,125063.87271315217,135435.0900366794,101568.75895089452,National,16,497627,3.5,16812,1032727,6,58571,865546,8.6,68216,830518,10.3,77539,317561,16.7,45488,National,10.125,1280598,6.45,4.768333333333333,3.8783333333333334,1.7,4.6,National,0.375,560,401,524.25,16854.25,2966.5,1209.5,1712000,395200,214200,2.5,3.475,5.7,106.675,104.975,112.025,9.845,7.5075,5.6450000000000005,1.2590999999999999,1.736125,1.32035,1.30755,0.667725,0.9202250000000001,0.70015,0.694,1.0377,1.09395,1.010475,0.971325
2020,South Wairarapa District,Wellington Rural,1.3179750000000001,0.70025,0.912075,National,4.7683333333333335,3.8783333333333334,National,10.125,National,1280598,National,4.925,4.15,4.525,National,5755.925048656337,7878.968983456845,6565.674199041845,3461.9492869975297,National,111152.41079422113,125063.87271315217,135435.0900366794,101568.75895089452,National,16,497627,3.5,16812,1032727,6,58571,865546,8.6,68216,830518,10.3,77539,317561,16.7,45488,National,10.125,1280598,6.45,4.768333333333333,3.8783333333333334,1.7,4.6,National,0.375,560,401,524.25,16854.25,2966.5,1209.5,1712000,395200,214200,2.5,3.475,5.7,106.675,104.975,112.025,9.845,7.5075,5.6450000000000005,1.2590999999999999,1.736125,1.32035,1.30755,0.667725,0.9202250000000001,0.70015,0.694,1.0377,1.09395,1.010475,0.971325
2020,Southland,Other,1.36445,0.7220249999999999,0.891575,National,4.7683333333333335,3.8783333333333334,National,10.125,National,1280598,National,4.925,4.15,4.525,National,5755.925048656337,7878.968983456845,6565.674199041845,3461.9492869975297,National,111152.41079422113,125063.87271315217,135435.0900366794,101568.75895089452,National,16,497627,3.5,16812,1032727,6,58571,865546,8.6,68216,830518,10.3,77539,317561,16.7,45488,National,10.125,1280598,6.45,4.768333333333333,3.8783333333333334,1.7,4.6,National,0.375,560,401,524.25,16854.25,2966.5,1209.5,1712000,395200,214200,2.5,3.475,5.7,106.675,104.975,112.025,9.845,7.5075,5.6450000000000005,1.2590999999999999,1.736125,1.32035,1.30755,0.667725,0.9202250000000001,0.70015,0.694,1.0377,1.09395,1.010475,0.971325
2020,Southland District,Other,1.3755249999999999,0.7267,0.961225,National,4.7683333333333335,3.8783333333333334,National,10.125,National,1280598,National,4.925,4.15,4.525,National,5755.925048656337,7878.968983456845,6565.674199041845,3461.9492869975297,National,111152.41079422113,125063.87271315217,135435.0900366794,101568.75895089452,National,16,497627,3.5,16812,1032727,6,58571,865546,8.6,68216,830518,10.3,77539,317561,16.7,45488,National,10.125,1280598,6.45,4.768333333333333,3.8783333333333334,1.7,4.6,National,0.375,560,401,524.25,16854.25,2966.5,1209.5,1712000,395200,214200,2.5,3.475,5.7,106.675,104.975,112.025,9.845,7.5075,5.6450000000000005,1.2590999999999999,1.736125,1.32035,1.30755,0.667725,0.9202250000000001,0.70015,0.694,1.0377,1.09395,1.010475,0.971325
2020,Stratford District,Other,1.30215,0.69005,0.83975,National,4.7683333333333335,3.8783333333333334,National,10.125,National,1280598,National,4.925,4.15,4.525,National,5755.925048656337,7878.968983456845,6565.674199041845,3461.9492869975297,National,111152.41079422113,125063.87271315217,135435.0900366794,101568.75895089452,National,16,497627,3.5,16812,1032727,6,58571,865546,8.6,68216,830518,10.3,77539,317561,16.7,45488,National,10.125,1280598,6.45,4.768333333333333,3.8783333333333334,1.7,4.6,National,0.375,560,401,524.25,16854.25,2966.5,1209.5,1712000,395200,214200,2.5,3.475,5.7,106.675,104.975,112.025,9.845,7.5075,5.6450000000000005,1.2590999999999999,1.736125,1.32035,1.30755,0.667725,0.9202250000000001,0.70015,0.694,1.0377,1.09395,1.010475,0.971325
2020,Taranaki,Other,1.41295,0.749525,0.9773000000000001,National,4.7683333333333335,3.8783333333333334,National,10.125,National,1280598,National,4.925,4.15,4.525,National,5755.925048656337,7878.968983456845,6565.674199041845,3461.9492869975297,National,111152.41079422113,125063.87271315217,135435.0900366794,101568.75895089452,National,16,497627,3.5,16812,1032727,6,58571,865546,8.6,68216,830518,10.3,77539,317561,16.7,45488,National,10.125,1280598,6.45,4.768333333333333,3.8783333333333334,1.7,4.6,National,0.375,560,401,524.25,16854.25,2966.5,1209.5,1712000,395200,214200,2.5,3.475,5.7,106.675,104.975,112.025,9.845,7.5075,5.6450000000000005,1.2590999999999999,1.736125,1.32035,1.30755,0.667725,0.9202250000000001,0.70015,0.694,1.0377,1.09395,1.010475,0.971325
2020,Tararua District,Other,1.221675,0.64815,0.835575,National,4.7683333333333335,3.8783333333333334,National,10.125,National,1280598,National,4.925,4.15,4.525,National,5755.925048656337,7878.968983456845,6565.674199041845,3461.9492869975297,National,111152.41079422113,125063.87271315217,135435.0900366794,101568.75895089452,National,16,497627,3.5,16812,1032727,6,58571,865546,8.6,68216,830518,10.3,77539,317561,16.7,45488,National,10.125,1280598,6.45,4.768333333333333,3.8783333333333334,1.7,4.6,National,0.375,560,401,524.25,16854.25,2966.5,1209.5,1712000,395200,214200,2.5,3.475,5.7,106.675,104.975,112.025,9.845,7.5075,5.6450000000000005,1.2590999999999999,1.736125,1.32035,1.30755,0.667725,0.9202250000000001,0.70015,0.694,1.0377,1.09395,1.010475,0.971325
2020,Tasman,Other,1.5069,0.79895,1.046975,National,4.7683333333333335,3.8783333333333334,National,10.125,National,1280598,National,4.925,4.15,4.525,National,5755.925048656337,7878.968983456845,6565.674199041845,3461.9492869975297,National,111152.41079422113,125063.87271315217,135435.0900366794,101568.75895089452,National,16,497627,3.5,16812,1032727,6,58571,865546,8.6,68216,830518,10.3,77539,317561,16.7,45488,National,10.125,1280598,6.45,4.768333333333333,3.8783333333333334,1.7,4.6,National,0.375,560,401,524.25,16854.25,2966.5,1209.5,1712000,395200,214200,2.5,3.475,5.7,106.675,104.975,112.025,9.845,7.5075,5.6450000000000005,1.2590999999999999,1.736125,1.32035,1.30755,0.667725,0.9202250000000001,0.70015,0.694,1.0377,1.09395,1.010475,0.971325
2020,Tasman District,Other,1.507125,0.7990999999999999,1.046975,National,4.7683333333333335,3.8783333333333334,National,10.125,National,1280598,National,4.925,4.15,4.525,National,5755.925048656337,7878.968983456845,6565.674199041845,3461.9492869975297,National,111152.41079422113,125063.87271315217,135435.0900366794,101568.75895089452,National,16,497627,3.5,16812,1032727,6,58571,865546,8.6,68216,830518,10.3,77539,317561,16.7,45488,National,10.125,1280598,6.45,4.768333333333333,3.8783333333333334,1.7,4.6,National,0.375,560,401,524.25,16854.25,2966.5,1209.5,1712000,395200,214200,2.5,3.475,5.7,106.675,104.975,112.025,9.845,7.5075,5.6450000000000005,1.2590999999999999,1.736125,1.32035,1.30755,0.667725,0.9202250000000001,0.70015,0.694,1.0377,1.09395,1.010475,0.971325
2020,Taupo District,Other,1.44255,0.76505,0.8792,National,4.7683333333333335,3.8783333333333334,National,10.125,National,1280598,National,4.925,4.15,4.525,National,5755.925048656337,7878.968983456845,6565.674199041845,3461.9492869975297,National,111152.41079422113,125063.87271315217,135435.0900366794,101568.75895089452,National,16,497627,3.5,16812,1032727,6,58571,865546,8.6,68216,830518,10.3,77539,317561,16.7,45488,National,10.125,1280598,6.45,4.768333333333333,3.8783333333333334,1.7,4.6,National,0.375,560,401,524.25,16854.25,2966.5,1209.5,1712000,395200,214200,2.5,3.475,5.7,106.675,104.975,112.025,9.845,7.5075,5.6450000000000005,1.2590999999999999,1.736125,1.32035,1.30755,0.667725,0.9202250000000001,0.70015,0.694,1.0377,1.09395,1.010475,0.971325
2020,Tauranga City,Other,1.402275,0.743525,0.9384250000000001,National,4.7683333333333335,3.8783333333333334,National,10.125,National,1280598,National,4.925,4.15,4.525,National,5755.925048656337,7878.968983456845,6565.674199041845,3461.9492869975297,National,111152.41079422113,125063.87271315217,135435.0900366794,101568.75895089452,National,16,497627,3.5,16812,1032727,6,58571,865546,8.6,68216,830518,10.3,77539,317561,16.7,45488,National,10.125,1280598,6.45,4.768333333333333,3.8783333333333334,1.7,4.6,National,0.375,560,401,524.25,16854.25,2966.5,1209.5,1712000,395200,214200,2.5,3.475,5.7,106.675,104.975,112.025,9.845,7.5075,5.6450000000000005,1.2590999999999999,1.736125,1.32035,1.30755,0.667725,0.9202250000000001,0.70015,0.694,1.0377,1.09395,1.010475,0.971325
2020,Thames Coromandel District,Other,1.4009749999999999,0.7433,0.89005,National,4.7683333333333335,3.8783333333333334,National,10.125,National,1280598,National,4.925,4.15,4.525,National,5755.925048656337,7878.968983456845,6565.674199041845,3461.9492869975297,National,111152.41079422113,125063.87271315217,135435.0900366794,101568.75895089452,National,16,497627,3.5,16812,1032727,6,58571,865546,8.6,68216,830518,10.3,77539,317561,16.7,45488,National,10.125,1280598,6.45,4.768333333333333,3.8783333333333334,1.7,4.6,National,0.375,560,401,524.25,16854.25,2966.5,1209.5,1712000,395200,214200,2.5,3.475,5.7,106.675,104.975,112.025,9.845,7.5075,5.6450000000000005,1.2590999999999999,1.736125,1.32035,1.30755,0.667725,0.9202250000000001,0.70015,0.694,1.0377,1.09395,1.010475,0.971325
2020,Timaru District,Canterbury Rural,1.558525,0.8256,1.000475,National,4.7683333333333335,3.8783333333333334,National,10.125,National,1280598,National,4.925,4.15,4.525,National,5755.925048656337,7878.968983456845,6565.674199041845,3461.9492869975297,National,111152.41079422113,125063.87271315217,135435.0900366794,101568.75895089452,National,16,497627,3.5,16812,1032727,6,58571,865546,8.6,68216,830518,10.3,77539,317561,16.7,45488,National,10.125,1280598,6.45,4.768333333333333,3.8783333333333334,1.7,4.6,National,0.375,560,401,524.25,16854.25,2966.5,1209.5,1712000,395200,214200,2.5,3.475,5.7,106.675,104.975,112.025,9.845,7.5075,5.6450000000000005,1.2590999999999999,1.736125,1.32035,1.30755,0.667725,0.9202250000000001,0.70015,0.694,1.0377,1.09395,1.010475,0.971325
2020,Upper Hutt City,Wellington Urban,1.299,0.689775,0.9105,National,4.7683333333333335,3.8783333333333334,National,10.125,National,1280598,National,4.925,4.15,4.525,National,5755.925048656337,7878.968983456845,6565.674199041845,3461.9492869975297,National,111152.41079422113,125063.87271315217,135435.0900366794,101568.75895089452,National,16,497627,3.5,16812,1032727,6,58571,865546,8.6,68216,830518,10.3,77539,317561,16.7,45488,National,10.125,1280598,6.45,4.768333333333333,3.8783333333333334,1.7,4.6,National,0.375,560,401,524.25,16854.25,2966.5,1209.5,1712000,395200,214200,2.5,3.475,5.7,106.675,104.975,112.025,9.845,7.5075,5.6450000000000005,1.2590999999999999,1.736125,1.32035,1.30755,0.667725,0.9202250000000001,0.70015,0.694,1.0377,1.09395,1.010475,0.971325
2020,Waikato,Other,1.30195,0.690475,0.935425,National,4.7683333333333335,3.8783333333333334,National,10.125,National,1280598,National,4.925,4.15,4.525,National,5755.925048656337,7878.968983456845,6565.674199041845,3461.9492869975297,National,111152.41079422113,125063.87271315217,135435.0900366794,101568.75895089452,National,16,497627,3.5,16812,1032727,6,58571,865546,8.6,68216,830518,10.3,77539,317561,16.7,45488,National,10.125,1280598,6.45,4.768333333333333,3.8783333333333334,1.7,4.6,National,0.375,560,401,524.25,16854.25,2966.5,1209.5,1712000,395200,214200,2.5,3.475,5.7,106.675,104.975,112.025,9.845,7.5075,5.6450000000000005,1.2590999999999999,1.736125,1.32035,1.30755,0.667725,0.9202250000000001,0.70015,0.694,1.0377,1.09395,1.010475,0.971325
2020,Waikato District,Other,1.2828499999999998,0.679725,0.980375,National,4.7683333333333335,3.8783333333333334,National,10.125,National,1280598,National,4.925,4.15,4.525,National,5755.925048656337,7878.968983456845,6565.674199041845,3461.9492869975297,National,111152.41079422113,125063.87271315217,135435.0900366794,101568.75895089452,National,16,497627,3.5,16812,1032727,6,58571,865546,8.6,68216,830518,10.3,77539,317561,16.7,45488,National,10.125,1280598,6.45,4.768333333333333,3.8783333333333334,1.7,4.6,National,0.375,560,401,524.25,16854.25,2966.5,1209.5,1712000,395200,214200,2.5,3.475,5.7,106.675,104.975,112.025,9.845,7.5075,5.6450000000000005,1.2590999999999999,1.736125,1.32035,1.30755,0.667725,0.9202250000000001,0.70015,0.694,1.0377,1.09395,1.010475,0.971325
2020,Waimakariri District,Canterbury Rural,1.7297500000000001,0.917,1.0829,National,4.7683333333333335,3.8783333333333334,National,10.125,National,1280598,National,4.925,4.15,4.525,National,5755.925048656337,7878.968983456845,6565.674199041845,3461.9492869975297,National,111152.41079422113,125063.87271315217,135435.0900366794,101568.75895089452,National,16,497627,3.5,16812,1032727,6,58571,865546,8.6,68216,830518,10.3,77539,317561,16.7,45488,National,10.125,1280598,6.45,4.768333333333333,3.8783333333333334,1.7,4.6,National,0.375,560,401,524.25,16854.25,2966.5,1209.5,1712000,395200,214200,2.5,3.475,5.7,106.675,104.975,112.025,9.845,7.5075,5.6450000000000005,1.2590999999999999,1.736125,1.32035,1.30755,0.667725,0.9202250000000001,0.70015,0.694,1.0377,1.09395,1.010475,0.971325
2020,Waimate District,Canterbury Rural,1.4719250000000001,0.77965,0.8913249999999999,National,4.7683333333333335,3.8783333333333334,National,10.125,National,1280598,National,4.925,4.15,4.525,National,5755.925048656337,7878.968983456845,6565.674199041845,3461.9492869975297,National,111152.41079422113,125063.87271315217,135435.0900366794,101568.75895089452,National,16,497627,3.5,16812,1032727,6,58571,865546,8.6,68216,830518,10.3,77539,317561,16.7,45488,National,10.125,1280598,6.45,4.768333333333333,3.8783333333333334,1.7,4.6,National,0.375,560,401,524.25,16854.25,2966.5,1209.5,1712000,395200,214200,2.5,3.475,5.7,106.675,104.975,112.025,9.845,7.5075,5.6450000000000005,1.2590999999999999,1.736125,1.32035,1.30755,0.667725,0.9202250000000001,0.70015,0.694,1.0377,1.09395,1.010475,0.971325
2020,Waipa District,Other,1.17015,0.62,0.91915,National,4.7683333333333335,3.8783333333333334,National,10.125,National,1280598,National,4.925,4.15,4.525,National,5755.925048656337,7878.968983456845,6565.674199041845,3461.9492869975297,National,111152.41079422113,125063.87271315217,135435.0900366794,101568.75895089452,National,16,497627,3.5,16812,1032727,6,58571,865546,8.6,68216,830518,10.3,77539,317561,16.7,45488,National,10.125,1280598,6.45,4.768333333333333,3.8783333333333334,1.7,4.6,National,0.375,560,401,524.25,16854.25,2966.5,1209.5,1712000,395200,214200,2.5,3.475,5.7,106.675,104.975,112.025,9.845,7.5075,5.6450000000000005,1.2590999999999999,1.736125,1.32035,1.30755,0.667725,0.9202250000000001,0.70015,0.694,1.0377,1.09395,1.010475,0.971325
2020,Wairoa District,Other,1.44405,0.7651,0.78395,National,4.7683333333333335,3.8783333333333334,National,10.125,National,1280598,National,4.925,4.15,4.525,National,5755.925048656337,7878.968983456845,6565.674199041845,3461.9492869975297,National,111152.41079422113,125063.87271315217,135435.0900366794,101568.75895089452,National,16,497627,3.5,16812,1032727,6,58571,865546,8.6,68216,830518,10.3,77539,317561,16.7,45488,National,10.125,1280598,6.45,4.768333333333333,3.8783333333333334,1.7,4.6,National,0.375,560,401,524.25,16854.25,2966.5,1209.5,1712000,395200,214200,2.5,3.475,5.7,106.675,104.975,112.025,9.845,7.5075,5.6450000000000005,1.2590999999999999,1.736125,1.32035,1.30755,0.667725,0.9202250000000001,0.70015,0.694,1.0377,1.09395,1.010475,0.971325
2020,Waitaki District,Other,1.39205,0.738175,0.9355,National,4.7683333333333335,3.8783333333333334,National,10.125,National,1280598,National,4.925,4.15,4.525,National,5755.925048656337,7878.968983456845,6565.674199041845,3461.9492869975297,National,111152.41079422113,125063.87271315217,135435.0900366794,101568.75895089452,National,16,497627,3.5,16812,1032727,6,58571,865546,8.6,68216,830518,10.3,77539,317561,16.7,45488,National,10.125,1280598,6.45,4.768333333333333,3.8783333333333334,1.7,4.6,National,0.375,560,401,524.25,16854.25,2966.5,1209.5,1712000,395200,214200,2.5,3.475,5.7,106.675,104.975,112.025,9.845,7.5075,5.6450000000000005,1.2590999999999999,1.736125,1.32035,1.30755,0.667725,0.9202250000000001,0.70015,0.694,1.0377,1.09395,1.010475,0.971325
2020,Waitomo District,Other,1.2454,0.6611750000000001,0.8577250000000001,National,4.7683333333333335,3.8783333333333334,National,10.125,National,1280598,National,4.925,4.15,4.525,National,5755.925048656337,7878.968983456845,6565.674199041845,3461.9492869975297,National,111152.41079422113,125063.87271315217,135435.0900366794,101568.75895089452,National,16,497627,3.5,16812,1032727,6,58571,865546,8.6,68216,830518,10.3,77539,317561,16.7,45488,National,10.125,1280598,6.45,4.768333333333333,3.8783333333333334,1.7,4.6,National,0.375,560,401,524.25,16854.25,2966.5,1209.5,1712000,395200,214200,2.5,3.475,5.7,106.675,104.975,112.025,9.845,7.5075,5.6450000000000005,1.2590999999999999,1.736125,1.32035,1.30755,0.667725,0.9202250000000001,0.70015,0.694,1.0377,1.09395,1.010475,0.971325
2020,Wellington,Wellington Rural,1.30755,0.694,0.971325,National,4.7683333333333335,3.8783333333333334,National,10.125,National,1280598,National,4.925,4.15,4.525,National,5755.925048656337,7878.968983456845,6565.674199041845,3461.9492869975297,National,111152.41079422113,125063.87271315217,135435.0900366794,101568.75895089452,National,16,497627,3.5,16812,1032727,6,58571,865546,8.6,68216,830518,10.3,77539,317561,16.7,45488,National,10.125,1280598,6.45,4.768333333333333,3.8783333333333334,1.7,4.6,National,0.375,560,401,524.25,16854.25,2966.5,1209.5,1712000,395200,214200,2.5,3.475,5.7,106.675,104.975,112.025,9.845,7.5075,5.6450000000000005,1.2590999999999999,1.736125,1.32035,1.30755,0.667725,0.9202250000000001,0.70015,0.694,1.0377,1.09395,1.010475,0.971325
2020,Wellington City,Wellington Urban,1.358425,0.720775,0.9793,National,4.7683333333333335,3.8783333333333334,National,10.125,National,1280598,National,4.925,4.15,4.525,National,5755.925048656337,7878.968983456845,6565.674199041845,3461.9492869975297,National,111152.41079422113,125063.87271315217,135435.0900366794,101568.75895089452,National,16,497627,3.5,16812,1032727,6,58571,865546,8.6,68216,830518,10.3,77539,317561,16.7,45488,National,10.125,1280598,6.45,4.768333333333333,3.8783333333333334,1.7,4.6,National,0.375,560,401,524.25,16854.25,2966.5,1209.5,1712000,395200,214200,2.5,3.475,5.7,106.675,104.975,112.025,9.845,7.5075,5.6450000000000005,1.2590999999999999,1.736125,1.32035,1.30755,0.667725,0.9202250000000001,0.70015,0.694,1.0377,1.09395,1.010475,0.971325
2020,West Coast,Other,1.8685,0.990475,0.9888250000000001,National,4.7683333333333335,3.8783333333333334,National,10.125,National,1280598,National,4.925,4.15,4.525,National,5755.925048656337,7878.968983456845,6565.674199041845,3461.9492869975297,National,111152.41079422113,125063.87271315217,135435.0900366794,101568.75895089452,National,16,497627,3.5,16812,1032727,6,58571,865546,8.6,68216,830518,10.3,77539,317561,16.7,45488,National,10.125,1280598,6.45,4.768333333333333,3.8783333333333334,1.7,4.6,National,0.375,560,401,524.25,16854.25,2966.5,1209.5,1712000,395200,214200,2.5,3.475,5.7,106.675,104.975,112.025,9.845,7.5075,5.6450000000000005,1.2590999999999999,1.736125,1.32035,1.30755,0.667725,0.9202250000000001,0.70015,0.694,1.0377,1.09395,1.010475,0.971325
2020,Western Bay of Plenty District,Other,1.436575,0.761675,0.9466,National,4.7683333333333335,3.8783333333333334,National,10.125,National,1280598,National,4.925,4.15,4.525,National,5755.925048656337,7878.968983456845,6565.674199041845,3461.9492869975297,National,111152.41079422113,125063.87271315217,135435.0900366794,101568.75895089452,National,16,497627,3.5,16812,1032727,6,58571,865546,8.6,68216,830518,10.3,77539,317561,16.7,45488,National,10.125,1280598,6.45,4.768333333333333,3.8783333333333334,1.7,4.6,National,0.375,560,401,524.25,16854.25,2966.5,1209.5,1712000,395200,214200,2.5,3.475,5.7,106.675,104.975,112.025,9.845,7.5075,5.6450000000000005,1.2590999999999999,1.736125,1.32035,1.30755,0.667725,0.9202250000000001,0.70015,0.694,1.0377,1.09395,1.010475,0.971325
2020,Westland District,Other,1.7842,0.9451,0.9793499999999999,National,4.7683333333333335,3.8783333333333334,National,10.125,National,1280598,National,4.925,4.15,4.525,National,5755.925048656337,7878.968983456845,6565.674199041845,3461.9492869975297,National,111152.41079422113,125063.87271315217,135435.0900366794,101568.75895089452,National,16,497627,3.5,16812,1032727,6,58571,865546,8.6,68216,830518,10.3,77539,317561,16.7,45488,National,10.125,1280598,6.45,4.768333333333333,3.8783333333333334,1.7,4.6,National,0.375,560,401,524.25,16854.25,2966.5,1209.5,1712000,395200,214200,2.5,3.475,5.7,106.675,104.975,112.025,9.845,7.5075,5.6450000000000005,1.2590999999999999,1.736125,1.32035,1.30755,0.667725,0.9202250000000001,0.70015,0.694,1.0377,1.09395,1.010475,0.971325
2020,Whakatane District,Other,1.3593,0.72075,0.9149,National,4.7683333333333335,3.8783333333333334,National,10.125,National,1280598,National,4.925,4.15,4.525,National,5755.925048656337,7878.968983456845,6565.674199041845,3461.9492869975297,National,111152.41079422113,125063.87271315217,135435.0900366794,101568.75895089452,National,16,497627,3.5,16812,1032727,6,58571,865546,8.6,68216,830518,10.3,77539,317561,16.7,45488,National,10.125,1280598,6.45,4.768333333333333,3.8783333333333334,1.7,4.6,National,0.375,560,401,524.25,16854.25,2966.5,1209.5,1712000,395200,214200,2.5,3.475,5.7,106.675,104.975,112.025,9.845,7.5075,5.6450000000000005,1.2590999999999999,1.736125,1.32035,1.30755,0.667725,0.9202250000000001,0.70015,0.694,1.0377,1.09395,1.010475,0.971325
2020,Whanganui District,Other,1.1449500000000001,0.608025,0.7656000000000001,National,4.7683333333333335,3.8783333333333334,National,10.125,National,1280598,National,4.925,4.15,4.525,National,5755.925048656337,7878.968983456845,6565.674199041845,3461.9492869975297,National,111152.41079422113,125063.87271315217,135435.0900366794,101568.75895089452,National,16,497627,3.5,16812,1032727,6,58571,865546,8.6,68216,830518,10.3,77539,317561,16.7,45488,National,10.125,1280598,6.45,4.768333333333333,3.8783333333333334,1.7,4.6,National,0.375,560,401,524.25,16854.25,2966.5,1209.5,1712000,395200,214200,2.5,3.475,5.7,106.675,104.975,112.025,9.845,7.5075,5.6450000000000005,1.2590999999999999,1.736125,1.32035,1.30755,0.667725,0.9202250000000001,0.70015,0.694,1.0377,1.09395,1.010475,0.971325
2020,Whangarei District,Other,1.3872499999999999,0.735275,0.8989,National,4.7683333333333335,3.8783333333333334,National,10.125,National,1280598,National,4.925,4.15,4.525,National,5755.925048656337,7878.968983456845,6565.674199041845,3461.9492869975297,National,111152.41079422113,125063.87271315217,135435.0900366794,101568.75895089452,National,16,497627,3.5,16812,1032727,6,58571,865546,8.6,68216,830518,10.3,77539,317561,16.7,45488,National,10.125,1280598,6.45,4.768333333333333,3.8783333333333334,1.7,4.6,National,0.375,560,401,524.25,16854.25,2966.5,1209.5,1712000,395200,214200,2.5,3.475,5.7,106.675,104.975,112.025,9.845,7.5075,5.6450000000000005,1.2590999999999999,1.736125,1.32035,1.30755,0.667725,0.9202250000000001,0.70015,0.694,1.0377,1.09395,1.010475,0.971325
2021,Ashburton District,Canterbury Rural,1.480625,0.7867,1.035525,National,4.5775,3.805,National,26.45,National,1632673.25,National,3.875,3.75,3.5999999999999996,National,4772.538356164383,5663.427397260274,5077.694520547945,2650.6452054794518,National,115928.05342465753,130731.66575342465,140516.38082191782,104221.35616438356,National,17,598688,20.3,101061,1274463,23.4,241736,1131561,30.7,266015,1059778,27.6,229260,383096,20.6,65535,National,26.45,1632673.25,5.325,4.5775,3.805,3.9000000000000004,3.775,National,0.355,587,433,564.5,20481.5,4293.25,977,1704000,396500,212300,4.85,7.975,7.725,111.825,113.35,120.6,12.0175,10.8275,4.605,1.0523500000000001,1.411925,1.0897000000000001,1.04565,0.559925,0.74735,0.579875,0.55645,1.0582500000000001,1.0728499999999999,1.010125,0.9606250000000001
2021,Auckland,Auckland Urban,1.05355,0.5606125,1.0584,National,4.5775,3.805,National,26.45,National,1632673.25,National,3.875,3.75,3.5999999999999996,National,4772.538356164383,5663.427397260274,5077.694520547945,2650.6452054794518,National,115928.05342465753,130731.66575342465,140516.38082191782,104221.35616438356,National,17,598688,20.3,101061,1274463,23.4,241736,1131561,30.7,266015,1059778,27.6,229260,383096,20.6,65535,National,26.45,1632673.25,5.325,4.5775,3.805,3.9000000000000004,3.775,National,0.355,587,433,564.5,20481.5,4293.25,977,1704000,396500,212300,4.85,7.975,7.725,111.825,113.35,120.6,12.0175,10.8275,4.605,1.0523500000000001,1.411925,1.0897000000000001,1.04565,0.559925,0.74735,0.579875,0.55645,1.0582500000000001,1.0728499999999999,1.010125,0.9606250000000001
2021,Bay of Plenty,Other,1.0830250000000001,0.5755250000000001,0.87115,National,4.5775,3.805,National,26.45,National,1632673.25,National,3.875,3.75,3.5999999999999996,National,4772.538356164383,5663.427397260274,5077.694520547945,2650.6452054794518,National,115928.05342465753,130731.66575342465,140516.38082191782,104221.35616438356,National,17,598688,20.3,101061,1274463,23.4,241736,1131561,30.7,266015,1059778,27.6,229260,383096,20.6,65535,National,26.45,1632673.25,5.325,4.5775,3.805,3.9000000000000004,3.775,National,0.355,587,433,564.5,20481.5,4293.25,977,1704000,396500,212300,4.85,7.975,7.725,111.825,113.35,120.6,12.0175,10.8275,4.605,1.0523500000000001,1.411925,1.0897000000000001,1.04565,0.559925,0.74735,0.579875,0.55645,1.0582500000000001,1.0728499999999999,1.010125,0.9606250000000001
2021,Buller District,Other,1.33965,0.710725,0.8618250000000001,National,4.5775,3.805,National,26.45,National,1632673.25,National,3.875,3.75,3.5999999999999996,National,4772.538356164383,5663.427397260274,5077.694520547945,2650.6452054794518,National,115928.05342465753,130731.66575342465,140516.38082191782,104221.35616438356,National,17,598688,20.3,101061,1274463,23.4,241736,1131561,30.7,266015,1059778,27.6,229260,383096,20.6,65535,National,26.45,1632673.25,5.325,4.5775,3.805,3.9000000000000004,3.775,National,0.355,587,433,564.5,20481.5,4293.25,977,1704000,396500,212300,4.85,7.975,7.725,111.825,113.35,120.6,12.0175,10.8275,4.605,1.0523500000000001,1.411925,1.0897000000000001,1.04565,0.559925,0.74735,0.579875,0.55645,1.0582500000000001,1.0728499999999999,1.010125,0.9606250000000001
2021,Canterbury,Canterbury Rural,1.411925,0.74735,1.0728499999999999,National,4.5775,3.805,National,26.45,National,1632673.25,National,3.875,3.75,3.5999999999999996,National,4772.538356164383,5663.427397260274,5077.694520547945,2650.6452054794518,National,115928.05342465753,130731.66575342465,140516.38082191782,104221.35616438356,National,17,598688,20.3,101061,1274463,23.4,241736,1131561,30.7,266015,1059778,27.6,229260,383096,20.6,65535,National,26.45,1632673.25,5.325,4.5775,3.805,3.9000000000000004,3.775,National,0.355,587,433,564.5,20481.5,4293.25,977,1704000,396500,212300,4.85,7.975,7.725,111.825,113.35,120.6,12.0175,10.8275,4.605,1.0523500000000001,1.411925,1.0897000000000001,1.04565,0.559925,0.74735,0.579875,0.55645,1.0582500000000001,1.0728499999999999,1.010125,0.9606250000000001
2021,Carterton District,Wellington Rural,0.861725,0.46055,0.760725,National,4.5775,3.805,National,26.45,National,1632673.25,National,3.875,3.75,3.5999999999999996,National,4772.538356164383,5663.427397260274,5077.694520547945,2650.6452054794518,National,115928.05342465753,130731.66575342465,140516.38082191782,104221.35616438356,National,17,598688,20.3,101061,1274463,23.4,241736,1131561,30.7,266015,1059778,27.6,229260,383096,20.6,65535,National,26.45,1632673.25,5.325,4.5775,3.805,3.9000000000000004,3.775,National,0.355,587,433,564.5,20481.5,4293.25,977,1704000,396500,212300,4.85,7.975,7.725,111.825,113.35,120.6,12.0175,10.8275,4.605,1.0523500000000001,1.411925,1.0897000000000001,1.04565,0.559925,0.74735,0.579875,0.55645,1.0582500000000001,1.0728499999999999,1.010125,0.9606250000000001
2021,Central Hawkes Bay District,Other,1.026875,0.5471,0.720025,National,4.5775,3.805,National,26.45,National,1632673.25,National,3.875,3.75,3.5999999999999996,National,4772.538356164383,5663.427397260274,5077.694520547945,2650.6452054794518,National,115928.05342465753,130731.66575342465,140516.38082191782,104221.35616438356,National,17,598688,20.3,101061,1274463,23.4,241736,1131561,30.7,266015,1059778,27.6,229260,383096,20.6,65535,National,26.45,1632673.25,5.325,4.5775,3.805,3.9000000000000004,3.775,National,0.355,587,433,564.5,20481.5,4293.25,977,1704000,396500,212300,4.85,7.975,7.725,111.825,113.35,120.6,12.0175,10.8275,4.605,1.0523500000000001,1.411925,1.0897000000000001,1.04565,0.559925,0.74735,0.579875,0.55645,1.0582500000000001,1.0728499999999999,1.010125,0.9606250000000001
2021,Central Otago District,Other,1.121075,0.596275,0.8881,National,4.5775,3.805,National,26.45,National,1632673.25,National,3.875,3.75,3.5999999999999996,National,4772.538356164383,5663.427397260274,5077.694520547945,2650.6452054794518,National,115928.05342465753,130731.66575342465,140516.38082191782,104221.35616438356,National,17,598688,20.3,101061,1274463,23.4,241736,1131561,30.7,266015,1059778,27.6,229260,383096,20.6,65535,National,26.45,1632673.25,5.325,4.5775,3.805,3.9000000000000004,3.775,National,0.355,587,433,564.5,20481.5,4293.25,977,1704000,396500,212300,4.85,7.975,7.725,111.825,113.35,120.6,12.0175,10.8275,4.605,1.0523500000000001,1.411925,1.0897000000000001,1.04565,0.559925,0.74735,0.579875,0.55645,1.0582500000000001,1.0728499999999999,1.010125,0.9606250000000001
2021,Christchurch City,Canterbury Urban,1.373275,0.726775,1.049325,National,4.5775,3.805,National,26.45,National,1632673.25,National,3.875,3.75,3.5999999999999996,National,4772.538356164383,5663.427397260274,5077.694520547945,2650.6452054794518,National,115928.05342465753,130731.66575342465,140516.38082191782,104221.35616438356,National,17,598688,20.3,101061,1274463,23.4,241736,1131561,30.7,266015,1059778,27.6,229260,383096,20.6,65535,National,26.45,1632673.25,5.325,4.5775,3.805,3.9000000000000004,3.775,National,0.355,587,433,564.5,20481.5,4293.25,977,1704000,396500,212300,4.85,7.975,7.725,111.825,113.35,120.6,12.0175,10.8275,4.605,1.0523500000000001,1.411925,1.0897000000000001,1.04565,0.559925,0.74735,0.579875,0.55645,1.0582500000000001,1.0728499999999999,1.010125,0.9606250000000001
2021,Clutha District,Other,0.9998,0.530925,0.826075,National,4.5775,3.805,National,26.45,National,1632673.25,National,3.875,3.75,3.5999999999999996,National,4772.538356164383,5663.427397260274,5077.694520547945,2650.6452054794518,National,115928.05342465753,130731.66575342465,140516.38082191782,104221.35616438356,National,17,598688,20.3,101061,1274463,23.4,241736,1131561,30.7,266015,1059778,27.6,229260,383096,20.6,65535,National,26.45,1632673.25,5.325,4.5775,3.805,3.9000000000000004,3.775,National,0.355,587,433,564.5,20481.5,4293.25,977,1704000,396500,212300,4.85,7.975,7.725,111.825,113.35,120.6,12.0175,10.8275,4.605,1.0523500000000001,1.411925,1.0897000000000001,1.04565,0.559925,0.74735,0.579875,0.55645,1.0582500000000001,1.0728499999999999,1.010125,0.9606250000000001
2021,Dunedin City,Other,1.0216749999999999,0.545575,1.027625,National,4.5775,3.805,National,26.45,National,1632673.25,National,3.875,3.75,3.5999999999999996,National,4772.538356164383,5663.427397260274,5077.694520547945,2650.6452054794518,National,115928.05342465753,130731.66575342465,140516.38082191782,104221.35616438356,National,17,598688,20.3,101061,1274463,23.4,241736,1131561,30.7,266015,1059778,27.6,229260,383096,20.6,65535,National,26.45,1632673.25,5.325,4.5775,3.805,3.9000000000000004,3.775,National,0.355,587,433,564.5,20481.5,4293.25,977,1704000,396500,212300,4.85,7.975,7.725,111.825,113.35,120.6,12.0175,10.8275,4.605,1.0523500000000001,1.411925,1.0897000000000001,1.04565,0.559925,0.74735,0.579875,0.55645,1.0582500000000001,1.0728499999999999,1.010125,0.9606250000000001
2021,Far North District,Other,1.2901,0.684575,0.890325,National,4.5775,3.805,National,26.45,National,1632673.25,National,3.875,3.75,3.5999999999999996,National,4772.538356164383,5663.427397260274,5077.694520547945,2650.6452054794518,National,115928.05342465753,130731.66575342465,140516.38082191782,104221.35616438356,National,17,598688,20.3,101061,1274463,23.4,241736,1131561,30.7,266015,1059778,27.6,229260,383096,20.6,65535,National,26.45,1632673.25,5.325,4.5775,3.805,3.9000000000000004,3.775,National,0.355,587,433,564.5,20481.5,4293.25,977,1704000,396500,212300,4.85,7.975,7.725,111.825,113.35,120.6,12.0175,10.8275,4.605,1.0523500000000001,1.411925,1.0897000000000001,1.04565,0.559925,0.74735,0.579875,0.55645,1.0582500000000001,1.0728499999999999,1.010125,0.9606250000000001
2021,Gisborne,Other,1.03125,0.550875,0.85865,National,4.5775,3.805,National,26.45,National,1632673.25,National,3.875,3.75,3.5999999999999996,National,4772.538356164383,5663.427397260274,5077.694520547945,2650.6452054794518,National,115928.05342465753,130731.66575342465,140516.38082191782,104221.35616438356,National,17,598688,20.3,101061,1274463,23.4,241736,1131561,30.7,266015,1059778,27.6,229260,383096,20.6,65535,National,26.45,1632673.25,5.325,4.5775,3.805,3.9000000000000004,3.775,National,0.355,587,433,564.5,20481.5,4293.25,977,1704000,396500,212300,4.85,7.975,7.725,111.825,113.35,120.6,12.0175,10.8275,4.605,1.0523500000000001,1.411925,1.0897000000000001,1.04565,0.559925,0.74735,0.579875,0.55645,1.0582500000000001,1.0728499999999999,1.010125,0.9606250000000001
2021,Gisborne District,Other,1.03125,0.550875,0.85865,National,4.5775,3.805,National,26.45,National,1632673.25,National,3.875,3.75,3.5999999999999996,National,4772.538356164383,5663.427397260274,5077.694520547945,2650.6452054794518,National,115928.05342465753,130731.66575342465,140516.38082191782,104221.35616438356,National,17,598688,20.3,101061,1274463,23.4,241736,1131561,30.7,266015,1059778,27.6,229260,383096,20.6,65535,National,26.45,1632673.25,5.325,4.5775,3.805,3.9000000000000004,3.775,National,0.355,587,433,564.5,20481.5,4293.25,977,1704000,396500,212300,4.85,7.975,7.725,111.825,113.35,120.6,12.0175,10.8275,4.605,1.0523500000000001,1.411925,1.0897000000000001,1.04565,0.559925,0.74735,0.579875,0.55645,1.0582500000000001,1.0728499999999999,1.010125,0.9606250000000001
2021,Gore District,Other,1.268375,0.67595,0.793975,National,4.5775,3.805,National,26.45,National,1632673.25,National,3.875,3.75,3.5999999999999996,National,4772.538356164383,5663.427397260274,5077.694520547945,2650.6452054794518,National,115928.05342465753,130731.66575342465,140516.38082191782,104221.35616438356,National,17,598688,20.3,101061,1274463,23.4,241736,1131561,30.7,266015,1059778,27.6,229260,383096,20.6,65535,National,26.45,1632673.25,5.325,4.5775,3.805,3.9000000000000004,3.775,National,0.355,587,433,564.5,20481.5,4293.25,977,1704000,396500,212300,4.85,7.975,7.725,111.825,113.35,120.6,12.0175,10.8275,4.605,1.0523500000000001,1.411925,1.0897000000000001,1.04565,0.559925,0.74735,0.579875,0.55645,1.0582500000000001,1.0728499999999999,1.010125,0.9606250000000001
2021,Grey District,Other,1.492025,0.79465,0.958425,National,4.5775,3.805,National,26.45,National,1632673.25,National,3.875,3.75,3.5999999999999996,National,4772.538356164383,5663.427397260274,5077.694520547945,2650.6452054794518,National,115928.05342465753,130731.66575342465,140516.38082191782,104221.35616438356,National,17,598688,20.3,101061,1274463,23.4,241736,1131561,30.7,266015,1059778,27.6,229260,383096,20.6,65535,National,26.45,1632673.25,5.325,4.5775,3.805,3.9000000000000004,3.775,National,0.355,587,433,564.5,20481.5,4293.25,977,1704000,396500,212300,4.85,7.975,7.725,111.825,113.35,120.6,12.0175,10.8275,4.605,1.0523500000000001,1.411925,1.0897000000000001,1.04565,0.559925,0.74735,0.579875,0.55645,1.0582500000000001,1.0728499999999999,1.010125,0.9606250000000001
2021,Hamilton City,Other,0.9997,0.53255,0.94535,National,4.5775,3.805,National,26.45,National,1632673.25,National,3.875,3.75,3.5999999999999996,National,4772.538356164383,5663.427397260274,5077.694520547945,2650.6452054794518,National,115928.05342465753,130731.66575342465,140516.38082191782,104221.35616438356,National,17,598688,20.3,101061,1274463,23.4,241736,1131561,30.7,266015,1059778,27.6,229260,383096,20.6,65535,National,26.45,1632673.25,5.325,4.5775,3.805,3.9000000000000004,3.775,National,0.355,587,433,564.5,20481.5,4293.25,977,1704000,396500,212300,4.85,7.975,7.725,111.825,113.35,120.6,12.0175,10.8275,4.605,1.0523500000000001,1.411925,1.0897000000000001,1.04565,0.559925,0.74735,0.579875,0.55645,1.0582500000000001,1.0728499999999999,1.010125,0.9606250000000001
2021,Hastings District,Other,0.9742999999999999,0.5178,0.896075,National,4.5775,3.805,National,26.45,National,1632673.25,National,3.875,3.75,3.5999999999999996,National,4772.538356164383,5663.427397260274,5077.694520547945,2650.6452054794518,National,115928.05342465753,130731.66575342465,140516.38082191782,104221.35616438356,National,17,598688,20.3,101061,1274463,23.4,241736,1131561,30.7,266015,1059778,27.6,229260,383096,20.6,65535,National,26.45,1632673.25,5.325,4.5775,3.805,3.9000000000000004,3.775,National,0.355,587,433,564.5,20481.5,4293.25,977,1704000,396500,212300,4.85,7.975,7.725,111.825,113.35,120.6,12.0175,10.8275,4.605,1.0523500000000001,1.411925,1.0897000000000001,1.04565,0.559925,0.74735,0.579875,0.55645,1.0582500000000001,1.0728499999999999,1.010125,0.9606250000000001
2021,Hauraki District,Other,1.0257,0.5457,0.852025,National,4.5775,3.805,National,26.45,National,1632673.25,National,3.875,3.75,3.5999999999999996,National,4772.538356164383,5663.427397260274,5077.694520547945,2650.6452054794518,National,115928.05342465753,130731.66575342465,140516.38082191782,104221.35616438356,National,17,598688,20.3,101061,1274463,23.4,241736,1131561,30.7,266015,1059778,27.6,229260,383096,20.6,65535,National,26.45,1632673.25,5.325,4.5775,3.805,3.9000000000000004,3.775,National,0.355,587,433,564.5,20481.5,4293.25,977,1704000,396500,212300,4.85,7.975,7.725,111.825,113.35,120.6,12.0175,10.8275,4.605,1.0523500000000001,1.411925,1.0897000000000001,1.04565,0.559925,0.74735,0.579875,0.55645,1.0582500000000001,1.0728499999999999,1.010125,0.9606250000000001
2021,Hawke's Bay,Other,0.9984500000000001,0.5313,0.8849,National,4.5775,3.805,National,26.45,National,1632673.25,National,3.875,3.75,3.5999999999999996,National,4772.538356164383,5663.427397260274,5077.694520547945,2650.6452054794518,National,115928.05342465753,130731.66575342465,140516.38082191782,104221.35616438356,National,17,598688,20.3,101061,1274463,23.4,241736,1131561,30.7,266015,1059778,27.6,229260,383096,20.6,65535,National,26.45,1632673.25,5.325,4.5775,3.805,3.9000000000000004,3.775,National,0.355,587,433,564.5,20481.5,4293.25,977,1704000,396500,212300,4.85,7.975,7.725,111.825,113.35,120.6,12.0175,10.8275,4.605,1.0523500000000001,1.411925,1.0897000000000001,1.04565,0.559925,0.74735,0.579875,0.55645,1.0582500000000001,1.0728499999999999,1.010125,0.9606250000000001
2021,Horowhenua District,Other,0.887,0.4723,0.77445,National,4.5775,3.805,National,26.45,National,1632673.25,National,3.875,3.75,3.5999999999999996,National,4772.538356164383,5663.427397260274,5077.694520547945,2650.6452054794518,National,115928.05342465753,130731.66575342465,140516.38082191782,104221.35616438356,National,17,598688,20.3,101061,1274463,23.4,241736,1131561,30.7,266015,1059778,27.6,229260,383096,20.6,65535,National,26.45,1632673.25,5.325,4.5775,3.805,3.9000000000000004,3.775,National,0.355,587,433,564.5,20481.5,4293.25,977,1704000,396500,212300,4.85,7.975,7.725,111.825,113.35,120.6,12.0175,10.8275,4.605,1.0523500000000001,1.411925,1.0897000000000001,1.04565,0.559925,0.74735,0.579875,0.55645,1.0582500000000001,1.0728499999999999,1.010125,0.9606250000000001
2021,Hurunui District,Canterbury Rural,1.4639250000000001,0.77345,0.96655,National,4.5775,3.805,National,26.45,National,1632673.25,National,3.875,3.75,3.5999999999999996,National,4772.538356164383,5663.427397260274,5077.694520547945,2650.6452054794518,National,115928.05342465753,130731.66575342465,140516.38082191782,104221.35616438356,National,17,598688,20.3,101061,1274463,23.4,241736,1131561,30.7,266015,1059778,27.6,229260,383096,20.6,65535,National,26.45,1632673.25,5.325,4.5775,3.805,3.9000000000000004,3.775,National,0.355,587,433,564.5,20481.5,4293.25,977,1704000,396500,212300,4.85,7.975,7.725,111.825,113.35,120.6,12.0175,10.8275,4.605,1.0523500000000001,1.411925,1.0897000000000001,1.04565,0.559925,0.74735,0.579875,0.55645,1.0582500000000001,1.0728499999999999,1.010125,0.9606250000000001
2021,Hutt City,Wellington Urban,1.016,0.54175,0.90665,National,4.5775,3.805,National,26.45,National,1632673.25,National,3.875,3.75,3.5999999999999996,National,4772.538356164383,5663.427397260274,5077.694520547945,2650.6452054794518,National,115928.05342465753,130731.66575342465,140516.38082191782,104221.35616438356,National,17,598688,20.3,101061,1274463,23.4,241736,1131561,30.7,266015,1059778,27.6,229260,383096,20.6,65535,National,26.45,1632673.25,5.325,4.5775,3.805,3.9000000000000004,3.775,National,0.355,587,433,564.5,20481.5,4293.25,977,1704000,396500,212300,4.85,7.975,7.725,111.825,113.35,120.6,12.0175,10.8275,4.605,1.0523500000000001,1.411925,1.0897000000000001,1.04565,0.559925,0.74735,0.579875,0.55645,1.0582500000000001,1.0728499999999999,1.010125,0.9606250000000001
2021,Invercargill City,Other,1.17055,0.623425,0.8598,National,4.5775,3.805,National,26.45,National,1632673.25,National,3.875,3.75,3.5999999999999996,National,4772.538356164383,5663.427397260274,5077.694520547945,2650.6452054794518,National,115928.05342465753,130731.66575342465,140516.38082191782,104221.35616438356,National,17,598688,20.3,101061,1274463,23.4,241736,1131561,30.7,266015,1059778,27.6,229260,383096,20.6,65535,National,26.45,1632673.25,5.325,4.5775,3.805,3.9000000000000004,3.775,National,0.355,587,433,564.5,20481.5,4293.25,977,1704000,396500,212300,4.85,7.975,7.725,111.825,113.35,120.6,12.0175,10.8275,4.605,1.0523500000000001,1.411925,1.0897000000000001,1.04565,0.559925,0.74735,0.579875,0.55645,1.0582500000000001,1.0728499999999999,1.010125,0.9606250000000001
2021,Kaikoura District,Other,1.44705,0.7719,1.0601500000000001,National,4.5775,3.805,National,26.45,National,1632673.25,National,3.875,3.75,3.5999999999999996,National,4772.538356164383,5663.427397260274,5077.694520547945,2650.6452054794518,National,115928.05342465753,130731.66575342465,140516.38082191782,104221.35616438356,National,17,598688,20.3,101061,1274463,23.4,241736,1131561,30.7,266015,1059778,27.6,229260,383096,20.6,65535,National,26.45,1632673.25,5.325,4.5775,3.805,3.9000000000000004,3.775,National,0.355,587,433,564.5,20481.5,4293.25,977,1704000,396500,212300,4.85,7.975,7.725,111.825,113.35,120.6,12.0175,10.8275,4.605,1.0523500000000001,1.411925,1.0897000000000001,1.04565,0.559925,0.74735,0.579875,0.55645,1.0582500000000001,1.0728499999999999,1.010125,0.9606250000000001
2021,Kaipara District,Other,0.9981749999999999,0.528475,0.84875,National,4.5775,3.805,National,26.45,National,1632673.25,National,3.875,3.75,3.5999999999999996,National,4772.538356164383,5663.427397260274,5077.694520547945,2650.6452054794518,National,115928.05342465753,130731.66575342465,140516.38082191782,104221.35616438356,National,17,598688,20.3,101061,1274463,23.4,241736,1131561,30.7,266015,1059778,27.6,229260,383096,20.6,65535,National,26.45,1632673.25,5.325,4.5775,3.805,3.9000000000000004,3.775,National,0.355,587,433,564.5,20481.5,4293.25,977,1704000,396500,212300,4.85,7.975,7.725,111.825,113.35,120.6,12.0175,10.8275,4.605,1.0523500000000001,1.411925,1.0897000000000001,1.04565,0.559925,0.74735,0.579875,0.55645,1.0582500000000001,1.0728499999999999,1.010125,0.9606250000000001
2021,Kapiti Coast District,Wellington Rural,1.03355,0.5509,0.9194,National,4.5775,3.805,National,26.45,National,1632673.25,National,3.875,3.75,3.5999999999999996,National,4772.538356164383,5663.427397260274,5077.694520547945,2650.6452054794518,National,115928.05342465753,130731.66575342465,140516.38082191782,104221.35616438356,National,17,598688,20.3,101061,1274463,23.4,241736,1131561,30.7,266015,1059778,27.6,229260,383096,20.6,65535,National,26.45,1632673.25,5.325,4.5775,3.805,3.9000000000000004,3.775,National,0.355,587,433,564.5,20481.5,4293.25,977,1704000,396500,212300,4.85,7.975,7.725,111.825,113.35,120.6,12.0175,10.8275,4.605,1.0523500000000001,1.411925,1.0897000000000001,1.04565,0.559925,0.74735,0.579875,0.55645,1.0582500000000001,1.0728499999999999,1.010125,0.9606250000000001
2021,Kawerau District,Other,0.84375,0.452075,0.80385,National,4.5775,3.805,National,26.45,National,1632673.25,National,3.875,3.75,3.5999999999999996,National,4772.538356164383,5663.427397260274,5077.694520547945,2650.6452054794518,National,115928.05342465753,130731.66575342465,140516.38082191782,104221.35616438356,National,17,598688,20.3,101061,1274463,23.4,241736,1131561,30.7,266015,1059778,27.6,229260,383096,20.6,65535,National,26.45,1632673.25,5.325,4.5775,3.805,3.9000000000000004,3.775,National,0.355,587,433,564.5,20481.5,4293.25,977,1704000,396500,212300,4.85,7.975,7.725,111.825,113.35,120.6,12.0175,10.8275,4.605,1.0523500000000001,1.411925,1.0897000000000001,1.04565,0.559925,0.74735,0.579875,0.55645,1.0582500000000001,1.0728499999999999,1.010125,0.9606250000000001
2021,MacKenzie District,Canterbury Rural,1.059625,0.565875,1.149975,National,4.5775,3.805,National,26.45,National,1632673.25,National,3.875,3.75,3.5999999999999996,National,4772.538356164383,5663.427397260274,5077.694520547945,2650.6452054794518,National,115928.05342465753,130731.66575342465,140516.38082191782,104221.35616438356,National,17,598688,20.3,101061,1274463,23.4,241736,1131561,30.7,266015,1059778,27.6,229260,383096,20.6,65535,National,26.45,1632673.25,5.325,4.5775,3.805,3.9000000000000004,3.775,National,0.355,587,433,564.5,20481.5,4293.25,977,1704000,396500,212300,4.85,7.975,7.725,111.825,113.35,120.6,12.0175,10.8275,4.605,1.0523500000000001,1.411925,1.0897000000000001,1.04565,0.559925,0.74735,0.579875,0.55645,1.0582500000000001,1.0728499999999999,1.010125,0.9606250000000001
2021,Manawatu District,Other,0.9794499999999999,0.52165,0.826925,National,4.5775,3.805,National,26.45,National,1632673.25,National,3.875,3.75,3.5999999999999996,National,4772.538356164383,5663.427397260274,5077.694520547945,2650.6452054794518,National,115928.05342465753,130731.66575342465,140516.38082191782,104221.35616438356,National,17,598688,20.3,101061,1274463,23.4,241736,1131561,30.7,266015,1059778,27.6,229260,383096,20.6,65535,National,26.45,1632673.25,5.325,4.5775,3.805,3.9000000000000004,3.775,National,0.355,587,433,564.5,20481.5,4293.25,977,1704000,396500,212300,4.85,7.975,7.725,111.825,113.35,120.6,12.0175,10.8275,4.605,1.0523500000000001,1.411925,1.0897000000000001,1.04565,0.559925,0.74735,0.579875,0.55645,1.0582500000000001,1.0728499999999999,1.010125,0.9606250000000001
2021,Manawatu-Wanganui,Other,0.956825,0.509575,0.84635,National,4.5775,3.805,National,26.45,National,1632673.25,National,3.875,3.75,3.5999999999999996,National,4772.538356164383,5663.427397260274,5077.694520547945,2650.6452054794518,National,115928.05342465753,130731.66575342465,140516.38082191782,104221.35616438356,National,17,598688,20.3,101061,1274463,23.4,241736,1131561,30.7,266015,1059778,27.6,229260,383096,20.6,65535,National,26.45,1632673.25,5.325,4.5775,3.805,3.9000000000000004,3.775,National,0.355,587,433,564.5,20481.5,4293.25,977,1704000,396500,212300,4.85,7.975,7.725,111.825,113.35,120.6,12.0175,10.8275,4.605,1.0523500000000001,1.411925,1.0897000000000001,1.04565,0.559925,0.74735,0.579875,0.55645,1.0582500000000001,1.0728499999999999,1.010125,0.9606250000000001
2021,Marlborough,Other,1.2221,0.652025,0.8722,National,4.5775,3.805,National,26.45,National,1632673.25,National,3.875,3.75,3.5999999999999996,National,4772.538356164383,5663.427397260274,5077.694520547945,2650.6452054794518,National,115928.05342465753,130731.66575342465,140516.38082191782,104221.35616438356,National,17,598688,20.3,101061,1274463,23.4,241736,1131561,30.7,266015,1059778,27.6,229260,383096,20.6,65535,National,26.45,1632673.25,5.325,4.5775,3.805,3.9000000000000004,3.775,National,0.355,587,433,564.5,20481.5,4293.25,977,1704000,396500,212300,4.85,7.975,7.725,111.825,113.35,120.6,12.0175,10.8275,4.605,1.0523500000000001,1.411925,1.0897000000000001,1.04565,0.559925,0.74735,0.579875,0.55645,1.0582500000000001,1.0728499999999999,1.010125,0.9606250000000001
2021,Marlborough District,Other,1.2221,0.652025,0.8722,National,4.5775,3.805,National,26.45,National,1632673.25,National,3.875,3.75,3.5999999999999996,National,4772.538356164383,5663.427397260274,5077.694520547945,2650.6452054794518,National,115928.05342465753,130731.66575342465,140516.38082191782,104221.35616438356,National,17,598688,20.3,101061,1274463,23.4,241736,1131561,30.7,266015,1059778,27.6,229260,383096,20.6,65535,National,26.45,1632673.25,5.325,4.5775,3.805,3.9000000000000004,3.775,National,0.355,587,433,564.5,20481.5,4293.25,977,1704000,396500,212300,4.85,7.975,7.725,111.825,113.35,120.6,12.0175,10.8275,4.605,1.0523500000000001,1.411925,1.0897000000000001,1.04565,0.559925,0.74735,0.579875,0.55645,1.0582500000000001,1.0728499999999999,1.010125,0.9606250000000001
2021,Masterton District,Wellington Rural,1.0075,0.5367500000000001,0.799725,National,4.5775,3.805,National,26.45,National,1632673.25,National,3.875,3.75,3.5999999999999996,National,4772.538356164383,5663.427397260274,5077.694520547945,2650.6452054794518,National,115928.05342465753,130731.66575342465,140516.38082191782,104221.35616438356,National,17,598688,20.3,101061,1274463,23.4,241736,1131561,30.7,266015,1059778,27.6,229260,383096,20.6,65535,National,26.45,1632673.25,5.325,4.5775,3.805,3.9000000000000004,3.775,National,0.355,587,433,564.5,20481.5,4293.25,977,1704000,396500,212300,4.85,7.975,7.725,111.825,113.35,120.6,12.0175,10.8275,4.605,1.0523500000000001,1.411925,1.0897000000000001,1.04565,0.559925,0.74735,0.579875,0.55645,1.0582500000000001,1.0728499999999999,1.010125,0.9606250000000001
2021,Matamata Piako District,Other,0.98725,0.5261750000000001,0.835425,National,4.5775,3.805,National,26.45,National,1632673.25,National,3.875,3.75,3.5999999999999996,National,4772.538356164383,5663.427397260274,5077.694520547945,2650.6452054794518,National,115928.05342465753,130731.66575342465,140516.38082191782,104221.35616438356,National,17,598688,20.3,101061,1274463,23.4,241736,1131561,30.7,266015,1059778,27.6,229260,383096,20.6,65535,National,26.45,1632673.25,5.325,4.5775,3.805,3.9000000000000004,3.775,National,0.355,587,433,564.5,20481.5,4293.25,977,1704000,396500,212300,4.85,7.975,7.725,111.825,113.35,120.6,12.0175,10.8275,4.605,1.0523500000000001,1.411925,1.0897000000000001,1.04565,0.559925,0.74735,0.579875,0.55645,1.0582500000000001,1.0728499999999999,1.010125,0.9606250000000001
2021,Napier City,Other,1.003575,0.5350999999999999,0.8937,National,4.5775,3.805,National,26.45,National,1632673.25,National,3.875,3.75,3.5999999999999996,National,4772.538356164383,5663.427397260274,5077.694520547945,2650.6452054794518,National,115928.05342465753,130731.66575342465,140516.38082191782,104221.35616438356,National,17,598688,20.3,101061,1274463,23.4,241736,1131561,30.7,266015,1059778,27.6,229260,383096,20.6,65535,National,26.45,1632673.25,5.325,4.5775,3.805,3.9000000000000004,3.775,National,0.355,587,433,564.5,20481.5,4293.25,977,1704000,396500,212300,4.85,7.975,7.725,111.825,113.35,120.6,12.0175,10.8275,4.605,1.0523500000000001,1.411925,1.0897000000000001,1.04565,0.559925,0.74735,0.579875,0.55645,1.0582500000000001,1.0728499999999999,1.010125,0.9606250000000001
2021,Nelson,Other,1.229,0.654475,1.0257,National,4.5775,3.805,National,26.45,National,1632673.25,National,3.875,3.75,3.5999999999999996,National,4772.538356164383,5663.427397260274,5077.694520547945,2650.6452054794518,National,115928.05342465753,130731.66575342465,140516.38082191782,104221.35616438356,National,17,598688,20.3,101061,1274463,23.4,241736,1131561,30.7,266015,1059778,27.6,229260,383096,20.6,65535,National,26.45,1632673.25,5.325,4.5775,3.805,3.9000000000000004,3.775,National,0.355,587,433,564.5,20481.5,4293.25,977,1704000,396500,212300,4.85,7.975,7.725,111.825,113.35,120.6,12.0175,10.8275,4.605,1.0523500000000001,1.411925,1.0897000000000001,1.04565,0.559925,0.74735,0.579875,0.55645,1.0582500000000001,1.0728499999999999,1.010125,0.9606250000000001
2021,Nelson City,Other,1.229,0.654475,1.0260500000000001,National,4.5775,3.805,National,26.45,National,1632673.25,National,3.875,3.75,3.5999999999999996,National,4772.538356164383,5663.427397260274,5077.694520547945,2650.6452054794518,National,115928.05342465753,130731.66575342465,140516.38082191782,104221.35616438356,National,17,598688,20.3,101061,1274463,23.4,241736,1131561,30.7,266015,1059778,27.6,229260,383096,20.6,65535,National,26.45,1632673.25,5.325,4.5775,3.805,3.9000000000000004,3.775,National,0.355,587,433,564.5,20481.5,4293.25,977,1704000,396500,212300,4.85,7.975,7.725,111.825,113.35,120.6,12.0175,10.8275,4.605,1.0523500000000001,1.411925,1.0897000000000001,1.04565,0.559925,0.74735,0.579875,0.55645,1.0582500000000001,1.0728499999999999,1.010125,0.9606250000000001
2021,New Plymouth District,Other,1.206525,0.640775,0.9718249999999999,National,4.5775,3.805,National,26.45,National,1632673.25,National,3.875,3.75,3.5999999999999996,National,4772.538356164383,5663.427397260274,5077.694520547945,2650.6452054794518,National,115928.05342465753,130731.66575342465,140516.38082191782,104221.35616438356,National,17,598688,20.3,101061,1274463,23.4,241736,1131561,30.7,266015,1059778,27.6,229260,383096,20.6,65535,National,26.45,1632673.25,5.325,4.5775,3.805,3.9000000000000004,3.775,National,0.355,587,433,564.5,20481.5,4293.25,977,1704000,396500,212300,4.85,7.975,7.725,111.825,113.35,120.6,12.0175,10.8275,4.605,1.0523500000000001,1.411925,1.0897000000000001,1.04565,0.559925,0.74735,0.579875,0.55645,1.0582500000000001,1.0728499999999999,1.010125,0.9606250000000001
2021,New Zealand,Other,1.0897000000000001,0.579875,1.010125,National,4.5775,3.805,National,26.45,National,1632673.25,National,3.875,3.75,3.5999999999999996,National,4772.538356164383,5663.427397260274,5077.694520547945,2650.6452054794518,National,115928.05342465753,130731.66575342465,140516.38082191782,104221.35616438356,National,17,598688,20.3,101061,1274463,23.4,241736,1131561,30.7,266015,1059778,27.6,229260,383096,20.6,65535,National,26.45,1632673.25,5.325,4.5775,3.805,3.9000000000000004,3.775,National,0.355,587,433,564.5,20481.5,4293.25,977,1704000,396500,212300,4.85,7.975,7.725,111.825,113.35,120.6,12.0175,10.8275,4.605,1.0523500000000001,1.411925,1.0897000000000001,1.04565,0.559925,0.74735,0.579875,0.55645,1.0582500000000001,1.0728499999999999,1.010125,0.9606250000000001
2021,Northland,Other,1.180675,0.626275,0.8652500000000001,National,4.5775,3.805,National,26.45,National,1632673.25,National,3.875,3.75,3.5999999999999996,National,4772.538356164383,5663.427397260274,5077.694520547945,2650.6452054794518,National,115928.05342465753,130731.66575342465,140516.38082191782,104221.35616438356,National,17,598688,20.3,101061,1274463,23.4,241736,1131561,30.7,266015,1059778,27.6,229260,383096,20.6,65535,National,26.45,1632673.25,5.325,4.5775,3.805,3.9000000000000004,3.775,National,0.355,587,433,564.5,20481.5,4293.25,977,1704000,396500,212300,4.85,7.975,7.725,111.825,113.35,120.6,12.0175,10.8275,4.605,1.0523500000000001,1.411925,1.0897000000000001,1.04565,0.559925,0.74735,0.579875,0.55645,1.0582500000000001,1.0728499999999999,1.010125,0.9606250000000001
2021,Opotiki District,Other,1.154725,0.618125,0.793625,National,4.5775,3.805,National,26.45,National,1632673.25,National,3.875,3.75,3.5999999999999996,National,4772.538356164383,5663.427397260274,5077.694520547945,2650.6452054794518,National,115928.05342465753,130731.66575342465,140516.38082191782,104221.35616438356,National,17,598688,20.3,101061,1274463,23.4,241736,1131561,30.7,266015,1059778,27.6,229260,383096,20.6,65535,National,26.45,1632673.25,5.325,4.5775,3.805,3.9000000000000004,3.775,National,0.355,587,433,564.5,20481.5,4293.25,977,1704000,396500,212300,4.85,7.975,7.725,111.825,113.35,120.6,12.0175,10.8275,4.605,1.0523500000000001,1.411925,1.0897000000000001,1.04565,0.559925,0.74735,0.579875,0.55645,1.0582500000000001,1.0728499999999999,1.010125,0.9606250000000001
2021,Otago,Other,1.018475,0.542575,1.05155,National,4.5775,3.805,National,26.45,National,1632673.25,National,3.875,3.75,3.5999999999999996,National,4772.538356164383,5663.427397260274,5077.694520547945,2650.6452054794518,National,115928.05342465753,130731.66575342465,140516.38082191782,104221.35616438356,National,17,598688,20.3,101061,1274463,23.4,241736,1131561,30.7,266015,1059778,27.6,229260,383096,20.6,65535,National,26.45,1632673.25,5.325,4.5775,3.805,3.9000000000000004,3.775,National,0.355,587,433,564.5,20481.5,4293.25,977,1704000,396500,212300,4.85,7.975,7.725,111.825,113.35,120.6,12.0175,10.8275,4.605,1.0523500000000001,1.411925,1.0897000000000001,1.04565,0.559925,0.74735,0.579875,0.55645,1.0582500000000001,1.0728499999999999,1.010125,0.9606250000000001
2021,Otorohanga District,Other,1.0034750000000001,0.532575,0.8164750000000001,National,4.5775,3.805,National,26.45,National,1632673.25,National,3.875,3.75,3.5999999999999996,National,4772.538356164383,5663.427397260274,5077.694520547945,2650.6452054794518,National,115928.05342465753,130731.66575342465,140516.38082191782,104221.35616438356,National,17,598688,20.3,101061,1274463,23.4,241736,1131561,30.7,266015,1059778,27.6,229260,383096,20.6,65535,National,26.45,1632673.25,5.325,4.5775,3.805,3.9000000000000004,3.775,National,0.355,587,433,564.5,20481.5,4293.25,977,1704000,396500,212300,4.85,7.975,7.725,111.825,113.35,120.6,12.0175,10.8275,4.605,1.0523500000000001,1.411925,1.0897000000000001,1.04565,0.559925,0.74735,0.579875,0.55645,1.0582500000000001,1.0728499999999999,1.010125,0.9606250000000001
2021,Palmerston North City,Other,1.012575,0.5401750000000001,0.907675,National,4.5775,3.805,National,26.45,National,1632673.25,National,3.875,3.75,3.5999999999999996,National,4772.538356164383,5663.427397260274,5077.694520547945,2650.6452054794518,National,115928.05342465753,130731.66575342465,140516.38082191782,104221.35616438356,National,17,598688,20.3,101061,1274463,23.4,241736,1131561,30.7,266015,1059778,27.6,229260,383096,20.6,65535,National,26.45,1632673.25,5.325,4.5775,3.805,3.9000000000000004,3.775,National,0.355,587,433,564.5,20481.5,4293.25,977,1704000,396500,212300,4.85,7.975,7.725,111.825,113.35,120.6,12.0175,10.8275,4.605,1.0523500000000001,1.411925,1.0897000000000001,1.04565,0.559925,0.74735,0.579875,0.55645,1.0582500000000001,1.0728499999999999,1.010125,0.9606250000000001
2021,Porirua City,Wellington Urban,1.037275,0.5524249999999999,0.9231,National,4.5775,3.805,National,26.45,National,1632673.25,National,3.875,3.75,3.5999999999999996,National,4772.538356164383,5663.427397260274,5077.694520547945,2650.6452054794518,National,115928.05342465753,130731.66575342465,140516.38082191782,104221.35616438356,National,17,598688,20.3,101061,1274463,23.4,241736,1131561,30.7,266015,1059778,27.6,229260,383096,20.6,65535,National,26.45,1632673.25,5.325,4.5775,3.805,3.9000000000000004,3.775,National,0.355,587,433,564.5,20481.5,4293.25,977,1704000,396500,212300,4.85,7.975,7.725,111.825,113.35,120.6,12.0175,10.8275,4.605,1.0523500000000001,1.411925,1.0897000000000001,1.04565,0.559925,0.74735,0.579875,0.55645,1.0582500000000001,1.0728499999999999,1.010125,0.9606250000000001
2021,Queenstown Lakes District,Other,1.135925,0.604625,1.0799750000000001,National,4.5775,3.805,National,26.45,National,1632673.25,National,3.875,3.75,3.5999999999999996,National,4772.538356164383,5663.427397260274,5077.694520547945,2650.6452054794518,National,115928.05342465753,130731.66575342465,140516.38082191782,104221.35616438356,National,17,598688,20.3,101061,1274463,23.4,241736,1131561,30.7,266015,1059778,27.6,229260,383096,20.6,65535,National,26.45,1632673.25,5.325,4.5775,3.805,3.9000000000000004,3.775,National,0.355,587,433,564.5,20481.5,4293.25,977,1704000,396500,212300,4.85,7.975,7.725,111.825,113.35,120.6,12.0175,10.8275,4.605,1.0523500000000001,1.411925,1.0897000000000001,1.04565,0.559925,0.74735,0.579875,0.55645,1.0582500000000001,1.0728499999999999,1.010125,0.9606250000000001
2021,Rangitikei District,Other,0.8854,0.4697,0.738225,National,4.5775,3.805,National,26.45,National,1632673.25,National,3.875,3.75,3.5999999999999996,National,4772.538356164383,5663.427397260274,5077.694520547945,2650.6452054794518,National,115928.05342465753,130731.66575342465,140516.38082191782,104221.35616438356,National,17,598688,20.3,101061,1274463,23.4,241736,1131561,30.7,266015,1059778,27.6,229260,383096,20.6,65535,National,26.45,1632673.25,5.325,4.5775,3.805,3.9000000000000004,3.775,National,0.355,587,433,564.5,20481.5,4293.25,977,1704000,396500,212300,4.85,7.975,7.725,111.825,113.35,120.6,12.0175,10.8275,4.605,1.0523500000000001,1.411925,1.0897000000000001,1.04565,0.559925,0.74735,0.579875,0.55645,1.0582500000000001,1.0728499999999999,1.010125,0.9606250000000001
2021,Rotorua District,Other,1.055175,0.562,0.77545,National,4.5775,3.805,National,26.45,National,1632673.25,National,3.875,3.75,3.5999999999999996,National,4772.538356164383,5663.427397260274,5077.694520547945,2650.6452054794518,National,115928.05342465753,130731.66575342465,140516.38082191782,104221.35616438356,National,17,598688,20.3,101061,1274463,23.4,241736,1131561,30.7,266015,1059778,27.6,229260,383096,20.6,65535,National,26.45,1632673.25,5.325,4.5775,3.805,3.9000000000000004,3.775,National,0.355,587,433,564.5,20481.5,4293.25,977,1704000,396500,212300,4.85,7.975,7.725,111.825,113.35,120.6,12.0175,10.8275,4.605,1.0523500000000001,1.411925,1.0897000000000001,1.04565,0.559925,0.74735,0.579875,0.55645,1.0582500000000001,1.0728499999999999,1.010125,0.9606250000000001
2021,Ruapehu District,Other,1.025125,0.54435,0.791625,National,4.5775,3.805,National,26.45,National,1632673.25,National,3.875,3.75,3.5999999999999996,National,4772.538356164383,5663.427397260274,5077.694520547945,2650.6452054794518,National,115928.05342465753,130731.66575342465,140516.38082191782,104221.35616438356,National,17,598688,20.3,101061,1274463,23.4,241736,1131561,30.7,266015,1059778,27.6,229260,383096,20.6,65535,National,26.45,1632673.25,5.325,4.5775,3.805,3.9000000000000004,3.775,National,0.355,587,433,564.5,20481.5,4293.25,977,1704000,396500,212300,4.85,7.975,7.725,111.825,113.35,120.6,12.0175,10.8275,4.605,1.0523500000000001,1.411925,1.0897000000000001,1.04565,0.559925,0.74735,0.579875,0.55645,1.0582500000000001,1.0728499999999999,1.010125,0.9606250000000001
2021,Selwyn District,Canterbury Rural,1.455225,0.7687999999999999,1.226375,National,4.5775,3.805,National,26.45,National,1632673.25,National,3.875,3.75,3.5999999999999996,National,4772.538356164383,5663.427397260274,5077.694520547945,2650.6452054794518,National,115928.05342465753,130731.66575342465,140516.38082191782,104221.35616438356,National,17,598688,20.3,101061,1274463,23.4,241736,1131561,30.7,266015,1059778,27.6,229260,383096,20.6,65535,National,26.45,1632673.25,5.325,4.5775,3.805,3.9000000000000004,3.775,National,0.355,587,433,564.5,20481.5,4293.25,977,1704000,396500,212300,4.85,7.975,7.725,111.825,113.35,120.6,12.0175,10.8275,4.605,1.0523500000000001,1.411925,1.0897000000000001,1.04565,0.559925,0.74735,0.579875,0.55645,1.0582500000000001,1.0728499999999999,1.010125,0.9606250000000001
2021,South Taranaki District,Other,1.10285,0.587,0.8339,National,4.5775,3.805,National,26.45,National,1632673.25,National,3.875,3.75,3.5999999999999996,National,4772.538356164383,5663.427397260274,5077.694520547945,2650.6452054794518,National,115928.05342465753,130731.66575342465,140516.38082191782,104221.35616438356,National,17,598688,20.3,101061,1274463,23.4,241736,1131561,30.7,266015,1059778,27.6,229260,383096,20.6,65535,National,26.45,1632673.25,5.325,4.5775,3.805,3.9000000000000004,3.775,National,0.355,587,433,564.5,20481.5,4293.25,977,1704000,396500,212300,4.85,7.975,7.725,111.825,113.35,120.6,12.0175,10.8275,4.605,1.0523500000000001,1.411925,1.0897000000000001,1.04565,0.559925,0.74735,0.579875,0.55645,1.0582500000000001,1.0728499999999999,1.010125,0.9606250000000001
2021,South Waikato District,Other,0.847575,0.450075,0.6802,National,4.5775,3.805,National,26.45,National,1632673.25,National,3.875,3.75,3.5999999999999996,National,4772.538356164383,5663.427397260274,5077.694520547945,2650.6452054794518,National,115928.05342465753,130731.66575342465,140516.38082191782,104221.35616438356,National,17,598688,20.3,101061,1274463,23.4,241736,1131561,30.7,266015,1059778,27.6,229260,383096,20.6,65535,National,26.45,1632673.25,5.325,4.5775,3.805,3.9000000000000004,3.775,National,0.355,587,433,564.5,20481.5,4293.25,977,1704000,396500,212300,4.85,7.975,7.725,111.825,113.35,120.6,12.0175,10.8275,4.605,1.0523500000000001,1.411925,1.0897000000000001,1.04565,0.559925,0.74735,0.579875,0.55645,1.0582500000000001,1.0728499999999999,1.010125,0.9606250000000001
2021,South Wairarapa District,Wellington Rural,1.0186,0.5424,0.8713249999999999,National,4.5775,3.805,National,26.45,National,1632673.25,National,3.875,3.75,3.5999999999999996,National,4772.538356164383,5663.427397260274,5077.694520547945,2650.6452054794518,National,115928.05342465753,130731.66575342465,140516.38082191782,104221.35616438356,National,17,598688,20.3,101061,1274463,23.4,241736,1131561,30.7,266015,1059778,27.6,229260,383096,20.6,65535,National,26.45,1632673.25,5.325,4.5775,3.805,3.9000000000000004,3.775,National,0.355,587,433,564.5,20481.5,4293.25,977,1704000,396500,212300,4.85,7.975,7.725,111.825,113.35,120.6,12.0175,10.8275,4.605,1.0523500000000001,1.411925,1.0897000000000001,1.04565,0.559925,0.74735,0.579875,0.55645,1.0582500000000001,1.0728499999999999,1.010125,0.9606250000000001
2021,Southland,Other,1.187375,0.63255,0.851875,National,4.5775,3.805,National,26.45,National,1632673.25,National,3.875,3.75,3.5999999999999996,National,4772.538356164383,5663.427397260274,5077.694520547945,2650.6452054794518,National,115928.05342465753,130731.66575342465,140516.38082191782,104221.35616438356,National,17,598688,20.3,101061,1274463,23.4,241736,1131561,30.7,266015,1059778,27.6,229260,383096,20.6,65535,National,26.45,1632673.25,5.325,4.5775,3.805,3.9000000000000004,3.775,National,0.355,587,433,564.5,20481.5,4293.25,977,1704000,396500,212300,4.85,7.975,7.725,111.825,113.35,120.6,12.0175,10.8275,4.605,1.0523500000000001,1.411925,1.0897000000000001,1.04565,0.559925,0.74735,0.579875,0.55645,1.0582500000000001,1.0728499999999999,1.010125,0.9606250000000001
2021,Southland District,Other,1.204525,0.64225,0.958425,National,4.5775,3.805,National,26.45,National,1632673.25,National,3.875,3.75,3.5999999999999996,National,4772.538356164383,5663.427397260274,5077.694520547945,2650.6452054794518,National,115928.05342465753,130731.66575342465,140516.38082191782,104221.35616438356,National,17,598688,20.3,101061,1274463,23.4,241736,1131561,30.7,266015,1059778,27.6,229260,383096,20.6,65535,National,26.45,1632673.25,5.325,4.5775,3.805,3.9000000000000004,3.775,National,0.355,587,433,564.5,20481.5,4293.25,977,1704000,396500,212300,4.85,7.975,7.725,111.825,113.35,120.6,12.0175,10.8275,4.605,1.0523500000000001,1.411925,1.0897000000000001,1.04565,0.559925,0.74735,0.579875,0.55645,1.0582500000000001,1.0728499999999999,1.010125,0.9606250000000001
2021,Stratford District,Other,1.04,0.554075,0.7863,National,4.5775,3.805,National,26.45,National,1632673.25,National,3.875,3.75,3.5999999999999996,National,4772.538356164383,5663.427397260274,5077.694520547945,2650.6452054794518,National,115928.05342465753,130731.66575342465,140516.38082191782,104221.35616438356,National,17,598688,20.3,101061,1274463,23.4,241736,1131561,30.7,266015,1059778,27.6,229260,383096,20.6,65535,National,26.45,1632673.25,5.325,4.5775,3.805,3.9000000000000004,3.775,National,0.355,587,433,564.5,20481.5,4293.25,977,1704000,396500,212300,4.85,7.975,7.725,111.825,113.35,120.6,12.0175,10.8275,4.605,1.0523500000000001,1.411925,1.0897000000000001,1.04565,0.559925,0.74735,0.579875,0.55645,1.0582500000000001,1.0728499999999999,1.010125,0.9606250000000001
2021,Taranaki,Other,1.15795,0.615425,0.936975,National,4.5775,3.805,National,26.45,National,1632673.25,National,3.875,3.75,3.5999999999999996,National,4772.538356164383,5663.427397260274,5077.694520547945,2650.6452054794518,National,115928.05342465753,130731.66575342465,140516.38082191782,104221.35616438356,National,17,598688,20.3,101061,1274463,23.4,241736,1131561,30.7,266015,1059778,27.6,229260,383096,20.6,65535,National,26.45,1632673.25,5.325,4.5775,3.805,3.9000000000000004,3.775,National,0.355,587,433,564.5,20481.5,4293.25,977,1704000,396500,212300,4.85,7.975,7.725,111.825,113.35,120.6,12.0175,10.8275,4.605,1.0523500000000001,1.411925,1.0897000000000001,1.04565,0.559925,0.74735,0.579875,0.55645,1.0582500000000001,1.0728499999999999,1.010125,0.9606250000000001
2021,Tararua District,Other,0.852975,0.454825,0.755575,National,4.5775,3.805,National,26.45,National,1632673.25,National,3.875,3.75,3.5999999999999996,National,4772.538356164383,5663.427397260274,5077.694520547945,2650.6452054794518,National,115928.05342465753,130731.66575342465,140516.38082191782,104221.35616438356,National,17,598688,20.3,101061,1274463,23.4,241736,1131561,30.7,266015,1059778,27.6,229260,383096,20.6,65535,National,26.45,1632673.25,5.325,4.5775,3.805,3.9000000000000004,3.775,National,0.355,587,433,564.5,20481.5,4293.25,977,1704000,396500,212300,4.85,7.975,7.725,111.825,113.35,120.6,12.0175,10.8275,4.605,1.0523500000000001,1.411925,1.0897000000000001,1.04565,0.559925,0.74735,0.579875,0.55645,1.0582500000000001,1.0728499999999999,1.010125,0.9606250000000001
2021,Tasman,Other,1.258225,0.669975,1.012925,National,4.5775,3.805,National,26.45,National,1632673.25,National,3.875,3.75,3.5999999999999996,National,4772.538356164383,5663.427397260274,5077.694520547945,2650.6452054794518,National,115928.05342465753,130731.66575342465,140516.38082191782,104221.35616438356,National,17,598688,20.3,101061,1274463,23.4,241736,1131561,30.7,266015,1059778,27.6,229260,383096,20.6,65535,National,26.45,1632673.25,5.325,4.5775,3.805,3.9000000000000004,3.775,National,0.355,587,433,564.5,20481.5,4293.25,977,1704000,396500,212300,4.85,7.975,7.725,111.825,113.35,120.6,12.0175,10.8275,4.605,1.0523500000000001,1.411925,1.0897000000000001,1.04565,0.559925,0.74735,0.579875,0.55645,1.0582500000000001,1.0728499999999999,1.010125,0.9606250000000001
2021,Tasman District,Other,1.258625,0.67015,1.01275,National,4.5775,3.805,National,26.45,National,1632673.25,National,3.875,3.75,3.5999999999999996,National,4772.538356164383,5663.427397260274,5077.694520547945,2650.6452054794518,National,115928.05342465753,130731.66575342465,140516.38082191782,104221.35616438356,National,17,598688,20.3,101061,1274463,23.4,241736,1131561,30.7,266015,1059778,27.6,229260,383096,20.6,65535,National,26.45,1632673.25,5.325,4.5775,3.805,3.9000000000000004,3.775,National,0.355,587,433,564.5,20481.5,4293.25,977,1704000,396500,212300,4.85,7.975,7.725,111.825,113.35,120.6,12.0175,10.8275,4.605,1.0523500000000001,1.411925,1.0897000000000001,1.04565,0.559925,0.74735,0.579875,0.55645,1.0582500000000001,1.0728499999999999,1.010125,0.9606250000000001
2021,Taupo District,Other,1.13755,0.605,0.8498,National,4.5775,3.805,National,26.45,National,1632673.25,National,3.875,3.75,3.5999999999999996,National,4772.538356164383,5663.427397260274,5077.694520547945,2650.6452054794518,National,115928.05342465753,130731.66575342465,140516.38082191782,104221.35616438356,National,17,598688,20.3,101061,1274463,23.4,241736,1131561,30.7,266015,1059778,27.6,229260,383096,20.6,65535,National,26.45,1632673.25,5.325,4.5775,3.805,3.9000000000000004,3.775,National,0.355,587,433,564.5,20481.5,4293.25,977,1704000,396500,212300,4.85,7.975,7.725,111.825,113.35,120.6,12.0175,10.8275,4.605,1.0523500000000001,1.411925,1.0897000000000001,1.04565,0.559925,0.74735,0.579875,0.55645,1.0582500000000001,1.0728499999999999,1.010125,0.9606250000000001
2021,Tauranga City,Other,1.12325,0.597175,0.917375,National,4.5775,3.805,National,26.45,National,1632673.25,National,3.875,3.75,3.5999999999999996,National,4772.538356164383,5663.427397260274,5077.694520547945,2650.6452054794518,National,115928.05342465753,130731.66575342465,140516.38082191782,104221.35616438356,National,17,598688,20.3,101061,1274463,23.4,241736,1131561,30.7,266015,1059778,27.6,229260,383096,20.6,65535,National,26.45,1632673.25,5.325,4.5775,3.805,3.9000000000000004,3.775,National,0.355,587,433,564.5,20481.5,4293.25,977,1704000,396500,212300,4.85,7.975,7.725,111.825,113.35,120.6,12.0175,10.8275,4.605,1.0523500000000001,1.411925,1.0897000000000001,1.04565,0.559925,0.74735,0.579875,0.55645,1.0582500000000001,1.0728499999999999,1.010125,0.9606250000000001
2021,Thames Coromandel District,Other,1.101675,0.5833,0.8404750000000001,National,4.5775,3.805,National,26.45,National,1632673.25,National,3.875,3.75,3.5999999999999996,National,4772.538356164383,5663.427397260274,5077.694520547945,2650.6452054794518,National,115928.05342465753,130731.66575342465,140516.38082191782,104221.35616438356,National,17,598688,20.3,101061,1274463,23.4,241736,1131561,30.7,266015,1059778,27.6,229260,383096,20.6,65535,National,26.45,1632673.25,5.325,4.5775,3.805,3.9000000000000004,3.775,National,0.355,587,433,564.5,20481.5,4293.25,977,1704000,396500,212300,4.85,7.975,7.725,111.825,113.35,120.6,12.0175,10.8275,4.605,1.0523500000000001,1.411925,1.0897000000000001,1.04565,0.559925,0.74735,0.579875,0.55645,1.0582500000000001,1.0728499999999999,1.010125,0.9606250000000001
2021,Timaru District,Canterbury Rural,1.3843999999999999,0.73665,0.965125,National,4.5775,3.805,National,26.45,National,1632673.25,National,3.875,3.75,3.5999999999999996,National,4772.538356164383,5663.427397260274,5077.694520547945,2650.6452054794518,National,115928.05342465753,130731.66575342465,140516.38082191782,104221.35616438356,National,17,598688,20.3,101061,1274463,23.4,241736,1131561,30.7,266015,1059778,27.6,229260,383096,20.6,65535,National,26.45,1632673.25,5.325,4.5775,3.805,3.9000000000000004,3.775,National,0.355,587,433,564.5,20481.5,4293.25,977,1704000,396500,212300,4.85,7.975,7.725,111.825,113.35,120.6,12.0175,10.8275,4.605,1.0523500000000001,1.411925,1.0897000000000001,1.04565,0.559925,0.74735,0.579875,0.55645,1.0582500000000001,1.0728499999999999,1.010125,0.9606250000000001
2021,Upper Hutt City,Wellington Urban,1.017325,0.54095,0.8732,National,4.5775,3.805,National,26.45,National,1632673.25,National,3.875,3.75,3.5999999999999996,National,4772.538356164383,5663.427397260274,5077.694520547945,2650.6452054794518,National,115928.05342465753,130731.66575342465,140516.38082191782,104221.35616438356,National,17,598688,20.3,101061,1274463,23.4,241736,1131561,30.7,266015,1059778,27.6,229260,383096,20.6,65535,National,26.45,1632673.25,5.325,4.5775,3.805,3.9000000000000004,3.775,National,0.355,587,433,564.5,20481.5,4293.25,977,1704000,396500,212300,4.85,7.975,7.725,111.825,113.35,120.6,12.0175,10.8275,4.605,1.0523500000000001,1.411925,1.0897000000000001,1.04565,0.559925,0.74735,0.579875,0.55645,1.0582500000000001,1.0728499999999999,1.010125,0.9606250000000001
2021,Waikato,Other,1.0487250000000001,0.557475,0.93405,National,4.5775,3.805,National,26.45,National,1632673.25,National,3.875,3.75,3.5999999999999996,National,4772.538356164383,5663.427397260274,5077.694520547945,2650.6452054794518,National,115928.05342465753,130731.66575342465,140516.38082191782,104221.35616438356,National,17,598688,20.3,101061,1274463,23.4,241736,1131561,30.7,266015,1059778,27.6,229260,383096,20.6,65535,National,26.45,1632673.25,5.325,4.5775,3.805,3.9000000000000004,3.775,National,0.355,587,433,564.5,20481.5,4293.25,977,1704000,396500,212300,4.85,7.975,7.725,111.825,113.35,120.6,12.0175,10.8275,4.605,1.0523500000000001,1.411925,1.0897000000000001,1.04565,0.559925,0.74735,0.579875,0.55645,1.0582500000000001,1.0728499999999999,1.010125,0.9606250000000001
2021,Waikato District,Other,1.07345,0.5653,0.91965,National,4.5775,3.805,National,26.45,National,1632673.25,National,3.875,3.75,3.5999999999999996,National,4772.538356164383,5663.427397260274,5077.694520547945,2650.6452054794518,National,115928.05342465753,130731.66575342465,140516.38082191782,104221.35616438356,National,17,598688,20.3,101061,1274463,23.4,241736,1131561,30.7,266015,1059778,27.6,229260,383096,20.6,65535,National,26.45,1632673.25,5.325,4.5775,3.805,3.9000000000000004,3.775,National,0.355,587,433,564.5,20481.5,4293.25,977,1704000,396500,212300,4.85,7.975,7.725,111.825,113.35,120.6,12.0175,10.8275,4.605,1.0523500000000001,1.411925,1.0897000000000001,1.04565,0.559925,0.74735,0.579875,0.55645,1.0582500000000001,1.0728499999999999,1.010125,0.9606250000000001
2021,Waimakariri District,Canterbury Rural,1.388775,0.73295,1.06735,National,4.5775,3.805,National,26.45,National,1632673.25,National,3.875,3.75,3.5999999999999996,National,4772.538356164383,5663.427397260274,5077.694520547945,2650.6452054794518,National,115928.05342465753,130731.66575342465,140516.38082191782,104221.35616438356,National,17,598688,20.3,101061,1274463,23.4,241736,1131561,30.7,266015,1059778,27.6,229260,383096,20.6,65535,National,26.45,1632673.25,5.325,4.5775,3.805,3.9000000000000004,3.775,National,0.355,587,433,564.5,20481.5,4293.25,977,1704000,396500,212300,4.85,7.975,7.725,111.825,113.35,120.6,12.0175,10.8275,4.605,1.0523500000000001,1.411925,1.0897000000000001,1.04565,0.559925,0.74735,0.579875,0.55645,1.0582500000000001,1.0728499999999999,1.010125,0.9606250000000001
2021,Waimate District,Canterbury Rural,1.209625,0.641425,0.848175,National,4.5775,3.805,National,26.45,National,1632673.25,National,3.875,3.75,3.5999999999999996,National,4772.538356164383,5663.427397260274,5077.694520547945,2650.6452054794518,National,115928.05342465753,130731.66575342465,140516.38082191782,104221.35616438356,National,17,598688,20.3,101061,1274463,23.4,241736,1131561,30.7,266015,1059778,27.6,229260,383096,20.6,65535,National,26.45,1632673.25,5.325,4.5775,3.805,3.9000000000000004,3.775,National,0.355,587,433,564.5,20481.5,4293.25,977,1704000,396500,212300,4.85,7.975,7.725,111.825,113.35,120.6,12.0175,10.8275,4.605,1.0523500000000001,1.411925,1.0897000000000001,1.04565,0.559925,0.74735,0.579875,0.55645,1.0582500000000001,1.0728499999999999,1.010125,0.9606250000000001
2021,Waipa District,Other,0.98725,0.524075,0.90125,National,4.5775,3.805,National,26.45,National,1632673.25,National,3.875,3.75,3.5999999999999996,National,4772.538356164383,5663.427397260274,5077.694520547945,2650.6452054794518,National,115928.05342465753,130731.66575342465,140516.38082191782,104221.35616438356,National,17,598688,20.3,101061,1274463,23.4,241736,1131561,30.7,266015,1059778,27.6,229260,383096,20.6,65535,National,26.45,1632673.25,5.325,4.5775,3.805,3.9000000000000004,3.775,National,0.355,587,433,564.5,20481.5,4293.25,977,1704000,396500,212300,4.85,7.975,7.725,111.825,113.35,120.6,12.0175,10.8275,4.605,1.0523500000000001,1.411925,1.0897000000000001,1.04565,0.559925,0.74735,0.579875,0.55645,1.0582500000000001,1.0728499999999999,1.010125,0.9606250000000001
2021,Wairoa District,Other,1.1197,0.591125,0.7308,National,4.5775,3.805,National,26.45,National,1632673.25,National,3.875,3.75,3.5999999999999996,National,4772.538356164383,5663.427397260274,5077.694520547945,2650.6452054794518,National,115928.05342465753,130731.66575342465,140516.38082191782,104221.35616438356,National,17,598688,20.3,101061,1274463,23.4,241736,1131561,30.7,266015,1059778,27.6,229260,383096,20.6,65535,National,26.45,1632673.25,5.325,4.5775,3.805,3.9000000000000004,3.775,National,0.355,587,433,564.5,20481.5,4293.25,977,1704000,396500,212300,4.85,7.975,7.725,111.825,113.35,120.6,12.0175,10.8275,4.605,1.0523500000000001,1.411925,1.0897000000000001,1.04565,0.559925,0.74735,0.579875,0.55645,1.0582500000000001,1.0728499999999999,1.010125,0.9606250000000001
2021,Waitaki District,Other,1.215,0.6462,0.945025,National,4.5775,3.805,National,26.45,National,1632673.25,National,3.875,3.75,3.5999999999999996,National,4772.538356164383,5663.427397260274,5077.694520547945,2650.6452054794518,National,115928.05342465753,130731.66575342465,140516.38082191782,104221.35616438356,National,17,598688,20.3,101061,1274463,23.4,241736,1131561,30.7,266015,1059778,27.6,229260,383096,20.6,65535,National,26.45,1632673.25,5.325,4.5775,3.805,3.9000000000000004,3.775,National,0.355,587,433,564.5,20481.5,4293.25,977,1704000,396500,212300,4.85,7.975,7.725,111.825,113.35,120.6,12.0175,10.8275,4.605,1.0523500000000001,1.411925,1.0897000000000001,1.04565,0.559925,0.74735,0.579875,0.55645,1.0582500000000001,1.0728499999999999,1.010125,0.9606250000000001
2021,Waitomo District,Other,0.9705,0.5165,0.8772,National,4.5775,3.805,National,26.45,National,1632673.25,National,3.875,3.75,3.5999999999999996,National,4772.538356164383,5663.427397260274,5077.694520547945,2650.6452054794518,National,115928.05342465753,130731.66575342465,140516.38082191782,104221.35616438356,National,17,598688,20.3,101061,1274463,23.4,241736,1131561,30.7,266015,1059778,27.6,229260,383096,20.6,65535,National,26.45,1632673.25,5.325,4.5775,3.805,3.9000000000000004,3.775,National,0.355,587,433,564.5,20481.5,4293.25,977,1704000,396500,212300,4.85,7.975,7.725,111.825,113.35,120.6,12.0175,10.8275,4.605,1.0523500000000001,1.411925,1.0897000000000001,1.04565,0.559925,0.74735,0.579875,0.55645,1.0582500000000001,1.0728499999999999,1.010125,0.9606250000000001
2021,Wellington,Wellington Rural,1.04565,0.55645,0.9606250000000001,National,4.5775,3.805,National,26.45,National,1632673.25,National,3.875,3.75,3.5999999999999996,National,4772.538356164383,5663.427397260274,5077.694520547945,2650.6452054794518,National,115928.05342465753,130731.66575342465,140516.38082191782,104221.35616438356,National,17,598688,20.3,101061,1274463,23.4,241736,1131561,30.7,266015,1059778,27.6,229260,383096,20.6,65535,National,26.45,1632673.25,5.325,4.5775,3.805,3.9000000000000004,3.775,National,0.355,587,433,564.5,20481.5,4293.25,977,1704000,396500,212300,4.85,7.975,7.725,111.825,113.35,120.6,12.0175,10.8275,4.605,1.0523500000000001,1.411925,1.0897000000000001,1.04565,0.559925,0.74735,0.579875,0.55645,1.0582500000000001,1.0728499999999999,1.010125,0.9606250000000001
2021,Wellington City,Wellington Urban,1.0721,0.571825,0.9693,National,4.5775,3.805,National,26.45,National,1632673.25,National,3.875,3.75,3.5999999999999996,National,4772.538356164383,5663.427397260274,5077.694520547945,2650.6452054794518,National,115928.05342465753,130731.66575342465,140516.38082191782,104221.35616438356,National,17,598688,20.3,101061,1274463,23.4,241736,1131561,30.7,266015,1059778,27.6,229260,383096,20.6,65535,National,26.45,1632673.25,5.325,4.5775,3.805,3.9000000000000004,3.775,National,0.355,587,433,564.5,20481.5,4293.25,977,1704000,396500,212300,4.85,7.975,7.725,111.825,113.35,120.6,12.0175,10.8275,4.605,1.0523500000000001,1.411925,1.0897000000000001,1.04565,0.559925,0.74735,0.579875,0.55645,1.0582500000000001,1.0728499999999999,1.010125,0.9606250000000001
2021,West Coast,Other,1.4637499999999999,0.778125,0.941775,National,4.5775,3.805,National,26.45,National,1632673.25,National,3.875,3.75,3.5999999999999996,National,4772.538356164383,5663.427397260274,5077.694520547945,2650.6452054794518,National,115928.05342465753,130731.66575342465,140516.38082191782,104221.35616438356,National,17,598688,20.3,101061,1274463,23.4,241736,1131561,30.7,266015,1059778,27.6,229260,383096,20.6,65535,National,26.45,1632673.25,5.325,4.5775,3.805,3.9000000000000004,3.775,National,0.355,587,433,564.5,20481.5,4293.25,977,1704000,396500,212300,4.85,7.975,7.725,111.825,113.35,120.6,12.0175,10.8275,4.605,1.0523500000000001,1.411925,1.0897000000000001,1.04565,0.559925,0.74735,0.579875,0.55645,1.0582500000000001,1.0728499999999999,1.010125,0.9606250000000001
2021,Western Bay of Plenty District,Other,1.162925,0.61505,0.9123,National,4.5775,3.805,National,26.45,National,1632673.25,National,3.875,3.75,3.5999999999999996,National,4772.538356164383,5663.427397260274,5077.694520547945,2650.6452054794518,National,115928.05342465753,130731.66575342465,140516.38082191782,104221.35616438356,National,17,598688,20.3,101061,1274463,23.4,241736,1131561,30.7,266015,1059778,27.6,229260,383096,20.6,65535,National,26.45,1632673.25,5.325,4.5775,3.805,3.9000000000000004,3.775,National,0.355,587,433,564.5,20481.5,4293.25,977,1704000,396500,212300,4.85,7.975,7.725,111.825,113.35,120.6,12.0175,10.8275,4.605,1.0523500000000001,1.411925,1.0897000000000001,1.04565,0.559925,0.74735,0.579875,0.55645,1.0582500000000001,1.0728499999999999,1.010125,0.9606250000000001
2021,Westland District,Other,1.506175,0.7988,0.9742500000000001,National,4.5775,3.805,National,26.45,National,1632673.25,National,3.875,3.75,3.5999999999999996,National,4772.538356164383,5663.427397260274,5077.694520547945,2650.6452054794518,National,115928.05342465753,130731.66575342465,140516.38082191782,104221.35616438356,National,17,598688,20.3,101061,1274463,23.4,241736,1131561,30.7,266015,1059778,27.6,229260,383096,20.6,65535,National,26.45,1632673.25,5.325,4.5775,3.805,3.9000000000000004,3.775,National,0.355,587,433,564.5,20481.5,4293.25,977,1704000,396500,212300,4.85,7.975,7.725,111.825,113.35,120.6,12.0175,10.8275,4.605,1.0523500000000001,1.411925,1.0897000000000001,1.04565,0.559925,0.74735,0.579875,0.55645,1.0582500000000001,1.0728499999999999,1.010125,0.9606250000000001
2021,Whakatane District,Other,1.087575,0.5779,0.878575,National,4.5775,3.805,National,26.45,National,1632673.25,National,3.875,3.75,3.5999999999999996,National,4772.538356164383,5663.427397260274,5077.694520547945,2650.6452054794518,National,115928.05342465753,130731.66575342465,140516.38082191782,104221.35616438356,National,17,598688,20.3,101061,1274463,23.4,241736,1131561,30.7,266015,1059778,27.6,229260,383096,20.6,65535,National,26.45,1632673.25,5.325,4.5775,3.805,3.9000000000000004,3.775,National,0.355,587,433,564.5,20481.5,4293.25,977,1704000,396500,212300,4.85,7.975,7.725,111.825,113.35,120.6,12.0175,10.8275,4.605,1.0523500000000001,1.411925,1.0897000000000001,1.04565,0.559925,0.74735,0.579875,0.55645,1.0582500000000001,1.0728499999999999,1.010125,0.9606250000000001
2021,Whanganui District,Other,0.8871,0.472575,0.7117249999999999,National,4.5775,3.805,National,26.45,National,1632673.25,National,3.875,3.75,3.5999999999999996,National,4772.538356164383,5663.427397260274,5077.694520547945,2650.6452054794518,National,115928.05342465753,130731.66575342465,140516.38082191782,104221.35616438356,National,17,598688,20.3,101061,1274463,23.4,241736,1131561,30.7,266015,1059778,27.6,229260,383096,20.6,65535,National,26.45,1632673.25,5.325,4.5775,3.805,3.9000000000000004,3.775,National,0.355,587,433,564.5,20481.5,4293.25,977,1704000,396500,212300,4.85,7.975,7.725,111.825,113.35,120.6,12.0175,10.8275,4.605,1.0523500000000001,1.411925,1.0897000000000001,1.04565,0.559925,0.74735,0.579875,0.55645,1.0582500000000001,1.0728499999999999,1.010125,0.9606250000000001
2021,Whangarei District,Other,1.1577250000000001,0.61505,0.853675,National,4.5775,3.805,National,26.45,National,1632673.25,National,3.875,3.75,3.5999999999999996,National,4772.538356164383,5663.427397260274,5077.694520547945,2650.6452054794518,National,115928.05342465753,130731.66575342465,140516.38082191782,104221.35616438356,National,17,598688,20.3,101061,1274463,23.4,241736,1131561,30.7,266015,1059778,27.6,229260,383096,20.6,65535,National,26.45,1632673.25,5.325,4.5775,3.805,3.9000000000000004,3.775,National,0.355,587,433,564.5,20481.5,4293.25,977,1704000,396500,212300,4.85,7.975,7.725,111.825,113.35,120.6,12.0175,10.8275,4.605,1.0523500000000001,1.411925,1.0897000000000001,1.04565,0.559925,0.74735,0.579875,0.55645,1.0582500000000001,1.0728499999999999,1.010125,0.9606250000000001
2022,Ashburton District,Canterbury Rural,0.75885,0.72775,1.0157500000000002,National,6.105,5.8225,National,1.0749999999999997,National,1660763,National,3.45,3.2,2.825,National,4238.7095890410965,5151.815068493151,4641.487671232877,3793.449315068493,National,120166.76301369863,135883.48082191782,145157.8684931507,108014.80547945204,National,18,758913,26.8,160225,1446245,13.5,171782,1210828,7,79267,1186522,12,126744,478171,24.8,95075,National,1.0749999999999997,1660763,6.375,6.105,5.8225,7.15,3.3,National,2.395,596.75,471,587.25,20603.25,4694.5,1108.25,1694400,397400,208200,1.65,8.75,4.075,113.675,123.30000000000001,125.475,12.1625,11.815000000000001,5.3225,0.62175,0.7479,0.6401749999999999,0.652475,0.600175,0.7199,0.617475,0.630425,1.109275,1.044625,1.0384,1.0059
2022,Auckland,Auckland Urban,0.6233875,0.6017375,1.1094375,National,6.105,5.8225,National,1.0749999999999997,National,1660763,National,3.45,3.2,2.825,National,4238.7095890410965,5151.815068493151,4641.487671232877,3793.449315068493,National,120166.76301369863,135883.48082191782,145157.8684931507,108014.80547945204,National,18,758913,26.8,160225,1446245,13.5,171782,1210828,7,79267,1186522,12,126744,478171,24.8,95075,National,1.0749999999999997,1660763,6.375,6.105,5.8225,7.15,3.3,National,2.395,596.75,471,587.25,20603.25,4694.5,1108.25,1694400,397400,208200,1.65,8.75,4.075,113.675,123.30000000000001,125.475,12.1625,11.815000000000001,5.3225,0.62175,0.7479,0.6401749999999999,0.652475,0.600175,0.7199,0.617475,0.630425,1.109275,1.044625,1.0384,1.0059
2022,Bay of Plenty,Other,0.630425,0.6087,0.8823000000000001,National,6.105,5.8225,National,1.0749999999999997,National,1660763,National,3.45,3.2,2.825,National,4238.7095890410965,5151.815068493151,4641.487671232877,3793.449315068493,National,120166.76301369863,135883.48082191782,145157.8684931507,108014.80547945204,National,18,758913,26.8,160225,1446245,13.5,171782,1210828,7,79267,1186522,12,126744,478171,24.8,95075,National,1.0749999999999997,1660763,6.375,6.105,5.8225,7.15,3.3,National,2.395,596.75,471,587.25,20603.25,4694.5,1108.25,1694400,397400,208200,1.65,8.75,4.075,113.675,123.30000000000001,125.475,12.1625,11.815000000000001,5.3225,0.62175,0.7479,0.6401749999999999,0.652475,0.600175,0.7199,0.617475,0.630425,1.109275,1.044625,1.0384,1.0059
2022,Buller District,Other,0.6903999999999999,0.66205,0.83235,National,6.105,5.8225,National,1.0749999999999997,National,1660763,National,3.45,3.2,2.825,National,4238.7095890410965,5151.815068493151,4641.487671232877,3793.449315068493,National,120166.76301369863,135883.48082191782,145157.8684931507,108014.80547945204,National,18,758913,26.8,160225,1446245,13.5,171782,1210828,7,79267,1186522,12,126744,478171,24.8,95075,National,1.0749999999999997,1660763,6.375,6.105,5.8225,7.15,3.3,National,2.395,596.75,471,587.25,20603.25,4694.5,1108.25,1694400,397400,208200,1.65,8.75,4.075,113.675,123.30000000000001,125.475,12.1625,11.815000000000001,5.3225,0.62175,0.7479,0.6401749999999999,0.652475,0.600175,0.7199,0.617475,0.630425,1.109275,1.044625,1.0384,1.0059
2022,Canterbury,Canterbury Rural,0.7479,0.7199,1.044625,National,6.105,5.8225,National,1.0749999999999997,National,1660763,National,3.45,3.2,2.825,National,4238.7095890410965,5151.815068493151,4641.487671232877,3793.449315068493,National,120166.76301369863,135883.48082191782,145157.8684931507,108014.80547945204,National,18,758913,26.8,160225,1446245,13.5,171782,1210828,7,79267,1186522,12,126744,478171,24.8,95075,National,1.0749999999999997,1660763,6.375,6.105,5.8225,7.15,3.3,National,2.395,596.75,471,587.25,20603.25,4694.5,1108.25,1694400,397400,208200,1.65,8.75,4.075,113.675,123.30000000000001,125.475,12.1625,11.815000000000001,5.3225,0.62175,0.7479,0.6401749999999999,0.652475,0.600175,0.7199,0.617475,0.630425,1.109275,1.044625,1.0384,1.0059
2022,Carterton District,Wellington Rural,0.52105,0.504525,0.728275,National,6.105,5.8225,National,1.0749999999999997,National,1660763,National,3.45,3.2,2.825,National,4238.7095890410965,5151.815068493151,4641.487671232877,3793.449315068493,National,120166.76301369863,135883.48082191782,145157.8684931507,108014.80547945204,National,18,758913,26.8,160225,1446245,13.5,171782,1210828,7,79267,1186522,12,126744,478171,24.8,95075,National,1.0749999999999997,1660763,6.375,6.105,5.8225,7.15,3.3,National,2.395,596.75,471,587.25,20603.25,4694.5,1108.25,1694400,397400,208200,1.65,8.75,4.075,113.675,123.30000000000001,125.475,12.1625,11.815000000000001,5.3225,0.62175,0.7479,0.6401749999999999,0.652475,0.600175,0.7199,0.617475,0.630425,1.109275,1.044625,1.0384,1.0059
2022,Central Hawkes Bay District,Other,0.549125,0.528875,0.672875,National,6.105,5.8225,National,1.0749999999999997,National,1660763,National,3.45,3.2,2.825,National,4238.7095890410965,5151.815068493151,4641.487671232877,3793.449315068493,National,120166.76301369863,135883.48082191782,145157.8684931507,108014.80547945204,National,18,758913,26.8,160225,1446245,13.5,171782,1210828,7,79267,1186522,12,126744,478171,24.8,95075,National,1.0749999999999997,1660763,6.375,6.105,5.8225,7.15,3.3,National,2.395,596.75,471,587.25,20603.25,4694.5,1108.25,1694400,397400,208200,1.65,8.75,4.075,113.675,123.30000000000001,125.475,12.1625,11.815000000000001,5.3225,0.62175,0.7479,0.6401749999999999,0.652475,0.600175,0.7199,0.617475,0.630425,1.109275,1.044625,1.0384,1.0059
2022,Central Otago District,Other,0.600175,0.575825,0.892425,National,6.105,5.8225,National,1.0749999999999997,National,1660763,National,3.45,3.2,2.825,National,4238.7095890410965,5151.815068493151,4641.487671232877,3793.449315068493,National,120166.76301369863,135883.48082191782,145157.8684931507,108014.80547945204,National,18,758913,26.8,160225,1446245,13.5,171782,1210828,7,79267,1186522,12,126744,478171,24.8,95075,National,1.0749999999999997,1660763,6.375,6.105,5.8225,7.15,3.3,National,2.395,596.75,471,587.25,20603.25,4694.5,1108.25,1694400,397400,208200,1.65,8.75,4.075,113.675,123.30000000000001,125.475,12.1625,11.815000000000001,5.3225,0.62175,0.7479,0.6401749999999999,0.652475,0.600175,0.7199,0.617475,0.630425,1.109275,1.044625,1.0384,1.0059
2022,Christchurch City,Canterbury Urban,0.72925,0.7023,1.02665,National,6.105,5.8225,National,1.0749999999999997,National,1660763,National,3.45,3.2,2.825,National,4238.7095890410965,5151.815068493151,4641.487671232877,3793.449315068493,National,120166.76301369863,135883.48082191782,145157.8684931507,108014.80547945204,National,18,758913,26.8,160225,1446245,13.5,171782,1210828,7,79267,1186522,12,126744,478171,24.8,95075,National,1.0749999999999997,1660763,6.375,6.105,5.8225,7.15,3.3,National,2.395,596.75,471,587.25,20603.25,4694.5,1108.25,1694400,397400,208200,1.65,8.75,4.075,113.675,123.30000000000001,125.475,12.1625,11.815000000000001,5.3225,0.62175,0.7479,0.6401749999999999,0.652475,0.600175,0.7199,0.617475,0.630425,1.109275,1.044625,1.0384,1.0059
2022,Clutha District,Other,0.544875,0.5242249999999999,0.824425,National,6.105,5.8225,National,1.0749999999999997,National,1660763,National,3.45,3.2,2.825,National,4238.7095890410965,5151.815068493151,4641.487671232877,3793.449315068493,National,120166.76301369863,135883.48082191782,145157.8684931507,108014.80547945204,National,18,758913,26.8,160225,1446245,13.5,171782,1210828,7,79267,1186522,12,126744,478171,24.8,95075,National,1.0749999999999997,1660763,6.375,6.105,5.8225,7.15,3.3,National,2.395,596.75,471,587.25,20603.25,4694.5,1108.25,1694400,397400,208200,1.65,8.75,4.075,113.675,123.30000000000001,125.475,12.1625,11.815000000000001,5.3225,0.62175,0.7479,0.6401749999999999,0.652475,0.600175,0.7199,0.617475,0.630425,1.109275,1.044625,1.0384,1.0059
2022,Dunedin City,Other,0.62802499999999994,0.6057,1.0367,National,6.105,5.8225,National,1.0749999999999997,National,1660763,National,3.45,3.2,2.825,National,4238.7095890410965,5151.815068493151,4641.487671232877,3793.449315068493,National,120166.76301369863,135883.48082191782,145157.8684931507,108014.80547945204,National,18,758913,26.8,160225,1446245,13.5,171782,1210828,7,79267,1186522,12,126744,478171,24.8,95075,National,1.0749999999999997,1660763,6.375,6.105,5.8225,7.15,3.3,National,2.395,596.75,471,587.25,20603.25,4694.5,1108.25,1694400,397400,208200,1.65,8.75,4.075,113.675,123.30000000000001,125.475,12.1625,11.815000000000001,5.3225,0.62175,0.7479,0.6401749999999999,0.652475,0.600175,0.7199,0.617475,0.630425,1.109275,1.044625,1.0384,1.0059
2022,Far North District,Other,0.684825,0.65855,0.8645499999999999,National,6.105,5.8225,National,1.0749999999999997,National,1660763,National,3.45,3.2,2.825,National,4238.7095890410965,5151.815068493151,4641.487671232877,3793.449315068493,National,120166.76301369863,135883.48082191782,145157.8684931507,108014.80547945204,National,18,758913,26.8,160225,1446245,13.5,171782,1210828,7,79267,1186522,12,126744,478171,24.8,95075,National,1.0749999999999997,1660763,6.375,6.105,5.8225,7.15,3.3,National,2.395,596.75,471,587.25,20603.25,4694.5,1108.25,1694400,397400,208200,1.65,8.75,4.075,113.675,123.30000000000001,125.475,12.1625,11.815000000000001,5.3225,0.62175,0.7479,0.6401749999999999,0.652475,0.600175,0.7199,0.617475,0.630425,1.109275,1.044625,1.0384,1.0059
2022,Gisborne,Other,0.583575,0.561875,0.82285,National,6.105,5.8225,National,1.0749999999999997,National,1660763,National,3.45,3.2,2.825,National,4238.7095890410965,5151.815068493151,4641.487671232877,3793.449315068493,National,120166.76301369863,135883.48082191782,145157.8684931507,108014.80547945204,National,18,758913,26.8,160225,1446245,13.5,171782,1210828,7,79267,1186522,12,126744,478171,24.8,95075,National,1.0749999999999997,1660763,6.375,6.105,5.8225,7.15,3.3,National,2.395,596.75,471,587.25,20603.25,4694.5,1108.25,1694400,397400,208200,1.65,8.75,4.075,113.675,123.30000000000001,125.475,12.1625,11.815000000000001,5.3225,0.62175,0.7479,0.6401749999999999,0.652475,0.600175,0.7199,0.617475,0.630425,1.109275,1.044625,1.0384,1.0059
2022,Gisborne District,Other,0.583575,0.561875,0.82285,National,6.105,5.8225,National,1.0749999999999997,National,1660763,National,3.45,3.2,2.825,National,4238.7095890410965,5151.815068493151,4641.487671232877,3793.449315068493,National,120166.76301369863,135883.48082191782,145157.8684931507,108014.80547945204,National,18,758913,26.8,160225,1446245,13.5,171782,1210828,7,79267,1186522,12,126744,478171,24.8,95075,National,1.0749999999999997,1660763,6.375,6.105,5.8225,7.15,3.3,National,2.395,596.75,471,587.25,20603.25,4694.5,1108.25,1694400,397400,208200,1.65,8.75,4.075,113.675,123.30000000000001,125.475,12.1625,11.815000000000001,5.3225,0.62175,0.7479,0.6401749999999999,0.652475,0.600175,0.7199,0.617475,0.630425,1.109275,1.044625,1.0384,1.0059
2022,Gore District,Other,0.6821,0.6549750000000001,0.788625,National,6.105,5.8225,National,1.0749999999999997,National,1660763,National,3.45,3.2,2.825,National,4238.7095890410965,5151.815068493151,4641.487671232877,3793.449315068493,National,120166.76301369863,135883.48082191782,145157.8684931507,108014.80547945204,National,18,758913,26.8,160225,1446245,13.5,171782,1210828,7,79267,1186522,12,126744,478171,24.8,95075,National,1.0749999999999997,1660763,6.375,6.105,5.8225,7.15,3.3,National,2.395,596.75,471,587.25,20603.25,4694.5,1108.25,1694400,397400,208200,1.65,8.75,4.075,113.675,123.30000000000001,125.475,12.1625,11.815000000000001,5.3225,0.62175,0.7479,0.6401749999999999,0.652475,0.600175,0.7199,0.617475,0.630425,1.109275,1.044625,1.0384,1.0059
2022,Grey District,Other,0.78585,0.7556,0.961775,National,6.105,5.8225,National,1.0749999999999997,National,1660763,National,3.45,3.2,2.825,National,4238.7095890410965,5151.815068493151,4641.487671232877,3793.449315068493,National,120166.76301369863,135883.48082191782,145157.8684931507,108014.80547945204,National,18,758913,26.8,160225,1446245,13.5,171782,1210828,7,79267,1186522,12,126744,478171,24.8,95075,National,1.0749999999999997,1660763,6.375,6.105,5.8225,7.15,3.3,National,2.395,596.75,471,587.25,20603.25,4694.5,1108.25,1694400,397400,208200,1.65,8.75,4.075,113.675,123.30000000000001,125.475,12.1625,11.815000000000001,5.3225,0.62175,0.7479,0.6401749999999999,0.652475,0.600175,0.7199,0.617475,0.630425,1.109275,1.044625,1.0384,1.0059
2022,Hamilton City,Other,0.59205,0.5700500000000001,0.9717,National,6.105,5.8225,National,1.0749999999999997,National,1660763,National,3.45,3.2,2.825,National,4238.7095890410965,5151.815068493151,4641.487671232877,3793.449315068493,National,120166.76301369863,135883.48082191782,145157.8684931507,108014.80547945204,National,18,758913,26.8,160225,1446245,13.5,171782,1210828,7,79267,1186522,12,126744,478171,24.8,95075,National,1.0749999999999997,1660763,6.375,6.105,5.8225,7.15,3.3,National,2.395,596.75,471,587.25,20603.25,4694.5,1108.25,1694400,397400,208200,1.65,8.75,4.075,113.675,123.30000000000001,125.475,12.1625,11.815000000000001,5.3225,0.62175,0.7479,0.6401749999999999,0.652475,0.600175,0.7199,0.617475,0.630425,1.109275,1.044625,1.0384,1.0059
2022,Hastings District,Other,0.583325,0.56435,0.91355,National,6.105,5.8225,National,1.0749999999999997,National,1660763,National,3.45,3.2,2.825,National,4238.7095890410965,5151.815068493151,4641.487671232877,3793.449315068493,National,120166.76301369863,135883.48082191782,145157.8684931507,108014.80547945204,National,18,758913,26.8,160225,1446245,13.5,171782,1210828,7,79267,1186522,12,126744,478171,24.8,95075,National,1.0749999999999997,1660763,6.375,6.105,5.8225,7.15,3.3,National,2.395,596.75,471,587.25,20603.25,4694.5,1108.25,1694400,397400,208200,1.65,8.75,4.075,113.675,123.30000000000001,125.475,12.1625,11.815000000000001,5.3225,0.62175,0.7479,0.6401749999999999,0.652475,0.600175,0.7199,0.617475,0.630425,1.109275,1.044625,1.0384,1.0059
2022,Hauraki District,Other,0.571475,0.549125,0.859,National,6.105,5.8225,National,1.0749999999999997,National,1660763,National,3.45,3.2,2.825,National,4238.7095890410965,5151.815068493151,4641.487671232877,3793.449315068493,National,120166.76301369863,135883.48082191782,145157.8684931507,108014.80547945204,National,18,758913,26.8,160225,1446245,13.5,171782,1210828,7,79267,1186522,12,126744,478171,24.8,95075,National,1.0749999999999997,1660763,6.375,6.105,5.8225,7.15,3.3,National,2.395,596.75,471,587.25,20603.25,4694.5,1108.25,1694400,397400,208200,1.65,8.75,4.075,113.675,123.30000000000001,125.475,12.1625,11.815000000000001,5.3225,0.62175,0.7479,0.6401749999999999,0.652475,0.600175,0.7199,0.617475,0.630425,1.109275,1.044625,1.0384,1.0059
2022,Hawke's Bay,Other,0.600875,0.580575,0.8968,National,6.105,5.8225,National,1.0749999999999997,National,1660763,National,3.45,3.2,2.825,National,4238.7095890410965,5151.815068493151,4641.487671232877,3793.449315068493,National,120166.76301369863,135883.48082191782,145157.8684931507,108014.80547945204,National,18,758913,26.8,160225,1446245,13.5,171782,1210828,7,79267,1186522,12,126744,478171,24.8,95075,National,1.0749999999999997,1660763,6.375,6.105,5.8225,7.15,3.3,National,2.395,596.75,471,587.25,20603.25,4694.5,1108.25,1694400,397400,208200,1.65,8.75,4.075,113.675,123.30000000000001,125.475,12.1625,11.815000000000001,5.3225,0.62175,0.7479,0.6401749999999999,0.652475,0.600175,0.7199,0.617475,0.630425,1.109275,1.044625,1.0384,1.0059
2022,Horowhenua District,Other,0.535675,0.517,0.7606999999999999,National,6.105,5.8225,National,1.0749999999999997,National,1660763,National,3.45,3.2,2.825,National,4238.7095890410965,5151.815068493151,4641.487671232877,3793.449315068493,National,120166.76301369863,135883.48082191782,145157.8684931507,108014.80547945204,National,18,758913,26.8,160225,1446245,13.5,171782,1210828,7,79267,1186522,12,126744,478171,24.8,95075,National,1.0749999999999997,1660763,6.375,6.105,5.8225,7.15,3.3,National,2.395,596.75,471,587.25,20603.25,4694.5,1108.25,1694400,397400,208200,1.65,8.75,4.075,113.675,123.30000000000001,125.475,12.1625,11.815000000000001,5.3225,0.62175,0.7479,0.6401749999999999,0.652475,0.600175,0.7199,0.617475,0.630425,1.109275,1.044625,1.0384,1.0059
2022,Hurunui District,Canterbury Rural,0.7132499999999999,0.683575,0.951125,National,6.105,5.8225,National,1.0749999999999997,National,1660763,National,3.45,3.2,2.825,National,4238.7095890410965,5151.815068493151,4641.487671232877,3793.449315068493,National,120166.76301369863,135883.48082191782,145157.8684931507,108014.80547945204,National,18,758913,26.8,160225,1446245,13.5,171782,1210828,7,79267,1186522,12,126744,478171,24.8,95075,National,1.0749999999999997,1660763,6.375,6.105,5.8225,7.15,3.3,National,2.395,596.75,471,587.25,20603.25,4694.5,1108.25,1694400,397400,208200,1.65,8.75,4.075,113.675,123.30000000000001,125.475,12.1625,11.815000000000001,5.3225,0.62175,0.7479,0.6401749999999999,0.652475,0.600175,0.7199,0.617475,0.630425,1.109275,1.044625,1.0384,1.0059
2022,Hutt City,Wellington Urban,0.676875,0.655475,0.953975,National,6.105,5.8225,National,1.0749999999999997,National,1660763,National,3.45,3.2,2.825,National,4238.7095890410965,5151.815068493151,4641.487671232877,3793.449315068493,National,120166.76301369863,135883.48082191782,145157.8684931507,108014.80547945204,National,18,758913,26.8,160225,1446245,13.5,171782,1210828,7,79267,1186522,12,126744,478171,24.8,95075,National,1.0749999999999997,1660763,6.375,6.105,5.8225,7.15,3.3,National,2.395,596.75,471,587.25,20603.25,4694.5,1108.25,1694400,397400,208200,1.65,8.75,4.075,113.675,123.30000000000001,125.475,12.1625,11.815000000000001,5.3225,0.62175,0.7479,0.6401749999999999,0.652475,0.600175,0.7199,0.617475,0.630425,1.109275,1.044625,1.0384,1.0059
2022,Invercargill City,Other,0.67265,0.6473,0.8633,National,6.105,5.8225,National,1.0749999999999997,National,1660763,National,3.45,3.2,2.825,National,4238.7095890410965,5151.815068493151,4641.487671232877,3793.449315068493,National,120166.76301369863,135883.48082191782,145157.8684931507,108014.80547945204,National,18,758913,26.8,160225,1446245,13.5,171782,1210828,7,79267,1186522,12,126744,478171,24.8,95075,National,1.0749999999999997,1660763,6.375,6.105,5.8225,7.15,3.3,National,2.395,596.75,471,587.25,20603.25,4694.5,1108.25,1694400,397400,208200,1.65,8.75,4.075,113.675,123.30000000000001,125.475,12.1625,11.815000000000001,5.3225,0.62175,0.7479,0.6401749999999999,0.652475,0.600175,0.7199,0.617475,0.630425,1.109275,1.044625,1.0384,1.0059
2022,Kaikoura District,Other,0.703675,0.6748,0.98085,National,6.105,5.8225,National,1.0749999999999997,National,1660763,National,3.45,3.2,2.825,National,4238.7095890410965,5151.815068493151,4641.487671232877,3793.449315068493,National,120166.76301369863,135883.48082191782,145157.8684931507,108014.80547945204,National,18,758913,26.8,160225,1446245,13.5,171782,1210828,7,79267,1186522,12,126744,478171,24.8,95075,National,1.0749999999999997,1660763,6.375,6.105,5.8225,7.15,3.3,National,2.395,596.75,471,587.25,20603.25,4694.5,1108.25,1694400,397400,208200,1.65,8.75,4.075,113.675,123.30000000000001,125.475,12.1625,11.815000000000001,5.3225,0.62175,0.7479,0.6401749999999999,0.652475,0.600175,0.7199,0.617475,0.630425,1.109275,1.044625,1.0384,1.0059
2022,Kaipara District,Other,0.5420499999999999,0.5222,0.8585,National,6.105,5.8225,National,1.0749999999999997,National,1660763,National,3.45,3.2,2.825,National,4238.7095890410965,5151.815068493151,4641.487671232877,3793.449315068493,National,120166.76301369863,135883.48082191782,145157.8684931507,108014.80547945204,National,18,758913,26.8,160225,1446245,13.5,171782,1210828,7,79267,1186522,12,126744,478171,24.8,95075,National,1.0749999999999997,1660763,6.375,6.105,5.8225,7.15,3.3,National,2.395,596.75,471,587.25,20603.25,4694.5,1108.25,1694400,397400,208200,1.65,8.75,4.075,113.675,123.30000000000001,125.475,12.1625,11.815000000000001,5.3225,0.62175,0.7479,0.6401749999999999,0.652475,0.600175,0.7199,0.617475,0.630425,1.109275,1.044625,1.0384,1.0059
2022,Kapiti Coast District,Wellington Rural,0.6415500000000001,0.6199,0.9270499999999999,National,6.105,5.8225,National,1.0749999999999997,National,1660763,National,3.45,3.2,2.825,National,4238.7095890410965,5151.815068493151,4641.487671232877,3793.449315068493,National,120166.76301369863,135883.48082191782,145157.8684931507,108014.80547945204,National,18,758913,26.8,160225,1446245,13.5,171782,1210828,7,79267,1186522,12,126744,478171,24.8,95075,National,1.0749999999999997,1660763,6.375,6.105,5.8225,7.15,3.3,National,2.395,596.75,471,587.25,20603.25,4694.5,1108.25,1694400,397400,208200,1.65,8.75,4.075,113.675,123.30000000000001,125.475,12.1625,11.815000000000001,5.3225,0.62175,0.7479,0.6401749999999999,0.652475,0.600175,0.7199,0.617475,0.630425,1.109275,1.044625,1.0384,1.0059
2022,Kawerau District,Other,0.47215,0.453125,0.829475,National,6.105,5.8225,National,1.0749999999999997,National,1660763,National,3.45,3.2,2.825,National,4238.7095890410965,5151.815068493151,4641.487671232877,3793.449315068493,National,120166.76301369863,135883.48082191782,145157.8684931507,108014.80547945204,National,18,758913,26.8,160225,1446245,13.5,171782,1210828,7,79267,1186522,12,126744,478171,24.8,95075,National,1.0749999999999997,1660763,6.375,6.105,5.8225,7.15,3.3,National,2.395,596.75,471,587.25,20603.25,4694.5,1108.25,1694400,397400,208200,1.65,8.75,4.075,113.675,123.30000000000001,125.475,12.1625,11.815000000000001,5.3225,0.62175,0.7479,0.6401749999999999,0.652475,0.600175,0.7199,0.617475,0.630425,1.109275,1.044625,1.0384,1.0059
2022,MacKenzie District,Canterbury Rural,0.577025,0.551825,1.0100250000000002,National,6.105,5.8225,National,1.0749999999999997,National,1660763,National,3.45,3.2,2.825,National,4238.7095890410965,5151.815068493151,4641.487671232877,3793.449315068493,National,120166.76301369863,135883.48082191782,145157.8684931507,108014.80547945204,National,18,758913,26.8,160225,1446245,13.5,171782,1210828,7,79267,1186522,12,126744,478171,24.8,95075,National,1.0749999999999997,1660763,6.375,6.105,5.8225,7.15,3.3,National,2.395,596.75,471,587.25,20603.25,4694.5,1108.25,1694400,397400,208200,1.65,8.75,4.075,113.675,123.30000000000001,125.475,12.1625,11.815000000000001,5.3225,0.62175,0.7479,0.6401749999999999,0.652475,0.600175,0.7199,0.617475,0.630425,1.109275,1.044625,1.0384,1.0059
2022,Manawatu District,Other,0.585475,0.56455,0.818075,National,6.105,5.8225,National,1.0749999999999997,National,1660763,National,3.45,3.2,2.825,National,4238.7095890410965,5151.815068493151,4641.487671232877,3793.449315068493,National,120166.76301369863,135883.48082191782,145157.8684931507,108014.80547945204,National,18,758913,26.8,160225,1446245,13.5,171782,1210828,7,79267,1186522,12,126744,478171,24.8,95075,National,1.0749999999999997,1660763,6.375,6.105,5.8225,7.15,3.3,National,2.395,596.75,471,587.25,20603.25,4694.5,1108.25,1694400,397400,208200,1.65,8.75,4.075,113.675,123.30000000000001,125.475,12.1625,11.815000000000001,5.3225,0.62175,0.7479,0.6401749999999999,0.652475,0.600175,0.7199,0.617475,0.630425,1.109275,1.044625,1.0384,1.0059
2022,Manawatu-Wanganui,Other,0.582325,0.5621,0.839225,National,6.105,5.8225,National,1.0749999999999997,National,1660763,National,3.45,3.2,2.825,National,4238.7095890410965,5151.815068493151,4641.487671232877,3793.449315068493,National,120166.76301369863,135883.48082191782,145157.8684931507,108014.80547945204,National,18,758913,26.8,160225,1446245,13.5,171782,1210828,7,79267,1186522,12,126744,478171,24.8,95075,National,1.0749999999999997,1660763,6.375,6.105,5.8225,7.15,3.3,National,2.395,596.75,471,587.25,20603.25,4694.5,1108.25,1694400,397400,208200,1.65,8.75,4.075,113.675,123.30000000000001,125.475,12.1625,11.815000000000001,5.3225,0.62175,0.7479,0.6401749999999999,0.652475,0.600175,0.7199,0.617475,0.630425,1.109275,1.044625,1.0384,1.0059
2022,Marlborough,Other,0.69295,0.667375,0.87975,National,6.105,5.8225,National,1.0749999999999997,National,1660763,National,3.45,3.2,2.825,National,4238.7095890410965,5151.815068493151,4641.487671232877,3793.449315068493,National,120166.76301369863,135883.48082191782,145157.8684931507,108014.80547945204,National,18,758913,26.8,160225,1446245,13.5,171782,1210828,7,79267,1186522,12,126744,478171,24.8,95075,National,1.0749999999999997,1660763,6.375,6.105,5.8225,7.15,3.3,National,2.395,596.75,471,587.25,20603.25,4694.5,1108.25,1694400,397400,208200,1.65,8.75,4.075,113.675,123.30000000000001,125.475,12.1625,11.815000000000001,5.3225,0.62175,0.7479,0.6401749999999999,0.652475,0.600175,0.7199,0.617475,0.630425,1.109275,1.044625,1.0384,1.0059
2022,Marlborough District,Other,0.69295,0.667375,0.879725,National,6.105,5.8225,National,1.0749999999999997,National,1660763,National,3.45,3.2,2.825,National,4238.7095890410965,5151.815068493151,4641.487671232877,3793.449315068493,National,120166.76301369863,135883.48082191782,145157.8684931507,108014.80547945204,National,18,758913,26.8,160225,1446245,13.5,171782,1210828,7,79267,1186522,12,126744,478171,24.8,95075,National,1.0749999999999997,1660763,6.375,6.105,5.8225,7.15,3.3,National,2.395,596.75,471,587.25,20603.25,4694.5,1108.25,1694400,397400,208200,1.65,8.75,4.075,113.675,123.30000000000001,125.475,12.1625,11.815000000000001,5.3225,0.62175,0.7479,0.6401749999999999,0.652475,0.600175,0.7199,0.617475,0.630425,1.109275,1.044625,1.0384,1.0059
2022,Masterton District,Wellington Rural,0.605225,0.585575,0.80095,National,6.105,5.8225,National,1.0749999999999997,National,1660763,National,3.45,3.2,2.825,National,4238.7095890410965,5151.815068493151,4641.487671232877,3793.449315068493,National,120166.76301369863,135883.48082191782,145157.8684931507,108014.80547945204,National,18,758913,26.8,160225,1446245,13.5,171782,1210828,7,79267,1186522,12,126744,478171,24.8,95075,National,1.0749999999999997,1660763,6.375,6.105,5.8225,7.15,3.3,National,2.395,596.75,471,587.25,20603.25,4694.5,1108.25,1694400,397400,208200,1.65,8.75,4.075,113.675,123.30000000000001,125.475,12.1625,11.815000000000001,5.3225,0.62175,0.7479,0.6401749999999999,0.652475,0.600175,0.7199,0.617475,0.630425,1.109275,1.044625,1.0384,1.0059
2022,Matamata Piako District,Other,0.538125,0.51735,0.846575,National,6.105,5.8225,National,1.0749999999999997,National,1660763,National,3.45,3.2,2.825,National,4238.7095890410965,5151.815068493151,4641.487671232877,3793.449315068493,National,120166.76301369863,135883.48082191782,145157.8684931507,108014.80547945204,National,18,758913,26.8,160225,1446245,13.5,171782,1210828,7,79267,1186522,12,126744,478171,24.8,95075,National,1.0749999999999997,1660763,6.375,6.105,5.8225,7.15,3.3,National,2.395,596.75,471,587.25,20603.25,4694.5,1108.25,1694400,397400,208200,1.65,8.75,4.075,113.675,123.30000000000001,125.475,12.1625,11.815000000000001,5.3225,0.62175,0.7479,0.6401749999999999,0.652475,0.600175,0.7199,0.617475,0.630425,1.109275,1.044625,1.0384,1.0059
2022,Napier City,Other,0.6190249999999999,0.598125,0.906725,National,6.105,5.8225,National,1.0749999999999997,National,1660763,National,3.45,3.2,2.825,National,4238.7095890410965,5151.815068493151,4641.487671232877,3793.449315068493,National,120166.76301369863,135883.48082191782,145157.8684931507,108014.80547945204,National,18,758913,26.8,160225,1446245,13.5,171782,1210828,7,79267,1186522,12,126744,478171,24.8,95075,National,1.0749999999999997,1660763,6.375,6.105,5.8225,7.15,3.3,National,2.395,596.75,471,587.25,20603.25,4694.5,1108.25,1694400,397400,208200,1.65,8.75,4.075,113.675,123.30000000000001,125.475,12.1625,11.815000000000001,5.3225,0.62175,0.7479,0.6401749999999999,0.652475,0.600175,0.7199,0.617475,0.630425,1.109275,1.044625,1.0384,1.0059
2022,Nelson,Other,0.7097,0.6840499999999999,1.03015,National,6.105,5.8225,National,1.0749999999999997,National,1660763,National,3.45,3.2,2.825,National,4238.7095890410965,5151.815068493151,4641.487671232877,3793.449315068493,National,120166.76301369863,135883.48082191782,145157.8684931507,108014.80547945204,National,18,758913,26.8,160225,1446245,13.5,171782,1210828,7,79267,1186522,12,126744,478171,24.8,95075,National,1.0749999999999997,1660763,6.375,6.105,5.8225,7.15,3.3,National,2.395,596.75,471,587.25,20603.25,4694.5,1108.25,1694400,397400,208200,1.65,8.75,4.075,113.675,123.30000000000001,125.475,12.1625,11.815000000000001,5.3225,0.62175,0.7479,0.6401749999999999,0.652475,0.600175,0.7199,0.617475,0.630425,1.109275,1.044625,1.0384,1.0059
2022,Nelson City,Other,0.7097,0.6840499999999999,1.0303499999999999,National,6.105,5.8225,National,1.0749999999999997,National,1660763,National,3.45,3.2,2.825,National,4238.7095890410965,5151.815068493151,4641.487671232877,3793.449315068493,National,120166.76301369863,135883.48082191782,145157.8684931507,108014.80547945204,National,18,758913,26.8,160225,1446245,13.5,171782,1210828,7,79267,1186522,12,126744,478171,24.8,95075,National,1.0749999999999997,1660763,6.375,6.105,5.8225,7.15,3.3,National,2.395,596.75,471,587.25,20603.25,4694.5,1108.25,1694400,397400,208200,1.65,8.75,4.075,113.675,123.30000000000001,125.475,12.1625,11.815000000000001,5.3225,0.62175,0.7479,0.6401749999999999,0.652475,0.600175,0.7199,0.617475,0.630425,1.109275,1.044625,1.0384,1.0059
2022,New Plymouth District,Other,0.65575,0.630525,0.9543999999999999,National,6.105,5.8225,National,1.0749999999999997,National,1660763,National,3.45,3.2,2.825,National,4238.7095890410965,5151.815068493151,4641.487671232877,3793.449315068493,National,120166.76301369863,135883.48082191782,145157.8684931507,108014.80547945204,National,18,758913,26.8,160225,1446245,13.5,171782,1210828,7,79267,1186522,12,126744,478171,24.8,95075,National,1.0749999999999997,1660763,6.375,6.105,5.8225,7.15,3.3,National,2.395,596.75,471,587.25,20603.25,4694.5,1108.25,1694400,397400,208200,1.65,8.75,4.075,113.675,123.30000000000001,125.475,12.1625,11.815000000000001,5.3225,0.62175,0.7479,0.6401749999999999,0.652475,0.600175,0.7199,0.617475,0.630425,1.109275,1.044625,1.0384,1.0059
2022,New Zealand,Other,0.6401749999999999,0.617475,1.0384,National,6.105,5.8225,National,1.0749999999999997,National,1660763,National,3.45,3.2,2.825,National,4238.7095890410965,5151.815068493151,4641.487671232877,3793.449315068493,National,120166.76301369863,135883.48082191782,145157.8684931507,108014.80547945204,National,18,758913,26.8,160225,1446245,13.5,171782,1210828,7,79267,1186522,12,126744,478171,24.8,95075,National,1.0749999999999997,1660763,6.375,6.105,5.8225,7.15,3.3,National,2.395,596.75,471,587.25,20603.25,4694.5,1108.25,1694400,397400,208200,1.65,8.75,4.075,113.675,123.30000000000001,125.475,12.1625,11.815000000000001,5.3225,0.62175,0.7479,0.6401749999999999,0.652475,0.600175,0.7199,0.617475,0.630425,1.109275,1.044625,1.0384,1.0059
2022,Northland,Other,0.646775,0.6233,0.862525,National,6.105,5.8225,National,1.0749999999999997,National,1660763,National,3.45,3.2,2.825,National,4238.7095890410965,5151.815068493151,4641.487671232877,3793.449315068493,National,120166.76301369863,135883.48082191782,145157.8684931507,108014.80547945204,National,18,758913,26.8,160225,1446245,13.5,171782,1210828,7,79267,1186522,12,126744,478171,24.8,95075,National,1.0749999999999997,1660763,6.375,6.105,5.8225,7.15,3.3,National,2.395,596.75,471,587.25,20603.25,4694.5,1108.25,1694400,397400,208200,1.65,8.75,4.075,113.675,123.30000000000001,125.475,12.1625,11.815000000000001,5.3225,0.62175,0.7479,0.6401749999999999,0.652475,0.600175,0.7199,0.617475,0.630425,1.109275,1.044625,1.0384,1.0059
2022,Opotiki District,Other,0.67115,0.6450750000000001,0.826875,National,6.105,5.8225,National,1.0749999999999997,National,1660763,National,3.45,3.2,2.825,National,4238.7095890410965,5151.815068493151,4641.487671232877,3793.449315068493,National,120166.76301369863,135883.48082191782,145157.8684931507,108014.80547945204,National,18,758913,26.8,160225,1446245,13.5,171782,1210828,7,79267,1186522,12,126744,478171,24.8,95075,National,1.0749999999999997,1660763,6.375,6.105,5.8225,7.15,3.3,National,2.395,596.75,471,587.25,20603.25,4694.5,1108.25,1694400,397400,208200,1.65,8.75,4.075,113.675,123.30000000000001,125.475,12.1625,11.815000000000001,5.3225,0.62175,0.7479,0.6401749999999999,0.652475,0.600175,0.7199,0.617475,0.630425,1.109275,1.044625,1.0384,1.0059
2022,Otago,Other,0.5784,0.555825,1.0358749999999999,National,6.105,5.8225,National,1.0749999999999997,National,1660763,National,3.45,3.2,2.825,National,4238.7095890410965,5151.815068493151,4641.487671232877,3793.449315068493,National,120166.76301369863,135883.48082191782,145157.8684931507,108014.80547945204,National,18,758913,26.8,160225,1446245,13.5,171782,1210828,7,79267,1186522,12,126744,478171,24.8,95075,National,1.0749999999999997,1660763,6.375,6.105,5.8225,7.15,3.3,National,2.395,596.75,471,587.25,20603.25,4694.5,1108.25,1694400,397400,208200,1.65,8.75,4.075,113.675,123.30000000000001,125.475,12.1625,11.815000000000001,5.3225,0.62175,0.7479,0.6401749999999999,0.652475,0.600175,0.7199,0.617475,0.630425,1.109275,1.044625,1.0384,1.0059
2022,Otorohanga District,Other,0.5805,0.558475,0.789,National,6.105,5.8225,National,1.0749999999999997,National,1660763,National,3.45,3.2,2.825,National,4238.7095890410965,5151.815068493151,4641.487671232877,3793.449315068493,National,120166.76301369863,135883.48082191782,145157.8684931507,108014.80547945204,National,18,758913,26.8,160225,1446245,13.5,171782,1210828,7,79267,1186522,12,126744,478171,24.8,95075,National,1.0749999999999997,1660763,6.375,6.105,5.8225,7.15,3.3,National,2.395,596.75,471,587.25,20603.25,4694.5,1108.25,1694400,397400,208200,1.65,8.75,4.075,113.675,123.30000000000001,125.475,12.1625,11.815000000000001,5.3225,0.62175,0.7479,0.6401749999999999,0.652475,0.600175,0.7199,0.617475,0.630425,1.109275,1.044625,1.0384,1.0059
2022,Palmerston North City,Other,0.6282000000000001,0.6068,0.901375,National,6.105,5.8225,National,1.0749999999999997,National,1660763,National,3.45,3.2,2.825,National,4238.7095890410965,5151.815068493151,4641.487671232877,3793.449315068493,National,120166.76301369863,135883.48082191782,145157.8684931507,108014.80547945204,National,18,758913,26.8,160225,1446245,13.5,171782,1210828,7,79267,1186522,12,126744,478171,24.8,95075,National,1.0749999999999997,1660763,6.375,6.105,5.8225,7.15,3.3,National,2.395,596.75,471,587.25,20603.25,4694.5,1108.25,1694400,397400,208200,1.65,8.75,4.075,113.675,123.30000000000001,125.475,12.1625,11.815000000000001,5.3225,0.62175,0.7479,0.6401749999999999,0.652475,0.600175,0.7199,0.617475,0.630425,1.109275,1.044625,1.0384,1.0059
2022,Porirua City,Wellington Urban,0.662625,0.641375,0.950175,National,6.105,5.8225,National,1.0749999999999997,National,1660763,National,3.45,3.2,2.825,National,4238.7095890410965,5151.815068493151,4641.487671232877,3793.449315068493,National,120166.76301369863,135883.48082191782,145157.8684931507,108014.80547945204,National,18,758913,26.8,160225,1446245,13.5,171782,1210828,7,79267,1186522,12,126744,478171,24.8,95075,National,1.0749999999999997,1660763,6.375,6.105,5.8225,7.15,3.3,National,2.395,596.75,471,587.25,20603.25,4694.5,1108.25,1694400,397400,208200,1.65,8.75,4.075,113.675,123.30000000000001,125.475,12.1625,11.815000000000001,5.3225,0.62175,0.7479,0.6401749999999999,0.652475,0.600175,0.7199,0.617475,0.630425,1.109275,1.044625,1.0384,1.0059
2022,Queenstown Lakes District,Other,0.62605,0.6005750000000001,1.0420500000000001,National,6.105,5.8225,National,1.0749999999999997,National,1660763,National,3.45,3.2,2.825,National,4238.7095890410965,5151.815068493151,4641.487671232877,3793.449315068493,National,120166.76301369863,135883.48082191782,145157.8684931507,108014.80547945204,National,18,758913,26.8,160225,1446245,13.5,171782,1210828,7,79267,1186522,12,126744,478171,24.8,95075,National,1.0749999999999997,1660763,6.375,6.105,5.8225,7.15,3.3,National,2.395,596.75,471,587.25,20603.25,4694.5,1108.25,1694400,397400,208200,1.65,8.75,4.075,113.675,123.30000000000001,125.475,12.1625,11.815000000000001,5.3225,0.62175,0.7479,0.6401749999999999,0.652475,0.600175,0.7199,0.617475,0.630425,1.109275,1.044625,1.0384,1.0059
2022,Rangitikei District,Other,0.5108,0.494675,0.68435,National,6.105,5.8225,National,1.0749999999999997,National,1660763,National,3.45,3.2,2.825,National,4238.7095890410965,5151.815068493151,4641.487671232877,3793.449315068493,National,120166.76301369863,135883.48082191782,145157.8684931507,108014.80547945204,National,18,758913,26.8,160225,1446245,13.5,171782,1210828,7,79267,1186522,12,126744,478171,24.8,95075,National,1.0749999999999997,1660763,6.375,6.105,5.8225,7.15,3.3,National,2.395,596.75,471,587.25,20603.25,4694.5,1108.25,1694400,397400,208200,1.65,8.75,4.075,113.675,123.30000000000001,125.475,12.1625,11.815000000000001,5.3225,0.62175,0.7479,0.6401749999999999,0.652475,0.600175,0.7199,0.617475,0.630425,1.109275,1.044625,1.0384,1.0059
2022,Rotorua District,Other,0.62715,0.604875,0.783325,National,6.105,5.8225,National,1.0749999999999997,National,1660763,National,3.45,3.2,2.825,National,4238.7095890410965,5151.815068493151,4641.487671232877,3793.449315068493,National,120166.76301369863,135883.48082191782,145157.8684931507,108014.80547945204,National,18,758913,26.8,160225,1446245,13.5,171782,1210828,7,79267,1186522,12,126744,478171,24.8,95075,National,1.0749999999999997,1660763,6.375,6.105,5.8225,7.15,3.3,National,2.395,596.75,471,587.25,20603.25,4694.5,1108.25,1694400,397400,208200,1.65,8.75,4.075,113.675,123.30000000000001,125.475,12.1625,11.815000000000001,5.3225,0.62175,0.7479,0.6401749999999999,0.652475,0.600175,0.7199,0.617475,0.630425,1.109275,1.044625,1.0384,1.0059
2022,Ruapehu District,Other,0.5640000000000001,0.542725,0.784875,National,6.105,5.8225,National,1.0749999999999997,National,1660763,National,3.45,3.2,2.825,National,4238.7095890410965,5151.815068493151,4641.487671232877,3793.449315068493,National,120166.76301369863,135883.48082191782,145157.8684931507,108014.80547945204,National,18,758913,26.8,160225,1446245,13.5,171782,1210828,7,79267,1186522,12,126744,478171,24.8,95075,National,1.0749999999999997,1660763,6.375,6.105,5.8225,7.15,3.3,National,2.395,596.75,471,587.25,20603.25,4694.5,1108.25,1694400,397400,208200,1.65,8.75,4.075,113.675,123.30000000000001,125.475,12.1625,11.815000000000001,5.3225,0.62175,0.7479,0.6401749999999999,0.652475,0.600175,0.7199,0.617475,0.630425,1.109275,1.044625,1.0384,1.0059
2022,Selwyn District,Canterbury Rural,0.736275,0.7079,1.17075,National,6.105,5.8225,National,1.0749999999999997,National,1660763,National,3.45,3.2,2.825,National,4238.7095890410965,5151.815068493151,4641.487671232877,3793.449315068493,National,120166.76301369863,135883.48082191782,145157.8684931507,108014.80547945204,National,18,758913,26.8,160225,1446245,13.5,171782,1210828,7,79267,1186522,12,126744,478171,24.8,95075,National,1.0749999999999997,1660763,6.375,6.105,5.8225,7.15,3.3,National,2.395,596.75,471,587.25,20603.25,4694.5,1108.25,1694400,397400,208200,1.65,8.75,4.075,113.675,123.30000000000001,125.475,12.1625,11.815000000000001,5.3225,0.62175,0.7479,0.6401749999999999,0.652475,0.600175,0.7199,0.617475,0.630425,1.109275,1.044625,1.0384,1.0059
2022,South Taranaki District,Other,0.58755,0.5637,0.792325,National,6.105,5.8225,National,1.0749999999999997,National,1660763,National,3.45,3.2,2.825,National,4238.7095890410965,5151.815068493151,4641.487671232877,3793.449315068493,National,120166.76301369863,135883.48082191782,145157.8684931507,108014.80547945204,National,18,758913,26.8,160225,1446245,13.5,171782,1210828,7,79267,1186522,12,126744,478171,24.8,95075,National,1.0749999999999997,1660763,6.375,6.105,5.8225,7.15,3.3,National,2.395,596.75,471,587.25,20603.25,4694.5,1108.25,1694400,397400,208200,1.65,8.75,4.075,113.675,123.30000000000001,125.475,12.1625,11.815000000000001,5.3225,0.62175,0.7479,0.6401749999999999,0.652475,0.600175,0.7199,0.617475,0.630425,1.109275,1.044625,1.0384,1.0059
2022,South Waikato District,Other,0.459775,0.44232499999999997,0.67235,National,6.105,5.8225,National,1.0749999999999997,National,1660763,National,3.45,3.2,2.825,National,4238.7095890410965,5151.815068493151,4641.487671232877,3793.449315068493,National,120166.76301369863,135883.48082191782,145157.8684931507,108014.80547945204,National,18,758913,26.8,160225,1446245,13.5,171782,1210828,7,79267,1186522,12,126744,478171,24.8,95075,National,1.0749999999999997,1660763,6.375,6.105,5.8225,7.15,3.3,National,2.395,596.75,471,587.25,20603.25,4694.5,1108.25,1694400,397400,208200,1.65,8.75,4.075,113.675,123.30000000000001,125.475,12.1625,11.815000000000001,5.3225,0.62175,0.7479,0.6401749999999999,0.652475,0.600175,0.7199,0.617475,0.630425,1.109275,1.044625,1.0384,1.0059
2022,South Wairarapa District,Wellington Rural,0.5918749999999999,0.572425,0.907925,National,6.105,5.8225,National,1.0749999999999997,National,1660763,National,3.45,3.2,2.825,National,4238.7095890410965,5151.815068493151,4641.487671232877,3793.449315068493,National,120166.76301369863,135883.48082191782,145157.8684931507,108014.80547945204,National,18,758913,26.8,160225,1446245,13.5,171782,1210828,7,79267,1186522,12,126744,478171,24.8,95075,National,1.0749999999999997,1660763,6.375,6.105,5.8225,7.15,3.3,National,2.395,596.75,471,587.25,20603.25,4694.5,1108.25,1694400,397400,208200,1.65,8.75,4.075,113.675,123.30000000000001,125.475,12.1625,11.815000000000001,5.3225,0.62175,0.7479,0.6401749999999999,0.652475,0.600175,0.7199,0.617475,0.630425,1.109275,1.044625,1.0384,1.0059
2022,Southland,Other,0.654825,0.62985,0.844975,National,6.105,5.8225,National,1.0749999999999997,National,1660763,National,3.45,3.2,2.825,National,4238.7095890410965,5151.815068493151,4641.487671232877,3793.449315068493,National,120166.76301369863,135883.48082191782,145157.8684931507,108014.80547945204,National,18,758913,26.8,160225,1446245,13.5,171782,1210828,7,79267,1186522,12,126744,478171,24.8,95075,National,1.0749999999999997,1660763,6.375,6.105,5.8225,7.15,3.3,National,2.395,596.75,471,587.25,20603.25,4694.5,1108.25,1694400,397400,208200,1.65,8.75,4.075,113.675,123.30000000000001,125.475,12.1625,11.815000000000001,5.3225,0.62175,0.7479,0.6401749999999999,0.652475,0.600175,0.7199,0.617475,0.630425,1.109275,1.044625,1.0384,1.0059
2022,Southland District,Other,0.640725,0.613925,0.9145,National,6.105,5.8225,National,1.0749999999999997,National,1660763,National,3.45,3.2,2.825,National,4238.7095890410965,5151.815068493151,4641.487671232877,3793.449315068493,National,120166.76301369863,135883.48082191782,145157.8684931507,108014.80547945204,National,18,758913,26.8,160225,1446245,13.5,171782,1210828,7,79267,1186522,12,126744,478171,24.8,95075,National,1.0749999999999997,1660763,6.375,6.105,5.8225,7.15,3.3,National,2.395,596.75,471,587.25,20603.25,4694.5,1108.25,1694400,397400,208200,1.65,8.75,4.075,113.675,123.30000000000001,125.475,12.1625,11.815000000000001,5.3225,0.62175,0.7479,0.6401749999999999,0.652475,0.600175,0.7199,0.617475,0.630425,1.109275,1.044625,1.0384,1.0059
2022,Stratford District,Other,0.5697,0.547975,0.739825,National,6.105,5.8225,National,1.0749999999999997,National,1660763,National,3.45,3.2,2.825,National,4238.7095890410965,5151.815068493151,4641.487671232877,3793.449315068493,National,120166.76301369863,135883.48082191782,145157.8684931507,108014.80547945204,National,18,758913,26.8,160225,1446245,13.5,171782,1210828,7,79267,1186522,12,126744,478171,24.8,95075,National,1.0749999999999997,1660763,6.375,6.105,5.8225,7.15,3.3,National,2.395,596.75,471,587.25,20603.25,4694.5,1108.25,1694400,397400,208200,1.65,8.75,4.075,113.675,123.30000000000001,125.475,12.1625,11.815000000000001,5.3225,0.62175,0.7479,0.6401749999999999,0.652475,0.600175,0.7199,0.617475,0.630425,1.109275,1.044625,1.0384,1.0059
2022,Taranaki,Other,0.633075,0.6084,0.914325,National,6.105,5.8225,National,1.0749999999999997,National,1660763,National,3.45,3.2,2.825,National,4238.7095890410965,5151.815068493151,4641.487671232877,3793.449315068493,National,120166.76301369863,135883.48082191782,145157.8684931507,108014.80547945204,National,18,758913,26.8,160225,1446245,13.5,171782,1210828,7,79267,1186522,12,126744,478171,24.8,95075,National,1.0749999999999997,1660763,6.375,6.105,5.8225,7.15,3.3,National,2.395,596.75,471,587.25,20603.25,4694.5,1108.25,1694400,397400,208200,1.65,8.75,4.075,113.675,123.30000000000001,125.475,12.1625,11.815000000000001,5.3225,0.62175,0.7479,0.6401749999999999,0.652475,0.600175,0.7199,0.617475,0.630425,1.109275,1.044625,1.0384,1.0059
2022,Tararua District,Other,0.504275,0.48610000000000003,0.746525,National,6.105,5.8225,National,1.0749999999999997,National,1660763,National,3.45,3.2,2.825,National,4238.7095890410965,5151.815068493151,4641.487671232877,3793.449315068493,National,120166.76301369863,135883.48082191782,145157.8684931507,108014.80547945204,National,18,758913,26.8,160225,1446245,13.5,171782,1210828,7,79267,1186522,12,126744,478171,24.8,95075,National,1.0749999999999997,1660763,6.375,6.105,5.8225,7.15,3.3,National,2.395,596.75,471,587.25,20603.25,4694.5,1108.25,1694400,397400,208200,1.65,8.75,4.075,113.675,123.30000000000001,125.475,12.1625,11.815000000000001,5.3225,0.62175,0.7479,0.6401749999999999,0.652475,0.600175,0.7199,0.617475,0.630425,1.109275,1.044625,1.0384,1.0059
2022,Tasman,Other,0.71485,0.6882,1.029175,National,6.105,5.8225,National,1.0749999999999997,National,1660763,National,3.45,3.2,2.825,National,4238.7095890410965,5151.815068493151,4641.487671232877,3793.449315068493,National,120166.76301369863,135883.48082191782,145157.8684931507,108014.80547945204,National,18,758913,26.8,160225,1446245,13.5,171782,1210828,7,79267,1186522,12,126744,478171,24.8,95075,National,1.0749999999999997,1660763,6.375,6.105,5.8225,7.15,3.3,National,2.395,596.75,471,587.25,20603.25,4694.5,1108.25,1694400,397400,208200,1.65,8.75,4.075,113.675,123.30000000000001,125.475,12.1625,11.815000000000001,5.3225,0.62175,0.7479,0.6401749999999999,0.652475,0.600175,0.7199,0.617475,0.630425,1.109275,1.044625,1.0384,1.0059
2022,Tasman District,Other,0.714925,0.688275,1.0289,National,6.105,5.8225,National,1.0749999999999997,National,1660763,National,3.45,3.2,2.825,National,4238.7095890410965,5151.815068493151,4641.487671232877,3793.449315068493,National,120166.76301369863,135883.48082191782,145157.8684931507,108014.80547945204,National,18,758913,26.8,160225,1446245,13.5,171782,1210828,7,79267,1186522,12,126744,478171,24.8,95075,National,1.0749999999999997,1660763,6.375,6.105,5.8225,7.15,3.3,National,2.395,596.75,471,587.25,20603.25,4694.5,1108.25,1694400,397400,208200,1.65,8.75,4.075,113.675,123.30000000000001,125.475,12.1625,11.815000000000001,5.3225,0.62175,0.7479,0.6401749999999999,0.652475,0.600175,0.7199,0.617475,0.630425,1.109275,1.044625,1.0384,1.0059
2022,Taupo District,Other,0.614375,0.592175,0.851925,National,6.105,5.8225,National,1.0749999999999997,National,1660763,National,3.45,3.2,2.825,National,4238.7095890410965,5151.815068493151,4641.487671232877,3793.449315068493,National,120166.76301369863,135883.48082191782,145157.8684931507,108014.80547945204,National,18,758913,26.8,160225,1446245,13.5,171782,1210828,7,79267,1186522,12,126744,478171,24.8,95075,National,1.0749999999999997,1660763,6.375,6.105,5.8225,7.15,3.3,National,2.395,596.75,471,587.25,20603.25,4694.5,1108.25,1694400,397400,208200,1.65,8.75,4.075,113.675,123.30000000000001,125.475,12.1625,11.815000000000001,5.3225,0.62175,0.7479,0.6401749999999999,0.652475,0.600175,0.7199,0.617475,0.630425,1.109275,1.044625,1.0384,1.0059
2022,Tauranga City,Other,0.66025,0.63765,0.937925,National,6.105,5.8225,National,1.0749999999999997,National,1660763,National,3.45,3.2,2.825,National,4238.7095890410965,5151.815068493151,4641.487671232877,3793.449315068493,National,120166.76301369863,135883.48082191782,145157.8684931507,108014.80547945204,National,18,758913,26.8,160225,1446245,13.5,171782,1210828,7,79267,1186522,12,126744,478171,24.8,95075,National,1.0749999999999997,1660763,6.375,6.105,5.8225,7.15,3.3,National,2.395,596.75,471,587.25,20603.25,4694.5,1108.25,1694400,397400,208200,1.65,8.75,4.075,113.675,123.30000000000001,125.475,12.1625,11.815000000000001,5.3225,0.62175,0.7479,0.6401749999999999,0.652475,0.600175,0.7199,0.617475,0.630425,1.109275,1.044625,1.0384,1.0059
2022,Thames Coromandel District,Other,0.569375,0.547125,0.82445,National,6.105,5.8225,National,1.0749999999999997,National,1660763,National,3.45,3.2,2.825,National,4238.7095890410965,5151.815068493151,4641.487671232877,3793.449315068493,National,120166.76301369863,135883.48082191782,145157.8684931507,108014.80547945204,National,18,758913,26.8,160225,1446245,13.5,171782,1210828,7,79267,1186522,12,126744,478171,24.8,95075,National,1.0749999999999997,1660763,6.375,6.105,5.8225,7.15,3.3,National,2.395,596.75,471,587.25,20603.25,4694.5,1108.25,1694400,397400,208200,1.65,8.75,4.075,113.675,123.30000000000001,125.475,12.1625,11.815000000000001,5.3225,0.62175,0.7479,0.6401749999999999,0.652475,0.600175,0.7199,0.617475,0.630425,1.109275,1.044625,1.0384,1.0059
2022,Timaru District,Canterbury Rural,0.7282,0.6986,0.9319999999999999,National,6.105,5.8225,National,1.0749999999999997,National,1660763,National,3.45,3.2,2.825,National,4238.7095890410965,5151.815068493151,4641.487671232877,3793.449315068493,National,120166.76301369863,135883.48082191782,145157.8684931507,108014.80547945204,National,18,758913,26.8,160225,1446245,13.5,171782,1210828,7,79267,1186522,12,126744,478171,24.8,95075,National,1.0749999999999997,1660763,6.375,6.105,5.8225,7.15,3.3,National,2.395,596.75,471,587.25,20603.25,4694.5,1108.25,1694400,397400,208200,1.65,8.75,4.075,113.675,123.30000000000001,125.475,12.1625,11.815000000000001,5.3225,0.62175,0.7479,0.6401749999999999,0.652475,0.600175,0.7199,0.617475,0.630425,1.109275,1.044625,1.0384,1.0059
2022,Upper Hutt City,Wellington Urban,0.663375,0.642925,0.8689,National,6.105,5.8225,National,1.0749999999999997,National,1660763,National,3.45,3.2,2.825,National,4238.7095890410965,5151.815068493151,4641.487671232877,3793.449315068493,National,120166.76301369863,135883.48082191782,145157.8684931507,108014.80547945204,National,18,758913,26.8,160225,1446245,13.5,171782,1210828,7,79267,1186522,12,126744,478171,24.8,95075,National,1.0749999999999997,1660763,6.375,6.105,5.8225,7.15,3.3,National,2.395,596.75,471,587.25,20603.25,4694.5,1108.25,1694400,397400,208200,1.65,8.75,4.075,113.675,123.30000000000001,125.475,12.1625,11.815000000000001,5.3225,0.62175,0.7479,0.6401749999999999,0.652475,0.600175,0.7199,0.617475,0.630425,1.109275,1.044625,1.0384,1.0059
2022,Waikato,Other,0.59375,0.571425,0.956725,National,6.105,5.8225,National,1.0749999999999997,National,1660763,National,3.45,3.2,2.825,National,4238.7095890410965,5151.815068493151,4641.487671232877,3793.449315068493,National,120166.76301369863,135883.48082191782,145157.8684931507,108014.80547945204,National,18,758913,26.8,160225,1446245,13.5,171782,1210828,7,79267,1186522,12,126744,478171,24.8,95075,National,1.0749999999999997,1660763,6.375,6.105,5.8225,7.15,3.3,National,2.395,596.75,471,587.25,20603.25,4694.5,1108.25,1694400,397400,208200,1.65,8.75,4.075,113.675,123.30000000000001,125.475,12.1625,11.815000000000001,5.3225,0.62175,0.7479,0.6401749999999999,0.652475,0.600175,0.7199,0.617475,0.630425,1.109275,1.044625,1.0384,1.0059
2022,Waikato District,Other,0.5486,0.528675,0.9561999999999999,National,6.105,5.8225,National,1.0749999999999997,National,1660763,National,3.45,3.2,2.825,National,4238.7095890410965,5151.815068493151,4641.487671232877,3793.449315068493,National,120166.76301369863,135883.48082191782,145157.8684931507,108014.80547945204,National,18,758913,26.8,160225,1446245,13.5,171782,1210828,7,79267,1186522,12,126744,478171,24.8,95075,National,1.0749999999999997,1660763,6.375,6.105,5.8225,7.15,3.3,National,2.395,596.75,471,587.25,20603.25,4694.5,1108.25,1694400,397400,208200,1.65,8.75,4.075,113.675,123.30000000000001,125.475,12.1625,11.815000000000001,5.3225,0.62175,0.7479,0.6401749999999999,0.652475,0.600175,0.7199,0.617475,0.630425,1.109275,1.044625,1.0384,1.0059
2022,Waimakariri District,Canterbury Rural,0.6895249999999999,0.6623,1.0134750000000001,National,6.105,5.8225,National,1.0749999999999997,National,1660763,National,3.45,3.2,2.825,National,4238.7095890410965,5151.815068493151,4641.487671232877,3793.449315068493,National,120166.76301369863,135883.48082191782,145157.8684931507,108014.80547945204,National,18,758913,26.8,160225,1446245,13.5,171782,1210828,7,79267,1186522,12,126744,478171,24.8,95075,National,1.0749999999999997,1660763,6.375,6.105,5.8225,7.15,3.3,National,2.395,596.75,471,587.25,20603.25,4694.5,1108.25,1694400,397400,208200,1.65,8.75,4.075,113.675,123.30000000000001,125.475,12.1625,11.815000000000001,5.3225,0.62175,0.7479,0.6401749999999999,0.652475,0.600175,0.7199,0.617475,0.630425,1.109275,1.044625,1.0384,1.0059
2022,Waimate District,Canterbury Rural,0.614075,0.5882000000000001,0.80035,National,6.105,5.8225,National,1.0749999999999997,National,1660763,National,3.45,3.2,2.825,National,4238.7095890410965,5151.815068493151,4641.487671232877,3793.449315068493,National,120166.76301369863,135883.48082191782,145157.8684931507,108014.80547945204,National,18,758913,26.8,160225,1446245,13.5,171782,1210828,7,79267,1186522,12,126744,478171,24.8,95075,National,1.0749999999999997,1660763,6.375,6.105,5.8225,7.15,3.3,National,2.395,596.75,471,587.25,20603.25,4694.5,1108.25,1694400,397400,208200,1.65,8.75,4.075,113.675,123.30000000000001,125.475,12.1625,11.815000000000001,5.3225,0.62175,0.7479,0.6401749999999999,0.652475,0.600175,0.7199,0.617475,0.630425,1.109275,1.044625,1.0384,1.0059
2022,Waipa District,Other,0.5464,0.5265,0.913475,National,6.105,5.8225,National,1.0749999999999997,National,1660763,National,3.45,3.2,2.825,National,4238.7095890410965,5151.815068493151,4641.487671232877,3793.449315068493,National,120166.76301369863,135883.48082191782,145157.8684931507,108014.80547945204,National,18,758913,26.8,160225,1446245,13.5,171782,1210828,7,79267,1186522,12,126744,478171,24.8,95075,National,1.0749999999999997,1660763,6.375,6.105,5.8225,7.15,3.3,National,2.395,596.75,471,587.25,20603.25,4694.5,1108.25,1694400,397400,208200,1.65,8.75,4.075,113.675,123.30000000000001,125.475,12.1625,11.815000000000001,5.3225,0.62175,0.7479,0.6401749999999999,0.652475,0.600175,0.7199,0.617475,0.630425,1.109275,1.044625,1.0384,1.0059
2022,Wairoa District,Other,0.6169,0.5932,0.713,National,6.105,5.8225,National,1.0749999999999997,National,1660763,National,3.45,3.2,2.825,National,4238.7095890410965,5151.815068493151,4641.487671232877,3793.449315068493,National,120166.76301369863,135883.48082191782,145157.8684931507,108014.80547945204,National,18,758913,26.8,160225,1446245,13.5,171782,1210828,7,79267,1186522,12,126744,478171,24.8,95075,National,1.0749999999999997,1660763,6.375,6.105,5.8225,7.15,3.3,National,2.395,596.75,471,587.25,20603.25,4694.5,1108.25,1694400,397400,208200,1.65,8.75,4.075,113.675,123.30000000000001,125.475,12.1625,11.815000000000001,5.3225,0.62175,0.7479,0.6401749999999999,0.652475,0.600175,0.7199,0.617475,0.630425,1.109275,1.044625,1.0384,1.0059
2022,Waitaki District,Other,0.646725,0.621325,0.894,National,6.105,5.8225,National,1.0749999999999997,National,1660763,National,3.45,3.2,2.825,National,4238.7095890410965,5151.815068493151,4641.487671232877,3793.449315068493,National,120166.76301369863,135883.48082191782,145157.8684931507,108014.80547945204,National,18,758913,26.8,160225,1446245,13.5,171782,1210828,7,79267,1186522,12,126744,478171,24.8,95075,National,1.0749999999999997,1660763,6.375,6.105,5.8225,7.15,3.3,National,2.395,596.75,471,587.25,20603.25,4694.5,1108.25,1694400,397400,208200,1.65,8.75,4.075,113.675,123.30000000000001,125.475,12.1625,11.815000000000001,5.3225,0.62175,0.7479,0.6401749999999999,0.652475,0.600175,0.7199,0.617475,0.630425,1.109275,1.044625,1.0384,1.0059
2022,Waitomo District,Other,0.520075,0.500975,0.8055,National,6.105,5.8225,National,1.0749999999999997,National,1660763,National,3.45,3.2,2.825,National,4238.7095890410965,5151.815068493151,4641.487671232877,3793.449315068493,National,120166.76301369863,135883.48082191782,145157.8684931507,108014.80547945204,National,18,758913,26.8,160225,1446245,13.5,171782,1210828,7,79267,1186522,12,126744,478171,24.8,95075,National,1.0749999999999997,1660763,6.375,6.105,5.8225,7.15,3.3,National,2.395,596.75,471,587.25,20603.25,4694.5,1108.25,1694400,397400,208200,1.65,8.75,4.075,113.675,123.30000000000001,125.475,12.1625,11.815000000000001,5.3225,0.62175,0.7479,0.6401749999999999,0.652475,0.600175,0.7199,0.617475,0.630425,1.109275,1.044625,1.0384,1.0059
2022,Wellington,Wellington Rural,0.652475,0.630425,1.0059,National,6.105,5.8225,National,1.0749999999999997,National,1660763,National,3.45,3.2,2.825,National,4238.7095890410965,5151.815068493151,4641.487671232877,3793.449315068493,National,120166.76301369863,135883.48082191782,145157.8684931507,108014.80547945204,National,18,758913,26.8,160225,1446245,13.5,171782,1210828,7,79267,1186522,12,126744,478171,24.8,95075,National,1.0749999999999997,1660763,6.375,6.105,5.8225,7.15,3.3,National,2.395,596.75,471,587.25,20603.25,4694.5,1108.25,1694400,397400,208200,1.65,8.75,4.075,113.675,123.30000000000001,125.475,12.1625,11.815000000000001,5.3225,0.62175,0.7479,0.6401749999999999,0.652475,0.600175,0.7199,0.617475,0.630425,1.109275,1.044625,1.0384,1.0059
2022,Wellington City,Wellington Urban,0.6831499999999999,0.6605,1.012175,National,6.105,5.8225,National,1.0749999999999997,National,1660763,National,3.45,3.2,2.825,National,4238.7095890410965,5151.815068493151,4641.487671232877,3793.449315068493,National,120166.76301369863,135883.48082191782,145157.8684931507,108014.80547945204,National,18,758913,26.8,160225,1446245,13.5,171782,1210828,7,79267,1186522,12,126744,478171,24.8,95075,National,1.0749999999999997,1660763,6.375,6.105,5.8225,7.15,3.3,National,2.395,596.75,471,587.25,20603.25,4694.5,1108.25,1694400,397400,208200,1.65,8.75,4.075,113.675,123.30000000000001,125.475,12.1625,11.815000000000001,5.3225,0.62175,0.7479,0.6401749999999999,0.652475,0.600175,0.7199,0.617475,0.630425,1.109275,1.044625,1.0384,1.0059
2022,West Coast,Other,0.7613,0.730375,0.923775,National,6.105,5.8225,National,1.0749999999999997,National,1660763,National,3.45,3.2,2.825,National,4238.7095890410965,5151.815068493151,4641.487671232877,3793.449315068493,National,120166.76301369863,135883.48082191782,145157.8684931507,108014.80547945204,National,18,758913,26.8,160225,1446245,13.5,171782,1210828,7,79267,1186522,12,126744,478171,24.8,95075,National,1.0749999999999997,1660763,6.375,6.105,5.8225,7.15,3.3,National,2.395,596.75,471,587.25,20603.25,4694.5,1108.25,1694400,397400,208200,1.65,8.75,4.075,113.675,123.30000000000001,125.475,12.1625,11.815000000000001,5.3225,0.62175,0.7479,0.6401749999999999,0.652475,0.600175,0.7199,0.617475,0.630425,1.109275,1.044625,1.0384,1.0059
2022,Western Bay of Plenty District,Other,0.61695,0.594325,0.89785,National,6.105,5.8225,National,1.0749999999999997,National,1660763,National,3.45,3.2,2.825,National,4238.7095890410965,5151.815068493151,4641.487671232877,3793.449315068493,National,120166.76301369863,135883.48082191782,145157.8684931507,108014.80547945204,National,18,758913,26.8,160225,1446245,13.5,171782,1210828,7,79267,1186522,12,126744,478171,24.8,95075,National,1.0749999999999997,1660763,6.375,6.105,5.8225,7.15,3.3,National,2.395,596.75,471,587.25,20603.25,4694.5,1108.25,1694400,397400,208200,1.65,8.75,4.075,113.675,123.30000000000001,125.475,12.1625,11.815000000000001,5.3225,0.62175,0.7479,0.6401749999999999,0.652475,0.600175,0.7199,0.617475,0.630425,1.109275,1.044625,1.0384,1.0059
2022,Westland District,Other,0.76235,0.730025,0.943875,National,6.105,5.8225,National,1.0749999999999997,National,1660763,National,3.45,3.2,2.825,National,4238.7095890410965,5151.815068493151,4641.487671232877,3793.449315068493,National,120166.76301369863,135883.48082191782,145157.8684931507,108014.80547945204,National,18,758913,26.8,160225,1446245,13.5,171782,1210828,7,79267,1186522,12,126744,478171,24.8,95075,National,1.0749999999999997,1660763,6.375,6.105,5.8225,7.15,3.3,National,2.395,596.75,471,587.25,20603.25,4694.5,1108.25,1694400,397400,208200,1.65,8.75,4.075,113.675,123.30000000000001,125.475,12.1625,11.815000000000001,5.3225,0.62175,0.7479,0.6401749999999999,0.652475,0.600175,0.7199,0.617475,0.630425,1.109275,1.044625,1.0384,1.0059
2022,Whakatane District,Other,0.61485,0.59145,0.868375,National,6.105,5.8225,National,1.0749999999999997,National,1660763,National,3.45,3.2,2.825,National,4238.7095890410965,5151.815068493151,4641.487671232877,3793.449315068493,National,120166.76301369863,135883.48082191782,145157.8684931507,108014.80547945204,National,18,758913,26.8,160225,1446245,13.5,171782,1210828,7,79267,1186522,12,126744,478171,24.8,95075,National,1.0749999999999997,1660763,6.375,6.105,5.8225,7.15,3.3,National,2.395,596.75,471,587.25,20603.25,4694.5,1108.25,1694400,397400,208200,1.65,8.75,4.075,113.675,123.30000000000001,125.475,12.1625,11.815000000000001,5.3225,0.62175,0.7479,0.6401749999999999,0.652475,0.600175,0.7199,0.617475,0.630425,1.109275,1.044625,1.0384,1.0059
2022,Whanganui District,Other,0.5188,0.500375,0.707125,National,6.105,5.8225,National,1.0749999999999997,National,1660763,National,3.45,3.2,2.825,National,4238.7095890410965,5151.815068493151,4641.487671232877,3793.449315068493,National,120166.76301369863,135883.48082191782,145157.8684931507,108014.80547945204,National,18,758913,26.8,160225,1446245,13.5,171782,1210828,7,79267,1186522,12,126744,478171,24.8,95075,National,1.0749999999999997,1660763,6.375,6.105,5.8225,7.15,3.3,National,2.395,596.75,471,587.25,20603.25,4694.5,1108.25,1694400,397400,208200,1.65,8.75,4.075,113.675,123.30000000000001,125.475,12.1625,11.815000000000001,5.3225,0.62175,0.7479,0.6401749999999999,0.652475,0.600175,0.7199,0.617475,0.630425,1.109275,1.044625,1.0384,1.0059
2022,Whangarei District,Other,0.63995,0.617075,0.85705,National,6.105,5.8225,National,1.0749999999999997,National,1660763,National,3.45,3.2,2.825,National,4238.7095890410965,5151.815068493151,4641.487671232877,3793.449315068493,National,120166.76301369863,135883.48082191782,145157.8684931507,108014.80547945204,National,18,758913,26.8,160225,1446245,13.5,171782,1210828,7,79267,1186522,12,126744,478171,24.8,95075,National,1.0749999999999997,1660763,6.375,6.105,5.8225,7.15,3.3,National,2.395,596.75,471,587.25,20603.25,4694.5,1108.25,1694400,397400,208200,1.65,8.75,4.075,113.675,123.30000000000001,125.475,12.1625,11.815000000000001,5.3225,0.62175,0.7479,0.6401749999999999,0.652475,0.600175,0.7199,0.617475,0.630425,1.109275,1.044625,1.0384,1.0059
2023,Ashburton District,Canterbury Rural,0.6168,0.753775,0.9760500000000001,National,8.351666666666667,7.283333333333333,National,-6.325,National,1587321.75,National,3.8,3.425,3.125,National,6529.058237892058,6814.302960550939,7743.4328729695335,5017.364061681264,National,126692.41342914889,142694.10829777678,152897.5956284153,113029.39857025226,National,19,709252,-6.5,-49661,1237941,-14.4,-208304,1002727,-17.2,-208101,1010021,-14.9,-176501,441186,-7.7,-36985,National,-6.325,1587321.75,8.525,8.351666666666667,7.283333333333333,5.75,3.725,National,5.25,636,513.5,607,16102.25,4144.25,628,1755200,407700,209800,6.6000000000000005,9.024999999999999,3.375,121.125,134.425,129.725,9.17,10.165000000000001,2.9975,0.56825,0.62835,0.57485,0.6047,0.6943250000000001,0.7677499999999999,0.702425,0.73905,1.117175,1.0348,1.046575,1.060875
2023,Auckland,Auckland Urban,0.569225,0.695525,1.1173375,National,8.351666666666667,7.283333333333333,National,-6.325,National,1587321.75,National,3.8,3.425,3.125,National,6529.058237892058,6814.302960550939,7743.4328729695335,5017.364061681264,National,126692.41342914889,142694.10829777678,152897.5956284153,113029.39857025226,National,19,709252,-6.5,-49661,1237941,-14.4,-208304,1002727,-17.2,-208101,1010021,-14.9,-176501,441186,-7.7,-36985,National,-6.325,1587321.75,8.525,8.351666666666667,7.283333333333333,5.75,3.725,National,5.25,636,513.5,607,16102.25,4144.25,628,1755200,407700,209800,6.6000000000000005,9.024999999999999,3.375,121.125,134.425,129.725,9.17,10.165000000000001,2.9975,0.56825,0.62835,0.57485,0.6047,0.6943250000000001,0.7677499999999999,0.702425,0.73905,1.117175,1.0348,1.046575,1.060875
2023,Bay of Plenty,Other,0.569325,0.6958,0.8977999999999999,National,8.351666666666667,7.283333333333333,National,-6.325,National,1587321.75,National,3.8,3.425,3.125,National,6529.058237892058,6814.302960550939,7743.4328729695335,5017.364061681264,National,126692.41342914889,142694.10829777678,152897.5956284153,113029.39857025226,National,19,709252,-6.5,-49661,1237941,-14.4,-208304,1002727,-17.2,-208101,1010021,-14.9,-176501,441186,-7.7,-36985,National,-6.325,1587321.75,8.525,8.351666666666667,7.283333333333333,5.75,3.725,National,5.25,636,513.5,607,16102.25,4144.25,628,1755200,407700,209800,6.6000000000000005,9.024999999999999,3.375,121.125,134.425,129.725,9.17,10.165000000000001,2.9975,0.56825,0.62835,0.57485,0.6047,0.6943250000000001,0.7677499999999999,0.702425,0.73905,1.117175,1.0348,1.046575,1.060875
2023,Buller District,Other,0.55955,0.68365,0.8081,National,8.351666666666667,7.283333333333333,National,-6.325,National,1587321.75,National,3.8,3.425,3.125,National,6529.058237892058,6814.302960550939,7743.4328729695335,5017.364061681264,National,126692.41342914889,142694.10829777678,152897.5956284153,113029.39857025226,National,19,709252,-6.5,-49661,1237941,-14.4,-208304,1002727,-17.2,-208101,1010021,-14.9,-176501,441186,-7.7,-36985,National,-6.325,1587321.75,8.525,8.351666666666667,7.283333333333333,5.75,3.725,National,5.25,636,513.5,607,16102.25,4144.25,628,1755200,407700,209800,6.6000000000000005,9.024999999999999,3.375,121.125,134.425,129.725,9.17,10.165000000000001,2.9975,0.56825,0.62835,0.57485,0.6047,0.6943250000000001,0.7677499999999999,0.702425,0.73905,1.117175,1.0348,1.046575,1.060875
2023,Canterbury,Canterbury Rural,0.62835,0.7677499999999999,1.0348,National,8.351666666666667,7.283333333333333,National,-6.325,National,1587321.75,National,3.8,3.425,3.125,National,6529.058237892058,6814.302960550939,7743.4328729695335,5017.364061681264,National,126692.41342914889,142694.10829777678,152897.5956284153,113029.39857025226,National,19,709252,-6.5,-49661,1237941,-14.4,-208304,1002727,-17.2,-208101,1010021,-14.9,-176501,441186,-7.7,-36985,National,-6.325,1587321.75,8.525,8.351666666666667,7.283333333333333,5.75,3.725,National,5.25,636,513.5,607,16102.25,4144.25,628,1755200,407700,209800,6.6000000000000005,9.024999999999999,3.375,121.125,134.425,129.725,9.17,10.165000000000001,2.9975,0.56825,0.62835,0.57485,0.6047,0.6943250000000001,0.7677499999999999,0.702425,0.73905,1.117175,1.0348,1.046575,1.060875
2023,Carterton District,Wellington Rural,0.473075,0.578075,0.7433000000000001,National,8.351666666666667,7.283333333333333,National,-6.325,National,1587321.75,National,3.8,3.425,3.125,National,6529.058237892058,6814.302960550939,7743.4328729695335,5017.364061681264,National,126692.41342914889,142694.10829777678,152897.5956284153,113029.39857025226,National,19,709252,-6.5,-49661,1237941,-14.4,-208304,1002727,-17.2,-208101,1010021,-14.9,-176501,441186,-7.7,-36985,National,-6.325,1587321.75,8.525,8.351666666666667,7.283333333333333,5.75,3.725,National,5.25,636,513.5,607,16102.25,4144.25,628,1755200,407700,209800,6.6000000000000005,9.024999999999999,3.375,121.125,134.425,129.725,9.17,10.165000000000001,2.9975,0.56825,0.62835,0.57485,0.6047,0.6943250000000001,0.7677499999999999,0.702425,0.73905,1.117175,1.0348,1.046575,1.060875
2023,Central Hawkes Bay District,Other,0.487675,0.596125,0.657875,National,8.351666666666667,7.283333333333333,National,-6.325,National,1587321.75,National,3.8,3.425,3.125,National,6529.058237892058,6814.302960550939,7743.4328729695335,5017.364061681264,National,126692.41342914889,142694.10829777678,152897.5956284153,113029.39857025226,National,19,709252,-6.5,-49661,1237941,-14.4,-208304,1002727,-17.2,-208101,1010021,-14.9,-176501,441186,-7.7,-36985,National,-6.325,1587321.75,8.525,8.351666666666667,7.283333333333333,5.75,3.725,National,5.25,636,513.5,607,16102.25,4144.25,628,1755200,407700,209800,6.6000000000000005,9.024999999999999,3.375,121.125,134.425,129.725,9.17,10.165000000000001,2.9975,0.56825,0.62835,0.57485,0.6047,0.6943250000000001,0.7677499999999999,0.702425,0.73905,1.117175,1.0348,1.046575,1.060875
2023,Central Otago District,Other,0.4931,0.60235,0.86105,National,8.351666666666667,7.283333333333333,National,-6.325,National,1587321.75,National,3.8,3.425,3.125,National,6529.058237892058,6814.302960550939,7743.4328729695335,5017.364061681264,National,126692.41342914889,142694.10829777678,152897.5956284153,113029.39857025226,National,19,709252,-6.5,-49661,1237941,-14.4,-208304,1002727,-17.2,-208101,1010021,-14.9,-176501,441186,-7.7,-36985,National,-6.325,1587321.75,8.525,8.351666666666667,7.283333333333333,5.75,3.725,National,5.25,636,513.5,607,16102.25,4144.25,628,1755200,407700,209800,6.6000000000000005,9.024999999999999,3.375,121.125,134.425,129.725,9.17,10.165000000000001,2.9975,0.56825,0.62835,0.57485,0.6047,0.6943250000000001,0.7677499999999999,0.702425,0.73905,1.117175,1.0348,1.046575,1.060875
2023,Christchurch City,Canterbury Urban,0.624875,0.763425,1.01635,National,8.351666666666667,7.283333333333333,National,-6.325,National,1587321.75,National,3.8,3.425,3.125,National,6529.058237892058,6814.302960550939,7743.4328729695335,5017.364061681264,National,126692.41342914889,142694.10829777678,152897.5956284153,113029.39857025226,National,19,709252,-6.5,-49661,1237941,-14.4,-208304,1002727,-17.2,-208101,1010021,-14.9,-176501,441186,-7.7,-36985,National,-6.325,1587321.75,8.525,8.351666666666667,7.283333333333333,5.75,3.725,National,5.25,636,513.5,607,16102.25,4144.25,628,1755200,407700,209800,6.6000000000000005,9.024999999999999,3.375,121.125,134.425,129.725,9.17,10.165000000000001,2.9975,0.56825,0.62835,0.57485,0.6047,0.6943250000000001,0.7677499999999999,0.702425,0.73905,1.117175,1.0348,1.046575,1.060875
2023,Clutha District,Other,0.475825,0.5811999999999999,0.8005,National,8.351666666666667,7.283333333333333,National,-6.325,National,1587321.75,National,3.8,3.425,3.125,National,6529.058237892058,6814.302960550939,7743.4328729695335,5017.364061681264,National,126692.41342914889,142694.10829777678,152897.5956284153,113029.39857025226,National,19,709252,-6.5,-49661,1237941,-14.4,-208304,1002727,-17.2,-208101,1010021,-14.9,-176501,441186,-7.7,-36985,National,-6.325,1587321.75,8.525,8.351666666666667,7.283333333333333,5.75,3.725,National,5.25,636,513.5,607,16102.25,4144.25,628,1755200,407700,209800,6.6000000000000005,9.024999999999999,3.375,121.125,134.425,129.725,9.17,10.165000000000001,2.9975,0.56825,0.62835,0.57485,0.6047,0.6943250000000001,0.7677499999999999,0.702425,0.73905,1.117175,1.0348,1.046575,1.060875
2023,Dunedin City,Other,0.5592250000000001,0.683225,1.0277,National,8.351666666666667,7.283333333333333,National,-6.325,National,1587321.75,National,3.8,3.425,3.125,National,6529.058237892058,6814.302960550939,7743.4328729695335,5017.364061681264,National,126692.41342914889,142694.10829777678,152897.5956284153,113029.39857025226,National,19,709252,-6.5,-49661,1237941,-14.4,-208304,1002727,-17.2,-208101,1010021,-14.9,-176501,441186,-7.7,-36985,National,-6.325,1587321.75,8.525,8.351666666666667,7.283333333333333,5.75,3.725,National,5.25,636,513.5,607,16102.25,4144.25,628,1755200,407700,209800,6.6000000000000005,9.024999999999999,3.375,121.125,134.425,129.725,9.17,10.165000000000001,2.9975,0.56825,0.62835,0.57485,0.6047,0.6943250000000001,0.7677499999999999,0.702425,0.73905,1.117175,1.0348,1.046575,1.060875
2023,Far North District,Other,0.595175,0.72715,0.8813,National,8.351666666666667,7.283333333333333,National,-6.325,National,1587321.75,National,3.8,3.425,3.125,National,6529.058237892058,6814.302960550939,7743.4328729695335,5017.364061681264,National,126692.41342914889,142694.10829777678,152897.5956284153,113029.39857025226,National,19,709252,-6.5,-49661,1237941,-14.4,-208304,1002727,-17.2,-208101,1010021,-14.9,-176501,441186,-7.7,-36985,National,-6.325,1587321.75,8.525,8.351666666666667,7.283333333333333,5.75,3.725,National,5.25,636,513.5,607,16102.25,4144.25,628,1755200,407700,209800,6.6000000000000005,9.024999999999999,3.375,121.125,134.425,129.725,9.17,10.165000000000001,2.9975,0.56825,0.62835,0.57485,0.6047,0.6943250000000001,0.7677499999999999,0.702425,0.73905,1.117175,1.0348,1.046575,1.060875
2023,Gisborne,Other,0.5351,0.65415,0.803625,National,8.351666666666667,7.283333333333333,National,-6.325,National,1587321.75,National,3.8,3.425,3.125,National,6529.058237892058,6814.302960550939,7743.4328729695335,5017.364061681264,National,126692.41342914889,142694.10829777678,152897.5956284153,113029.39857025226,National,19,709252,-6.5,-49661,1237941,-14.4,-208304,1002727,-17.2,-208101,1010021,-14.9,-176501,441186,-7.7,-36985,National,-6.325,1587321.75,8.525,8.351666666666667,7.283333333333333,5.75,3.725,National,5.25,636,513.5,607,16102.25,4144.25,628,1755200,407700,209800,6.6000000000000005,9.024999999999999,3.375,121.125,134.425,129.725,9.17,10.165000000000001,2.9975,0.56825,0.62835,0.57485,0.6047,0.6943250000000001,0.7677499999999999,0.702425,0.73905,1.117175,1.0348,1.046575,1.060875
2023,Gisborne District,Other,0.5351,0.65415,0.803625,National,8.351666666666667,7.283333333333333,National,-6.325,National,1587321.75,National,3.8,3.425,3.125,National,6529.058237892058,6814.302960550939,7743.4328729695335,5017.364061681264,National,126692.41342914889,142694.10829777678,152897.5956284153,113029.39857025226,National,19,709252,-6.5,-49661,1237941,-14.4,-208304,1002727,-17.2,-208101,1010021,-14.9,-176501,441186,-7.7,-36985,National,-6.325,1587321.75,8.525,8.351666666666667,7.283333333333333,5.75,3.725,National,5.25,636,513.5,607,16102.25,4144.25,628,1755200,407700,209800,6.6000000000000005,9.024999999999999,3.375,121.125,134.425,129.725,9.17,10.165000000000001,2.9975,0.56825,0.62835,0.57485,0.6047,0.6943250000000001,0.7677499999999999,0.702425,0.73905,1.117175,1.0348,1.046575,1.060875
2023,Gore District,Other,0.5657,0.691325,0.730725,National,8.351666666666667,7.283333333333333,National,-6.325,National,1587321.75,National,3.8,3.425,3.125,National,6529.058237892058,6814.302960550939,7743.4328729695335,5017.364061681264,National,126692.41342914889,142694.10829777678,152897.5956284153,113029.39857025226,National,19,709252,-6.5,-49661,1237941,-14.4,-208304,1002727,-17.2,-208101,1010021,-14.9,-176501,441186,-7.7,-36985,National,-6.325,1587321.75,8.525,8.351666666666667,7.283333333333333,5.75,3.725,National,5.25,636,513.5,607,16102.25,4144.25,628,1755200,407700,209800,6.6000000000000005,9.024999999999999,3.375,121.125,134.425,129.725,9.17,10.165000000000001,2.9975,0.56825,0.62835,0.57485,0.6047,0.6943250000000001,0.7677499999999999,0.702425,0.73905,1.117175,1.0348,1.046575,1.060875
2023,Grey District,Other,0.6261749999999999,0.76445,0.977075,National,8.351666666666667,7.283333333333333,National,-6.325,National,1587321.75,National,3.8,3.425,3.125,National,6529.058237892058,6814.302960550939,7743.4328729695335,5017.364061681264,National,126692.41342914889,142694.10829777678,152897.5956284153,113029.39857025226,National,19,709252,-6.5,-49661,1237941,-14.4,-208304,1002727,-17.2,-208101,1010021,-14.9,-176501,441186,-7.7,-36985,National,-6.325,1587321.75,8.525,8.351666666666667,7.283333333333333,5.75,3.725,National,5.25,636,513.5,607,16102.25,4144.25,628,1755200,407700,209800,6.6000000000000005,9.024999999999999,3.375,121.125,134.425,129.725,9.17,10.165000000000001,2.9975,0.56825,0.62835,0.57485,0.6047,0.6943250000000001,0.7677499999999999,0.702425,0.73905,1.117175,1.0348,1.046575,1.060875
2023,Hamilton City,Other,0.532725,0.6508750000000001,0.98255,National,8.351666666666667,7.283333333333333,National,-6.325,National,1587321.75,National,3.8,3.425,3.125,National,6529.058237892058,6814.302960550939,7743.4328729695335,5017.364061681264,National,126692.41342914889,142694.10829777678,152897.5956284153,113029.39857025226,National,19,709252,-6.5,-49661,1237941,-14.4,-208304,1002727,-17.2,-208101,1010021,-14.9,-176501,441186,-7.7,-36985,National,-6.325,1587321.75,8.525,8.351666666666667,7.283333333333333,5.75,3.725,National,5.25,636,513.5,607,16102.25,4144.25,628,1755200,407700,209800,6.6000000000000005,9.024999999999999,3.375,121.125,134.425,129.725,9.17,10.165000000000001,2.9975,0.56825,0.62835,0.57485,0.6047,0.6943250000000001,0.7677499999999999,0.702425,0.73905,1.117175,1.0348,1.046575,1.060875
2023,Hastings District,Other,0.52885,0.64625,0.937975,National,8.351666666666667,7.283333333333333,National,-6.325,National,1587321.75,National,3.8,3.425,3.125,National,6529.058237892058,6814.302960550939,7743.4328729695335,5017.364061681264,National,126692.41342914889,142694.10829777678,152897.5956284153,113029.39857025226,National,19,709252,-6.5,-49661,1237941,-14.4,-208304,1002727,-17.2,-208101,1010021,-14.9,-176501,441186,-7.7,-36985,National,-6.325,1587321.75,8.525,8.351666666666667,7.283333333333333,5.75,3.725,National,5.25,636,513.5,607,16102.25,4144.25,628,1755200,407700,209800,6.6000000000000005,9.024999999999999,3.375,121.125,134.425,129.725,9.17,10.165000000000001,2.9975,0.56825,0.62835,0.57485,0.6047,0.6943250000000001,0.7677499999999999,0.702425,0.73905,1.117175,1.0348,1.046575,1.060875
2023,Hauraki District,Other,0.4991,0.60995,0.82035,National,8.351666666666667,7.283333333333333,National,-6.325,National,1587321.75,National,3.8,3.425,3.125,National,6529.058237892058,6814.302960550939,7743.4328729695335,5017.364061681264,National,126692.41342914889,142694.10829777678,152897.5956284153,113029.39857025226,National,19,709252,-6.5,-49661,1237941,-14.4,-208304,1002727,-17.2,-208101,1010021,-14.9,-176501,441186,-7.7,-36985,National,-6.325,1587321.75,8.525,8.351666666666667,7.283333333333333,5.75,3.725,National,5.25,636,513.5,607,16102.25,4144.25,628,1755200,407700,209800,6.6000000000000005,9.024999999999999,3.375,121.125,134.425,129.725,9.17,10.165000000000001,2.9975,0.56825,0.62835,0.57485,0.6047,0.6943250000000001,0.7677499999999999,0.702425,0.73905,1.117175,1.0348,1.046575,1.060875
2023,Hawke's Bay,Other,0.542875,0.663375,0.91405,National,8.351666666666667,7.283333333333333,National,-6.325,National,1587321.75,National,3.8,3.425,3.125,National,6529.058237892058,6814.302960550939,7743.4328729695335,5017.364061681264,National,126692.41342914889,142694.10829777678,152897.5956284153,113029.39857025226,National,19,709252,-6.5,-49661,1237941,-14.4,-208304,1002727,-17.2,-208101,1010021,-14.9,-176501,441186,-7.7,-36985,National,-6.325,1587321.75,8.525,8.351666666666667,7.283333333333333,5.75,3.725,National,5.25,636,513.5,607,16102.25,4144.25,628,1755200,407700,209800,6.6000000000000005,9.024999999999999,3.375,121.125,134.425,129.725,9.17,10.165000000000001,2.9975,0.56825,0.62835,0.57485,0.6047,0.6943250000000001,0.7677499999999999,0.702425,0.73905,1.117175,1.0348,1.046575,1.060875
2023,Horowhenua District,Other,0.49245,0.601825,0.7705,National,8.351666666666667,7.283333333333333,National,-6.325,National,1587321.75,National,3.8,3.425,3.125,National,6529.058237892058,6814.302960550939,7743.4328729695335,5017.364061681264,National,126692.41342914889,142694.10829777678,152897.5956284153,113029.39857025226,National,19,709252,-6.5,-49661,1237941,-14.4,-208304,1002727,-17.2,-208101,1010021,-14.9,-176501,441186,-7.7,-36985,National,-6.325,1587321.75,8.525,8.351666666666667,7.283333333333333,5.75,3.725,National,5.25,636,513.5,607,16102.25,4144.25,628,1755200,407700,209800,6.6000000000000005,9.024999999999999,3.375,121.125,134.425,129.725,9.17,10.165000000000001,2.9975,0.56825,0.62835,0.57485,0.6047,0.6943250000000001,0.7677499999999999,0.702425,0.73905,1.117175,1.0348,1.046575,1.060875
2023,Hurunui District,Canterbury Rural,0.58355,0.71305,0.9643999999999999,National,8.351666666666667,7.283333333333333,National,-6.325,National,1587321.75,National,3.8,3.425,3.125,National,6529.058237892058,6814.302960550939,7743.4328729695335,5017.364061681264,National,126692.41342914889,142694.10829777678,152897.5956284153,113029.39857025226,National,19,709252,-6.5,-49661,1237941,-14.4,-208304,1002727,-17.2,-208101,1010021,-14.9,-176501,441186,-7.7,-36985,National,-6.325,1587321.75,8.525,8.351666666666667,7.283333333333333,5.75,3.725,National,5.25,636,513.5,607,16102.25,4144.25,628,1755200,407700,209800,6.6000000000000005,9.024999999999999,3.375,121.125,134.425,129.725,9.17,10.165000000000001,2.9975,0.56825,0.62835,0.57485,0.6047,0.6943250000000001,0.7677499999999999,0.702425,0.73905,1.117175,1.0348,1.046575,1.060875
2023,Hutt City,Wellington Urban,0.63235,0.772525,0.9863,National,8.351666666666667,7.283333333333333,National,-6.325,National,1587321.75,National,3.8,3.425,3.125,National,6529.058237892058,6814.302960550939,7743.4328729695335,5017.364061681264,National,126692.41342914889,142694.10829777678,152897.5956284153,113029.39857025226,National,19,709252,-6.5,-49661,1237941,-14.4,-208304,1002727,-17.2,-208101,1010021,-14.9,-176501,441186,-7.7,-36985,National,-6.325,1587321.75,8.525,8.351666666666667,7.283333333333333,5.75,3.725,National,5.25,636,513.5,607,16102.25,4144.25,628,1755200,407700,209800,6.6000000000000005,9.024999999999999,3.375,121.125,134.425,129.725,9.17,10.165000000000001,2.9975,0.56825,0.62835,0.57485,0.6047,0.6943250000000001,0.7677499999999999,0.702425,0.73905,1.117175,1.0348,1.046575,1.060875
2023,Invercargill City,Other,0.5747249999999999,0.702275,0.8661,National,8.351666666666667,7.283333333333333,National,-6.325,National,1587321.75,National,3.8,3.425,3.125,National,6529.058237892058,6814.302960550939,7743.4328729695335,5017.364061681264,National,126692.41342914889,142694.10829777678,152897.5956284153,113029.39857025226,National,19,709252,-6.5,-49661,1237941,-14.4,-208304,1002727,-17.2,-208101,1010021,-14.9,-176501,441186,-7.7,-36985,National,-6.325,1587321.75,8.525,8.351666666666667,7.283333333333333,5.75,3.725,National,5.25,636,513.5,607,16102.25,4144.25,628,1755200,407700,209800,6.6000000000000005,9.024999999999999,3.375,121.125,134.425,129.725,9.17,10.165000000000001,2.9975,0.56825,0.62835,0.57485,0.6047,0.6943250000000001,0.7677499999999999,0.702425,0.73905,1.117175,1.0348,1.046575,1.060875
2023,Kaikoura District,Other,0.5865,0.7163999999999999,0.9828250000000001,National,8.351666666666667,7.283333333333333,National,-6.325,National,1587321.75,National,3.8,3.425,3.125,National,6529.058237892058,6814.302960550939,7743.4328729695335,5017.364061681264,National,126692.41342914889,142694.10829777678,152897.5956284153,113029.39857025226,National,19,709252,-6.5,-49661,1237941,-14.4,-208304,1002727,-17.2,-208101,1010021,-14.9,-176501,441186,-7.7,-36985,National,-6.325,1587321.75,8.525,8.351666666666667,7.283333333333333,5.75,3.725,National,5.25,636,513.5,607,16102.25,4144.25,628,1755200,407700,209800,6.6000000000000005,9.024999999999999,3.375,121.125,134.425,129.725,9.17,10.165000000000001,2.9975,0.56825,0.62835,0.57485,0.6047,0.6943250000000001,0.7677499999999999,0.702425,0.73905,1.117175,1.0348,1.046575,1.060875
2023,Kaipara District,Other,0.47055,0.574925,0.8603,National,8.351666666666667,7.283333333333333,National,-6.325,National,1587321.75,National,3.8,3.425,3.125,National,6529.058237892058,6814.302960550939,7743.4328729695335,5017.364061681264,National,126692.41342914889,142694.10829777678,152897.5956284153,113029.39857025226,National,19,709252,-6.5,-49661,1237941,-14.4,-208304,1002727,-17.2,-208101,1010021,-14.9,-176501,441186,-7.7,-36985,National,-6.325,1587321.75,8.525,8.351666666666667,7.283333333333333,5.75,3.725,National,5.25,636,513.5,607,16102.25,4144.25,628,1755200,407700,209800,6.6000000000000005,9.024999999999999,3.375,121.125,134.425,129.725,9.17,10.165000000000001,2.9975,0.56825,0.62835,0.57485,0.6047,0.6943250000000001,0.7677499999999999,0.702425,0.73905,1.117175,1.0348,1.046575,1.060875
2023,Kapiti Coast District,Wellington Rural,0.6042,0.73845,0.95635,National,8.351666666666667,7.283333333333333,National,-6.325,National,1587321.75,National,3.8,3.425,3.125,National,6529.058237892058,6814.302960550939,7743.4328729695335,5017.364061681264,National,126692.41342914889,142694.10829777678,152897.5956284153,113029.39857025226,National,19,709252,-6.5,-49661,1237941,-14.4,-208304,1002727,-17.2,-208101,1010021,-14.9,-176501,441186,-7.7,-36985,National,-6.325,1587321.75,8.525,8.351666666666667,7.283333333333333,5.75,3.725,National,5.25,636,513.5,607,16102.25,4144.25,628,1755200,407700,209800,6.6000000000000005,9.024999999999999,3.375,121.125,134.425,129.725,9.17,10.165000000000001,2.9975,0.56825,0.62835,0.57485,0.6047,0.6943250000000001,0.7677499999999999,0.702425,0.73905,1.117175,1.0348,1.046575,1.060875
2023,Kawerau District,Other,0.435075,0.532075,0.75215,National,8.351666666666667,7.283333333333333,National,-6.325,National,1587321.75,National,3.8,3.425,3.125,National,6529.058237892058,6814.302960550939,7743.4328729695335,5017.364061681264,National,126692.41342914889,142694.10829777678,152897.5956284153,113029.39857025226,National,19,709252,-6.5,-49661,1237941,-14.4,-208304,1002727,-17.2,-208101,1010021,-14.9,-176501,441186,-7.7,-36985,National,-6.325,1587321.75,8.525,8.351666666666667,7.283333333333333,5.75,3.725,National,5.25,636,513.5,607,16102.25,4144.25,628,1755200,407700,209800,6.6000000000000005,9.024999999999999,3.375,121.125,134.425,129.725,9.17,10.165000000000001,2.9975,0.56825,0.62835,0.57485,0.6047,0.6943250000000001,0.7677499999999999,0.702425,0.73905,1.117175,1.0348,1.046575,1.060875
2023,MacKenzie District,Canterbury Rural,0.4697,0.573025,1.049425,National,8.351666666666667,7.283333333333333,National,-6.325,National,1587321.75,National,3.8,3.425,3.125,National,6529.058237892058,6814.302960550939,7743.4328729695335,5017.364061681264,National,126692.41342914889,142694.10829777678,152897.5956284153,113029.39857025226,National,19,709252,-6.5,-49661,1237941,-14.4,-208304,1002727,-17.2,-208101,1010021,-14.9,-176501,441186,-7.7,-36985,National,-6.325,1587321.75,8.525,8.351666666666667,7.283333333333333,5.75,3.725,National,5.25,636,513.5,607,16102.25,4144.25,628,1755200,407700,209800,6.6000000000000005,9.024999999999999,3.375,121.125,134.425,129.725,9.17,10.165000000000001,2.9975,0.56825,0.62835,0.57485,0.6047,0.6943250000000001,0.7677499999999999,0.702425,0.73905,1.117175,1.0348,1.046575,1.060875
2023,Manawatu District,Other,0.5283,0.645825,0.83655,National,8.351666666666667,7.283333333333333,National,-6.325,National,1587321.75,National,3.8,3.425,3.125,National,6529.058237892058,6814.302960550939,7743.4328729695335,5017.364061681264,National,126692.41342914889,142694.10829777678,152897.5956284153,113029.39857025226,National,19,709252,-6.5,-49661,1237941,-14.4,-208304,1002727,-17.2,-208101,1010021,-14.9,-176501,441186,-7.7,-36985,National,-6.325,1587321.75,8.525,8.351666666666667,7.283333333333333,5.75,3.725,National,5.25,636,513.5,607,16102.25,4144.25,628,1755200,407700,209800,6.6000000000000005,9.024999999999999,3.375,121.125,134.425,129.725,9.17,10.165000000000001,2.9975,0.56825,0.62835,0.57485,0.6047,0.6943250000000001,0.7677499999999999,0.702425,0.73905,1.117175,1.0348,1.046575,1.060875
2023,Manawatu-Wanganui,Other,0.5277499999999999,0.64495,0.85205,National,8.351666666666667,7.283333333333333,National,-6.325,National,1587321.75,National,3.8,3.425,3.125,National,6529.058237892058,6814.302960550939,7743.4328729695335,5017.364061681264,National,126692.41342914889,142694.10829777678,152897.5956284153,113029.39857025226,National,19,709252,-6.5,-49661,1237941,-14.4,-208304,1002727,-17.2,-208101,1010021,-14.9,-176501,441186,-7.7,-36985,National,-6.325,1587321.75,8.525,8.351666666666667,7.283333333333333,5.75,3.725,National,5.25,636,513.5,607,16102.25,4144.25,628,1755200,407700,209800,6.6000000000000005,9.024999999999999,3.375,121.125,134.425,129.725,9.17,10.165000000000001,2.9975,0.56825,0.62835,0.57485,0.6047,0.6943250000000001,0.7677499999999999,0.702425,0.73905,1.117175,1.0348,1.046575,1.060875
2023,Marlborough,Other,0.6137,0.75005,0.86755,National,8.351666666666667,7.283333333333333,National,-6.325,National,1587321.75,National,3.8,3.425,3.125,National,6529.058237892058,6814.302960550939,7743.4328729695335,5017.364061681264,National,126692.41342914889,142694.10829777678,152897.5956284153,113029.39857025226,National,19,709252,-6.5,-49661,1237941,-14.4,-208304,1002727,-17.2,-208101,1010021,-14.9,-176501,441186,-7.7,-36985,National,-6.325,1587321.75,8.525,8.351666666666667,7.283333333333333,5.75,3.725,National,5.25,636,513.5,607,16102.25,4144.25,628,1755200,407700,209800,6.6000000000000005,9.024999999999999,3.375,121.125,134.425,129.725,9.17,10.165000000000001,2.9975,0.56825,0.62835,0.57485,0.6047,0.6943250000000001,0.7677499999999999,0.702425,0.73905,1.117175,1.0348,1.046575,1.060875
2023,Marlborough District,Other,0.6137,0.75005,0.8674999999999999,National,8.351666666666667,7.283333333333333,National,-6.325,National,1587321.75,National,3.8,3.425,3.125,National,6529.058237892058,6814.302960550939,7743.4328729695335,5017.364061681264,National,126692.41342914889,142694.10829777678,152897.5956284153,113029.39857025226,National,19,709252,-6.5,-49661,1237941,-14.4,-208304,1002727,-17.2,-208101,1010021,-14.9,-176501,441186,-7.7,-36985,National,-6.325,1587321.75,8.525,8.351666666666667,7.283333333333333,5.75,3.725,National,5.25,636,513.5,607,16102.25,4144.25,628,1755200,407700,209800,6.6000000000000005,9.024999999999999,3.375,121.125,134.425,129.725,9.17,10.165000000000001,2.9975,0.56825,0.62835,0.57485,0.6047,0.6943250000000001,0.7677499999999999,0.702425,0.73905,1.117175,1.0348,1.046575,1.060875
2023,Masterton District,Wellington Rural,0.5765,0.7045250000000001,0.8316,National,8.351666666666667,7.283333333333333,National,-6.325,National,1587321.75,National,3.8,3.425,3.125,National,6529.058237892058,6814.302960550939,7743.4328729695335,5017.364061681264,National,126692.41342914889,142694.10829777678,152897.5956284153,113029.39857025226,National,19,709252,-6.5,-49661,1237941,-14.4,-208304,1002727,-17.2,-208101,1010021,-14.9,-176501,441186,-7.7,-36985,National,-6.325,1587321.75,8.525,8.351666666666667,7.283333333333333,5.75,3.725,National,5.25,636,513.5,607,16102.25,4144.25,628,1755200,407700,209800,6.6000000000000005,9.024999999999999,3.375,121.125,134.425,129.725,9.17,10.165000000000001,2.9975,0.56825,0.62835,0.57485,0.6047,0.6943250000000001,0.7677499999999999,0.702425,0.73905,1.117175,1.0348,1.046575,1.060875
2023,Matamata Piako District,Other,0.467125,0.570925,0.83855,National,8.351666666666667,7.283333333333333,National,-6.325,National,1587321.75,National,3.8,3.425,3.125,National,6529.058237892058,6814.302960550939,7743.4328729695335,5017.364061681264,National,126692.41342914889,142694.10829777678,152897.5956284153,113029.39857025226,National,19,709252,-6.5,-49661,1237941,-14.4,-208304,1002727,-17.2,-208101,1010021,-14.9,-176501,441186,-7.7,-36985,National,-6.325,1587321.75,8.525,8.351666666666667,7.283333333333333,5.75,3.725,National,5.25,636,513.5,607,16102.25,4144.25,628,1755200,407700,209800,6.6000000000000005,9.024999999999999,3.375,121.125,134.425,129.725,9.17,10.165000000000001,2.9975,0.56825,0.62835,0.57485,0.6047,0.6943250000000001,0.7677499999999999,0.702425,0.73905,1.117175,1.0348,1.046575,1.060875
2023,Napier City,Other,0.570525,0.69725,0.92345,National,8.351666666666667,7.283333333333333,National,-6.325,National,1587321.75,National,3.8,3.425,3.125,National,6529.058237892058,6814.302960550939,7743.4328729695335,5017.364061681264,National,126692.41342914889,142694.10829777678,152897.5956284153,113029.39857025226,National,19,709252,-6.5,-49661,1237941,-14.4,-208304,1002727,-17.2,-208101,1010021,-14.9,-176501,441186,-7.7,-36985,National,-6.325,1587321.75,8.525,8.351666666666667,7.283333333333333,5.75,3.725,National,5.25,636,513.5,607,16102.25,4144.25,628,1755200,407700,209800,6.6000000000000005,9.024999999999999,3.375,121.125,134.425,129.725,9.17,10.165000000000001,2.9975,0.56825,0.62835,0.57485,0.6047,0.6943250000000001,0.7677499999999999,0.702425,0.73905,1.117175,1.0348,1.046575,1.060875
2023,Nelson,Other,0.637725,0.7796000000000001,1.05205,National,8.351666666666667,7.283333333333333,National,-6.325,National,1587321.75,National,3.8,3.425,3.125,National,6529.058237892058,6814.302960550939,7743.4328729695335,5017.364061681264,National,126692.41342914889,142694.10829777678,152897.5956284153,113029.39857025226,National,19,709252,-6.5,-49661,1237941,-14.4,-208304,1002727,-17.2,-208101,1010021,-14.9,-176501,441186,-7.7,-36985,National,-6.325,1587321.75,8.525,8.351666666666667,7.283333333333333,5.75,3.725,National,5.25,636,513.5,607,16102.25,4144.25,628,1755200,407700,209800,6.6000000000000005,9.024999999999999,3.375,121.125,134.425,129.725,9.17,10.165000000000001,2.9975,0.56825,0.62835,0.57485,0.6047,0.6943250000000001,0.7677499999999999,0.702425,0.73905,1.117175,1.0348,1.046575,1.060875
2023,Nelson City,Other,0.637725,0.7796000000000001,1.0525499999999999,National,8.351666666666667,7.283333333333333,National,-6.325,National,1587321.75,National,3.8,3.425,3.125,National,6529.058237892058,6814.302960550939,7743.4328729695335,5017.364061681264,National,126692.41342914889,142694.10829777678,152897.5956284153,113029.39857025226,National,19,709252,-6.5,-49661,1237941,-14.4,-208304,1002727,-17.2,-208101,1010021,-14.9,-176501,441186,-7.7,-36985,National,-6.325,1587321.75,8.525,8.351666666666667,7.283333333333333,5.75,3.725,National,5.25,636,513.5,607,16102.25,4144.25,628,1755200,407700,209800,6.6000000000000005,9.024999999999999,3.375,121.125,134.425,129.725,9.17,10.165000000000001,2.9975,0.56825,0.62835,0.57485,0.6047,0.6943250000000001,0.7677499999999999,0.702425,0.73905,1.117175,1.0348,1.046575,1.060875
2023,New Plymouth District,Other,0.568075,0.694225,0.939,National,8.351666666666667,7.283333333333333,National,-6.325,National,1587321.75,National,3.8,3.425,3.125,National,6529.058237892058,6814.302960550939,7743.4328729695335,5017.364061681264,National,126692.41342914889,142694.10829777678,152897.5956284153,113029.39857025226,National,19,709252,-6.5,-49661,1237941,-14.4,-208304,1002727,-17.2,-208101,1010021,-14.9,-176501,441186,-7.7,-36985,National,-6.325,1587321.75,8.525,8.351666666666667,7.283333333333333,5.75,3.725,National,5.25,636,513.5,607,16102.25,4144.25,628,1755200,407700,209800,6.6000000000000005,9.024999999999999,3.375,121.125,134.425,129.725,9.17,10.165000000000001,2.9975,0.56825,0.62835,0.57485,0.6047,0.6943250000000001,0.7677499999999999,0.702425,0.73905,1.117175,1.0348,1.046575,1.060875
2023,New Zealand,Other,0.57485,0.702425,1.046575,National,8.351666666666667,7.283333333333333,National,-6.325,National,1587321.75,National,3.8,3.425,3.125,National,6529.058237892058,6814.302960550939,7743.4328729695335,5017.364061681264,National,126692.41342914889,142694.10829777678,152897.5956284153,113029.39857025226,National,19,709252,-6.5,-49661,1237941,-14.4,-208304,1002727,-17.2,-208101,1010021,-14.9,-176501,441186,-7.7,-36985,National,-6.325,1587321.75,8.525,8.351666666666667,7.283333333333333,5.75,3.725,National,5.25,636,513.5,607,16102.25,4144.25,628,1755200,407700,209800,6.6000000000000005,9.024999999999999,3.375,121.125,134.425,129.725,9.17,10.165000000000001,2.9975,0.56825,0.62835,0.57485,0.6047,0.6943250000000001,0.7677499999999999,0.702425,0.73905,1.117175,1.0348,1.046575,1.060875
2023,Northland,Other,0.5780000000000001,0.70635,0.8805499999999999,National,8.351666666666667,7.283333333333333,National,-6.325,National,1587321.75,National,3.8,3.425,3.125,National,6529.058237892058,6814.302960550939,7743.4328729695335,5017.364061681264,National,126692.41342914889,142694.10829777678,152897.5956284153,113029.39857025226,National,19,709252,-6.5,-49661,1237941,-14.4,-208304,1002727,-17.2,-208101,1010021,-14.9,-176501,441186,-7.7,-36985,National,-6.325,1587321.75,8.525,8.351666666666667,7.283333333333333,5.75,3.725,National,5.25,636,513.5,607,16102.25,4144.25,628,1755200,407700,209800,6.6000000000000005,9.024999999999999,3.375,121.125,134.425,129.725,9.17,10.165000000000001,2.9975,0.56825,0.62835,0.57485,0.6047,0.6943250000000001,0.7677499999999999,0.702425,0.73905,1.117175,1.0348,1.046575,1.060875
2023,Opotiki District,Other,0.591925,0.7232000000000001,0.758475,National,8.351666666666667,7.283333333333333,National,-6.325,National,1587321.75,National,3.8,3.425,3.125,National,6529.058237892058,6814.302960550939,7743.4328729695335,5017.364061681264,National,126692.41342914889,142694.10829777678,152897.5956284153,113029.39857025226,National,19,709252,-6.5,-49661,1237941,-14.4,-208304,1002727,-17.2,-208101,1010021,-14.9,-176501,441186,-7.7,-36985,National,-6.325,1587321.75,8.525,8.351666666666667,7.283333333333333,5.75,3.725,National,5.25,636,513.5,607,16102.25,4144.25,628,1755200,407700,209800,6.6000000000000005,9.024999999999999,3.375,121.125,134.425,129.725,9.17,10.165000000000001,2.9975,0.56825,0.62835,0.57485,0.6047,0.6943250000000001,0.7677499999999999,0.702425,0.73905,1.117175,1.0348,1.046575,1.060875
2023,Otago,Other,0.4864,0.594175,1.00165,National,8.351666666666667,7.283333333333333,National,-6.325,National,1587321.75,National,3.8,3.425,3.125,National,6529.058237892058,6814.302960550939,7743.4328729695335,5017.364061681264,National,126692.41342914889,142694.10829777678,152897.5956284153,113029.39857025226,National,19,709252,-6.5,-49661,1237941,-14.4,-208304,1002727,-17.2,-208101,1010021,-14.9,-176501,441186,-7.7,-36985,National,-6.325,1587321.75,8.525,8.351666666666667,7.283333333333333,5.75,3.725,National,5.25,636,513.5,607,16102.25,4144.25,628,1755200,407700,209800,6.6000000000000005,9.024999999999999,3.375,121.125,134.425,129.725,9.17,10.165000000000001,2.9975,0.56825,0.62835,0.57485,0.6047,0.6943250000000001,0.7677499999999999,0.702425,0.73905,1.117175,1.0348,1.046575,1.060875
2023,Otorohanga District,Other,0.478475,0.585,0.805675,National,8.351666666666667,7.283333333333333,National,-6.325,National,1587321.75,National,3.8,3.425,3.125,National,6529.058237892058,6814.302960550939,7743.4328729695335,5017.364061681264,National,126692.41342914889,142694.10829777678,152897.5956284153,113029.39857025226,National,19,709252,-6.5,-49661,1237941,-14.4,-208304,1002727,-17.2,-208101,1010021,-14.9,-176501,441186,-7.7,-36985,National,-6.325,1587321.75,8.525,8.351666666666667,7.283333333333333,5.75,3.725,National,5.25,636,513.5,607,16102.25,4144.25,628,1755200,407700,209800,6.6000000000000005,9.024999999999999,3.375,121.125,134.425,129.725,9.17,10.165000000000001,2.9975,0.56825,0.62835,0.57485,0.6047,0.6943250000000001,0.7677499999999999,0.702425,0.73905,1.117175,1.0348,1.046575,1.060875
2023,Palmerston North City,Other,0.575875,0.703925,0.92435,National,8.351666666666667,7.283333333333333,National,-6.325,National,1587321.75,National,3.8,3.425,3.125,National,6529.058237892058,6814.302960550939,7743.4328729695335,5017.364061681264,National,126692.41342914889,142694.10829777678,152897.5956284153,113029.39857025226,National,19,709252,-6.5,-49661,1237941,-14.4,-208304,1002727,-17.2,-208101,1010021,-14.9,-176501,441186,-7.7,-36985,National,-6.325,1587321.75,8.525,8.351666666666667,7.283333333333333,5.75,3.725,National,5.25,636,513.5,607,16102.25,4144.25,628,1755200,407700,209800,6.6000000000000005,9.024999999999999,3.375,121.125,134.425,129.725,9.17,10.165000000000001,2.9975,0.56825,0.62835,0.57485,0.6047,0.6943250000000001,0.7677499999999999,0.702425,0.73905,1.117175,1.0348,1.046575,1.060875
2023,Porirua City,Wellington Urban,0.609475,0.74455,0.9817750000000001,National,8.351666666666667,7.283333333333333,National,-6.325,National,1587321.75,National,3.8,3.425,3.125,National,6529.058237892058,6814.302960550939,7743.4328729695335,5017.364061681264,National,126692.41342914889,142694.10829777678,152897.5956284153,113029.39857025226,National,19,709252,-6.5,-49661,1237941,-14.4,-208304,1002727,-17.2,-208101,1010021,-14.9,-176501,441186,-7.7,-36985,National,-6.325,1587321.75,8.525,8.351666666666667,7.283333333333333,5.75,3.725,National,5.25,636,513.5,607,16102.25,4144.25,628,1755200,407700,209800,6.6000000000000005,9.024999999999999,3.375,121.125,134.425,129.725,9.17,10.165000000000001,2.9975,0.56825,0.62835,0.57485,0.6047,0.6943250000000001,0.7677499999999999,0.702425,0.73905,1.117175,1.0348,1.046575,1.060875
2023,Queenstown Lakes District,Other,0.503475,0.6149249999999999,0.947975,National,8.351666666666667,7.283333333333333,National,-6.325,National,1587321.75,National,3.8,3.425,3.125,National,6529.058237892058,6814.302960550939,7743.4328729695335,5017.364061681264,National,126692.41342914889,142694.10829777678,152897.5956284153,113029.39857025226,National,19,709252,-6.5,-49661,1237941,-14.4,-208304,1002727,-17.2,-208101,1010021,-14.9,-176501,441186,-7.7,-36985,National,-6.325,1587321.75,8.525,8.351666666666667,7.283333333333333,5.75,3.725,National,5.25,636,513.5,607,16102.25,4144.25,628,1755200,407700,209800,6.6000000000000005,9.024999999999999,3.375,121.125,134.425,129.725,9.17,10.165000000000001,2.9975,0.56825,0.62835,0.57485,0.6047,0.6943250000000001,0.7677499999999999,0.702425,0.73905,1.117175,1.0348,1.046575,1.060875
2023,Rangitikei District,Other,0.468575,0.572475,0.6926749999999999,National,8.351666666666667,7.283333333333333,National,-6.325,National,1587321.75,National,3.8,3.425,3.125,National,6529.058237892058,6814.302960550939,7743.4328729695335,5017.364061681264,National,126692.41342914889,142694.10829777678,152897.5956284153,113029.39857025226,National,19,709252,-6.5,-49661,1237941,-14.4,-208304,1002727,-17.2,-208101,1010021,-14.9,-176501,441186,-7.7,-36985,National,-6.325,1587321.75,8.525,8.351666666666667,7.283333333333333,5.75,3.725,National,5.25,636,513.5,607,16102.25,4144.25,628,1755200,407700,209800,6.6000000000000005,9.024999999999999,3.375,121.125,134.425,129.725,9.17,10.165000000000001,2.9975,0.56825,0.62835,0.57485,0.6047,0.6943250000000001,0.7677499999999999,0.702425,0.73905,1.117175,1.0348,1.046575,1.060875
2023,Rotorua District,Other,0.562175,0.687125,0.8079999999999999,National,8.351666666666667,7.283333333333333,National,-6.325,National,1587321.75,National,3.8,3.425,3.125,National,6529.058237892058,6814.302960550939,7743.4328729695335,5017.364061681264,National,126692.41342914889,142694.10829777678,152897.5956284153,113029.39857025226,National,19,709252,-6.5,-49661,1237941,-14.4,-208304,1002727,-17.2,-208101,1010021,-14.9,-176501,441186,-7.7,-36985,National,-6.325,1587321.75,8.525,8.351666666666667,7.283333333333333,5.75,3.725,National,5.25,636,513.5,607,16102.25,4144.25,628,1755200,407700,209800,6.6000000000000005,9.024999999999999,3.375,121.125,134.425,129.725,9.17,10.165000000000001,2.9975,0.56825,0.62835,0.57485,0.6047,0.6943250000000001,0.7677499999999999,0.702425,0.73905,1.117175,1.0348,1.046575,1.060875
2023,Ruapehu District,Other,0.519575,0.6353,0.762425,National,8.351666666666667,7.283333333333333,National,-6.325,National,1587321.75,National,3.8,3.425,3.125,National,6529.058237892058,6814.302960550939,7743.4328729695335,5017.364061681264,National,126692.41342914889,142694.10829777678,152897.5956284153,113029.39857025226,National,19,709252,-6.5,-49661,1237941,-14.4,-208304,1002727,-17.2,-208101,1010021,-14.9,-176501,441186,-7.7,-36985,National,-6.325,1587321.75,8.525,8.351666666666667,7.283333333333333,5.75,3.725,National,5.25,636,513.5,607,16102.25,4144.25,628,1755200,407700,209800,6.6000000000000005,9.024999999999999,3.375,121.125,134.425,129.725,9.17,10.165000000000001,2.9975,0.56825,0.62835,0.57485,0.6047,0.6943250000000001,0.7677499999999999,0.702425,0.73905,1.117175,1.0348,1.046575,1.060875
2023,Selwyn District,Canterbury Rural,0.63355,0.774125,1.18085,National,8.351666666666667,7.283333333333333,National,-6.325,National,1587321.75,National,3.8,3.425,3.125,National,6529.058237892058,6814.302960550939,7743.4328729695335,5017.364061681264,National,126692.41342914889,142694.10829777678,152897.5956284153,113029.39857025226,National,19,709252,-6.5,-49661,1237941,-14.4,-208304,1002727,-17.2,-208101,1010021,-14.9,-176501,441186,-7.7,-36985,National,-6.325,1587321.75,8.525,8.351666666666667,7.283333333333333,5.75,3.725,National,5.25,636,513.5,607,16102.25,4144.25,628,1755200,407700,209800,6.6000000000000005,9.024999999999999,3.375,121.125,134.425,129.725,9.17,10.165000000000001,2.9975,0.56825,0.62835,0.57485,0.6047,0.6943250000000001,0.7677499999999999,0.702425,0.73905,1.117175,1.0348,1.046575,1.060875
2023,South Taranaki District,Other,0.499875,0.61085,0.7737499999999999,National,8.351666666666667,7.283333333333333,National,-6.325,National,1587321.75,National,3.8,3.425,3.125,National,6529.058237892058,6814.302960550939,7743.4328729695335,5017.364061681264,National,126692.41342914889,142694.10829777678,152897.5956284153,113029.39857025226,National,19,709252,-6.5,-49661,1237941,-14.4,-208304,1002727,-17.2,-208101,1010021,-14.9,-176501,441186,-7.7,-36985,National,-6.325,1587321.75,8.525,8.351666666666667,7.283333333333333,5.75,3.725,National,5.25,636,513.5,607,16102.25,4144.25,628,1755200,407700,209800,6.6000000000000005,9.024999999999999,3.375,121.125,134.425,129.725,9.17,10.165000000000001,2.9975,0.56825,0.62835,0.57485,0.6047,0.6943250000000001,0.7677499999999999,0.702425,0.73905,1.117175,1.0348,1.046575,1.060875
2023,South Waikato District,Other,0.42345,0.517725,0.668975,National,8.351666666666667,7.283333333333333,National,-6.325,National,1587321.75,National,3.8,3.425,3.125,National,6529.058237892058,6814.302960550939,7743.4328729695335,5017.364061681264,National,126692.41342914889,142694.10829777678,152897.5956284153,113029.39857025226,National,19,709252,-6.5,-49661,1237941,-14.4,-208304,1002727,-17.2,-208101,1010021,-14.9,-176501,441186,-7.7,-36985,National,-6.325,1587321.75,8.525,8.351666666666667,7.283333333333333,5.75,3.725,National,5.25,636,513.5,607,16102.25,4144.25,628,1755200,407700,209800,6.6000000000000005,9.024999999999999,3.375,121.125,134.425,129.725,9.17,10.165000000000001,2.9975,0.56825,0.62835,0.57485,0.6047,0.6943250000000001,0.7677499999999999,0.702425,0.73905,1.117175,1.0348,1.046575,1.060875
2023,South Wairarapa District,Wellington Rural,0.562675,0.687875,0.913825,National,8.351666666666667,7.283333333333333,National,-6.325,National,1587321.75,National,3.8,3.425,3.125,National,6529.058237892058,6814.302960550939,7743.4328729695335,5017.364061681264,National,126692.41342914889,142694.10829777678,152897.5956284153,113029.39857025226,National,19,709252,-6.5,-49661,1237941,-14.4,-208304,1002727,-17.2,-208101,1010021,-14.9,-176501,441186,-7.7,-36985,National,-6.325,1587321.75,8.525,8.351666666666667,7.283333333333333,5.75,3.725,National,5.25,636,513.5,607,16102.25,4144.25,628,1755200,407700,209800,6.6000000000000005,9.024999999999999,3.375,121.125,134.425,129.725,9.17,10.165000000000001,2.9975,0.56825,0.62835,0.57485,0.6047,0.6943250000000001,0.7677499999999999,0.702425,0.73905,1.117175,1.0348,1.046575,1.060875
2023,Southland,Other,0.54805,0.6697249999999999,0.8302,National,8.351666666666667,7.283333333333333,National,-6.325,National,1587321.75,National,3.8,3.425,3.125,National,6529.058237892058,6814.302960550939,7743.4328729695335,5017.364061681264,National,126692.41342914889,142694.10829777678,152897.5956284153,113029.39857025226,National,19,709252,-6.5,-49661,1237941,-14.4,-208304,1002727,-17.2,-208101,1010021,-14.9,-176501,441186,-7.7,-36985,National,-6.325,1587321.75,8.525,8.351666666666667,7.283333333333333,5.75,3.725,National,5.25,636,513.5,607,16102.25,4144.25,628,1755200,407700,209800,6.6000000000000005,9.024999999999999,3.375,121.125,134.425,129.725,9.17,10.165000000000001,2.9975,0.56825,0.62835,0.57485,0.6047,0.6943250000000001,0.7677499999999999,0.702425,0.73905,1.117175,1.0348,1.046575,1.060875
2023,Southland District,Other,0.51185,0.625275,0.865125,National,8.351666666666667,7.283333333333333,National,-6.325,National,1587321.75,National,3.8,3.425,3.125,National,6529.058237892058,6814.302960550939,7743.4328729695335,5017.364061681264,National,126692.41342914889,142694.10829777678,152897.5956284153,113029.39857025226,National,19,709252,-6.5,-49661,1237941,-14.4,-208304,1002727,-17.2,-208101,1010021,-14.9,-176501,441186,-7.7,-36985,National,-6.325,1587321.75,8.525,8.351666666666667,7.283333333333333,5.75,3.725,National,5.25,636,513.5,607,16102.25,4144.25,628,1755200,407700,209800,6.6000000000000005,9.024999999999999,3.375,121.125,134.425,129.725,9.17,10.165000000000001,2.9975,0.56825,0.62835,0.57485,0.6047,0.6943250000000001,0.7677499999999999,0.702425,0.73905,1.117175,1.0348,1.046575,1.060875
2023,Stratford District,Other,0.490425,0.5991500000000001,0.681775,National,8.351666666666667,7.283333333333333,National,-6.325,National,1587321.75,National,3.8,3.425,3.125,National,6529.058237892058,6814.302960550939,7743.4328729695335,5017.364061681264,National,126692.41342914889,142694.10829777678,152897.5956284153,113029.39857025226,National,19,709252,-6.5,-49661,1237941,-14.4,-208304,1002727,-17.2,-208101,1010021,-14.9,-176501,441186,-7.7,-36985,National,-6.325,1587321.75,8.525,8.351666666666667,7.283333333333333,5.75,3.725,National,5.25,636,513.5,607,16102.25,4144.25,628,1755200,407700,209800,6.6000000000000005,9.024999999999999,3.375,121.125,134.425,129.725,9.17,10.165000000000001,2.9975,0.56825,0.62835,0.57485,0.6047,0.6943250000000001,0.7677499999999999,0.702425,0.73905,1.117175,1.0348,1.046575,1.060875
2023,Taranaki,Other,0.5454749999999999,0.6666,0.893925,National,8.351666666666667,7.283333333333333,National,-6.325,National,1587321.75,National,3.8,3.425,3.125,National,6529.058237892058,6814.302960550939,7743.4328729695335,5017.364061681264,National,126692.41342914889,142694.10829777678,152897.5956284153,113029.39857025226,National,19,709252,-6.5,-49661,1237941,-14.4,-208304,1002727,-17.2,-208101,1010021,-14.9,-176501,441186,-7.7,-36985,National,-6.325,1587321.75,8.525,8.351666666666667,7.283333333333333,5.75,3.725,National,5.25,636,513.5,607,16102.25,4144.25,628,1755200,407700,209800,6.6000000000000005,9.024999999999999,3.375,121.125,134.425,129.725,9.17,10.165000000000001,2.9975,0.56825,0.62835,0.57485,0.6047,0.6943250000000001,0.7677499999999999,0.702425,0.73905,1.117175,1.0348,1.046575,1.060875
2023,Tararua District,Other,0.46025,0.562275,0.716925,National,8.351666666666667,7.283333333333333,National,-6.325,National,1587321.75,National,3.8,3.425,3.125,National,6529.058237892058,6814.302960550939,7743.4328729695335,5017.364061681264,National,126692.41342914889,142694.10829777678,152897.5956284153,113029.39857025226,National,19,709252,-6.5,-49661,1237941,-14.4,-208304,1002727,-17.2,-208101,1010021,-14.9,-176501,441186,-7.7,-36985,National,-6.325,1587321.75,8.525,8.351666666666667,7.283333333333333,5.75,3.725,National,5.25,636,513.5,607,16102.25,4144.25,628,1755200,407700,209800,6.6000000000000005,9.024999999999999,3.375,121.125,134.425,129.725,9.17,10.165000000000001,2.9975,0.56825,0.62835,0.57485,0.6047,0.6943250000000001,0.7677499999999999,0.702425,0.73905,1.117175,1.0348,1.046575,1.060875
2023,Tasman,Other,0.638575,0.7805,1.042075,National,8.351666666666667,7.283333333333333,National,-6.325,National,1587321.75,National,3.8,3.425,3.125,National,6529.058237892058,6814.302960550939,7743.4328729695335,5017.364061681264,National,126692.41342914889,142694.10829777678,152897.5956284153,113029.39857025226,National,19,709252,-6.5,-49661,1237941,-14.4,-208304,1002727,-17.2,-208101,1010021,-14.9,-176501,441186,-7.7,-36985,National,-6.325,1587321.75,8.525,8.351666666666667,7.283333333333333,5.75,3.725,National,5.25,636,513.5,607,16102.25,4144.25,628,1755200,407700,209800,6.6000000000000005,9.024999999999999,3.375,121.125,134.425,129.725,9.17,10.165000000000001,2.9975,0.56825,0.62835,0.57485,0.6047,0.6943250000000001,0.7677499999999999,0.702425,0.73905,1.117175,1.0348,1.046575,1.060875
2023,Tasman District,Other,0.638575,0.7805,1.04125,National,8.351666666666667,7.283333333333333,National,-6.325,National,1587321.75,National,3.8,3.425,3.125,National,6529.058237892058,6814.302960550939,7743.4328729695335,5017.364061681264,National,126692.41342914889,142694.10829777678,152897.5956284153,113029.39857025226,National,19,709252,-6.5,-49661,1237941,-14.4,-208304,1002727,-17.2,-208101,1010021,-14.9,-176501,441186,-7.7,-36985,National,-6.325,1587321.75,8.525,8.351666666666667,7.283333333333333,5.75,3.725,National,5.25,636,513.5,607,16102.25,4144.25,628,1755200,407700,209800,6.6000000000000005,9.024999999999999,3.375,121.125,134.425,129.725,9.17,10.165000000000001,2.9975,0.56825,0.62835,0.57485,0.6047,0.6943250000000001,0.7677499999999999,0.702425,0.73905,1.117175,1.0348,1.046575,1.060875
2023,Taupo District,Other,0.548675,0.6704749999999999,0.839475,National,8.351666666666667,7.283333333333333,National,-6.325,National,1587321.75,National,3.8,3.425,3.125,National,6529.058237892058,6814.302960550939,7743.4328729695335,5017.364061681264,National,126692.41342914889,142694.10829777678,152897.5956284153,113029.39857025226,National,19,709252,-6.5,-49661,1237941,-14.4,-208304,1002727,-17.2,-208101,1010021,-14.9,-176501,441186,-7.7,-36985,National,-6.325,1587321.75,8.525,8.351666666666667,7.283333333333333,5.75,3.725,National,5.25,636,513.5,607,16102.25,4144.25,628,1755200,407700,209800,6.6000000000000005,9.024999999999999,3.375,121.125,134.425,129.725,9.17,10.165000000000001,2.9975,0.56825,0.62835,0.57485,0.6047,0.6943250000000001,0.7677499999999999,0.702425,0.73905,1.117175,1.0348,1.046575,1.060875
2023,Tauranga City,Other,0.6069,0.741575,0.9566,National,8.351666666666667,7.283333333333333,National,-6.325,National,1587321.75,National,3.8,3.425,3.125,National,6529.058237892058,6814.302960550939,7743.4328729695335,5017.364061681264,National,126692.41342914889,142694.10829777678,152897.5956284153,113029.39857025226,National,19,709252,-6.5,-49661,1237941,-14.4,-208304,1002727,-17.2,-208101,1010021,-14.9,-176501,441186,-7.7,-36985,National,-6.325,1587321.75,8.525,8.351666666666667,7.283333333333333,5.75,3.725,National,5.25,636,513.5,607,16102.25,4144.25,628,1755200,407700,209800,6.6000000000000005,9.024999999999999,3.375,121.125,134.425,129.725,9.17,10.165000000000001,2.9975,0.56825,0.62835,0.57485,0.6047,0.6943250000000001,0.7677499999999999,0.702425,0.73905,1.117175,1.0348,1.046575,1.060875
2023,Thames Coromandel District,Other,0.50445,0.616875,0.823375,National,8.351666666666667,7.283333333333333,National,-6.325,National,1587321.75,National,3.8,3.425,3.125,National,6529.058237892058,6814.302960550939,7743.4328729695335,5017.364061681264,National,126692.41342914889,142694.10829777678,152897.5956284153,113029.39857025226,National,19,709252,-6.5,-49661,1237941,-14.4,-208304,1002727,-17.2,-208101,1010021,-14.9,-176501,441186,-7.7,-36985,National,-6.325,1587321.75,8.525,8.351666666666667,7.283333333333333,5.75,3.725,National,5.25,636,513.5,607,16102.25,4144.25,628,1755200,407700,209800,6.6000000000000005,9.024999999999999,3.375,121.125,134.425,129.725,9.17,10.165000000000001,2.9975,0.56825,0.62835,0.57485,0.6047,0.6943250000000001,0.7677499999999999,0.702425,0.73905,1.117175,1.0348,1.046575,1.060875
2023,Timaru District,Canterbury Rural,0.606375,0.7409250000000001,0.933375,National,8.351666666666667,7.283333333333333,National,-6.325,National,1587321.75,National,3.8,3.425,3.125,National,6529.058237892058,6814.302960550939,7743.4328729695335,5017.364061681264,National,126692.41342914889,142694.10829777678,152897.5956284153,113029.39857025226,National,19,709252,-6.5,-49661,1237941,-14.4,-208304,1002727,-17.2,-208101,1010021,-14.9,-176501,441186,-7.7,-36985,National,-6.325,1587321.75,8.525,8.351666666666667,7.283333333333333,5.75,3.725,National,5.25,636,513.5,607,16102.25,4144.25,628,1755200,407700,209800,6.6000000000000005,9.024999999999999,3.375,121.125,134.425,129.725,9.17,10.165000000000001,2.9975,0.56825,0.62835,0.57485,0.6047,0.6943250000000001,0.7677499999999999,0.702425,0.73905,1.117175,1.0348,1.046575,1.060875
2023,Upper Hutt City,Wellington Urban,0.620925,0.7588250000000001,0.935125,National,8.351666666666667,7.283333333333333,National,-6.325,National,1587321.75,National,3.8,3.425,3.125,National,6529.058237892058,6814.302960550939,7743.4328729695335,5017.364061681264,National,126692.41342914889,142694.10829777678,152897.5956284153,113029.39857025226,National,19,709252,-6.5,-49661,1237941,-14.4,-208304,1002727,-17.2,-208101,1010021,-14.9,-176501,441186,-7.7,-36985,National,-6.325,1587321.75,8.525,8.351666666666667,7.283333333333333,5.75,3.725,National,5.25,636,513.5,607,16102.25,4144.25,628,1755200,407700,209800,6.6000000000000005,9.024999999999999,3.375,121.125,134.425,129.725,9.17,10.165000000000001,2.9975,0.56825,0.62835,0.57485,0.6047,0.6943250000000001,0.7677499999999999,0.702425,0.73905,1.117175,1.0348,1.046575,1.060875
2023,Waikato,Other,0.5367,0.65585,0.9611,National,8.351666666666667,7.283333333333333,National,-6.325,National,1587321.75,National,3.8,3.425,3.125,National,6529.058237892058,6814.302960550939,7743.4328729695335,5017.364061681264,National,126692.41342914889,142694.10829777678,152897.5956284153,113029.39857025226,National,19,709252,-6.5,-49661,1237941,-14.4,-208304,1002727,-17.2,-208101,1010021,-14.9,-176501,441186,-7.7,-36985,National,-6.325,1587321.75,8.525,8.351666666666667,7.283333333333333,5.75,3.725,National,5.25,636,513.5,607,16102.25,4144.25,628,1755200,407700,209800,6.6000000000000005,9.024999999999999,3.375,121.125,134.425,129.725,9.17,10.165000000000001,2.9975,0.56825,0.62835,0.57485,0.6047,0.6943250000000001,0.7677499999999999,0.702425,0.73905,1.117175,1.0348,1.046575,1.060875
2023,Waikato District,Other,0.489025,0.59755,0.94855,National,8.351666666666667,7.283333333333333,National,-6.325,National,1587321.75,National,3.8,3.425,3.125,National,6529.058237892058,6814.302960550939,7743.4328729695335,5017.364061681264,National,126692.41342914889,142694.10829777678,152897.5956284153,113029.39857025226,National,19,709252,-6.5,-49661,1237941,-14.4,-208304,1002727,-17.2,-208101,1010021,-14.9,-176501,441186,-7.7,-36985,National,-6.325,1587321.75,8.525,8.351666666666667,7.283333333333333,5.75,3.725,National,5.25,636,513.5,607,16102.25,4144.25,628,1755200,407700,209800,6.6000000000000005,9.024999999999999,3.375,121.125,134.425,129.725,9.17,10.165000000000001,2.9975,0.56825,0.62835,0.57485,0.6047,0.6943250000000001,0.7677499999999999,0.702425,0.73905,1.117175,1.0348,1.046575,1.060875
2023,Waimakariri District,Canterbury Rural,0.58135,0.71045,1.01735,National,8.351666666666667,7.283333333333333,National,-6.325,National,1587321.75,National,3.8,3.425,3.125,National,6529.058237892058,6814.302960550939,7743.4328729695335,5017.364061681264,National,126692.41342914889,142694.10829777678,152897.5956284153,113029.39857025226,National,19,709252,-6.5,-49661,1237941,-14.4,-208304,1002727,-17.2,-208101,1010021,-14.9,-176501,441186,-7.7,-36985,National,-6.325,1587321.75,8.525,8.351666666666667,7.283333333333333,5.75,3.725,National,5.25,636,513.5,607,16102.25,4144.25,628,1755200,407700,209800,6.6000000000000005,9.024999999999999,3.375,121.125,134.425,129.725,9.17,10.165000000000001,2.9975,0.56825,0.62835,0.57485,0.6047,0.6943250000000001,0.7677499999999999,0.702425,0.73905,1.117175,1.0348,1.046575,1.060875
2023,Waimate District,Canterbury Rural,0.488975,0.597775,0.7826,National,8.351666666666667,7.283333333333333,National,-6.325,National,1587321.75,National,3.8,3.425,3.125,National,6529.058237892058,6814.302960550939,7743.4328729695335,5017.364061681264,National,126692.41342914889,142694.10829777678,152897.5956284153,113029.39857025226,National,19,709252,-6.5,-49661,1237941,-14.4,-208304,1002727,-17.2,-208101,1010021,-14.9,-176501,441186,-7.7,-36985,National,-6.325,1587321.75,8.525,8.351666666666667,7.283333333333333,5.75,3.725,National,5.25,636,513.5,607,16102.25,4144.25,628,1755200,407700,209800,6.6000000000000005,9.024999999999999,3.375,121.125,134.425,129.725,9.17,10.165000000000001,2.9975,0.56825,0.62835,0.57485,0.6047,0.6943250000000001,0.7677499999999999,0.702425,0.73905,1.117175,1.0348,1.046575,1.060875
2023,Waipa District,Other,0.46,0.5620499999999999,0.921625,National,8.351666666666667,7.283333333333333,National,-6.325,National,1587321.75,National,3.8,3.425,3.125,National,6529.058237892058,6814.302960550939,7743.4328729695335,5017.364061681264,National,126692.41342914889,142694.10829777678,152897.5956284153,113029.39857025226,National,19,709252,-6.5,-49661,1237941,-14.4,-208304,1002727,-17.2,-208101,1010021,-14.9,-176501,441186,-7.7,-36985,National,-6.325,1587321.75,8.525,8.351666666666667,7.283333333333333,5.75,3.725,National,5.25,636,513.5,607,16102.25,4144.25,628,1755200,407700,209800,6.6000000000000005,9.024999999999999,3.375,121.125,134.425,129.725,9.17,10.165000000000001,2.9975,0.56825,0.62835,0.57485,0.6047,0.6943250000000001,0.7677499999999999,0.702425,0.73905,1.117175,1.0348,1.046575,1.060875
2023,Wairoa District,Other,0.535875,0.6547499999999999,0.7227,National,8.351666666666667,7.283333333333333,National,-6.325,National,1587321.75,National,3.8,3.425,3.125,National,6529.058237892058,6814.302960550939,7743.4328729695335,5017.364061681264,National,126692.41342914889,142694.10829777678,152897.5956284153,113029.39857025226,National,19,709252,-6.5,-49661,1237941,-14.4,-208304,1002727,-17.2,-208101,1010021,-14.9,-176501,441186,-7.7,-36985,National,-6.325,1587321.75,8.525,8.351666666666667,7.283333333333333,5.75,3.725,National,5.25,636,513.5,607,16102.25,4144.25,628,1755200,407700,209800,6.6000000000000005,9.024999999999999,3.375,121.125,134.425,129.725,9.17,10.165000000000001,2.9975,0.56825,0.62835,0.57485,0.6047,0.6943250000000001,0.7677499999999999,0.702425,0.73905,1.117175,1.0348,1.046575,1.060875
2023,Waitaki District,Other,0.56025,0.6846749999999999,0.906325,National,8.351666666666667,7.283333333333333,National,-6.325,National,1587321.75,National,3.8,3.425,3.125,National,6529.058237892058,6814.302960550939,7743.4328729695335,5017.364061681264,National,126692.41342914889,142694.10829777678,152897.5956284153,113029.39857025226,National,19,709252,-6.5,-49661,1237941,-14.4,-208304,1002727,-17.2,-208101,1010021,-14.9,-176501,441186,-7.7,-36985,National,-6.325,1587321.75,8.525,8.351666666666667,7.283333333333333,5.75,3.725,National,5.25,636,513.5,607,16102.25,4144.25,628,1755200,407700,209800,6.6000000000000005,9.024999999999999,3.375,121.125,134.425,129.725,9.17,10.165000000000001,2.9975,0.56825,0.62835,0.57485,0.6047,0.6943250000000001,0.7677499999999999,0.702425,0.73905,1.117175,1.0348,1.046575,1.060875
2023,Waitomo District,Other,0.4555,0.5574749999999999,0.84135,National,8.351666666666667,7.283333333333333,National,-6.325,National,1587321.75,National,3.8,3.425,3.125,National,6529.058237892058,6814.302960550939,7743.4328729695335,5017.364061681264,National,126692.41342914889,142694.10829777678,152897.5956284153,113029.39857025226,National,19,709252,-6.5,-49661,1237941,-14.4,-208304,1002727,-17.2,-208101,1010021,-14.9,-176501,441186,-7.7,-36985,National,-6.325,1587321.75,8.525,8.351666666666667,7.283333333333333,5.75,3.725,National,5.25,636,513.5,607,16102.25,4144.25,628,1755200,407700,209800,6.6000000000000005,9.024999999999999,3.375,121.125,134.425,129.725,9.17,10.165000000000001,2.9975,0.56825,0.62835,0.57485,0.6047,0.6943250000000001,0.7677499999999999,0.702425,0.73905,1.117175,1.0348,1.046575,1.060875
2023,Wellington,Wellington Rural,0.6047,0.73905,1.060875,National,8.351666666666667,7.283333333333333,National,-6.325,National,1587321.75,National,3.8,3.425,3.125,National,6529.058237892058,6814.302960550939,7743.4328729695335,5017.364061681264,National,126692.41342914889,142694.10829777678,152897.5956284153,113029.39857025226,National,19,709252,-6.5,-49661,1237941,-14.4,-208304,1002727,-17.2,-208101,1010021,-14.9,-176501,441186,-7.7,-36985,National,-6.325,1587321.75,8.525,8.351666666666667,7.283333333333333,5.75,3.725,National,5.25,636,513.5,607,16102.25,4144.25,628,1755200,407700,209800,6.6000000000000005,9.024999999999999,3.375,121.125,134.425,129.725,9.17,10.165000000000001,2.9975,0.56825,0.62835,0.57485,0.6047,0.6943250000000001,0.7677499999999999,0.702425,0.73905,1.117175,1.0348,1.046575,1.060875
2023,Wellington City,Wellington Urban,0.624275,0.762925,1.06685,National,8.351666666666667,7.283333333333333,National,-6.325,National,1587321.75,National,3.8,3.425,3.125,National,6529.058237892058,6814.302960550939,7743.4328729695335,5017.364061681264,National,126692.41342914889,142694.10829777678,152897.5956284153,113029.39857025226,National,19,709252,-6.5,-49661,1237941,-14.4,-208304,1002727,-17.2,-208101,1010021,-14.9,-176501,441186,-7.7,-36985,National,-6.325,1587321.75,8.525,8.351666666666667,7.283333333333333,5.75,3.725,National,5.25,636,513.5,607,16102.25,4144.25,628,1755200,407700,209800,6.6000000000000005,9.024999999999999,3.375,121.125,134.425,129.725,9.17,10.165000000000001,2.9975,0.56825,0.62835,0.57485,0.6047,0.6943250000000001,0.7677499999999999,0.702425,0.73905,1.117175,1.0348,1.046575,1.060875
2023,West Coast,Other,0.610625,0.7455,0.906175,National,8.351666666666667,7.283333333333333,National,-6.325,National,1587321.75,National,3.8,3.425,3.125,National,6529.058237892058,6814.302960550939,7743.4328729695335,5017.364061681264,National,126692.41342914889,142694.10829777678,152897.5956284153,113029.39857025226,National,19,709252,-6.5,-49661,1237941,-14.4,-208304,1002727,-17.2,-208101,1010021,-14.9,-176501,441186,-7.7,-36985,National,-6.325,1587321.75,8.525,8.351666666666667,7.283333333333333,5.75,3.725,National,5.25,636,513.5,607,16102.25,4144.25,628,1755200,407700,209800,6.6000000000000005,9.024999999999999,3.375,121.125,134.425,129.725,9.17,10.165000000000001,2.9975,0.56825,0.62835,0.57485,0.6047,0.6943250000000001,0.7677499999999999,0.702425,0.73905,1.117175,1.0348,1.046575,1.060875
2023,Western Bay of Plenty District,Other,0.536575,0.655375,0.87745,National,8.351666666666667,7.283333333333333,National,-6.325,National,1587321.75,National,3.8,3.425,3.125,National,6529.058237892058,6814.302960550939,7743.4328729695335,5017.364061681264,National,126692.41342914889,142694.10829777678,152897.5956284153,113029.39857025226,National,19,709252,-6.5,-49661,1237941,-14.4,-208304,1002727,-17.2,-208101,1010021,-14.9,-176501,441186,-7.7,-36985,National,-6.325,1587321.75,8.525,8.351666666666667,7.283333333333333,5.75,3.725,National,5.25,636,513.5,607,16102.25,4144.25,628,1755200,407700,209800,6.6000000000000005,9.024999999999999,3.375,121.125,134.425,129.725,9.17,10.165000000000001,2.9975,0.56825,0.62835,0.57485,0.6047,0.6943250000000001,0.7677499999999999,0.702425,0.73905,1.117175,1.0348,1.046575,1.060875
2023,Westland District,Other,0.614375,0.750625,0.9326749999999999,National,8.351666666666667,7.283333333333333,National,-6.325,National,1587321.75,National,3.8,3.425,3.125,National,6529.058237892058,6814.302960550939,7743.4328729695335,5017.364061681264,National,126692.41342914889,142694.10829777678,152897.5956284153,113029.39857025226,National,19,709252,-6.5,-49661,1237941,-14.4,-208304,1002727,-17.2,-208101,1010021,-14.9,-176501,441186,-7.7,-36985,National,-6.325,1587321.75,8.525,8.351666666666667,7.283333333333333,5.75,3.725,National,5.25,636,513.5,607,16102.25,4144.25,628,1755200,407700,209800,6.6000000000000005,9.024999999999999,3.375,121.125,134.425,129.725,9.17,10.165000000000001,2.9975,0.56825,0.62835,0.57485,0.6047,0.6943250000000001,0.7677499999999999,0.702425,0.73905,1.117175,1.0348,1.046575,1.060875
2023,Whakatane District,Other,0.5395,0.659375,0.885875,National,8.351666666666667,7.283333333333333,National,-6.325,National,1587321.75,National,3.8,3.425,3.125,National,6529.058237892058,6814.302960550939,7743.4328729695335,5017.364061681264,National,126692.41342914889,142694.10829777678,152897.5956284153,113029.39857025226,National,19,709252,-6.5,-49661,1237941,-14.4,-208304,1002727,-17.2,-208101,1010021,-14.9,-176501,441186,-7.7,-36985,National,-6.325,1587321.75,8.525,8.351666666666667,7.283333333333333,5.75,3.725,National,5.25,636,513.5,607,16102.25,4144.25,628,1755200,407700,209800,6.6000000000000005,9.024999999999999,3.375,121.125,134.425,129.725,9.17,10.165000000000001,2.9975,0.56825,0.62835,0.57485,0.6047,0.6943250000000001,0.7677499999999999,0.702425,0.73905,1.117175,1.0348,1.046575,1.060875
2023,Whanganui District,Other,0.46385,0.56695,0.7053,National,8.351666666666667,7.283333333333333,National,-6.325,National,1587321.75,National,3.8,3.425,3.125,National,6529.058237892058,6814.302960550939,7743.4328729695335,5017.364061681264,National,126692.41342914889,142694.10829777678,152897.5956284153,113029.39857025226,National,19,709252,-6.5,-49661,1237941,-14.4,-208304,1002727,-17.2,-208101,1010021,-14.9,-176501,441186,-7.7,-36985,National,-6.325,1587321.75,8.525,8.351666666666667,7.283333333333333,5.75,3.725,National,5.25,636,513.5,607,16102.25,4144.25,628,1755200,407700,209800,6.6000000000000005,9.024999999999999,3.375,121.125,134.425,129.725,9.17,10.165000000000001,2.9975,0.56825,0.62835,0.57485,0.6047,0.6943250000000001,0.7677499999999999,0.702425,0.73905,1.117175,1.0348,1.046575,1.060875
2023,Whangarei District,Other,0.59245,0.7242,0.880825,National,8.351666666666667,7.283333333333333,National,-6.325,National,1587321.75,National,3.8,3.425,3.125,National,6529.058237892058,6814.302960550939,7743.4328729695335,5017.364061681264,National,126692.41342914889,142694.10829777678,152897.5956284153,113029.39857025226,National,19,709252,-6.5,-49661,1237941,-14.4,-208304,1002727,-17.2,-208101,1010021,-14.9,-176501,441186,-7.7,-36985,National,-6.325,1587321.75,8.525,8.351666666666667,7.283333333333333,5.75,3.725,National,5.25,636,513.5,607,16102.25,4144.25,628,1755200,407700,209800,6.6000000000000005,9.024999999999999,3.375,121.125,134.425,129.725,9.17,10.165000000000001,2.9975,0.56825,0.62835,0.57485,0.6047,0.6943250000000001,0.7677499999999999,0.702425,0.73905,1.117175,1.0348,1.046575,1.060875
2024,Ashburton District,Canterbury Rural,0.646425,0.74115,0.964025,National,8.408333333333333,6.949166666666667,National,0.175,National,1626352,National,5,4.575,4.525,National,6112.627378546298,5371.398066846321,9437.292811961974,3360.6270342091475,National,132805.2262968785,148064.9571131821,162336.8434126806,116389.27608728198,National,20,746388,5.2,37136,1261676,1.9,23735,1035028,3.2,32301,1045523,3.5,35502,447158,1.4,5972,National,0.175,1626352,10.175,8.408333333333333,6.949166666666667,2.925,4.725,National,5.1875,654,546,615.5,14211.5,3913.5,443.5,1797300,412000,209900,2.9,6.425,1.4,124.575,142.95,131.525,7.91,9.5,2.1149999999999998,0.645575,0.68635,0.642925,0.678375,0.739025,0.786125,0.7361,0.776525,1.14265,1.03515,1.068225,1.111275
2024,Auckland,Auckland Urban,0.647425,0.7410875,1.142875,National,8.408333333333333,6.949166666666667,National,0.175,National,1626352,National,5,4.575,4.525,National,6112.627378546298,5371.398066846321,9437.292811961974,3360.6270342091475,National,132805.2262968785,148064.9571131821,162336.8434126806,116389.27608728198,National,20,746388,5.2,37136,1261676,1.9,23735,1035028,3.2,32301,1045523,3.5,35502,447158,1.4,5972,National,0.175,1626352,10.175,8.408333333333333,6.949166666666667,2.925,4.725,National,5.1875,654,546,615.5,14211.5,3913.5,443.5,1797300,412000,209900,2.9,6.425,1.4,124.575,142.95,131.525,7.91,9.5,2.1149999999999998,0.645575,0.68635,0.642925,0.678375,0.739025,0.786125,0.7361,0.776525,1.14265,1.03515,1.068225,1.111275
2024,Bay of Plenty,Other,0.639325,0.732025,0.916125,National,8.408333333333333,6.949166666666667,National,0.175,National,1626352,National,5,4.575,4.525,National,6112.627378546298,5371.398066846321,9437.292811961974,3360.6270342091475,National,132805.2262968785,148064.9571131821,162336.8434126806,116389.27608728198,National,20,746388,5.2,37136,1261676,1.9,23735,1035028,3.2,32301,1045523,3.5,35502,447158,1.4,5972,National,0.175,1626352,10.175,8.408333333333333,6.949166666666667,2.925,4.725,National,5.1875,654,546,615.5,14211.5,3913.5,443.5,1797300,412000,209900,2.9,6.425,1.4,124.575,142.95,131.525,7.91,9.5,2.1149999999999998,0.645575,0.68635,0.642925,0.678375,0.739025,0.786125,0.7361,0.776525,1.14265,1.03515,1.068225,1.111275
2024,Buller District,Other,0.60825,0.69615,0.8165,National,8.408333333333333,6.949166666666667,National,0.175,National,1626352,National,5,4.575,4.525,National,6112.627378546298,5371.398066846321,9437.292811961974,3360.6270342091475,National,132805.2262968785,148064.9571131821,162336.8434126806,116389.27608728198,National,20,746388,5.2,37136,1261676,1.9,23735,1035028,3.2,32301,1045523,3.5,35502,447158,1.4,5972,National,0.175,1626352,10.175,8.408333333333333,6.949166666666667,2.925,4.725,National,5.1875,654,546,615.5,14211.5,3913.5,443.5,1797300,412000,209900,2.9,6.425,1.4,124.575,142.95,131.525,7.91,9.5,2.1149999999999998,0.645575,0.68635,0.642925,0.678375,0.739025,0.786125,0.7361,0.776525,1.14265,1.03515,1.068225,1.111275
2024,Canterbury,Canterbury Rural,0.68635,0.786125,1.03515,National,8.408333333333333,6.949166666666667,National,0.175,National,1626352,National,5,4.575,4.525,National,6112.627378546298,5371.398066846321,9437.292811961974,3360.6270342091475,National,132805.2262968785,148064.9571131821,162336.8434126806,116389.27608728198,National,20,746388,5.2,37136,1261676,1.9,23735,1035028,3.2,32301,1045523,3.5,35502,447158,1.4,5972,National,0.175,1626352,10.175,8.408333333333333,6.949166666666667,2.925,4.725,National,5.1875,654,546,615.5,14211.5,3913.5,443.5,1797300,412000,209900,2.9,6.425,1.4,124.575,142.95,131.525,7.91,9.5,2.1149999999999998,0.645575,0.68635,0.642925,0.678375,0.739025,0.786125,0.7361,0.776525,1.14265,1.03515,1.068225,1.111275
2024,Carterton District,Wellington Rural,0.52825,0.6045,0.7765500000000001,National,8.408333333333333,6.949166666666667,National,0.175,National,1626352,National,5,4.575,4.525,National,6112.627378546298,5371.398066846321,9437.292811961974,3360.6270342091475,National,132805.2262968785,148064.9571131821,162336.8434126806,116389.27608728198,National,20,746388,5.2,37136,1261676,1.9,23735,1035028,3.2,32301,1045523,3.5,35502,447158,1.4,5972,National,0.175,1626352,10.175,8.408333333333333,6.949166666666667,2.925,4.725,National,5.1875,654,546,615.5,14211.5,3913.5,443.5,1797300,412000,209900,2.9,6.425,1.4,124.575,142.95,131.525,7.91,9.5,2.1149999999999998,0.645575,0.68635,0.642925,0.678375,0.739025,0.786125,0.7361,0.776525,1.14265,1.03515,1.068225,1.111275
2024,Central Hawkes Bay District,Other,0.578875,0.66255,0.68455,National,8.408333333333333,6.949166666666667,National,0.175,National,1626352,National,5,4.575,4.525,National,6112.627378546298,5371.398066846321,9437.292811961974,3360.6270342091475,National,132805.2262968785,148064.9571131821,162336.8434126806,116389.27608728198,National,20,746388,5.2,37136,1261676,1.9,23735,1035028,3.2,32301,1045523,3.5,35502,447158,1.4,5972,National,0.175,1626352,10.175,8.408333333333333,6.949166666666667,2.925,4.725,National,5.1875,654,546,615.5,14211.5,3913.5,443.5,1797300,412000,209900,2.9,6.425,1.4,124.575,142.95,131.525,7.91,9.5,2.1149999999999998,0.645575,0.68635,0.642925,0.678375,0.739025,0.786125,0.7361,0.776525,1.14265,1.03515,1.068225,1.111275
2024,Central Otago District,Other,0.5348,0.612475,0.85955,National,8.408333333333333,6.949166666666667,National,0.175,National,1626352,National,5,4.575,4.525,National,6112.627378546298,5371.398066846321,9437.292811961974,3360.6270342091475,National,132805.2262968785,148064.9571131821,162336.8434126806,116389.27608728198,National,20,746388,5.2,37136,1261676,1.9,23735,1035028,3.2,32301,1045523,3.5,35502,447158,1.4,5972,National,0.175,1626352,10.175,8.408333333333333,6.949166666666667,2.925,4.725,National,5.1875,654,546,615.5,14211.5,3913.5,443.5,1797300,412000,209900,2.9,6.425,1.4,124.575,142.95,131.525,7.91,9.5,2.1149999999999998,0.645575,0.68635,0.642925,0.678375,0.739025,0.786125,0.7361,0.776525,1.14265,1.03515,1.068225,1.111275
2024,Christchurch City,Canterbury Urban,0.682625,0.7819,1.01765,National,8.408333333333333,6.949166666666667,National,0.175,National,1626352,National,5,4.575,4.525,National,6112.627378546298,5371.398066846321,9437.292811961974,3360.6270342091475,National,132805.2262968785,148064.9571131821,162336.8434126806,116389.27608728198,National,20,746388,5.2,37136,1261676,1.9,23735,1035028,3.2,32301,1045523,3.5,35502,447158,1.4,5972,National,0.175,1626352,10.175,8.408333333333333,6.949166666666667,2.925,4.725,National,5.1875,654,546,615.5,14211.5,3913.5,443.5,1797300,412000,209900,2.9,6.425,1.4,124.575,142.95,131.525,7.91,9.5,2.1149999999999998,0.645575,0.68635,0.642925,0.678375,0.739025,0.786125,0.7361,0.776525,1.14265,1.03515,1.068225,1.111275
2024,Clutha District,Other,0.5056,0.579775,0.789175,National,8.408333333333333,6.949166666666667,National,0.175,National,1626352,National,5,4.575,4.525,National,6112.627378546298,5371.398066846321,9437.292811961974,3360.6270342091475,National,132805.2262968785,148064.9571131821,162336.8434126806,116389.27608728198,National,20,746388,5.2,37136,1261676,1.9,23735,1035028,3.2,32301,1045523,3.5,35502,447158,1.4,5972,National,0.175,1626352,10.175,8.408333333333333,6.949166666666667,2.925,4.725,National,5.1875,654,546,615.5,14211.5,3913.5,443.5,1797300,412000,209900,2.9,6.425,1.4,124.575,142.95,131.525,7.91,9.5,2.1149999999999998,0.645575,0.68635,0.642925,0.678375,0.739025,0.786125,0.7361,0.776525,1.14265,1.03515,1.068225,1.111275
2024,Dunedin City,Other,0.604175,0.692,1.0484,National,8.408333333333333,6.949166666666667,National,0.175,National,1626352,National,5,4.575,4.525,National,6112.627378546298,5371.398066846321,9437.292811961974,3360.6270342091475,National,132805.2262968785,148064.9571131821,162336.8434126806,116389.27608728198,National,20,746388,5.2,37136,1261676,1.9,23735,1035028,3.2,32301,1045523,3.5,35502,447158,1.4,5972,National,0.175,1626352,10.175,8.408333333333333,6.949166666666667,2.925,4.725,National,5.1875,654,546,615.5,14211.5,3913.5,443.5,1797300,412000,209900,2.9,6.425,1.4,124.575,142.95,131.525,7.91,9.5,2.1149999999999998,0.645575,0.68635,0.642925,0.678375,0.739025,0.786125,0.7361,0.776525,1.14265,1.03515,1.068225,1.111275
2024,Far North District,Other,0.6661250000000001,0.762725,0.8902749999999999,National,8.408333333333333,6.949166666666667,National,0.175,National,1626352,National,5,4.575,4.525,National,6112.627378546298,5371.398066846321,9437.292811961974,3360.6270342091475,National,132805.2262968785,148064.9571131821,162336.8434126806,116389.27608728198,National,20,746388,5.2,37136,1261676,1.9,23735,1035028,3.2,32301,1045523,3.5,35502,447158,1.4,5972,National,0.175,1626352,10.175,8.408333333333333,6.949166666666667,2.925,4.725,National,5.1875,654,546,615.5,14211.5,3913.5,443.5,1797300,412000,209900,2.9,6.425,1.4,124.575,142.95,131.525,7.91,9.5,2.1149999999999998,0.645575,0.68635,0.642925,0.678375,0.739025,0.786125,0.7361,0.776525,1.14265,1.03515,1.068225,1.111275
2024,Gisborne,Other,0.598075,0.6849000000000001,0.821825,National,8.408333333333333,6.949166666666667,National,0.175,National,1626352,National,5,4.575,4.525,National,6112.627378546298,5371.398066846321,9437.292811961974,3360.6270342091475,National,132805.2262968785,148064.9571131821,162336.8434126806,116389.27608728198,National,20,746388,5.2,37136,1261676,1.9,23735,1035028,3.2,32301,1045523,3.5,35502,447158,1.4,5972,National,0.175,1626352,10.175,8.408333333333333,6.949166666666667,2.925,4.725,National,5.1875,654,546,615.5,14211.5,3913.5,443.5,1797300,412000,209900,2.9,6.425,1.4,124.575,142.95,131.525,7.91,9.5,2.1149999999999998,0.645575,0.68635,0.642925,0.678375,0.739025,0.786125,0.7361,0.776525,1.14265,1.03515,1.068225,1.111275
2024,Gisborne District,Other,0.598075,0.6849000000000001,0.821825,National,8.408333333333333,6.949166666666667,National,0.175,National,1626352,National,5,4.575,4.525,National,6112.627378546298,5371.398066846321,9437.292811961974,3360.6270342091475,National,132805.2262968785,148064.9571131821,162336.8434126806,116389.27608728198,National,20,746388,5.2,37136,1261676,1.9,23735,1035028,3.2,32301,1045523,3.5,35502,447158,1.4,5972,National,0.175,1626352,10.175,8.408333333333333,6.949166666666667,2.925,4.725,National,5.1875,654,546,615.5,14211.5,3913.5,443.5,1797300,412000,209900,2.9,6.425,1.4,124.575,142.95,131.525,7.91,9.5,2.1149999999999998,0.645575,0.68635,0.642925,0.678375,0.739025,0.786125,0.7361,0.776525,1.14265,1.03515,1.068225,1.111275
2024,Gore District,Other,0.6133,0.7019,0.731675,National,8.408333333333333,6.949166666666667,National,0.175,National,1626352,National,5,4.575,4.525,National,6112.627378546298,5371.398066846321,9437.292811961974,3360.6270342091475,National,132805.2262968785,148064.9571131821,162336.8434126806,116389.27608728198,National,20,746388,5.2,37136,1261676,1.9,23735,1035028,3.2,32301,1045523,3.5,35502,447158,1.4,5972,National,0.175,1626352,10.175,8.408333333333333,6.949166666666667,2.925,4.725,National,5.1875,654,546,615.5,14211.5,3913.5,443.5,1797300,412000,209900,2.9,6.425,1.4,124.575,142.95,131.525,7.91,9.5,2.1149999999999998,0.645575,0.68635,0.642925,0.678375,0.739025,0.786125,0.7361,0.776525,1.14265,1.03515,1.068225,1.111275
2024,Grey District,Other,0.6219,0.7135750000000001,0.911575,National,8.408333333333333,6.949166666666667,National,0.175,National,1626352,National,5,4.575,4.525,National,6112.627378546298,5371.398066846321,9437.292811961974,3360.6270342091475,National,132805.2262968785,148064.9571131821,162336.8434126806,116389.27608728198,National,20,746388,5.2,37136,1261676,1.9,23735,1035028,3.2,32301,1045523,3.5,35502,447158,1.4,5972,National,0.175,1626352,10.175,8.408333333333333,6.949166666666667,2.925,4.725,National,5.1875,654,546,615.5,14211.5,3913.5,443.5,1797300,412000,209900,2.9,6.425,1.4,124.575,142.95,131.525,7.91,9.5,2.1149999999999998,0.645575,0.68635,0.642925,0.678375,0.739025,0.786125,0.7361,0.776525,1.14265,1.03515,1.068225,1.111275
2024,Hamilton City,Other,0.600825,0.6879500000000001,0.993875,National,8.408333333333333,6.949166666666667,National,0.175,National,1626352,National,5,4.575,4.525,National,6112.627378546298,5371.398066846321,9437.292811961974,3360.6270342091475,National,132805.2262968785,148064.9571131821,162336.8434126806,116389.27608728198,National,20,746388,5.2,37136,1261676,1.9,23735,1035028,3.2,32301,1045523,3.5,35502,447158,1.4,5972,National,0.175,1626352,10.175,8.408333333333333,6.949166666666667,2.925,4.725,National,5.1875,654,546,615.5,14211.5,3913.5,443.5,1797300,412000,209900,2.9,6.425,1.4,124.575,142.95,131.525,7.91,9.5,2.1149999999999998,0.645575,0.68635,0.642925,0.678375,0.739025,0.786125,0.7361,0.776525,1.14265,1.03515,1.068225,1.111275
2024,Hastings District,Other,0.606,0.693325,0.95925,National,8.408333333333333,6.949166666666667,National,0.175,National,1626352,National,5,4.575,4.525,National,6112.627378546298,5371.398066846321,9437.292811961974,3360.6270342091475,National,132805.2262968785,148064.9571131821,162336.8434126806,116389.27608728198,National,20,746388,5.2,37136,1261676,1.9,23735,1035028,3.2,32301,1045523,3.5,35502,447158,1.4,5972,National,0.175,1626352,10.175,8.408333333333333,6.949166666666667,2.925,4.725,National,5.1875,654,546,615.5,14211.5,3913.5,443.5,1797300,412000,209900,2.9,6.425,1.4,124.575,142.95,131.525,7.91,9.5,2.1149999999999998,0.645575,0.68635,0.642925,0.678375,0.739025,0.786125,0.7361,0.776525,1.14265,1.03515,1.068225,1.111275
2024,Hauraki District,Other,0.57075,0.65345,0.844425,National,8.408333333333333,6.949166666666667,National,0.175,National,1626352,National,5,4.575,4.525,National,6112.627378546298,5371.398066846321,9437.292811961974,3360.6270342091475,National,132805.2262968785,148064.9571131821,162336.8434126806,116389.27608728198,National,20,746388,5.2,37136,1261676,1.9,23735,1035028,3.2,32301,1045523,3.5,35502,447158,1.4,5972,National,0.175,1626352,10.175,8.408333333333333,6.949166666666667,2.925,4.725,National,5.1875,654,546,615.5,14211.5,3913.5,443.5,1797300,412000,209900,2.9,6.425,1.4,124.575,142.95,131.525,7.91,9.5,2.1149999999999998,0.645575,0.68635,0.642925,0.678375,0.739025,0.786125,0.7361,0.776525,1.14265,1.03515,1.068225,1.111275
2024,Hawke's Bay,Other,0.623025,0.713025,0.927175,National,8.408333333333333,6.949166666666667,National,0.175,National,1626352,National,5,4.575,4.525,National,6112.627378546298,5371.398066846321,9437.292811961974,3360.6270342091475,National,132805.2262968785,148064.9571131821,162336.8434126806,116389.27608728198,National,20,746388,5.2,37136,1261676,1.9,23735,1035028,3.2,32301,1045523,3.5,35502,447158,1.4,5972,National,0.175,1626352,10.175,8.408333333333333,6.949166666666667,2.925,4.725,National,5.1875,654,546,615.5,14211.5,3913.5,443.5,1797300,412000,209900,2.9,6.425,1.4,124.575,142.95,131.525,7.91,9.5,2.1149999999999998,0.645575,0.68635,0.642925,0.678375,0.739025,0.786125,0.7361,0.776525,1.14265,1.03515,1.068225,1.111275
2024,Horowhenua District,Other,0.5569500000000001,0.6376,0.7785,National,8.408333333333333,6.949166666666667,National,0.175,National,1626352,National,5,4.575,4.525,National,6112.627378546298,5371.398066846321,9437.292811961974,3360.6270342091475,National,132805.2262968785,148064.9571131821,162336.8434126806,116389.27608728198,National,20,746388,5.2,37136,1261676,1.9,23735,1035028,3.2,32301,1045523,3.5,35502,447158,1.4,5972,National,0.175,1626352,10.175,8.408333333333333,6.949166666666667,2.925,4.725,National,5.1875,654,546,615.5,14211.5,3913.5,443.5,1797300,412000,209900,2.9,6.425,1.4,124.575,142.95,131.525,7.91,9.5,2.1149999999999998,0.645575,0.68635,0.642925,0.678375,0.739025,0.786125,0.7361,0.776525,1.14265,1.03515,1.068225,1.111275
2024,Hurunui District,Canterbury Rural,0.6407,0.73425,0.978125,National,8.408333333333333,6.949166666666667,National,0.175,National,1626352,National,5,4.575,4.525,National,6112.627378546298,5371.398066846321,9437.292811961974,3360.6270342091475,National,132805.2262968785,148064.9571131821,162336.8434126806,116389.27608728198,National,20,746388,5.2,37136,1261676,1.9,23735,1035028,3.2,32301,1045523,3.5,35502,447158,1.4,5972,National,0.175,1626352,10.175,8.408333333333333,6.949166666666667,2.925,4.725,National,5.1875,654,546,615.5,14211.5,3913.5,443.5,1797300,412000,209900,2.9,6.425,1.4,124.575,142.95,131.525,7.91,9.5,2.1149999999999998,0.645575,0.68635,0.642925,0.678375,0.739025,0.786125,0.7361,0.776525,1.14265,1.03515,1.068225,1.111275
2024,Hutt City,Wellington Urban,0.709325,0.8115,1.01245,National,8.408333333333333,6.949166666666667,National,0.175,National,1626352,National,5,4.575,4.525,National,6112.627378546298,5371.398066846321,9437.292811961974,3360.6270342091475,National,132805.2262968785,148064.9571131821,162336.8434126806,116389.27608728198,National,20,746388,5.2,37136,1261676,1.9,23735,1035028,3.2,32301,1045523,3.5,35502,447158,1.4,5972,National,0.175,1626352,10.175,8.408333333333333,6.949166666666667,2.925,4.725,National,5.1875,654,546,615.5,14211.5,3913.5,443.5,1797300,412000,209900,2.9,6.425,1.4,124.575,142.95,131.525,7.91,9.5,2.1149999999999998,0.645575,0.68635,0.642925,0.678375,0.739025,0.786125,0.7361,0.776525,1.14265,1.03515,1.068225,1.111275
2024,Invercargill City,Other,0.617775,0.708,0.85505,National,8.408333333333333,6.949166666666667,National,0.175,National,1626352,National,5,4.575,4.525,National,6112.627378546298,5371.398066846321,9437.292811961974,3360.6270342091475,National,132805.2262968785,148064.9571131821,162336.8434126806,116389.27608728198,National,20,746388,5.2,37136,1261676,1.9,23735,1035028,3.2,32301,1045523,3.5,35502,447158,1.4,5972,National,0.175,1626352,10.175,8.408333333333333,6.949166666666667,2.925,4.725,National,5.1875,654,546,615.5,14211.5,3913.5,443.5,1797300,412000,209900,2.9,6.425,1.4,124.575,142.95,131.525,7.91,9.5,2.1149999999999998,0.645575,0.68635,0.642925,0.678375,0.739025,0.786125,0.7361,0.776525,1.14265,1.03515,1.068225,1.111275
2024,Kaikoura District,Other,0.5694,0.650725,0.9667250000000001,National,8.408333333333333,6.949166666666667,National,0.175,National,1626352,National,5,4.575,4.525,National,6112.627378546298,5371.398066846321,9437.292811961974,3360.6270342091475,National,132805.2262968785,148064.9571131821,162336.8434126806,116389.27608728198,National,20,746388,5.2,37136,1261676,1.9,23735,1035028,3.2,32301,1045523,3.5,35502,447158,1.4,5972,National,0.175,1626352,10.175,8.408333333333333,6.949166666666667,2.925,4.725,National,5.1875,654,546,615.5,14211.5,3913.5,443.5,1797300,412000,209900,2.9,6.425,1.4,124.575,142.95,131.525,7.91,9.5,2.1149999999999998,0.645575,0.68635,0.642925,0.678375,0.739025,0.786125,0.7361,0.776525,1.14265,1.03515,1.068225,1.111275
2024,Kaipara District,Other,0.520375,0.59565,0.8593500000000001,National,8.408333333333333,6.949166666666667,National,0.175,National,1626352,National,5,4.575,4.525,National,6112.627378546298,5371.398066846321,9437.292811961974,3360.6270342091475,National,132805.2262968785,148064.9571131821,162336.8434126806,116389.27608728198,National,20,746388,5.2,37136,1261676,1.9,23735,1035028,3.2,32301,1045523,3.5,35502,447158,1.4,5972,National,0.175,1626352,10.175,8.408333333333333,6.949166666666667,2.925,4.725,National,5.1875,654,546,615.5,14211.5,3913.5,443.5,1797300,412000,209900,2.9,6.425,1.4,124.575,142.95,131.525,7.91,9.5,2.1149999999999998,0.645575,0.68635,0.642925,0.678375,0.739025,0.786125,0.7361,0.776525,1.14265,1.03515,1.068225,1.111275
2024,Kapiti Coast District,Wellington Rural,0.663,0.7588,0.968975,National,8.408333333333333,6.949166666666667,National,0.175,National,1626352,National,5,4.575,4.525,National,6112.627378546298,5371.398066846321,9437.292811961974,3360.6270342091475,National,132805.2262968785,148064.9571131821,162336.8434126806,116389.27608728198,National,20,746388,5.2,37136,1261676,1.9,23735,1035028,3.2,32301,1045523,3.5,35502,447158,1.4,5972,National,0.175,1626352,10.175,8.408333333333333,6.949166666666667,2.925,4.725,National,5.1875,654,546,615.5,14211.5,3913.5,443.5,1797300,412000,209900,2.9,6.425,1.4,124.575,142.95,131.525,7.91,9.5,2.1149999999999998,0.645575,0.68635,0.642925,0.678375,0.739025,0.786125,0.7361,0.776525,1.14265,1.03515,1.068225,1.111275
2024,Kawerau District,Other,0.45805,0.525175,0.71785,National,8.408333333333333,6.949166666666667,National,0.175,National,1626352,National,5,4.575,4.525,National,6112.627378546298,5371.398066846321,9437.292811961974,3360.6270342091475,National,132805.2262968785,148064.9571131821,162336.8434126806,116389.27608728198,National,20,746388,5.2,37136,1261676,1.9,23735,1035028,3.2,32301,1045523,3.5,35502,447158,1.4,5972,National,0.175,1626352,10.175,8.408333333333333,6.949166666666667,2.925,4.725,National,5.1875,654,546,615.5,14211.5,3913.5,443.5,1797300,412000,209900,2.9,6.425,1.4,124.575,142.95,131.525,7.91,9.5,2.1149999999999998,0.645575,0.68635,0.642925,0.678375,0.739025,0.786125,0.7361,0.776525,1.14265,1.03515,1.068225,1.111275
2024,MacKenzie District,Canterbury Rural,0.5085500000000001,0.583225,1.13805,National,8.408333333333333,6.949166666666667,National,0.175,National,1626352,National,5,4.575,4.525,National,6112.627378546298,5371.398066846321,9437.292811961974,3360.6270342091475,National,132805.2262968785,148064.9571131821,162336.8434126806,116389.27608728198,National,20,746388,5.2,37136,1261676,1.9,23735,1035028,3.2,32301,1045523,3.5,35502,447158,1.4,5972,National,0.175,1626352,10.175,8.408333333333333,6.949166666666667,2.925,4.725,National,5.1875,654,546,615.5,14211.5,3913.5,443.5,1797300,412000,209900,2.9,6.425,1.4,124.575,142.95,131.525,7.91,9.5,2.1149999999999998,0.645575,0.68635,0.642925,0.678375,0.739025,0.786125,0.7361,0.776525,1.14265,1.03515,1.068225,1.111275
2024,Manawatu District,Other,0.589525,0.674825,0.85785,National,8.408333333333333,6.949166666666667,National,0.175,National,1626352,National,5,4.575,4.525,National,6112.627378546298,5371.398066846321,9437.292811961974,3360.6270342091475,National,132805.2262968785,148064.9571131821,162336.8434126806,116389.27608728198,National,20,746388,5.2,37136,1261676,1.9,23735,1035028,3.2,32301,1045523,3.5,35502,447158,1.4,5972,National,0.175,1626352,10.175,8.408333333333333,6.949166666666667,2.925,4.725,National,5.1875,654,546,615.5,14211.5,3913.5,443.5,1797300,412000,209900,2.9,6.425,1.4,124.575,142.95,131.525,7.91,9.5,2.1149999999999998,0.645575,0.68635,0.642925,0.678375,0.739025,0.786125,0.7361,0.776525,1.14265,1.03515,1.068225,1.111275
2024,Manawatu-Wanganui,Other,0.588475,0.67365,0.868,National,8.408333333333333,6.949166666666667,National,0.175,National,1626352,National,5,4.575,4.525,National,6112.627378546298,5371.398066846321,9437.292811961974,3360.6270342091475,National,132805.2262968785,148064.9571131821,162336.8434126806,116389.27608728198,National,20,746388,5.2,37136,1261676,1.9,23735,1035028,3.2,32301,1045523,3.5,35502,447158,1.4,5972,National,0.175,1626352,10.175,8.408333333333333,6.949166666666667,2.925,4.725,National,5.1875,654,546,615.5,14211.5,3913.5,443.5,1797300,412000,209900,2.9,6.425,1.4,124.575,142.95,131.525,7.91,9.5,2.1149999999999998,0.645575,0.68635,0.642925,0.678375,0.739025,0.786125,0.7361,0.776525,1.14265,1.03515,1.068225,1.111275
2024,Marlborough,Other,0.685775,0.78495,0.8977,National,8.408333333333333,6.949166666666667,National,0.175,National,1626352,National,5,4.575,4.525,National,6112.627378546298,5371.398066846321,9437.292811961974,3360.6270342091475,National,132805.2262968785,148064.9571131821,162336.8434126806,116389.27608728198,National,20,746388,5.2,37136,1261676,1.9,23735,1035028,3.2,32301,1045523,3.5,35502,447158,1.4,5972,National,0.175,1626352,10.175,8.408333333333333,6.949166666666667,2.925,4.725,National,5.1875,654,546,615.5,14211.5,3913.5,443.5,1797300,412000,209900,2.9,6.425,1.4,124.575,142.95,131.525,7.91,9.5,2.1149999999999998,0.645575,0.68635,0.642925,0.678375,0.739025,0.786125,0.7361,0.776525,1.14265,1.03515,1.068225,1.111275
2024,Marlborough District,Other,0.685775,0.78495,0.8977,National,8.408333333333333,6.949166666666667,National,0.175,National,1626352,National,5,4.575,4.525,National,6112.627378546298,5371.398066846321,9437.292811961974,3360.6270342091475,National,132805.2262968785,148064.9571131821,162336.8434126806,116389.27608728198,National,20,746388,5.2,37136,1261676,1.9,23735,1035028,3.2,32301,1045523,3.5,35502,447158,1.4,5972,National,0.175,1626352,10.175,8.408333333333333,6.949166666666667,2.925,4.725,National,5.1875,654,546,615.5,14211.5,3913.5,443.5,1797300,412000,209900,2.9,6.425,1.4,124.575,142.95,131.525,7.91,9.5,2.1149999999999998,0.645575,0.68635,0.642925,0.678375,0.739025,0.786125,0.7361,0.776525,1.14265,1.03515,1.068225,1.111275
2024,Masterton District,Wellington Rural,0.6375,0.7297,0.857075,National,8.408333333333333,6.949166666666667,National,0.175,National,1626352,National,5,4.575,4.525,National,6112.627378546298,5371.398066846321,9437.292811961974,3360.6270342091475,National,132805.2262968785,148064.9571131821,162336.8434126806,116389.27608728198,National,20,746388,5.2,37136,1261676,1.9,23735,1035028,3.2,32301,1045523,3.5,35502,447158,1.4,5972,National,0.175,1626352,10.175,8.408333333333333,6.949166666666667,2.925,4.725,National,5.1875,654,546,615.5,14211.5,3913.5,443.5,1797300,412000,209900,2.9,6.425,1.4,124.575,142.95,131.525,7.91,9.5,2.1149999999999998,0.645575,0.68635,0.642925,0.678375,0.739025,0.786125,0.7361,0.776525,1.14265,1.03515,1.068225,1.111275
2024,Matamata Piako District,Other,0.51935,0.594425,0.81865,National,8.408333333333333,6.949166666666667,National,0.175,National,1626352,National,5,4.575,4.525,National,6112.627378546298,5371.398066846321,9437.292811961974,3360.6270342091475,National,132805.2262968785,148064.9571131821,162336.8434126806,116389.27608728198,National,20,746388,5.2,37136,1261676,1.9,23735,1035028,3.2,32301,1045523,3.5,35502,447158,1.4,5972,National,0.175,1626352,10.175,8.408333333333333,6.949166666666667,2.925,4.725,National,5.1875,654,546,615.5,14211.5,3913.5,443.5,1797300,412000,209900,2.9,6.425,1.4,124.575,142.95,131.525,7.91,9.5,2.1149999999999998,0.645575,0.68635,0.642925,0.678375,0.739025,0.786125,0.7361,0.776525,1.14265,1.03515,1.068225,1.111275
2024,Napier City,Other,0.650975,0.745375,0.9315249999999999,National,8.408333333333333,6.949166666666667,National,0.175,National,1626352,National,5,4.575,4.525,National,6112.627378546298,5371.398066846321,9437.292811961974,3360.6270342091475,National,132805.2262968785,148064.9571131821,162336.8434126806,116389.27608728198,National,20,746388,5.2,37136,1261676,1.9,23735,1035028,3.2,32301,1045523,3.5,35502,447158,1.4,5972,National,0.175,1626352,10.175,8.408333333333333,6.949166666666667,2.925,4.725,National,5.1875,654,546,615.5,14211.5,3913.5,443.5,1797300,412000,209900,2.9,6.425,1.4,124.575,142.95,131.525,7.91,9.5,2.1149999999999998,0.645575,0.68635,0.642925,0.678375,0.739025,0.786125,0.7361,0.776525,1.14265,1.03515,1.068225,1.111275
2024,Nelson,Other,0.7173,0.82175,1.07625,National,8.408333333333333,6.949166666666667,National,0.175,National,1626352,National,5,4.575,4.525,National,6112.627378546298,5371.398066846321,9437.292811961974,3360.6270342091475,National,132805.2262968785,148064.9571131821,162336.8434126806,116389.27608728198,National,20,746388,5.2,37136,1261676,1.9,23735,1035028,3.2,32301,1045523,3.5,35502,447158,1.4,5972,National,0.175,1626352,10.175,8.408333333333333,6.949166666666667,2.925,4.725,National,5.1875,654,546,615.5,14211.5,3913.5,443.5,1797300,412000,209900,2.9,6.425,1.4,124.575,142.95,131.525,7.91,9.5,2.1149999999999998,0.645575,0.68635,0.642925,0.678375,0.739025,0.786125,0.7361,0.776525,1.14265,1.03515,1.068225,1.111275
2024,Nelson City,Other,0.7173,0.82175,1.0766,National,8.408333333333333,6.949166666666667,National,0.175,National,1626352,National,5,4.575,4.525,National,6112.627378546298,5371.398066846321,9437.292811961974,3360.6270342091475,National,132805.2262968785,148064.9571131821,162336.8434126806,116389.27608728198,National,20,746388,5.2,37136,1261676,1.9,23735,1035028,3.2,32301,1045523,3.5,35502,447158,1.4,5972,National,0.175,1626352,10.175,8.408333333333333,6.949166666666667,2.925,4.725,National,5.1875,654,546,615.5,14211.5,3913.5,443.5,1797300,412000,209900,2.9,6.425,1.4,124.575,142.95,131.525,7.91,9.5,2.1149999999999998,0.645575,0.68635,0.642925,0.678375,0.739025,0.786125,0.7361,0.776525,1.14265,1.03515,1.068225,1.111275
2024,New Plymouth District,Other,0.633675,0.7258249999999999,0.943325,National,8.408333333333333,6.949166666666667,National,0.175,National,1626352,National,5,4.575,4.525,National,6112.627378546298,5371.398066846321,9437.292811961974,3360.6270342091475,National,132805.2262968785,148064.9571131821,162336.8434126806,116389.27608728198,National,20,746388,5.2,37136,1261676,1.9,23735,1035028,3.2,32301,1045523,3.5,35502,447158,1.4,5972,National,0.175,1626352,10.175,8.408333333333333,6.949166666666667,2.925,4.725,National,5.1875,654,546,615.5,14211.5,3913.5,443.5,1797300,412000,209900,2.9,6.425,1.4,124.575,142.95,131.525,7.91,9.5,2.1149999999999998,0.645575,0.68635,0.642925,0.678375,0.739025,0.786125,0.7361,0.776525,1.14265,1.03515,1.068225,1.111275
2024,New Zealand,Other,0.642925,0.7361,1.068225,National,8.408333333333333,6.949166666666667,National,0.175,National,1626352,National,5,4.575,4.525,National,6112.627378546298,5371.398066846321,9437.292811961974,3360.6270342091475,National,132805.2262968785,148064.9571131821,162336.8434126806,116389.27608728198,National,20,746388,5.2,37136,1261676,1.9,23735,1035028,3.2,32301,1045523,3.5,35502,447158,1.4,5972,National,0.175,1626352,10.175,8.408333333333333,6.949166666666667,2.925,4.725,National,5.1875,654,546,615.5,14211.5,3913.5,443.5,1797300,412000,209900,2.9,6.425,1.4,124.575,142.95,131.525,7.91,9.5,2.1149999999999998,0.645575,0.68635,0.642925,0.678375,0.739025,0.786125,0.7361,0.776525,1.14265,1.03515,1.068225,1.111275
2024,Northland,Other,0.65005,0.7441,0.9076500000000001,National,8.408333333333333,6.949166666666667,National,0.175,National,1626352,National,5,4.575,4.525,National,6112.627378546298,5371.398066846321,9437.292811961974,3360.6270342091475,National,132805.2262968785,148064.9571131821,162336.8434126806,116389.27608728198,National,20,746388,5.2,37136,1261676,1.9,23735,1035028,3.2,32301,1045523,3.5,35502,447158,1.4,5972,National,0.175,1626352,10.175,8.408333333333333,6.949166666666667,2.925,4.725,National,5.1875,654,546,615.5,14211.5,3913.5,443.5,1797300,412000,209900,2.9,6.425,1.4,124.575,142.95,131.525,7.91,9.5,2.1149999999999998,0.645575,0.68635,0.642925,0.678375,0.739025,0.786125,0.7361,0.776525,1.14265,1.03515,1.068225,1.111275
2024,Opotiki District,Other,0.633,0.7267750000000001,0.7707,National,8.408333333333333,6.949166666666667,National,0.175,National,1626352,National,5,4.575,4.525,National,6112.627378546298,5371.398066846321,9437.292811961974,3360.6270342091475,National,132805.2262968785,148064.9571131821,162336.8434126806,116389.27608728198,National,20,746388,5.2,37136,1261676,1.9,23735,1035028,3.2,32301,1045523,3.5,35502,447158,1.4,5972,National,0.175,1626352,10.175,8.408333333333333,6.949166666666667,2.925,4.725,National,5.1875,654,546,615.5,14211.5,3913.5,443.5,1797300,412000,209900,2.9,6.425,1.4,124.575,142.95,131.525,7.91,9.5,2.1149999999999998,0.645575,0.68635,0.642925,0.678375,0.739025,0.786125,0.7361,0.776525,1.14265,1.03515,1.068225,1.111275
2024,Otago,Other,0.5156499999999999,0.59055,1.0055,National,8.408333333333333,6.949166666666667,National,0.175,National,1626352,National,5,4.575,4.525,National,6112.627378546298,5371.398066846321,9437.292811961974,3360.6270342091475,National,132805.2262968785,148064.9571131821,162336.8434126806,116389.27608728198,National,20,746388,5.2,37136,1261676,1.9,23735,1035028,3.2,32301,1045523,3.5,35502,447158,1.4,5972,National,0.175,1626352,10.175,8.408333333333333,6.949166666666667,2.925,4.725,National,5.1875,654,546,615.5,14211.5,3913.5,443.5,1797300,412000,209900,2.9,6.425,1.4,124.575,142.95,131.525,7.91,9.5,2.1149999999999998,0.645575,0.68635,0.642925,0.678375,0.739025,0.786125,0.7361,0.776525,1.14265,1.03515,1.068225,1.111275
2024,Otorohanga District,Other,0.536,0.614,0.764075,National,8.408333333333333,6.949166666666667,National,0.175,National,1626352,National,5,4.575,4.525,National,6112.627378546298,5371.398066846321,9437.292811961974,3360.6270342091475,National,132805.2262968785,148064.9571131821,162336.8434126806,116389.27608728198,National,20,746388,5.2,37136,1261676,1.9,23735,1035028,3.2,32301,1045523,3.5,35502,447158,1.4,5972,National,0.175,1626352,10.175,8.408333333333333,6.949166666666667,2.925,4.725,National,5.1875,654,546,615.5,14211.5,3913.5,443.5,1797300,412000,209900,2.9,6.425,1.4,124.575,142.95,131.525,7.91,9.5,2.1149999999999998,0.645575,0.68635,0.642925,0.678375,0.739025,0.786125,0.7361,0.776525,1.14265,1.03515,1.068225,1.111275
2024,Palmerston North City,Other,0.65405,0.7486999999999999,0.95115,National,8.408333333333333,6.949166666666667,National,0.175,National,1626352,National,5,4.575,4.525,National,6112.627378546298,5371.398066846321,9437.292811961974,3360.6270342091475,National,132805.2262968785,148064.9571131821,162336.8434126806,116389.27608728198,National,20,746388,5.2,37136,1261676,1.9,23735,1035028,3.2,32301,1045523,3.5,35502,447158,1.4,5972,National,0.175,1626352,10.175,8.408333333333333,6.949166666666667,2.925,4.725,National,5.1875,654,546,615.5,14211.5,3913.5,443.5,1797300,412000,209900,2.9,6.425,1.4,124.575,142.95,131.525,7.91,9.5,2.1149999999999998,0.645575,0.68635,0.642925,0.678375,0.739025,0.786125,0.7361,0.776525,1.14265,1.03515,1.068225,1.111275
2024,Porirua City,Wellington Urban,0.68125,0.7797000000000001,1.0297,National,8.408333333333333,6.949166666666667,National,0.175,National,1626352,National,5,4.575,4.525,National,6112.627378546298,5371.398066846321,9437.292811961974,3360.6270342091475,National,132805.2262968785,148064.9571131821,162336.8434126806,116389.27608728198,National,20,746388,5.2,37136,1261676,1.9,23735,1035028,3.2,32301,1045523,3.5,35502,447158,1.4,5972,National,0.175,1626352,10.175,8.408333333333333,6.949166666666667,2.925,4.725,National,5.1875,654,546,615.5,14211.5,3913.5,443.5,1797300,412000,209900,2.9,6.425,1.4,124.575,142.95,131.525,7.91,9.5,2.1149999999999998,0.645575,0.68635,0.642925,0.678375,0.739025,0.786125,0.7361,0.776525,1.14265,1.03515,1.068225,1.111275
2024,Queenstown Lakes District,Other,0.529525,0.6061,0.92975,National,8.408333333333333,6.949166666666667,National,0.175,National,1626352,National,5,4.575,4.525,National,6112.627378546298,5371.398066846321,9437.292811961974,3360.6270342091475,National,132805.2262968785,148064.9571131821,162336.8434126806,116389.27608728198,National,20,746388,5.2,37136,1261676,1.9,23735,1035028,3.2,32301,1045523,3.5,35502,447158,1.4,5972,National,0.175,1626352,10.175,8.408333333333333,6.949166666666667,2.925,4.725,National,5.1875,654,546,615.5,14211.5,3913.5,443.5,1797300,412000,209900,2.9,6.425,1.4,124.575,142.95,131.525,7.91,9.5,2.1149999999999998,0.645575,0.68635,0.642925,0.678375,0.739025,0.786125,0.7361,0.776525,1.14265,1.03515,1.068225,1.111275
2024,Rangitikei District,Other,0.5248,0.6005,0.705525,National,8.408333333333333,6.949166666666667,National,0.175,National,1626352,National,5,4.575,4.525,National,6112.627378546298,5371.398066846321,9437.292811961974,3360.6270342091475,National,132805.2262968785,148064.9571131821,162336.8434126806,116389.27608728198,National,20,746388,5.2,37136,1261676,1.9,23735,1035028,3.2,32301,1045523,3.5,35502,447158,1.4,5972,National,0.175,1626352,10.175,8.408333333333333,6.949166666666667,2.925,4.725,National,5.1875,654,546,615.5,14211.5,3913.5,443.5,1797300,412000,209900,2.9,6.425,1.4,124.575,142.95,131.525,7.91,9.5,2.1149999999999998,0.645575,0.68635,0.642925,0.678375,0.739025,0.786125,0.7361,0.776525,1.14265,1.03515,1.068225,1.111275
2024,Rotorua District,Other,0.609025,0.698125,0.81415,National,8.408333333333333,6.949166666666667,National,0.175,National,1626352,National,5,4.575,4.525,National,6112.627378546298,5371.398066846321,9437.292811961974,3360.6270342091475,National,132805.2262968785,148064.9571131821,162336.8434126806,116389.27608728198,National,20,746388,5.2,37136,1261676,1.9,23735,1035028,3.2,32301,1045523,3.5,35502,447158,1.4,5972,National,0.175,1626352,10.175,8.408333333333333,6.949166666666667,2.925,4.725,National,5.1875,654,546,615.5,14211.5,3913.5,443.5,1797300,412000,209900,2.9,6.425,1.4,124.575,142.95,131.525,7.91,9.5,2.1149999999999998,0.645575,0.68635,0.642925,0.678375,0.739025,0.786125,0.7361,0.776525,1.14265,1.03515,1.068225,1.111275
2024,Ruapehu District,Other,0.5862,0.6716,0.770725,National,8.408333333333333,6.949166666666667,National,0.175,National,1626352,National,5,4.575,4.525,National,6112.627378546298,5371.398066846321,9437.292811961974,3360.6270342091475,National,132805.2262968785,148064.9571131821,162336.8434126806,116389.27608728198,National,20,746388,5.2,37136,1261676,1.9,23735,1035028,3.2,32301,1045523,3.5,35502,447158,1.4,5972,National,0.175,1626352,10.175,8.408333333333333,6.949166666666667,2.925,4.725,National,5.1875,654,546,615.5,14211.5,3913.5,443.5,1797300,412000,209900,2.9,6.425,1.4,124.575,142.95,131.525,7.91,9.5,2.1149999999999998,0.645575,0.68635,0.642925,0.678375,0.739025,0.786125,0.7361,0.776525,1.14265,1.03515,1.068225,1.111275
2024,Selwyn District,Canterbury Rural,0.6964250000000001,0.797575,1.18355,National,8.408333333333333,6.949166666666667,National,0.175,National,1626352,National,5,4.575,4.525,National,6112.627378546298,5371.398066846321,9437.292811961974,3360.6270342091475,National,132805.2262968785,148064.9571131821,162336.8434126806,116389.27608728198,National,20,746388,5.2,37136,1261676,1.9,23735,1035028,3.2,32301,1045523,3.5,35502,447158,1.4,5972,National,0.175,1626352,10.175,8.408333333333333,6.949166666666667,2.925,4.725,National,5.1875,654,546,615.5,14211.5,3913.5,443.5,1797300,412000,209900,2.9,6.425,1.4,124.575,142.95,131.525,7.91,9.5,2.1149999999999998,0.645575,0.68635,0.642925,0.678375,0.739025,0.786125,0.7361,0.776525,1.14265,1.03515,1.068225,1.111275
2024,South Taranaki District,Other,0.5613,0.64245,0.760025,National,8.408333333333333,6.949166666666667,National,0.175,National,1626352,National,5,4.575,4.525,National,6112.627378546298,5371.398066846321,9437.292811961974,3360.6270342091475,National,132805.2262968785,148064.9571131821,162336.8434126806,116389.27608728198,National,20,746388,5.2,37136,1261676,1.9,23735,1035028,3.2,32301,1045523,3.5,35502,447158,1.4,5972,National,0.175,1626352,10.175,8.408333333333333,6.949166666666667,2.925,4.725,National,5.1875,654,546,615.5,14211.5,3913.5,443.5,1797300,412000,209900,2.9,6.425,1.4,124.575,142.95,131.525,7.91,9.5,2.1149999999999998,0.645575,0.68635,0.642925,0.678375,0.739025,0.786125,0.7361,0.776525,1.14265,1.03515,1.068225,1.111275
2024,South Waikato District,Other,0.471,0.540225,0.659725,National,8.408333333333333,6.949166666666667,National,0.175,National,1626352,National,5,4.575,4.525,National,6112.627378546298,5371.398066846321,9437.292811961974,3360.6270342091475,National,132805.2262968785,148064.9571131821,162336.8434126806,116389.27608728198,National,20,746388,5.2,37136,1261676,1.9,23735,1035028,3.2,32301,1045523,3.5,35502,447158,1.4,5972,National,0.175,1626352,10.175,8.408333333333333,6.949166666666667,2.925,4.725,National,5.1875,654,546,615.5,14211.5,3913.5,443.5,1797300,412000,209900,2.9,6.425,1.4,124.575,142.95,131.525,7.91,9.5,2.1149999999999998,0.645575,0.68635,0.642925,0.678375,0.739025,0.786125,0.7361,0.776525,1.14265,1.03515,1.068225,1.111275
2024,South Wairarapa District,Wellington Rural,0.61875,0.708,0.919775,National,8.408333333333333,6.949166666666667,National,0.175,National,1626352,National,5,4.575,4.525,National,6112.627378546298,5371.398066846321,9437.292811961974,3360.6270342091475,National,132805.2262968785,148064.9571131821,162336.8434126806,116389.27608728198,National,20,746388,5.2,37136,1261676,1.9,23735,1035028,3.2,32301,1045523,3.5,35502,447158,1.4,5972,National,0.175,1626352,10.175,8.408333333333333,6.949166666666667,2.925,4.725,National,5.1875,654,546,615.5,14211.5,3913.5,443.5,1797300,412000,209900,2.9,6.425,1.4,124.575,142.95,131.525,7.91,9.5,2.1149999999999998,0.645575,0.68635,0.642925,0.678375,0.739025,0.786125,0.7361,0.776525,1.14265,1.03515,1.068225,1.111275
2024,Southland,Other,0.59415,0.680875,0.8216,National,8.408333333333333,6.949166666666667,National,0.175,National,1626352,National,5,4.575,4.525,National,6112.627378546298,5371.398066846321,9437.292811961974,3360.6270342091475,National,132805.2262968785,148064.9571131821,162336.8434126806,116389.27608728198,National,20,746388,5.2,37136,1261676,1.9,23735,1035028,3.2,32301,1045523,3.5,35502,447158,1.4,5972,National,0.175,1626352,10.175,8.408333333333333,6.949166666666667,2.925,4.725,National,5.1875,654,546,615.5,14211.5,3913.5,443.5,1797300,412000,209900,2.9,6.425,1.4,124.575,142.95,131.525,7.91,9.5,2.1149999999999998,0.645575,0.68635,0.642925,0.678375,0.739025,0.786125,0.7361,0.776525,1.14265,1.03515,1.068225,1.111275
2024,Southland District,Other,0.5486,0.62885,0.86535,National,8.408333333333333,6.949166666666667,National,0.175,National,1626352,National,5,4.575,4.525,National,6112.627378546298,5371.398066846321,9437.292811961974,3360.6270342091475,National,132805.2262968785,148064.9571131821,162336.8434126806,116389.27608728198,National,20,746388,5.2,37136,1261676,1.9,23735,1035028,3.2,32301,1045523,3.5,35502,447158,1.4,5972,National,0.175,1626352,10.175,8.408333333333333,6.949166666666667,2.925,4.725,National,5.1875,654,546,615.5,14211.5,3913.5,443.5,1797300,412000,209900,2.9,6.425,1.4,124.575,142.95,131.525,7.91,9.5,2.1149999999999998,0.645575,0.68635,0.642925,0.678375,0.739025,0.786125,0.7361,0.776525,1.14265,1.03515,1.068225,1.111275
2024,Stratford District,Other,0.55915,0.6412,0.697825,National,8.408333333333333,6.949166666666667,National,0.175,National,1626352,National,5,4.575,4.525,National,6112.627378546298,5371.398066846321,9437.292811961974,3360.6270342091475,National,132805.2262968785,148064.9571131821,162336.8434126806,116389.27608728198,National,20,746388,5.2,37136,1261676,1.9,23735,1035028,3.2,32301,1045523,3.5,35502,447158,1.4,5972,National,0.175,1626352,10.175,8.408333333333333,6.949166666666667,2.925,4.725,National,5.1875,654,546,615.5,14211.5,3913.5,443.5,1797300,412000,209900,2.9,6.425,1.4,124.575,142.95,131.525,7.91,9.5,2.1149999999999998,0.645575,0.68635,0.642925,0.678375,0.739025,0.786125,0.7361,0.776525,1.14265,1.03515,1.068225,1.111275
2024,Taranaki,Other,0.611125,0.699975,0.89525,National,8.408333333333333,6.949166666666667,National,0.175,National,1626352,National,5,4.575,4.525,National,6112.627378546298,5371.398066846321,9437.292811961974,3360.6270342091475,National,132805.2262968785,148064.9571131821,162336.8434126806,116389.27608728198,National,20,746388,5.2,37136,1261676,1.9,23735,1035028,3.2,32301,1045523,3.5,35502,447158,1.4,5972,National,0.175,1626352,10.175,8.408333333333333,6.949166666666667,2.925,4.725,National,5.1875,654,546,615.5,14211.5,3913.5,443.5,1797300,412000,209900,2.9,6.425,1.4,124.575,142.95,131.525,7.91,9.5,2.1149999999999998,0.645575,0.68635,0.642925,0.678375,0.739025,0.786125,0.7361,0.776525,1.14265,1.03515,1.068225,1.111275
2024,Tararua District,Other,0.513725,0.588375,0.69745,National,8.408333333333333,6.949166666666667,National,0.175,National,1626352,National,5,4.575,4.525,National,6112.627378546298,5371.398066846321,9437.292811961974,3360.6270342091475,National,132805.2262968785,148064.9571131821,162336.8434126806,116389.27608728198,National,20,746388,5.2,37136,1261676,1.9,23735,1035028,3.2,32301,1045523,3.5,35502,447158,1.4,5972,National,0.175,1626352,10.175,8.408333333333333,6.949166666666667,2.925,4.725,National,5.1875,654,546,615.5,14211.5,3913.5,443.5,1797300,412000,209900,2.9,6.425,1.4,124.575,142.95,131.525,7.91,9.5,2.1149999999999998,0.645575,0.68635,0.642925,0.678375,0.739025,0.786125,0.7361,0.776525,1.14265,1.03515,1.068225,1.111275
2024,Tasman,Other,0.694775,0.794775,1.076975,National,8.408333333333333,6.949166666666667,National,0.175,National,1626352,National,5,4.575,4.525,National,6112.627378546298,5371.398066846321,9437.292811961974,3360.6270342091475,National,132805.2262968785,148064.9571131821,162336.8434126806,116389.27608728198,National,20,746388,5.2,37136,1261676,1.9,23735,1035028,3.2,32301,1045523,3.5,35502,447158,1.4,5972,National,0.175,1626352,10.175,8.408333333333333,6.949166666666667,2.925,4.725,National,5.1875,654,546,615.5,14211.5,3913.5,443.5,1797300,412000,209900,2.9,6.425,1.4,124.575,142.95,131.525,7.91,9.5,2.1149999999999998,0.645575,0.68635,0.642925,0.678375,0.739025,0.786125,0.7361,0.776525,1.14265,1.03515,1.068225,1.111275
2024,Tasman District,Other,0.694775,0.794775,1.0766,National,8.408333333333333,6.949166666666667,National,0.175,National,1626352,National,5,4.575,4.525,National,6112.627378546298,5371.398066846321,9437.292811961974,3360.6270342091475,National,132805.2262968785,148064.9571131821,162336.8434126806,116389.27608728198,National,20,746388,5.2,37136,1261676,1.9,23735,1035028,3.2,32301,1045523,3.5,35502,447158,1.4,5972,National,0.175,1626352,10.175,8.408333333333333,6.949166666666667,2.925,4.725,National,5.1875,654,546,615.5,14211.5,3913.5,443.5,1797300,412000,209900,2.9,6.425,1.4,124.575,142.95,131.525,7.91,9.5,2.1149999999999998,0.645575,0.68635,0.642925,0.678375,0.739025,0.786125,0.7361,0.776525,1.14265,1.03515,1.068225,1.111275
2024,Taupo District,Other,0.606875,0.694475,0.83195,National,8.408333333333333,6.949166666666667,National,0.175,National,1626352,National,5,4.575,4.525,National,6112.627378546298,5371.398066846321,9437.292811961974,3360.6270342091475,National,132805.2262968785,148064.9571131821,162336.8434126806,116389.27608728198,National,20,746388,5.2,37136,1261676,1.9,23735,1035028,3.2,32301,1045523,3.5,35502,447158,1.4,5972,National,0.175,1626352,10.175,8.408333333333333,6.949166666666667,2.925,4.725,National,5.1875,654,546,615.5,14211.5,3913.5,443.5,1797300,412000,209900,2.9,6.425,1.4,124.575,142.95,131.525,7.91,9.5,2.1149999999999998,0.645575,0.68635,0.642925,0.678375,0.739025,0.786125,0.7361,0.776525,1.14265,1.03515,1.068225,1.111275
2024,Tauranga City,Other,0.68585,0.78505,0.9799,National,8.408333333333333,6.949166666666667,National,0.175,National,1626352,National,5,4.575,4.525,National,6112.627378546298,5371.398066846321,9437.292811961974,3360.6270342091475,National,132805.2262968785,148064.9571131821,162336.8434126806,116389.27608728198,National,20,746388,5.2,37136,1261676,1.9,23735,1035028,3.2,32301,1045523,3.5,35502,447158,1.4,5972,National,0.175,1626352,10.175,8.408333333333333,6.949166666666667,2.925,4.725,National,5.1875,654,546,615.5,14211.5,3913.5,443.5,1797300,412000,209900,2.9,6.425,1.4,124.575,142.95,131.525,7.91,9.5,2.1149999999999998,0.645575,0.68635,0.642925,0.678375,0.739025,0.786125,0.7361,0.776525,1.14265,1.03515,1.068225,1.111275
2024,Thames Coromandel District,Other,0.57055,0.65375,0.822675,National,8.408333333333333,6.949166666666667,National,0.175,National,1626352,National,5,4.575,4.525,National,6112.627378546298,5371.398066846321,9437.292811961974,3360.6270342091475,National,132805.2262968785,148064.9571131821,162336.8434126806,116389.27608728198,National,20,746388,5.2,37136,1261676,1.9,23735,1035028,3.2,32301,1045523,3.5,35502,447158,1.4,5972,National,0.175,1626352,10.175,8.408333333333333,6.949166666666667,2.925,4.725,National,5.1875,654,546,615.5,14211.5,3913.5,443.5,1797300,412000,209900,2.9,6.425,1.4,124.575,142.95,131.525,7.91,9.5,2.1149999999999998,0.645575,0.68635,0.642925,0.678375,0.739025,0.786125,0.7361,0.776525,1.14265,1.03515,1.068225,1.111275
2024,Timaru District,Canterbury Rural,0.655275,0.750225,0.9089,National,8.408333333333333,6.949166666666667,National,0.175,National,1626352,National,5,4.575,4.525,National,6112.627378546298,5371.398066846321,9437.292811961974,3360.6270342091475,National,132805.2262968785,148064.9571131821,162336.8434126806,116389.27608728198,National,20,746388,5.2,37136,1261676,1.9,23735,1035028,3.2,32301,1045523,3.5,35502,447158,1.4,5972,National,0.175,1626352,10.175,8.408333333333333,6.949166666666667,2.925,4.725,National,5.1875,654,546,615.5,14211.5,3913.5,443.5,1797300,412000,209900,2.9,6.425,1.4,124.575,142.95,131.525,7.91,9.5,2.1149999999999998,0.645575,0.68635,0.642925,0.678375,0.739025,0.786125,0.7361,0.776525,1.14265,1.03515,1.068225,1.111275
2024,Upper Hutt City,Wellington Urban,0.6917,0.7913250000000001,0.953925,National,8.408333333333333,6.949166666666667,National,0.175,National,1626352,National,5,4.575,4.525,National,6112.627378546298,5371.398066846321,9437.292811961974,3360.6270342091475,National,132805.2262968785,148064.9571131821,162336.8434126806,116389.27608728198,National,20,746388,5.2,37136,1261676,1.9,23735,1035028,3.2,32301,1045523,3.5,35502,447158,1.4,5972,National,0.175,1626352,10.175,8.408333333333333,6.949166666666667,2.925,4.725,National,5.1875,654,546,615.5,14211.5,3913.5,443.5,1797300,412000,209900,2.9,6.425,1.4,124.575,142.95,131.525,7.91,9.5,2.1149999999999998,0.645575,0.68635,0.642925,0.678375,0.739025,0.786125,0.7361,0.776525,1.14265,1.03515,1.068225,1.111275
2024,Waikato,Other,0.594775,0.68115,0.965975,National,8.408333333333333,6.949166666666667,National,0.175,National,1626352,National,5,4.575,4.525,National,6112.627378546298,5371.398066846321,9437.292811961974,3360.6270342091475,National,132805.2262968785,148064.9571131821,162336.8434126806,116389.27608728198,National,20,746388,5.2,37136,1261676,1.9,23735,1035028,3.2,32301,1045523,3.5,35502,447158,1.4,5972,National,0.175,1626352,10.175,8.408333333333333,6.949166666666667,2.925,4.725,National,5.1875,654,546,615.5,14211.5,3913.5,443.5,1797300,412000,209900,2.9,6.425,1.4,124.575,142.95,131.525,7.91,9.5,2.1149999999999998,0.645575,0.68635,0.642925,0.678375,0.739025,0.786125,0.7361,0.776525,1.14265,1.03515,1.068225,1.111275
2024,Waikato District,Other,0.5343249999999999,0.61205,0.9626,National,8.408333333333333,6.949166666666667,National,0.175,National,1626352,National,5,4.575,4.525,National,6112.627378546298,5371.398066846321,9437.292811961974,3360.6270342091475,National,132805.2262968785,148064.9571131821,162336.8434126806,116389.27608728198,National,20,746388,5.2,37136,1261676,1.9,23735,1035028,3.2,32301,1045523,3.5,35502,447158,1.4,5972,National,0.175,1626352,10.175,8.408333333333333,6.949166666666667,2.925,4.725,National,5.1875,654,546,615.5,14211.5,3913.5,443.5,1797300,412000,209900,2.9,6.425,1.4,124.575,142.95,131.525,7.91,9.5,2.1149999999999998,0.645575,0.68635,0.642925,0.678375,0.739025,0.786125,0.7361,0.776525,1.14265,1.03515,1.068225,1.111275
2024,Waimakariri District,Canterbury Rural,0.6379250000000001,0.7306,1.03295,National,8.408333333333333,6.949166666666667,National,0.175,National,1626352,National,5,4.575,4.525,National,6112.627378546298,5371.398066846321,9437.292811961974,3360.6270342091475,National,132805.2262968785,148064.9571131821,162336.8434126806,116389.27608728198,National,20,746388,5.2,37136,1261676,1.9,23735,1035028,3.2,32301,1045523,3.5,35502,447158,1.4,5972,National,0.175,1626352,10.175,8.408333333333333,6.949166666666667,2.925,4.725,National,5.1875,654,546,615.5,14211.5,3913.5,443.5,1797300,412000,209900,2.9,6.425,1.4,124.575,142.95,131.525,7.91,9.5,2.1149999999999998,0.645575,0.68635,0.642925,0.678375,0.739025,0.786125,0.7361,0.776525,1.14265,1.03515,1.068225,1.111275
2024,Waimate District,Canterbury Rural,0.5459,0.625675,0.760975,National,8.408333333333333,6.949166666666667,National,0.175,National,1626352,National,5,4.575,4.525,National,6112.627378546298,5371.398066846321,9437.292811961974,3360.6270342091475,National,132805.2262968785,148064.9571131821,162336.8434126806,116389.27608728198,National,20,746388,5.2,37136,1261676,1.9,23735,1035028,3.2,32301,1045523,3.5,35502,447158,1.4,5972,National,0.175,1626352,10.175,8.408333333333333,6.949166666666667,2.925,4.725,National,5.1875,654,546,615.5,14211.5,3913.5,443.5,1797300,412000,209900,2.9,6.425,1.4,124.575,142.95,131.525,7.91,9.5,2.1149999999999998,0.645575,0.68635,0.642925,0.678375,0.739025,0.786125,0.7361,0.776525,1.14265,1.03515,1.068225,1.111275
2024,Waipa District,Other,0.51615,0.5909,0.930175,National,8.408333333333333,6.949166666666667,National,0.175,National,1626352,National,5,4.575,4.525,National,6112.627378546298,5371.398066846321,9437.292811961974,3360.6270342091475,National,132805.2262968785,148064.9571131821,162336.8434126806,116389.27608728198,National,20,746388,5.2,37136,1261676,1.9,23735,1035028,3.2,32301,1045523,3.5,35502,447158,1.4,5972,National,0.175,1626352,10.175,8.408333333333333,6.949166666666667,2.925,4.725,National,5.1875,654,546,615.5,14211.5,3913.5,443.5,1797300,412000,209900,2.9,6.425,1.4,124.575,142.95,131.525,7.91,9.5,2.1149999999999998,0.645575,0.68635,0.642925,0.678375,0.739025,0.786125,0.7361,0.776525,1.14265,1.03515,1.068225,1.111275
2024,Wairoa District,Other,0.593125,0.67845,0.6980999999999999,National,8.408333333333333,6.949166666666667,National,0.175,National,1626352,National,5,4.575,4.525,National,6112.627378546298,5371.398066846321,9437.292811961974,3360.6270342091475,National,132805.2262968785,148064.9571131821,162336.8434126806,116389.27608728198,National,20,746388,5.2,37136,1261676,1.9,23735,1035028,3.2,32301,1045523,3.5,35502,447158,1.4,5972,National,0.175,1626352,10.175,8.408333333333333,6.949166666666667,2.925,4.725,National,5.1875,654,546,615.5,14211.5,3913.5,443.5,1797300,412000,209900,2.9,6.425,1.4,124.575,142.95,131.525,7.91,9.5,2.1149999999999998,0.645575,0.68635,0.642925,0.678375,0.739025,0.786125,0.7361,0.776525,1.14265,1.03515,1.068225,1.111275
2024,Waitaki District,Other,0.598425,0.685575,0.896825,National,8.408333333333333,6.949166666666667,National,0.175,National,1626352,National,5,4.575,4.525,National,6112.627378546298,5371.398066846321,9437.292811961974,3360.6270342091475,National,132805.2262968785,148064.9571131821,162336.8434126806,116389.27608728198,National,20,746388,5.2,37136,1261676,1.9,23735,1035028,3.2,32301,1045523,3.5,35502,447158,1.4,5972,National,0.175,1626352,10.175,8.408333333333333,6.949166666666667,2.925,4.725,National,5.1875,654,546,615.5,14211.5,3913.5,443.5,1797300,412000,209900,2.9,6.425,1.4,124.575,142.95,131.525,7.91,9.5,2.1149999999999998,0.645575,0.68635,0.642925,0.678375,0.739025,0.786125,0.7361,0.776525,1.14265,1.03515,1.068225,1.111275
2024,Waitomo District,Other,0.5147999999999999,0.58895,0.783,National,8.408333333333333,6.949166666666667,National,0.175,National,1626352,National,5,4.575,4.525,National,6112.627378546298,5371.398066846321,9437.292811961974,3360.6270342091475,National,132805.2262968785,148064.9571131821,162336.8434126806,116389.27608728198,National,20,746388,5.2,37136,1261676,1.9,23735,1035028,3.2,32301,1045523,3.5,35502,447158,1.4,5972,National,0.175,1626352,10.175,8.408333333333333,6.949166666666667,2.925,4.725,National,5.1875,654,546,615.5,14211.5,3913.5,443.5,1797300,412000,209900,2.9,6.425,1.4,124.575,142.95,131.525,7.91,9.5,2.1149999999999998,0.645575,0.68635,0.642925,0.678375,0.739025,0.786125,0.7361,0.776525,1.14265,1.03515,1.068225,1.111275
2024,Wellington,Wellington Rural,0.678375,0.776525,1.111275,National,8.408333333333333,6.949166666666667,National,0.175,National,1626352,National,5,4.575,4.525,National,6112.627378546298,5371.398066846321,9437.292811961974,3360.6270342091475,National,132805.2262968785,148064.9571131821,162336.8434126806,116389.27608728198,National,20,746388,5.2,37136,1261676,1.9,23735,1035028,3.2,32301,1045523,3.5,35502,447158,1.4,5972,National,0.175,1626352,10.175,8.408333333333333,6.949166666666667,2.925,4.725,National,5.1875,654,546,615.5,14211.5,3913.5,443.5,1797300,412000,209900,2.9,6.425,1.4,124.575,142.95,131.525,7.91,9.5,2.1149999999999998,0.645575,0.68635,0.642925,0.678375,0.739025,0.786125,0.7361,0.776525,1.14265,1.03515,1.068225,1.111275
2024,Wellington City,Wellington Urban,0.69985,0.800975,1.124625,National,8.408333333333333,6.949166666666667,National,0.175,National,1626352,National,5,4.575,4.525,National,6112.627378546298,5371.398066846321,9437.292811961974,3360.6270342091475,National,132805.2262968785,148064.9571131821,162336.8434126806,116389.27608728198,National,20,746388,5.2,37136,1261676,1.9,23735,1035028,3.2,32301,1045523,3.5,35502,447158,1.4,5972,National,0.175,1626352,10.175,8.408333333333333,6.949166666666667,2.925,4.725,National,5.1875,654,546,615.5,14211.5,3913.5,443.5,1797300,412000,209900,2.9,6.425,1.4,124.575,142.95,131.525,7.91,9.5,2.1149999999999998,0.645575,0.68635,0.642925,0.678375,0.739025,0.786125,0.7361,0.776525,1.14265,1.03515,1.068225,1.111275
2024,West Coast,Other,0.61985,0.71045,0.87155,National,8.408333333333333,6.949166666666667,National,0.175,National,1626352,National,5,4.575,4.525,National,6112.627378546298,5371.398066846321,9437.292811961974,3360.6270342091475,National,132805.2262968785,148064.9571131821,162336.8434126806,116389.27608728198,National,20,746388,5.2,37136,1261676,1.9,23735,1035028,3.2,32301,1045523,3.5,35502,447158,1.4,5972,National,0.175,1626352,10.175,8.408333333333333,6.949166666666667,2.925,4.725,National,5.1875,654,546,615.5,14211.5,3913.5,443.5,1797300,412000,209900,2.9,6.425,1.4,124.575,142.95,131.525,7.91,9.5,2.1149999999999998,0.645575,0.68635,0.642925,0.678375,0.739025,0.786125,0.7361,0.776525,1.14265,1.03515,1.068225,1.111275
2024,Western Bay of Plenty District,Other,0.6005,0.687325,0.89315,National,8.408333333333333,6.949166666666667,National,0.175,National,1626352,National,5,4.575,4.525,National,6112.627378546298,5371.398066846321,9437.292811961974,3360.6270342091475,National,132805.2262968785,148064.9571131821,162336.8434126806,116389.27608728198,National,20,746388,5.2,37136,1261676,1.9,23735,1035028,3.2,32301,1045523,3.5,35502,447158,1.4,5972,National,0.175,1626352,10.175,8.408333333333333,6.949166666666667,2.925,4.725,National,5.1875,654,546,615.5,14211.5,3913.5,443.5,1797300,412000,209900,2.9,6.425,1.4,124.575,142.95,131.525,7.91,9.5,2.1149999999999998,0.645575,0.68635,0.642925,0.678375,0.739025,0.786125,0.7361,0.776525,1.14265,1.03515,1.068225,1.111275
2024,Westland District,Other,0.617425,0.7081,0.868275,National,8.408333333333333,6.949166666666667,National,0.175,National,1626352,National,5,4.575,4.525,National,6112.627378546298,5371.398066846321,9437.292811961974,3360.6270342091475,National,132805.2262968785,148064.9571131821,162336.8434126806,116389.27608728198,National,20,746388,5.2,37136,1261676,1.9,23735,1035028,3.2,32301,1045523,3.5,35502,447158,1.4,5972,National,0.175,1626352,10.175,8.408333333333333,6.949166666666667,2.925,4.725,National,5.1875,654,546,615.5,14211.5,3913.5,443.5,1797300,412000,209900,2.9,6.425,1.4,124.575,142.95,131.525,7.91,9.5,2.1149999999999998,0.645575,0.68635,0.642925,0.678375,0.739025,0.786125,0.7361,0.776525,1.14265,1.03515,1.068225,1.111275
2024,Whakatane District,Other,0.611425,0.69985,0.9042250000000001,National,8.408333333333333,6.949166666666667,National,0.175,National,1626352,National,5,4.575,4.525,National,6112.627378546298,5371.398066846321,9437.292811961974,3360.6270342091475,National,132805.2262968785,148064.9571131821,162336.8434126806,116389.27608728198,National,20,746388,5.2,37136,1261676,1.9,23735,1035028,3.2,32301,1045523,3.5,35502,447158,1.4,5972,National,0.175,1626352,10.175,8.408333333333333,6.949166666666667,2.925,4.725,National,5.1875,654,546,615.5,14211.5,3913.5,443.5,1797300,412000,209900,2.9,6.425,1.4,124.575,142.95,131.525,7.91,9.5,2.1149999999999998,0.645575,0.68635,0.642925,0.678375,0.739025,0.786125,0.7361,0.776525,1.14265,1.03515,1.068225,1.111275
2024,Whanganui District,Other,0.5045999999999999,0.5777749999999999,0.710875,National,8.408333333333333,6.949166666666667,National,0.175,National,1626352,National,5,4.575,4.525,National,6112.627378546298,5371.398066846321,9437.292811961974,3360.6270342091475,National,132805.2262968785,148064.9571131821,162336.8434126806,116389.27608728198,National,20,746388,5.2,37136,1261676,1.9,23735,1035028,3.2,32301,1045523,3.5,35502,447158,1.4,5972,National,0.175,1626352,10.175,8.408333333333333,6.949166666666667,2.925,4.725,National,5.1875,654,546,615.5,14211.5,3913.5,443.5,1797300,412000,209900,2.9,6.425,1.4,124.575,142.95,131.525,7.91,9.5,2.1149999999999998,0.645575,0.68635,0.642925,0.678375,0.739025,0.786125,0.7361,0.776525,1.14265,1.03515,1.068225,1.111275
2024,Whangarei District,Other,0.674125,0.7716000000000001,0.92085,National,8.408333333333333,6.949166666666667,National,0.175,National,1626352,National,5,4.575,4.525,National,6112.627378546298,5371.398066846321,9437.292811961974,3360.6270342091475,National,132805.2262968785,148064.9571131821,162336.8434126806,116389.27608728198,National,20,746388,5.2,37136,1261676,1.9,23735,1035028,3.2,32301,1045523,3.5,35502,447158,1.4,5972,National,0.175,1626352,10.175,8.408333333333333,6.949166666666667,2.925,4.725,National,5.1875,654,546,615.5,14211.5,3913.5,443.5,1797300,412000,209900,2.9,6.425,1.4,124.575,142.95,131.525,7.91,9.5,2.1149999999999998,0.645575,0.68635,0.642925,0.678375,0.739025,0.786125,0.7361,0.776525,1.14265,1.03515,1.068225,1.111275
2025,Ashburton District,Canterbury Rural,0.7766,0.7379,0.966,National,7.04125,5.67625,National,-2,National,1642553,National,6.3,4.95,4.7,National,2849.2054794520545,2308.4246575342468,4572.191780821918,733.945205479452,National,134800.24657534246,149666.53424657535,165545.8904109589,116828.4794520548,National,21,752357,0.8,5969,1225448,-2.9,-36228,953810,-7.8,-81218,1006087,-3.8,-39436,452237,1.1,5079,National,-2,1642553,10.1,7.4,5.826666666666667,2.5,5.1,National,3.92,650,553,633,14049,3897,442,1797300,412000,209900,-0.5,0,0.5,123.8,144.8,135.3,7.82,9.46,2.11,0.7929,0.8355,0.802,0.8974,0.7535,0.7939,0.7621,0.8527,1.1537,1.0235,1.069,1.1337
2025,Auckland,Auckland Urban,0.79705,0.7574,1.1541000000000001,National,7.04125,5.67625,National,-2,National,1642553,National,6.3,4.95,4.7,National,2849.2054794520545,2308.4246575342468,4572.191780821918,733.945205479452,National,134800.24657534246,149666.53424657535,165545.8904109589,116828.4794520548,National,21,752357,0.8,5969,1225448,-2.9,-36228,953810,-7.8,-81218,1006087,-3.8,-39436,452237,1.1,5079,National,-2,1642553,10.1,7.4,5.826666666666667,2.5,5.1,National,3.92,650,553,633,14049,3897,442,1797300,412000,209900,-0.5,0,0.5,123.8,144.8,135.3,7.82,9.46,2.11,0.7929,0.8355,0.802,0.8974,0.7535,0.7939,0.7621,0.8527,1.1537,1.0235,1.069,1.1337
2025,Bay of Plenty,Other,0.7928,0.7533,0.9171,National,7.04125,5.67625,National,-2,National,1642553,National,6.3,4.95,4.7,National,2849.2054794520545,2308.4246575342468,4572.191780821918,733.945205479452,National,134800.24657534246,149666.53424657535,165545.8904109589,116828.4794520548,National,21,752357,0.8,5969,1225448,-2.9,-36228,953810,-7.8,-81218,1006087,-3.8,-39436,452237,1.1,5079,National,-2,1642553,10.1,7.4,5.826666666666667,2.5,5.1,National,3.92,650,553,633,14049,3897,442,1797300,412000,209900,-0.5,0,0.5,123.8,144.8,135.3,7.82,9.46,2.11,0.7929,0.8355,0.802,0.8974,0.7535,0.7939,0.7621,0.8527,1.1537,1.0235,1.069,1.1337
2025,Buller District,Other,0.7284,0.6921,0.7968,National,7.04125,5.67625,National,-2,National,1642553,National,6.3,4.95,4.7,National,2849.2054794520545,2308.4246575342468,4572.191780821918,733.945205479452,National,134800.24657534246,149666.53424657535,165545.8904109589,116828.4794520548,National,21,752357,0.8,5969,1225448,-2.9,-36228,953810,-7.8,-81218,1006087,-3.8,-39436,452237,1.1,5079,National,-2,1642553,10.1,7.4,5.826666666666667,2.5,5.1,National,3.92,650,553,633,14049,3897,442,1797300,412000,209900,-0.5,0,0.5,123.8,144.8,135.3,7.82,9.46,2.11,0.7929,0.8355,0.802,0.8974,0.7535,0.7939,0.7621,0.8527,1.1537,1.0235,1.069,1.1337
2025,Canterbury,Canterbury Rural,0.8355,0.7939,1.0235,National,7.04125,5.67625,National,-2,National,1642553,National,6.3,4.95,4.7,National,2849.2054794520545,2308.4246575342468,4572.191780821918,733.945205479452,National,134800.24657534246,149666.53424657535,165545.8904109589,116828.4794520548,National,21,752357,0.8,5969,1225448,-2.9,-36228,953810,-7.8,-81218,1006087,-3.8,-39436,452237,1.1,5079,National,-2,1642553,10.1,7.4,5.826666666666667,2.5,5.1,National,3.92,650,553,633,14049,3897,442,1797300,412000,209900,-0.5,0,0.5,123.8,144.8,135.3,7.82,9.46,2.11,0.7929,0.8355,0.802,0.8974,0.7535,0.7939,0.7621,0.8527,1.1537,1.0235,1.069,1.1337
2025,Carterton District,Wellington Rural,0.6512,0.6188,0.8216,National,7.04125,5.67625,National,-2,National,1642553,National,6.3,4.95,4.7,National,2849.2054794520545,2308.4246575342468,4572.191780821918,733.945205479452,National,134800.24657534246,149666.53424657535,165545.8904109589,116828.4794520548,National,21,752357,0.8,5969,1225448,-2.9,-36228,953810,-7.8,-81218,1006087,-3.8,-39436,452237,1.1,5079,National,-2,1642553,10.1,7.4,5.826666666666667,2.5,5.1,National,3.92,650,553,633,14049,3897,442,1797300,412000,209900,-0.5,0,0.5,123.8,144.8,135.3,7.82,9.46,2.11,0.7929,0.8355,0.802,0.8974,0.7535,0.7939,0.7621,0.8527,1.1537,1.0235,1.069,1.1337
2025,Central Hawkes Bay District,Other,0.733,0.6965,0.638,National,7.04125,5.67625,National,-2,National,1642553,National,6.3,4.95,4.7,National,2849.2054794520545,2308.4246575342468,4572.191780821918,733.945205479452,National,134800.24657534246,149666.53424657535,165545.8904109589,116828.4794520548,National,21,752357,0.8,5969,1225448,-2.9,-36228,953810,-7.8,-81218,1006087,-3.8,-39436,452237,1.1,5079,National,-2,1642553,10.1,7.4,5.826666666666667,2.5,5.1,National,3.92,650,553,633,14049,3897,442,1797300,412000,209900,-0.5,0,0.5,123.8,144.8,135.3,7.82,9.46,2.11,0.7929,0.8355,0.802,0.8974,0.7535,0.7939,0.7621,0.8527,1.1537,1.0235,1.069,1.1337
2025,Central Otago District,Other,0.6481,0.6159,0.8713,National,7.04125,5.67625,National,-2,National,1642553,National,6.3,4.95,4.7,National,2849.2054794520545,2308.4246575342468,4572.191780821918,733.945205479452,National,134800.24657534246,149666.53424657535,165545.8904109589,116828.4794520548,National,21,752357,0.8,5969,1225448,-2.9,-36228,953810,-7.8,-81218,1006087,-3.8,-39436,452237,1.1,5079,National,-2,1642553,10.1,7.4,5.826666666666667,2.5,5.1,National,3.92,650,553,633,14049,3897,442,1797300,412000,209900,-0.5,0,0.5,123.8,144.8,135.3,7.82,9.46,2.11,0.7929,0.8355,0.802,0.8974,0.7535,0.7939,0.7621,0.8527,1.1537,1.0235,1.069,1.1337
2025,Christchurch City,Canterbury Urban,0.8293,0.788,1.0029,National,7.04125,5.67625,National,-2,National,1642553,National,6.3,4.95,4.7,National,2849.2054794520545,2308.4246575342468,4572.191780821918,733.945205479452,National,134800.24657534246,149666.53424657535,165545.8904109589,116828.4794520548,National,21,752357,0.8,5969,1225448,-2.9,-36228,953810,-7.8,-81218,1006087,-3.8,-39436,452237,1.1,5079,National,-2,1642553,10.1,7.4,5.826666666666667,2.5,5.1,National,3.92,650,553,633,14049,3897,442,1797300,412000,209900,-0.5,0,0.5,123.8,144.8,135.3,7.82,9.46,2.11,0.7929,0.8355,0.802,0.8974,0.7535,0.7939,0.7621,0.8527,1.1537,1.0235,1.069,1.1337
2025,Clutha District,Other,0.6133,0.5828,0.725,National,7.04125,5.67625,National,-2,National,1642553,National,6.3,4.95,4.7,National,2849.2054794520545,2308.4246575342468,4572.191780821918,733.945205479452,National,134800.24657534246,149666.53424657535,165545.8904109589,116828.4794520548,National,21,752357,0.8,5969,1225448,-2.9,-36228,953810,-7.8,-81218,1006087,-3.8,-39436,452237,1.1,5079,National,-2,1642553,10.1,7.4,5.826666666666667,2.5,5.1,National,3.92,650,553,633,14049,3897,442,1797300,412000,209900,-0.5,0,0.5,123.8,144.8,135.3,7.82,9.46,2.11,0.7929,0.8355,0.802,0.8974,0.7535,0.7939,0.7621,0.8527,1.1537,1.0235,1.069,1.1337
2025,Dunedin City,Other,0.7446,0.7075,0.9371,National,7.04125,5.67625,National,-2,National,1642553,National,6.3,4.95,4.7,National,2849.2054794520545,2308.4246575342468,4572.191780821918,733.945205479452,National,134800.24657534246,149666.53424657535,165545.8904109589,116828.4794520548,National,21,752357,0.8,5969,1225448,-2.9,-36228,953810,-7.8,-81218,1006087,-3.8,-39436,452237,1.1,5079,National,-2,1642553,10.1,7.4,5.826666666666667,2.5,5.1,National,3.92,650,553,633,14049,3897,442,1797300,412000,209900,-0.5,0,0.5,123.8,144.8,135.3,7.82,9.46,2.11,0.7929,0.8355,0.802,0.8974,0.7535,0.7939,0.7621,0.8527,1.1537,1.0235,1.069,1.1337
2025,Far North District,Other,0.8469,0.8047,0.9008,National,7.04125,5.67625,National,-2,National,1642553,National,6.3,4.95,4.7,National,2849.2054794520545,2308.4246575342468,4572.191780821918,733.945205479452,National,134800.24657534246,149666.53424657535,165545.8904109589,116828.4794520548,National,21,752357,0.8,5969,1225448,-2.9,-36228,953810,-7.8,-81218,1006087,-3.8,-39436,452237,1.1,5079,National,-2,1642553,10.1,7.4,5.826666666666667,2.5,5.1,National,3.92,650,553,633,14049,3897,442,1797300,412000,209900,-0.5,0,0.5,123.8,144.8,135.3,7.82,9.46,2.11,0.7929,0.8355,0.802,0.8974,0.7535,0.7939,0.7621,0.8527,1.1537,1.0235,1.069,1.1337
2025,Gisborne,Other,0.7284,0.6922,0.8315,National,7.04125,5.67625,National,-2,National,1642553,National,6.3,4.95,4.7,National,2849.2054794520545,2308.4246575342468,4572.191780821918,733.945205479452,National,134800.24657534246,149666.53424657535,165545.8904109589,116828.4794520548,National,21,752357,0.8,5969,1225448,-2.9,-36228,953810,-7.8,-81218,1006087,-3.8,-39436,452237,1.1,5079,National,-2,1642553,10.1,7.4,5.826666666666667,2.5,5.1,National,3.92,650,553,633,14049,3897,442,1797300,412000,209900,-0.5,0,0.5,123.8,144.8,135.3,7.82,9.46,2.11,0.7929,0.8355,0.802,0.8974,0.7535,0.7939,0.7621,0.8527,1.1537,1.0235,1.069,1.1337
2025,Gisborne District,Other,0.7284,0.6922,0.8315,National,7.04125,5.67625,National,-2,National,1642553,National,6.3,4.95,4.7,National,2849.2054794520545,2308.4246575342468,4572.191780821918,733.945205479452,National,134800.24657534246,149666.53424657535,165545.8904109589,116828.4794520548,National,21,752357,0.8,5969,1225448,-2.9,-36228,953810,-7.8,-81218,1006087,-3.8,-39436,452237,1.1,5079,National,-2,1642553,10.1,7.4,5.826666666666667,2.5,5.1,National,3.92,650,553,633,14049,3897,442,1797300,412000,209900,-0.5,0,0.5,123.8,144.8,135.3,7.82,9.46,2.11,0.7929,0.8355,0.802,0.8974,0.7535,0.7939,0.7621,0.8527,1.1537,1.0235,1.069,1.1337
2025,Gore District,Other,0.7481,0.7108,0.704,National,7.04125,5.67625,National,-2,National,1642553,National,6.3,4.95,4.7,National,2849.2054794520545,2308.4246575342468,4572.191780821918,733.945205479452,National,134800.24657534246,149666.53424657535,165545.8904109589,116828.4794520548,National,21,752357,0.8,5969,1225448,-2.9,-36228,953810,-7.8,-81218,1006087,-3.8,-39436,452237,1.1,5079,National,-2,1642553,10.1,7.4,5.826666666666667,2.5,5.1,National,3.92,650,553,633,14049,3897,442,1797300,412000,209900,-0.5,0,0.5,123.8,144.8,135.3,7.82,9.46,2.11,0.7929,0.8355,0.802,0.8974,0.7535,0.7939,0.7621,0.8527,1.1537,1.0235,1.069,1.1337
2025,Grey District,Other,0.7541,0.7166,0.9187,National,7.04125,5.67625,National,-2,National,1642553,National,6.3,4.95,4.7,National,2849.2054794520545,2308.4246575342468,4572.191780821918,733.945205479452,National,134800.24657534246,149666.53424657535,165545.8904109589,116828.4794520548,National,21,752357,0.8,5969,1225448,-2.9,-36228,953810,-7.8,-81218,1006087,-3.8,-39436,452237,1.1,5079,National,-2,1642553,10.1,7.4,5.826666666666667,2.5,5.1,National,3.92,650,553,633,14049,3897,442,1797300,412000,209900,-0.5,0,0.5,123.8,144.8,135.3,7.82,9.46,2.11,0.7929,0.8355,0.802,0.8974,0.7535,0.7939,0.7621,0.8527,1.1537,1.0235,1.069,1.1337
2025,Hamilton City,Other,0.7126,0.6771,1.0045,National,7.04125,5.67625,National,-2,National,1642553,National,6.3,4.95,4.7,National,2849.2054794520545,2308.4246575342468,4572.191780821918,733.945205479452,National,134800.24657534246,149666.53424657535,165545.8904109589,116828.4794520548,National,21,752357,0.8,5969,1225448,-2.9,-36228,953810,-7.8,-81218,1006087,-3.8,-39436,452237,1.1,5079,National,-2,1642553,10.1,7.4,5.826666666666667,2.5,5.1,National,3.92,650,553,633,14049,3897,442,1797300,412000,209900,-0.5,0,0.5,123.8,144.8,135.3,7.82,9.46,2.11,0.7929,0.8355,0.802,0.8974,0.7535,0.7939,0.7621,0.8527,1.1537,1.0235,1.069,1.1337
2025,Hastings District,Other,0.7375,0.7008,0.961,National,7.04125,5.67625,National,-2,National,1642553,National,6.3,4.95,4.7,National,2849.2054794520545,2308.4246575342468,4572.191780821918,733.945205479452,National,134800.24657534246,149666.53424657535,165545.8904109589,116828.4794520548,National,21,752357,0.8,5969,1225448,-2.9,-36228,953810,-7.8,-81218,1006087,-3.8,-39436,452237,1.1,5079,National,-2,1642553,10.1,7.4,5.826666666666667,2.5,5.1,National,3.92,650,553,633,14049,3897,442,1797300,412000,209900,-0.5,0,0.5,123.8,144.8,135.3,7.82,9.46,2.11,0.7929,0.8355,0.802,0.8974,0.7535,0.7939,0.7621,0.8527,1.1537,1.0235,1.069,1.1337
2025,Hauraki District,Other,0.6829,0.6489,0.7714,National,7.04125,5.67625,National,-2,National,1642553,National,6.3,4.95,4.7,National,2849.2054794520545,2308.4246575342468,4572.191780821918,733.945205479452,National,134800.24657534246,149666.53424657535,165545.8904109589,116828.4794520548,National,21,752357,0.8,5969,1225448,-2.9,-36228,953810,-7.8,-81218,1006087,-3.8,-39436,452237,1.1,5079,National,-2,1642553,10.1,7.4,5.826666666666667,2.5,5.1,National,3.92,650,553,633,14049,3897,442,1797300,412000,209900,-0.5,0,0.5,123.8,144.8,135.3,7.82,9.46,2.11,0.7929,0.8355,0.802,0.8974,0.7535,0.7939,0.7621,0.8527,1.1537,1.0235,1.069,1.1337
2025,Hawke's Bay,Other,0.758,0.7203,0.9185,National,7.04125,5.67625,National,-2,National,1642553,National,6.3,4.95,4.7,National,2849.2054794520545,2308.4246575342468,4572.191780821918,733.945205479452,National,134800.24657534246,149666.53424657535,165545.8904109589,116828.4794520548,National,21,752357,0.8,5969,1225448,-2.9,-36228,953810,-7.8,-81218,1006087,-3.8,-39436,452237,1.1,5079,National,-2,1642553,10.1,7.4,5.826666666666667,2.5,5.1,National,3.92,650,553,633,14049,3897,442,1797300,412000,209900,-0.5,0,0.5,123.8,144.8,135.3,7.82,9.46,2.11,0.7929,0.8355,0.802,0.8974,0.7535,0.7939,0.7621,0.8527,1.1537,1.0235,1.069,1.1337
2025,Horowhenua District,Other,0.693,0.6585,0.7787,National,7.04125,5.67625,National,-2,National,1642553,National,6.3,4.95,4.7,National,2849.2054794520545,2308.4246575342468,4572.191780821918,733.945205479452,National,134800.24657534246,149666.53424657535,165545.8904109589,116828.4794520548,National,21,752357,0.8,5969,1225448,-2.9,-36228,953810,-7.8,-81218,1006087,-3.8,-39436,452237,1.1,5079,National,-2,1642553,10.1,7.4,5.826666666666667,2.5,5.1,National,3.92,650,553,633,14049,3897,442,1797300,412000,209900,-0.5,0,0.5,123.8,144.8,135.3,7.82,9.46,2.11,0.7929,0.8355,0.802,0.8974,0.7535,0.7939,0.7621,0.8527,1.1537,1.0235,1.069,1.1337
2025,Hurunui District,Canterbury Rural,0.785,0.7459,0.969,National,7.04125,5.67625,National,-2,National,1642553,National,6.3,4.95,4.7,National,2849.2054794520545,2308.4246575342468,4572.191780821918,733.945205479452,National,134800.24657534246,149666.53424657535,165545.8904109589,116828.4794520548,National,21,752357,0.8,5969,1225448,-2.9,-36228,953810,-7.8,-81218,1006087,-3.8,-39436,452237,1.1,5079,National,-2,1642553,10.1,7.4,5.826666666666667,2.5,5.1,National,3.92,650,553,633,14049,3897,442,1797300,412000,209900,-0.5,0,0.5,123.8,144.8,135.3,7.82,9.46,2.11,0.7929,0.8355,0.802,0.8974,0.7535,0.7939,0.7621,0.8527,1.1537,1.0235,1.069,1.1337
2025,Hutt City,Wellington Urban,0.8736,0.8301,1.0502,National,7.04125,5.67625,National,-2,National,1642553,National,6.3,4.95,4.7,National,2849.2054794520545,2308.4246575342468,4572.191780821918,733.945205479452,National,134800.24657534246,149666.53424657535,165545.8904109589,116828.4794520548,National,21,752357,0.8,5969,1225448,-2.9,-36228,953810,-7.8,-81218,1006087,-3.8,-39436,452237,1.1,5079,National,-2,1642553,10.1,7.4,5.826666666666667,2.5,5.1,National,3.92,650,553,633,14049,3897,442,1797300,412000,209900,-0.5,0,0.5,123.8,144.8,135.3,7.82,9.46,2.11,0.7929,0.8355,0.802,0.8974,0.7535,0.7939,0.7621,0.8527,1.1537,1.0235,1.069,1.1337
2025,Invercargill City,Other,0.7517,0.7143,0.8589,National,7.04125,5.67625,National,-2,National,1642553,National,6.3,4.95,4.7,National,2849.2054794520545,2308.4246575342468,4572.191780821918,733.945205479452,National,134800.24657534246,149666.53424657535,165545.8904109589,116828.4794520548,National,21,752357,0.8,5969,1225448,-2.9,-36228,953810,-7.8,-81218,1006087,-3.8,-39436,452237,1.1,5079,National,-2,1642553,10.1,7.4,5.826666666666667,2.5,5.1,National,3.92,650,553,633,14049,3897,442,1797300,412000,209900,-0.5,0,0.5,123.8,144.8,135.3,7.82,9.46,2.11,0.7929,0.8355,0.802,0.8974,0.7535,0.7939,0.7621,0.8527,1.1537,1.0235,1.069,1.1337
2025,Kaikoura District,Other,0.6938,0.6593,0.9636,National,7.04125,5.67625,National,-2,National,1642553,National,6.3,4.95,4.7,National,2849.2054794520545,2308.4246575342468,4572.191780821918,733.945205479452,National,134800.24657534246,149666.53424657535,165545.8904109589,116828.4794520548,National,21,752357,0.8,5969,1225448,-2.9,-36228,953810,-7.8,-81218,1006087,-3.8,-39436,452237,1.1,5079,National,-2,1642553,10.1,7.4,5.826666666666667,2.5,5.1,National,3.92,650,553,633,14049,3897,442,1797300,412000,209900,-0.5,0,0.5,123.8,144.8,135.3,7.82,9.46,2.11,0.7929,0.8355,0.802,0.8974,0.7535,0.7939,0.7621,0.8527,1.1537,1.0235,1.069,1.1337
2025,Kaipara District,Other,0.6778,0.644,0.8827,National,7.04125,5.67625,National,-2,National,1642553,National,6.3,4.95,4.7,National,2849.2054794520545,2308.4246575342468,4572.191780821918,733.945205479452,National,134800.24657534246,149666.53424657535,165545.8904109589,116828.4794520548,National,21,752357,0.8,5969,1225448,-2.9,-36228,953810,-7.8,-81218,1006087,-3.8,-39436,452237,1.1,5079,National,-2,1642553,10.1,7.4,5.826666666666667,2.5,5.1,National,3.92,650,553,633,14049,3897,442,1797300,412000,209900,-0.5,0,0.5,123.8,144.8,135.3,7.82,9.46,2.11,0.7929,0.8355,0.802,0.8974,0.7535,0.7939,0.7621,0.8527,1.1537,1.0235,1.069,1.1337
2025,Kapiti Coast District,Wellington Rural,0.8052,0.7651,0.9759,National,7.04125,5.67625,National,-2,National,1642553,National,6.3,4.95,4.7,National,2849.2054794520545,2308.4246575342468,4572.191780821918,733.945205479452,National,134800.24657534246,149666.53424657535,165545.8904109589,116828.4794520548,National,21,752357,0.8,5969,1225448,-2.9,-36228,953810,-7.8,-81218,1006087,-3.8,-39436,452237,1.1,5079,National,-2,1642553,10.1,7.4,5.826666666666667,2.5,5.1,National,3.92,650,553,633,14049,3897,442,1797300,412000,209900,-0.5,0,0.5,123.8,144.8,135.3,7.82,9.46,2.11,0.7929,0.8355,0.802,0.8974,0.7535,0.7939,0.7621,0.8527,1.1537,1.0235,1.069,1.1337
2025,Kawerau District,Other,0.5744,0.5458,0.732,National,7.04125,5.67625,National,-2,National,1642553,National,6.3,4.95,4.7,National,2849.2054794520545,2308.4246575342468,4572.191780821918,733.945205479452,National,134800.24657534246,149666.53424657535,165545.8904109589,116828.4794520548,National,21,752357,0.8,5969,1225448,-2.9,-36228,953810,-7.8,-81218,1006087,-3.8,-39436,452237,1.1,5079,National,-2,1642553,10.1,7.4,5.826666666666667,2.5,5.1,National,3.92,650,553,633,14049,3897,442,1797300,412000,209900,-0.5,0,0.5,123.8,144.8,135.3,7.82,9.46,2.11,0.7929,0.8355,0.802,0.8974,0.7535,0.7939,0.7621,0.8527,1.1537,1.0235,1.069,1.1337
2025,MacKenzie District,Canterbury Rural,0.5968,0.5671,0.7331,National,7.04125,5.67625,National,-2,National,1642553,National,6.3,4.95,4.7,National,2849.2054794520545,2308.4246575342468,4572.191780821918,733.945205479452,National,134800.24657534246,149666.53424657535,165545.8904109589,116828.4794520548,National,21,752357,0.8,5969,1225448,-2.9,-36228,953810,-7.8,-81218,1006087,-3.8,-39436,452237,1.1,5079,National,-2,1642553,10.1,7.4,5.826666666666667,2.5,5.1,National,3.92,650,553,633,14049,3897,442,1797300,412000,209900,-0.5,0,0.5,123.8,144.8,135.3,7.82,9.46,2.11,0.7929,0.8355,0.802,0.8974,0.7535,0.7939,0.7621,0.8527,1.1537,1.0235,1.069,1.1337
2025,Manawatu District,Other,0.7131,0.6776,0.8748,National,7.04125,5.67625,National,-2,National,1642553,National,6.3,4.95,4.7,National,2849.2054794520545,2308.4246575342468,4572.191780821918,733.945205479452,National,134800.24657534246,149666.53424657535,165545.8904109589,116828.4794520548,National,21,752357,0.8,5969,1225448,-2.9,-36228,953810,-7.8,-81218,1006087,-3.8,-39436,452237,1.1,5079,National,-2,1642553,10.1,7.4,5.826666666666667,2.5,5.1,National,3.92,650,553,633,14049,3897,442,1797300,412000,209900,-0.5,0,0.5,123.8,144.8,135.3,7.82,9.46,2.11,0.7929,0.8355,0.802,0.8974,0.7535,0.7939,0.7621,0.8527,1.1537,1.0235,1.069,1.1337
2025,Manawatu-Wanganui,Other,0.7246,0.6885,0.8576,National,7.04125,5.67625,National,-2,National,1642553,National,6.3,4.95,4.7,National,2849.2054794520545,2308.4246575342468,4572.191780821918,733.945205479452,National,134800.24657534246,149666.53424657535,165545.8904109589,116828.4794520548,National,21,752357,0.8,5969,1225448,-2.9,-36228,953810,-7.8,-81218,1006087,-3.8,-39436,452237,1.1,5079,National,-2,1642553,10.1,7.4,5.826666666666667,2.5,5.1,National,3.92,650,553,633,14049,3897,442,1797300,412000,209900,-0.5,0,0.5,123.8,144.8,135.3,7.82,9.46,2.11,0.7929,0.8355,0.802,0.8974,0.7535,0.7939,0.7621,0.8527,1.1537,1.0235,1.069,1.1337
2025,Marlborough,Other,0.8554,0.8129,0.881,National,7.04125,5.67625,National,-2,National,1642553,National,6.3,4.95,4.7,National,2849.2054794520545,2308.4246575342468,4572.191780821918,733.945205479452,National,134800.24657534246,149666.53424657535,165545.8904109589,116828.4794520548,National,21,752357,0.8,5969,1225448,-2.9,-36228,953810,-7.8,-81218,1006087,-3.8,-39436,452237,1.1,5079,National,-2,1642553,10.1,7.4,5.826666666666667,2.5,5.1,National,3.92,650,553,633,14049,3897,442,1797300,412000,209900,-0.5,0,0.5,123.8,144.8,135.3,7.82,9.46,2.11,0.7929,0.8355,0.802,0.8974,0.7535,0.7939,0.7621,0.8527,1.1537,1.0235,1.069,1.1337
2025,Marlborough District,Other,0.8554,0.8129,0.881,National,7.04125,5.67625,National,-2,National,1642553,National,6.3,4.95,4.7,National,2849.2054794520545,2308.4246575342468,4572.191780821918,733.945205479452,National,134800.24657534246,149666.53424657535,165545.8904109589,116828.4794520548,National,21,752357,0.8,5969,1225448,-2.9,-36228,953810,-7.8,-81218,1006087,-3.8,-39436,452237,1.1,5079,National,-2,1642553,10.1,7.4,5.826666666666667,2.5,5.1,National,3.92,650,553,633,14049,3897,442,1797300,412000,209900,-0.5,0,0.5,123.8,144.8,135.3,7.82,9.46,2.11,0.7929,0.8355,0.802,0.8974,0.7535,0.7939,0.7621,0.8527,1.1537,1.0235,1.069,1.1337
2025,Masterton District,Wellington Rural,0.8275,0.7863,0.8697,National,7.04125,5.67625,National,-2,National,1642553,National,6.3,4.95,4.7,National,2849.2054794520545,2308.4246575342468,4572.191780821918,733.945205479452,National,134800.24657534246,149666.53424657535,165545.8904109589,116828.4794520548,National,21,752357,0.8,5969,1225448,-2.9,-36228,953810,-7.8,-81218,1006087,-3.8,-39436,452237,1.1,5079,National,-2,1642553,10.1,7.4,5.826666666666667,2.5,5.1,National,3.92,650,553,633,14049,3897,442,1797300,412000,209900,-0.5,0,0.5,123.8,144.8,135.3,7.82,9.46,2.11,0.7929,0.8355,0.802,0.8974,0.7535,0.7939,0.7621,0.8527,1.1537,1.0235,1.069,1.1337
2025,Matamata Piako District,Other,0.6704,0.637,0.8144,National,7.04125,5.67625,National,-2,National,1642553,National,6.3,4.95,4.7,National,2849.2054794520545,2308.4246575342468,4572.191780821918,733.945205479452,National,134800.24657534246,149666.53424657535,165545.8904109589,116828.4794520548,National,21,752357,0.8,5969,1225448,-2.9,-36228,953810,-7.8,-81218,1006087,-3.8,-39436,452237,1.1,5079,National,-2,1642553,10.1,7.4,5.826666666666667,2.5,5.1,National,3.92,650,553,633,14049,3897,442,1797300,412000,209900,-0.5,0,0.5,123.8,144.8,135.3,7.82,9.46,2.11,0.7929,0.8355,0.802,0.8974,0.7535,0.7939,0.7621,0.8527,1.1537,1.0235,1.069,1.1337
2025,Napier City,Other,0.795,0.7554,0.9212,National,7.04125,5.67625,National,-2,National,1642553,National,6.3,4.95,4.7,National,2849.2054794520545,2308.4246575342468,4572.191780821918,733.945205479452,National,134800.24657534246,149666.53424657535,165545.8904109589,116828.4794520548,National,21,752357,0.8,5969,1225448,-2.9,-36228,953810,-7.8,-81218,1006087,-3.8,-39436,452237,1.1,5079,National,-2,1642553,10.1,7.4,5.826666666666667,2.5,5.1,National,3.92,650,553,633,14049,3897,442,1797300,412000,209900,-0.5,0,0.5,123.8,144.8,135.3,7.82,9.46,2.11,0.7929,0.8355,0.802,0.8974,0.7535,0.7939,0.7621,0.8527,1.1537,1.0235,1.069,1.1337
2025,Nelson,Other,0.876,0.8324,1.0661,National,7.04125,5.67625,National,-2,National,1642553,National,6.3,4.95,4.7,National,2849.2054794520545,2308.4246575342468,4572.191780821918,733.945205479452,National,134800.24657534246,149666.53424657535,165545.8904109589,116828.4794520548,National,21,752357,0.8,5969,1225448,-2.9,-36228,953810,-7.8,-81218,1006087,-3.8,-39436,452237,1.1,5079,National,-2,1642553,10.1,7.4,5.826666666666667,2.5,5.1,National,3.92,650,553,633,14049,3897,442,1797300,412000,209900,-0.5,0,0.5,123.8,144.8,135.3,7.82,9.46,2.11,0.7929,0.8355,0.802,0.8974,0.7535,0.7939,0.7621,0.8527,1.1537,1.0235,1.069,1.1337
2025,Nelson City,Other,0.876,0.8324,1.0664,National,7.04125,5.67625,National,-2,National,1642553,National,6.3,4.95,4.7,National,2849.2054794520545,2308.4246575342468,4572.191780821918,733.945205479452,National,134800.24657534246,149666.53424657535,165545.8904109589,116828.4794520548,National,21,752357,0.8,5969,1225448,-2.9,-36228,953810,-7.8,-81218,1006087,-3.8,-39436,452237,1.1,5079,National,-2,1642553,10.1,7.4,5.826666666666667,2.5,5.1,National,3.92,650,553,633,14049,3897,442,1797300,412000,209900,-0.5,0,0.5,123.8,144.8,135.3,7.82,9.46,2.11,0.7929,0.8355,0.802,0.8974,0.7535,0.7939,0.7621,0.8527,1.1537,1.0235,1.069,1.1337
2025,New Plymouth District,Other,0.7754,0.7368,0.9596,National,7.04125,5.67625,National,-2,National,1642553,National,6.3,4.95,4.7,National,2849.2054794520545,2308.4246575342468,4572.191780821918,733.945205479452,National,134800.24657534246,149666.53424657535,165545.8904109589,116828.4794520548,National,21,752357,0.8,5969,1225448,-2.9,-36228,953810,-7.8,-81218,1006087,-3.8,-39436,452237,1.1,5079,National,-2,1642553,10.1,7.4,5.826666666666667,2.5,5.1,National,3.92,650,553,633,14049,3897,442,1797300,412000,209900,-0.5,0,0.5,123.8,144.8,135.3,7.82,9.46,2.11,0.7929,0.8355,0.802,0.8974,0.7535,0.7939,0.7621,0.8527,1.1537,1.0235,1.069,1.1337
2025,New Zealand,Other,0.802,0.7621,1.069,National,7.04125,5.67625,National,-2,National,1642553,National,6.3,4.95,4.7,National,2849.2054794520545,2308.4246575342468,4572.191780821918,733.945205479452,National,134800.24657534246,149666.53424657535,165545.8904109589,116828.4794520548,National,21,752357,0.8,5969,1225448,-2.9,-36228,953810,-7.8,-81218,1006087,-3.8,-39436,452237,1.1,5079,National,-2,1642553,10.1,7.4,5.826666666666667,2.5,5.1,National,3.92,650,553,633,14049,3897,442,1797300,412000,209900,-0.5,0,0.5,123.8,144.8,135.3,7.82,9.46,2.11,0.7929,0.8355,0.802,0.8974,0.7535,0.7939,0.7621,0.8527,1.1537,1.0235,1.069,1.1337
2025,Northland,Other,0.8165,0.7758,0.9194,National,7.04125,5.67625,National,-2,National,1642553,National,6.3,4.95,4.7,National,2849.2054794520545,2308.4246575342468,4572.191780821918,733.945205479452,National,134800.24657534246,149666.53424657535,165545.8904109589,116828.4794520548,National,21,752357,0.8,5969,1225448,-2.9,-36228,953810,-7.8,-81218,1006087,-3.8,-39436,452237,1.1,5079,National,-2,1642553,10.1,7.4,5.826666666666667,2.5,5.1,National,3.92,650,553,633,14049,3897,442,1797300,412000,209900,-0.5,0,0.5,123.8,144.8,135.3,7.82,9.46,2.11,0.7929,0.8355,0.802,0.8974,0.7535,0.7939,0.7621,0.8527,1.1537,1.0235,1.069,1.1337
2025,Opotiki District,Other,0.7359,0.6993,0.8112,National,7.04125,5.67625,National,-2,National,1642553,National,6.3,4.95,4.7,National,2849.2054794520545,2308.4246575342468,4572.191780821918,733.945205479452,National,134800.24657534246,149666.53424657535,165545.8904109589,116828.4794520548,National,21,752357,0.8,5969,1225448,-2.9,-36228,953810,-7.8,-81218,1006087,-3.8,-39436,452237,1.1,5079,National,-2,1642553,10.1,7.4,5.826666666666667,2.5,5.1,National,3.92,650,553,633,14049,3897,442,1797300,412000,209900,-0.5,0,0.5,123.8,144.8,135.3,7.82,9.46,2.11,0.7929,0.8355,0.802,0.8974,0.7535,0.7939,0.7621,0.8527,1.1537,1.0235,1.069,1.1337
2025,Otago,Other,0.6291,0.5978,0.9461,National,7.04125,5.67625,National,-2,National,1642553,National,6.3,4.95,4.7,National,2849.2054794520545,2308.4246575342468,4572.191780821918,733.945205479452,National,134800.24657534246,149666.53424657535,165545.8904109589,116828.4794520548,National,21,752357,0.8,5969,1225448,-2.9,-36228,953810,-7.8,-81218,1006087,-3.8,-39436,452237,1.1,5079,National,-2,1642553,10.1,7.4,5.826666666666667,2.5,5.1,National,3.92,650,553,633,14049,3897,442,1797300,412000,209900,-0.5,0,0.5,123.8,144.8,135.3,7.82,9.46,2.11,0.7929,0.8355,0.802,0.8974,0.7535,0.7939,0.7621,0.8527,1.1537,1.0235,1.069,1.1337
2025,Otorohanga District,Other,0.6521,0.6196,0.7538,National,7.04125,5.67625,National,-2,National,1642553,National,6.3,4.95,4.7,National,2849.2054794520545,2308.4246575342468,4572.191780821918,733.945205479452,National,134800.24657534246,149666.53424657535,165545.8904109589,116828.4794520548,National,21,752357,0.8,5969,1225448,-2.9,-36228,953810,-7.8,-81218,1006087,-3.8,-39436,452237,1.1,5079,National,-2,1642553,10.1,7.4,5.826666666666667,2.5,5.1,National,3.92,650,553,633,14049,3897,442,1797300,412000,209900,-0.5,0,0.5,123.8,144.8,135.3,7.82,9.46,2.11,0.7929,0.8355,0.802,0.8974,0.7535,0.7939,0.7621,0.8527,1.1537,1.0235,1.069,1.1337
2025,Palmerston North City,Other,0.8085,0.7683,0.959,National,7.04125,5.67625,National,-2,National,1642553,National,6.3,4.95,4.7,National,2849.2054794520545,2308.4246575342468,4572.191780821918,733.945205479452,National,134800.24657534246,149666.53424657535,165545.8904109589,116828.4794520548,National,21,752357,0.8,5969,1225448,-2.9,-36228,953810,-7.8,-81218,1006087,-3.8,-39436,452237,1.1,5079,National,-2,1642553,10.1,7.4,5.826666666666667,2.5,5.1,National,3.92,650,553,633,14049,3897,442,1797300,412000,209900,-0.5,0,0.5,123.8,144.8,135.3,7.82,9.46,2.11,0.7929,0.8355,0.802,0.8974,0.7535,0.7939,0.7621,0.8527,1.1537,1.0235,1.069,1.1337
2025,Porirua City,Wellington Urban,0.8581,0.8154,1.018,National,7.04125,5.67625,National,-2,National,1642553,National,6.3,4.95,4.7,National,2849.2054794520545,2308.4246575342468,4572.191780821918,733.945205479452,National,134800.24657534246,149666.53424657535,165545.8904109589,116828.4794520548,National,21,752357,0.8,5969,1225448,-2.9,-36228,953810,-7.8,-81218,1006087,-3.8,-39436,452237,1.1,5079,National,-2,1642553,10.1,7.4,5.826666666666667,2.5,5.1,National,3.92,650,553,633,14049,3897,442,1797300,412000,209900,-0.5,0,0.5,123.8,144.8,135.3,7.82,9.46,2.11,0.7929,0.8355,0.802,0.8974,0.7535,0.7939,0.7621,0.8527,1.1537,1.0235,1.069,1.1337
2025,Queenstown Lakes District,Other,0.6565,0.6238,0.9748,National,7.04125,5.67625,National,-2,National,1642553,National,6.3,4.95,4.7,National,2849.2054794520545,2308.4246575342468,4572.191780821918,733.945205479452,National,134800.24657534246,149666.53424657535,165545.8904109589,116828.4794520548,National,21,752357,0.8,5969,1225448,-2.9,-36228,953810,-7.8,-81218,1006087,-3.8,-39436,452237,1.1,5079,National,-2,1642553,10.1,7.4,5.826666666666667,2.5,5.1,National,3.92,650,553,633,14049,3897,442,1797300,412000,209900,-0.5,0,0.5,123.8,144.8,135.3,7.82,9.46,2.11,0.7929,0.8355,0.802,0.8974,0.7535,0.7939,0.7621,0.8527,1.1537,1.0235,1.069,1.1337
2025,Rangitikei District,Other,0.651,0.6186,0.6739,National,7.04125,5.67625,National,-2,National,1642553,National,6.3,4.95,4.7,National,2849.2054794520545,2308.4246575342468,4572.191780821918,733.945205479452,National,134800.24657534246,149666.53424657535,165545.8904109589,116828.4794520548,National,21,752357,0.8,5969,1225448,-2.9,-36228,953810,-7.8,-81218,1006087,-3.8,-39436,452237,1.1,5079,National,-2,1642553,10.1,7.4,5.826666666666667,2.5,5.1,National,3.92,650,553,633,14049,3897,442,1797300,412000,209900,-0.5,0,0.5,123.8,144.8,135.3,7.82,9.46,2.11,0.7929,0.8355,0.802,0.8974,0.7535,0.7939,0.7621,0.8527,1.1537,1.0235,1.069,1.1337
2025,Rotorua District,Other,0.7547,0.7171,0.8174,National,7.04125,5.67625,National,-2,National,1642553,National,6.3,4.95,4.7,National,2849.2054794520545,2308.4246575342468,4572.191780821918,733.945205479452,National,134800.24657534246,149666.53424657535,165545.8904109589,116828.4794520548,National,21,752357,0.8,5969,1225448,-2.9,-36228,953810,-7.8,-81218,1006087,-3.8,-39436,452237,1.1,5079,National,-2,1642553,10.1,7.4,5.826666666666667,2.5,5.1,National,3.92,650,553,633,14049,3897,442,1797300,412000,209900,-0.5,0,0.5,123.8,144.8,135.3,7.82,9.46,2.11,0.7929,0.8355,0.802,0.8974,0.7535,0.7939,0.7621,0.8527,1.1537,1.0235,1.069,1.1337
2025,Ruapehu District,Other,0.7548,0.7172,0.687,National,7.04125,5.67625,National,-2,National,1642553,National,6.3,4.95,4.7,National,2849.2054794520545,2308.4246575342468,4572.191780821918,733.945205479452,National,134800.24657534246,149666.53424657535,165545.8904109589,116828.4794520548,National,21,752357,0.8,5969,1225448,-2.9,-36228,953810,-7.8,-81218,1006087,-3.8,-39436,452237,1.1,5079,National,-2,1642553,10.1,7.4,5.826666666666667,2.5,5.1,National,3.92,650,553,633,14049,3897,442,1797300,412000,209900,-0.5,0,0.5,123.8,144.8,135.3,7.82,9.46,2.11,0.7929,0.8355,0.802,0.8974,0.7535,0.7939,0.7621,0.8527,1.1537,1.0235,1.069,1.1337
2025,Selwyn District,Canterbury Rural,0.8479,0.8057,1.2429,National,7.04125,5.67625,National,-2,National,1642553,National,6.3,4.95,4.7,National,2849.2054794520545,2308.4246575342468,4572.191780821918,733.945205479452,National,134800.24657534246,149666.53424657535,165545.8904109589,116828.4794520548,National,21,752357,0.8,5969,1225448,-2.9,-36228,953810,-7.8,-81218,1006087,-3.8,-39436,452237,1.1,5079,National,-2,1642553,10.1,7.4,5.826666666666667,2.5,5.1,National,3.92,650,553,633,14049,3897,442,1797300,412000,209900,-0.5,0,0.5,123.8,144.8,135.3,7.82,9.46,2.11,0.7929,0.8355,0.802,0.8974,0.7535,0.7939,0.7621,0.8527,1.1537,1.0235,1.069,1.1337
2025,South Taranaki District,Other,0.6804,0.6465,0.7826,National,7.04125,5.67625,National,-2,National,1642553,National,6.3,4.95,4.7,National,2849.2054794520545,2308.4246575342468,4572.191780821918,733.945205479452,National,134800.24657534246,149666.53424657535,165545.8904109589,116828.4794520548,National,21,752357,0.8,5969,1225448,-2.9,-36228,953810,-7.8,-81218,1006087,-3.8,-39436,452237,1.1,5079,National,-2,1642553,10.1,7.4,5.826666666666667,2.5,5.1,National,3.92,650,553,633,14049,3897,442,1797300,412000,209900,-0.5,0,0.5,123.8,144.8,135.3,7.82,9.46,2.11,0.7929,0.8355,0.802,0.8974,0.7535,0.7939,0.7621,0.8527,1.1537,1.0235,1.069,1.1337
2025,South Waikato District,Other,0.5828,0.5537,0.6748,National,7.04125,5.67625,National,-2,National,1642553,National,6.3,4.95,4.7,National,2849.2054794520545,2308.4246575342468,4572.191780821918,733.945205479452,National,134800.24657534246,149666.53424657535,165545.8904109589,116828.4794520548,National,21,752357,0.8,5969,1225448,-2.9,-36228,953810,-7.8,-81218,1006087,-3.8,-39436,452237,1.1,5079,National,-2,1642553,10.1,7.4,5.826666666666667,2.5,5.1,National,3.92,650,553,633,14049,3897,442,1797300,412000,209900,-0.5,0,0.5,123.8,144.8,135.3,7.82,9.46,2.11,0.7929,0.8355,0.802,0.8974,0.7535,0.7939,0.7621,0.8527,1.1537,1.0235,1.069,1.1337
2025,South Wairarapa District,Wellington Rural,0.8002,0.7604,0.9432,National,7.04125,5.67625,National,-2,National,1642553,National,6.3,4.95,4.7,National,2849.2054794520545,2308.4246575342468,4572.191780821918,733.945205479452,National,134800.24657534246,149666.53424657535,165545.8904109589,116828.4794520548,National,21,752357,0.8,5969,1225448,-2.9,-36228,953810,-7.8,-81218,1006087,-3.8,-39436,452237,1.1,5079,National,-2,1642553,10.1,7.4,5.826666666666667,2.5,5.1,National,3.92,650,553,633,14049,3897,442,1797300,412000,209900,-0.5,0,0.5,123.8,144.8,135.3,7.82,9.46,2.11,0.7929,0.8355,0.802,0.8974,0.7535,0.7939,0.7621,0.8527,1.1537,1.0235,1.069,1.1337
2025,Southland,Other,0.7193,0.6835,0.8206,National,7.04125,5.67625,National,-2,National,1642553,National,6.3,4.95,4.7,National,2849.2054794520545,2308.4246575342468,4572.191780821918,733.945205479452,National,134800.24657534246,149666.53424657535,165545.8904109589,116828.4794520548,National,21,752357,0.8,5969,1225448,-2.9,-36228,953810,-7.8,-81218,1006087,-3.8,-39436,452237,1.1,5079,National,-2,1642553,10.1,7.4,5.826666666666667,2.5,5.1,National,3.92,650,553,633,14049,3897,442,1797300,412000,209900,-0.5,0,0.5,123.8,144.8,135.3,7.82,9.46,2.11,0.7929,0.8355,0.802,0.8974,0.7535,0.7939,0.7621,0.8527,1.1537,1.0235,1.069,1.1337
2025,Southland District,Other,0.6612,0.6282,0.8586,National,7.04125,5.67625,National,-2,National,1642553,National,6.3,4.95,4.7,National,2849.2054794520545,2308.4246575342468,4572.191780821918,733.945205479452,National,134800.24657534246,149666.53424657535,165545.8904109589,116828.4794520548,National,21,752357,0.8,5969,1225448,-2.9,-36228,953810,-7.8,-81218,1006087,-3.8,-39436,452237,1.1,5079,National,-2,1642553,10.1,7.4,5.826666666666667,2.5,5.1,National,3.92,650,553,633,14049,3897,442,1797300,412000,209900,-0.5,0,0.5,123.8,144.8,135.3,7.82,9.46,2.11,0.7929,0.8355,0.802,0.8974,0.7535,0.7939,0.7621,0.8527,1.1537,1.0235,1.069,1.1337
2025,Stratford District,Other,0.7028,0.6678,0.7149,National,7.04125,5.67625,National,-2,National,1642553,National,6.3,4.95,4.7,National,2849.2054794520545,2308.4246575342468,4572.191780821918,733.945205479452,National,134800.24657534246,149666.53424657535,165545.8904109589,116828.4794520548,National,21,752357,0.8,5969,1225448,-2.9,-36228,953810,-7.8,-81218,1006087,-3.8,-39436,452237,1.1,5079,National,-2,1642553,10.1,7.4,5.826666666666667,2.5,5.1,National,3.92,650,553,633,14049,3897,442,1797300,412000,209900,-0.5,0,0.5,123.8,144.8,135.3,7.82,9.46,2.11,0.7929,0.8355,0.802,0.8974,0.7535,0.7939,0.7621,0.8527,1.1537,1.0235,1.069,1.1337
2025,Taranaki,Other,0.7483,0.711,0.9139,National,7.04125,5.67625,National,-2,National,1642553,National,6.3,4.95,4.7,National,2849.2054794520545,2308.4246575342468,4572.191780821918,733.945205479452,National,134800.24657534246,149666.53424657535,165545.8904109589,116828.4794520548,National,21,752357,0.8,5969,1225448,-2.9,-36228,953810,-7.8,-81218,1006087,-3.8,-39436,452237,1.1,5079,National,-2,1642553,10.1,7.4,5.826666666666667,2.5,5.1,National,3.92,650,553,633,14049,3897,442,1797300,412000,209900,-0.5,0,0.5,123.8,144.8,135.3,7.82,9.46,2.11,0.7929,0.8355,0.802,0.8974,0.7535,0.7939,0.7621,0.8527,1.1537,1.0235,1.069,1.1337
2025,Tararua District,Other,0.6218,0.5908,0.7165,National,7.04125,5.67625,National,-2,National,1642553,National,6.3,4.95,4.7,National,2849.2054794520545,2308.4246575342468,4572.191780821918,733.945205479452,National,134800.24657534246,149666.53424657535,165545.8904109589,116828.4794520548,National,21,752357,0.8,5969,1225448,-2.9,-36228,953810,-7.8,-81218,1006087,-3.8,-39436,452237,1.1,5079,National,-2,1642553,10.1,7.4,5.826666666666667,2.5,5.1,National,3.92,650,553,633,14049,3897,442,1797300,412000,209900,-0.5,0,0.5,123.8,144.8,135.3,7.82,9.46,2.11,0.7929,0.8355,0.802,0.8974,0.7535,0.7939,0.7621,0.8527,1.1537,1.0235,1.069,1.1337
2025,Tasman,Other,0.8442,0.8022,1.0707,National,7.04125,5.67625,National,-2,National,1642553,National,6.3,4.95,4.7,National,2849.2054794520545,2308.4246575342468,4572.191780821918,733.945205479452,National,134800.24657534246,149666.53424657535,165545.8904109589,116828.4794520548,National,21,752357,0.8,5969,1225448,-2.9,-36228,953810,-7.8,-81218,1006087,-3.8,-39436,452237,1.1,5079,National,-2,1642553,10.1,7.4,5.826666666666667,2.5,5.1,National,3.92,650,553,633,14049,3897,442,1797300,412000,209900,-0.5,0,0.5,123.8,144.8,135.3,7.82,9.46,2.11,0.7929,0.8355,0.802,0.8974,0.7535,0.7939,0.7621,0.8527,1.1537,1.0235,1.069,1.1337
2025,Tasman District,Other,0.8442,0.8022,1.0703,National,7.04125,5.67625,National,-2,National,1642553,National,6.3,4.95,4.7,National,2849.2054794520545,2308.4246575342468,4572.191780821918,733.945205479452,National,134800.24657534246,149666.53424657535,165545.8904109589,116828.4794520548,National,21,752357,0.8,5969,1225448,-2.9,-36228,953810,-7.8,-81218,1006087,-3.8,-39436,452237,1.1,5079,National,-2,1642553,10.1,7.4,5.826666666666667,2.5,5.1,National,3.92,650,553,633,14049,3897,442,1797300,412000,209900,-0.5,0,0.5,123.8,144.8,135.3,7.82,9.46,2.11,0.7929,0.8355,0.802,0.8974,0.7535,0.7939,0.7621,0.8527,1.1537,1.0235,1.069,1.1337
2025,Tauranga City,Other,0.8572,0.8146,0.9761,National,7.04125,5.67625,National,-2,National,1642553,National,6.3,4.95,4.7,National,2849.2054794520545,2308.4246575342468,4572.191780821918,733.945205479452,National,134800.24657534246,149666.53424657535,165545.8904109589,116828.4794520548,National,21,752357,0.8,5969,1225448,-2.9,-36228,953810,-7.8,-81218,1006087,-3.8,-39436,452237,1.1,5079,National,-2,1642553,10.1,7.4,5.826666666666667,2.5,5.1,National,3.92,650,553,633,14049,3897,442,1797300,412000,209900,-0.5,0,0.5,123.8,144.8,135.3,7.82,9.46,2.11,0.7929,0.8355,0.802,0.8974,0.7535,0.7939,0.7621,0.8527,1.1537,1.0235,1.069,1.1337
2025,Thames Coromandel District,Other,0.6929,0.6584,0.8176,National,7.04125,5.67625,National,-2,National,1642553,National,6.3,4.95,4.7,National,2849.2054794520545,2308.4246575342468,4572.191780821918,733.945205479452,National,134800.24657534246,149666.53424657535,165545.8904109589,116828.4794520548,National,21,752357,0.8,5969,1225448,-2.9,-36228,953810,-7.8,-81218,1006087,-3.8,-39436,452237,1.1,5079,National,-2,1642553,10.1,7.4,5.826666666666667,2.5,5.1,National,3.92,650,553,633,14049,3897,442,1797300,412000,209900,-0.5,0,0.5,123.8,144.8,135.3,7.82,9.46,2.11,0.7929,0.8355,0.802,0.8974,0.7535,0.7939,0.7621,0.8527,1.1537,1.0235,1.069,1.1337
2025,Timaru District,Canterbury Rural,0.8128,0.7723,0.9096,National,7.04125,5.67625,National,-2,National,1642553,National,6.3,4.95,4.7,National,2849.2054794520545,2308.4246575342468,4572.191780821918,733.945205479452,National,134800.24657534246,149666.53424657535,165545.8904109589,116828.4794520548,National,21,752357,0.8,5969,1225448,-2.9,-36228,953810,-7.8,-81218,1006087,-3.8,-39436,452237,1.1,5079,National,-2,1642553,10.1,7.4,5.826666666666667,2.5,5.1,National,3.92,650,553,633,14049,3897,442,1797300,412000,209900,-0.5,0,0.5,123.8,144.8,135.3,7.82,9.46,2.11,0.7929,0.8355,0.802,0.8974,0.7535,0.7939,0.7621,0.8527,1.1537,1.0235,1.069,1.1337
2025,Upper Hutt City,Wellington Urban,0.8619,0.819,0.9815,National,7.04125,5.67625,National,-2,National,1642553,National,6.3,4.95,4.7,National,2849.2054794520545,2308.4246575342468,4572.191780821918,733.945205479452,National,134800.24657534246,149666.53424657535,165545.8904109589,116828.4794520548,National,21,752357,0.8,5969,1225448,-2.9,-36228,953810,-7.8,-81218,1006087,-3.8,-39436,452237,1.1,5079,National,-2,1642553,10.1,7.4,5.826666666666667,2.5,5.1,National,3.92,650,553,633,14049,3897,442,1797300,412000,209900,-0.5,0,0.5,123.8,144.8,135.3,7.82,9.46,2.11,0.7929,0.8355,0.802,0.8974,0.7535,0.7939,0.7621,0.8527,1.1537,1.0235,1.069,1.1337
2025,Waikato,Other,0.7083,0.673,0.9762,National,7.04125,5.67625,National,-2,National,1642553,National,6.3,4.95,4.7,National,2849.2054794520545,2308.4246575342468,4572.191780821918,733.945205479452,National,134800.24657534246,149666.53424657535,165545.8904109589,116828.4794520548,National,21,752357,0.8,5969,1225448,-2.9,-36228,953810,-7.8,-81218,1006087,-3.8,-39436,452237,1.1,5079,National,-2,1642553,10.1,7.4,5.826666666666667,2.5,5.1,National,3.92,650,553,633,14049,3897,442,1797300,412000,209900,-0.5,0,0.5,123.8,144.8,135.3,7.82,9.46,2.11,0.7929,0.8355,0.802,0.8974,0.7535,0.7939,0.7621,0.8527,1.1537,1.0235,1.069,1.1337
2025,Waikato District,Other,0.6599,0.6271,0.9428,National,7.04125,5.67625,National,-2,National,1642553,National,6.3,4.95,4.7,National,2849.2054794520545,2308.4246575342468,4572.191780821918,733.945205479452,National,134800.24657534246,149666.53424657535,165545.8904109589,116828.4794520548,National,21,752357,0.8,5969,1225448,-2.9,-36228,953810,-7.8,-81218,1006087,-3.8,-39436,452237,1.1,5079,National,-2,1642553,10.1,7.4,5.826666666666667,2.5,5.1,National,3.92,650,553,633,14049,3897,442,1797300,412000,209900,-0.5,0,0.5,123.8,144.8,135.3,7.82,9.46,2.11,0.7929,0.8355,0.802,0.8974,0.7535,0.7939,0.7621,0.8527,1.1537,1.0235,1.069,1.1337
2025,Waimakariri District,Canterbury Rural,0.7818,0.7429,1.0418,National,7.04125,5.67625,National,-2,National,1642553,National,6.3,4.95,4.7,National,2849.2054794520545,2308.4246575342468,4572.191780821918,733.945205479452,National,134800.24657534246,149666.53424657535,165545.8904109589,116828.4794520548,National,21,752357,0.8,5969,1225448,-2.9,-36228,953810,-7.8,-81218,1006087,-3.8,-39436,452237,1.1,5079,National,-2,1642553,10.1,7.4,5.826666666666667,2.5,5.1,National,3.92,650,553,633,14049,3897,442,1797300,412000,209900,-0.5,0,0.5,123.8,144.8,135.3,7.82,9.46,2.11,0.7929,0.8355,0.802,0.8974,0.7535,0.7939,0.7621,0.8527,1.1537,1.0235,1.069,1.1337
2025,Waimate District,Canterbury Rural,0.682,0.6481,0.8113,National,7.04125,5.67625,National,-2,National,1642553,National,6.3,4.95,4.7,National,2849.2054794520545,2308.4246575342468,4572.191780821918,733.945205479452,National,134800.24657534246,149666.53424657535,165545.8904109589,116828.4794520548,National,21,752357,0.8,5969,1225448,-2.9,-36228,953810,-7.8,-81218,1006087,-3.8,-39436,452237,1.1,5079,National,-2,1642553,10.1,7.4,5.826666666666667,2.5,5.1,National,3.92,650,553,633,14049,3897,442,1797300,412000,209900,-0.5,0,0.5,123.8,144.8,135.3,7.82,9.46,2.11,0.7929,0.8355,0.802,0.8974,0.7535,0.7939,0.7621,0.8527,1.1537,1.0235,1.069,1.1337
2025,Waipa District,Other,0.646,0.6138,0.9304,National,7.04125,5.67625,National,-2,National,1642553,National,6.3,4.95,4.7,National,2849.2054794520545,2308.4246575342468,4572.191780821918,733.945205479452,National,134800.24657534246,149666.53424657535,165545.8904109589,116828.4794520548,National,21,752357,0.8,5969,1225448,-2.9,-36228,953810,-7.8,-81218,1006087,-3.8,-39436,452237,1.1,5079,National,-2,1642553,10.1,7.4,5.826666666666667,2.5,5.1,National,3.92,650,553,633,14049,3897,442,1797300,412000,209900,-0.5,0,0.5,123.8,144.8,135.3,7.82,9.46,2.11,0.7929,0.8355,0.802,0.8974,0.7535,0.7939,0.7621,0.8527,1.1537,1.0235,1.069,1.1337
2025,Wairoa District,Other,0.7828,0.7438,0.671,National,7.04125,5.67625,National,-2,National,1642553,National,6.3,4.95,4.7,National,2849.2054794520545,2308.4246575342468,4572.191780821918,733.945205479452,National,134800.24657534246,149666.53424657535,165545.8904109589,116828.4794520548,National,21,752357,0.8,5969,1225448,-2.9,-36228,953810,-7.8,-81218,1006087,-3.8,-39436,452237,1.1,5079,National,-2,1642553,10.1,7.4,5.826666666666667,2.5,5.1,National,3.92,650,553,633,14049,3897,442,1797300,412000,209900,-0.5,0,0.5,123.8,144.8,135.3,7.82,9.46,2.11,0.7929,0.8355,0.802,0.8974,0.7535,0.7939,0.7621,0.8527,1.1537,1.0235,1.069,1.1337
2025,Waitaki District,Other,0.7076,0.6724,0.8408,National,7.04125,5.67625,National,-2,National,1642553,National,6.3,4.95,4.7,National,2849.2054794520545,2308.4246575342468,4572.191780821918,733.945205479452,National,134800.24657534246,149666.53424657535,165545.8904109589,116828.4794520548,National,21,752357,0.8,5969,1225448,-2.9,-36228,953810,-7.8,-81218,1006087,-3.8,-39436,452237,1.1,5079,National,-2,1642553,10.1,7.4,5.826666666666667,2.5,5.1,National,3.92,650,553,633,14049,3897,442,1797300,412000,209900,-0.5,0,0.5,123.8,144.8,135.3,7.82,9.46,2.11,0.7929,0.8355,0.802,0.8974,0.7535,0.7939,0.7621,0.8527,1.1537,1.0235,1.069,1.1337
2025,Waitomo District,Other,0.612,0.5816,0.815,National,7.04125,5.67625,National,-2,National,1642553,National,6.3,4.95,4.7,National,2849.2054794520545,2308.4246575342468,4572.191780821918,733.945205479452,National,134800.24657534246,149666.53424657535,165545.8904109589,116828.4794520548,National,21,752357,0.8,5969,1225448,-2.9,-36228,953810,-7.8,-81218,1006087,-3.8,-39436,452237,1.1,5079,National,-2,1642553,10.1,7.4,5.826666666666667,2.5,5.1,National,3.92,650,553,633,14049,3897,442,1797300,412000,209900,-0.5,0,0.5,123.8,144.8,135.3,7.82,9.46,2.11,0.7929,0.8355,0.802,0.8974,0.7535,0.7939,0.7621,0.8527,1.1537,1.0235,1.069,1.1337
2025,Wellington,Wellington Rural,0.8974,0.8527,1.1337,National,7.04125,5.67625,National,-2,National,1642553,National,6.3,4.95,4.7,National,2849.2054794520545,2308.4246575342468,4572.191780821918,733.945205479452,National,134800.24657534246,149666.53424657535,165545.8904109589,116828.4794520548,National,21,752357,0.8,5969,1225448,-2.9,-36228,953810,-7.8,-81218,1006087,-3.8,-39436,452237,1.1,5079,National,-2,1642553,10.1,7.4,5.826666666666667,2.5,5.1,National,3.92,650,553,633,14049,3897,442,1797300,412000,209900,-0.5,0,0.5,123.8,144.8,135.3,7.82,9.46,2.11,0.7929,0.8355,0.802,0.8974,0.7535,0.7939,0.7621,0.8527,1.1537,1.0235,1.069,1.1337
2025,Wellington City,Wellington Urban,0.9483,0.9011,1.133,National,7.04125,5.67625,National,-2,National,1642553,National,6.3,4.95,4.7,National,2849.2054794520545,2308.4246575342468,4572.191780821918,733.945205479452,National,134800.24657534246,149666.53424657535,165545.8904109589,116828.4794520548,National,21,752357,0.8,5969,1225448,-2.9,-36228,953810,-7.8,-81218,1006087,-3.8,-39436,452237,1.1,5079,National,-2,1642553,10.1,7.4,5.826666666666667,2.5,5.1,National,3.92,650,553,633,14049,3897,442,1797300,412000,209900,-0.5,0,0.5,123.8,144.8,135.3,7.82,9.46,2.11,0.7929,0.8355,0.802,0.8974,0.7535,0.7939,0.7621,0.8527,1.1537,1.0235,1.069,1.1337
2025,West Coast,Other,0.7574,0.7197,0.8576,National,7.04125,5.67625,National,-2,National,1642553,National,6.3,4.95,4.7,National,2849.2054794520545,2308.4246575342468,4572.191780821918,733.945205479452,National,134800.24657534246,149666.53424657535,165545.8904109589,116828.4794520548,National,21,752357,0.8,5969,1225448,-2.9,-36228,953810,-7.8,-81218,1006087,-3.8,-39436,452237,1.1,5079,National,-2,1642553,10.1,7.4,5.826666666666667,2.5,5.1,National,3.92,650,553,633,14049,3897,442,1797300,412000,209900,-0.5,0,0.5,123.8,144.8,135.3,7.82,9.46,2.11,0.7929,0.8355,0.802,0.8974,0.7535,0.7939,0.7621,0.8527,1.1537,1.0235,1.069,1.1337
2025,Western Bay of Plenty District,Other,0.723,0.687,0.8906,National,7.04125,5.67625,National,-2,National,1642553,National,6.3,4.95,4.7,National,2849.2054794520545,2308.4246575342468,4572.191780821918,733.945205479452,National,134800.24657534246,149666.53424657535,165545.8904109589,116828.4794520548,National,21,752357,0.8,5969,1225448,-2.9,-36228,953810,-7.8,-81218,1006087,-3.8,-39436,452237,1.1,5079,National,-2,1642553,10.1,7.4,5.826666666666667,2.5,5.1,National,3.92,650,553,633,14049,3897,442,1797300,412000,209900,-0.5,0,0.5,123.8,144.8,135.3,7.82,9.46,2.11,0.7929,0.8355,0.802,0.8974,0.7535,0.7939,0.7621,0.8527,1.1537,1.0235,1.069,1.1337
2025,Westland District,Other,0.7483,0.7111,0.8754,National,7.04125,5.67625,National,-2,National,1642553,National,6.3,4.95,4.7,National,2849.2054794520545,2308.4246575342468,4572.191780821918,733.945205479452,National,134800.24657534246,149666.53424657535,165545.8904109589,116828.4794520548,National,21,752357,0.8,5969,1225448,-2.9,-36228,953810,-7.8,-81218,1006087,-3.8,-39436,452237,1.1,5079,National,-2,1642553,10.1,7.4,5.826666666666667,2.5,5.1,National,3.92,650,553,633,14049,3897,442,1797300,412000,209900,-0.5,0,0.5,123.8,144.8,135.3,7.82,9.46,2.11,0.7929,0.8355,0.802,0.8974,0.7535,0.7939,0.7621,0.8527,1.1537,1.0235,1.069,1.1337
2025,Whakatane District,Other,0.7539,0.7164,0.937,National,7.04125,5.67625,National,-2,National,1642553,National,6.3,4.95,4.7,National,2849.2054794520545,2308.4246575342468,4572.191780821918,733.945205479452,National,134800.24657534246,149666.53424657535,165545.8904109589,116828.4794520548,National,21,752357,0.8,5969,1225448,-2.9,-36228,953810,-7.8,-81218,1006087,-3.8,-39436,452237,1.1,5079,National,-2,1642553,10.1,7.4,5.826666666666667,2.5,5.1,National,3.92,650,553,633,14049,3897,442,1797300,412000,209900,-0.5,0,0.5,123.8,144.8,135.3,7.82,9.46,2.11,0.7929,0.8355,0.802,0.8974,0.7535,0.7939,0.7621,0.8527,1.1537,1.0235,1.069,1.1337
2025,Whanganui District,Other,0.6168,0.5861,0.6479,National,7.04125,5.67625,National,-2,National,1642553,National,6.3,4.95,4.7,National,2849.2054794520545,2308.4246575342468,4572.191780821918,733.945205479452,National,134800.24657534246,149666.53424657535,165545.8904109589,116828.4794520548,National,21,752357,0.8,5969,1225448,-2.9,-36228,953810,-7.8,-81218,1006087,-3.8,-39436,452237,1.1,5079,National,-2,1642553,10.1,7.4,5.826666666666667,2.5,5.1,National,3.92,650,553,633,14049,3897,442,1797300,412000,209900,-0.5,0,0.5,123.8,144.8,135.3,7.82,9.46,2.11,0.7929,0.8355,0.802,0.8974,0.7535,0.7939,0.7621,0.8527,1.1537,1.0235,1.069,1.1337
2025,Whangarei District,Other,0.8323,0.7908,0.9285,National,7.04125,5.67625,National,-2,National,1642553,National,6.3,4.95,4.7,National,2849.2054794520545,2308.4246575342468,4572.191780821918,733.945205479452,National,134800.24657534246,149666.53424657535,165545.8904109589,116828.4794520548,National,21,752357,0.8,5969,1225448,-2.9,-36228,953810,-7.8,-81218,1006087,-3.8,-39436,452237,1.1,5079,National,-2,1642553,10.1,7.4,5.826666666666667,2.5,5.1,National,3.92,650,553,633,14049,3897,442,1797300,412000,209900,-0.5,0,0.5,123.8,144.8,135.3,7.82,9.46,2.11,0.7929,0.8355,0.802,0.8974,0.7535,0.7939,0.7621,0.8527,1.1537,1.0235,1.069,1.1337
1998,NA,NA,NA,NA,NA,National,8.395714285714286,8.018571428571429,National,-1.8,National,219500,NA,NA,NA,NA,NA,NA,NA,NA,NA,NA,NA,NA,NA,NA,NA,NA,NA,NA,NA,NA,NA,NA,NA,NA,NA,NA,NA,NA,NA,NA,NA,NA,NA,NA,NA,NA,NA,NA,NA,NA,NA,NA,NA,NA,NA,NA,NA,NA,NA,NA,NA,NA,NA,NA,NA,NA,NA,NA,NA,NA,NA,NA,NA,NA,NA,NA,NA,NA,NA,NA,NA
1999,NA,NA,NA,NA,NA,National,6.5,7.285,National,2.125,National,225750,NA,NA,NA,NA,NA,NA,NA,NA,NA,NA,NA,NA,NA,NA,NA,NA,NA,NA,NA,NA,NA,NA,NA,NA,NA,NA,NA,NA,NA,NA,NA,NA,NA,NA,NA,NA,NA,NA,NA,NA,NA,NA,NA,NA,NA,NA,NA,NA,NA,NA,NA,NA,NA,NA,NA,NA,NA,NA,NA,NA,NA,NA,NA,NA,NA,NA,NA,NA,NA,NA,NA
2000,NA,NA,NA,NA,NA,National,8.245,8.366666666666667,National,-0.35,National,230500,NA,NA,NA,NA,NA,NA,NA,NA,NA,NA,NA,NA,NA,NA,NA,NA,NA,NA,NA,NA,NA,NA,NA,NA,NA,NA,NA,NA,NA,NA,NA,NA,NA,NA,NA,NA,NA,NA,NA,NA,NA,NA,NA,NA,NA,NA,NA,NA,NA,NA,NA,NA,NA,NA,NA,NA,NA,NA,NA,NA,NA,NA,NA,NA,NA,NA,NA,NA,NA,NA,NA
2001,NA,NA,NA,NA,NA,National,7.5616666666666665,7.148333333333333,National,1.875,National,240250,NA,NA,NA,NA,NA,NA,NA,NA,NA,NA,NA,NA,NA,NA,NA,NA,NA,NA,NA,NA,NA,NA,NA,NA,NA,NA,NA,NA,NA,NA,NA,NA,NA,NA,NA,NA,NA,NA,NA,NA,NA,NA,NA,NA,NA,NA,NA,NA,NA,NA,NA,NA,NA,NA,NA,NA,NA,NA,NA,NA,NA,NA,NA,NA,NA,NA,NA,NA,NA,NA,NA
2002,NA,NA,NA,NA,NA,National,7.404166666666667,7.4575000000000005,National,10.5,National,266750,NA,NA,NA,NA,NA,NA,NA,NA,NA,NA,NA,NA,NA,NA,NA,NA,NA,NA,NA,NA,NA,NA,NA,NA,NA,NA,NA,NA,NA,NA,NA,NA,NA,NA,NA,NA,NA,NA,NA,NA,NA,NA,NA,NA,NA,NA,NA,NA,NA,NA,NA,NA,NA,NA,NA,NA,NA,NA,NA,NA,NA,NA,NA,NA,NA,NA,NA,NA,NA,NA,NA
1990,NA,NA,NA,NA,NA,NA,NA,NA,National,2.9,National,125000,NA,NA,NA,NA,NA,NA,NA,NA,NA,NA,NA,NA,NA,NA,NA,NA,NA,NA,NA,NA,NA,NA,NA,NA,NA,NA,NA,NA,NA,NA,NA,NA,NA,NA,NA,NA,NA,NA,NA,NA,NA,NA,NA,NA,NA,NA,NA,NA,NA,NA,NA,NA,NA,NA,NA,NA,NA,NA,NA,NA,NA,NA,NA,NA,NA,NA,NA,NA,NA,NA,NA
1991,NA,NA,NA,NA,NA,NA,NA,NA,National,-2.65,National,124250,NA,NA,NA,NA,NA,NA,NA,NA,NA,NA,NA,NA,NA,NA,NA,NA,NA,NA,NA,NA,NA,NA,NA,NA,NA,NA,NA,NA,NA,NA,NA,NA,NA,NA,NA,NA,NA,NA,NA,NA,NA,NA,NA,NA,NA,NA,NA,NA,NA,NA,NA,NA,NA,NA,NA,NA,NA,NA,NA,NA,NA,NA,NA,NA,NA,NA,NA,NA,NA,NA,NA
1992,NA,NA,NA,NA,NA,NA,NA,NA,National,0.35,National,127250,NA,NA,NA,NA,NA,NA,NA,NA,NA,NA,NA,NA,NA,NA,NA,NA,NA,NA,NA,NA,NA,NA,NA,NA,NA,NA,NA,NA,NA,NA,NA,NA,NA,NA,NA,NA,NA,NA,NA,NA,NA,NA,NA,NA,NA,NA,NA,NA,NA,NA,NA,NA,NA,NA,NA,NA,NA,NA,NA,NA,NA,NA,NA,NA,NA,NA,NA,NA,NA,NA,NA
1993,NA,NA,NA,NA,NA,NA,NA,NA,National,4.15,National,135000,NA,NA,NA,NA,NA,NA,NA,NA,NA,NA,NA,NA,NA,NA,NA,NA,NA,NA,NA,NA,NA,NA,NA,NA,NA,NA,NA,NA,NA,NA,NA,NA,NA,NA,NA,NA,NA,NA,NA,NA,NA,NA,NA,NA,NA,NA,NA,NA,NA,NA,NA,NA,NA,NA,NA,NA,NA,NA,NA,NA,NA,NA,NA,NA,NA,NA,NA,NA,NA,NA,NA
1994,NA,NA,NA,NA,NA,NA,NA,NA,National,14.375,National,156500,NA,NA,NA,NA,NA,NA,NA,NA,NA,NA,NA,NA,NA,NA,NA,NA,NA,NA,NA,NA,NA,NA,NA,NA,NA,NA,NA,NA,NA,NA,NA,NA,NA,NA,NA,NA,NA,NA,NA,NA,NA,NA,NA,NA,NA,NA,NA,NA,NA,NA,NA,NA,NA,NA,NA,NA,NA,NA,NA,NA,NA,NA,NA,NA,NA,NA,NA,NA,NA,NA,NA
1995,NA,NA,NA,NA,NA,NA,NA,NA,National,9.275,National,175000,NA,NA,NA,NA,NA,NA,NA,NA,NA,NA,NA,NA,NA,NA,NA,NA,NA,NA,NA,NA,NA,NA,NA,NA,NA,NA,NA,NA,NA,NA,NA,NA,NA,NA,NA,NA,NA,NA,NA,NA,NA,NA,NA,NA,NA,NA,NA,NA,NA,NA,NA,NA,NA,NA,NA,NA,NA,NA,NA,NA,NA,NA,NA,NA,NA,NA,NA,NA,NA,NA,NA
1996,NA,NA,NA,NA,NA,NA,NA,NA,National,10.525,National,196500,NA,NA,NA,NA,NA,NA,NA,NA,NA,NA,NA,NA,NA,NA,NA,NA,NA,NA,NA,NA,NA,NA,NA,NA,NA,NA,NA,NA,NA,NA,NA,NA,NA,NA,NA,NA,NA,NA,NA,NA,NA,NA,NA,NA,NA,NA,NA,NA,NA,NA,NA,NA,NA,NA,NA,NA,NA,NA,NA,NA,NA,NA,NA,NA,NA,NA,NA,NA,NA,NA,NA
1997,NA,NA,NA,NA,NA,NA,NA,NA,National,6.075,National,215750,NA,NA,NA,NA,NA,NA,NA,NA,NA,NA,NA,NA,NA,NA,NA,NA,NA,NA,NA,NA,NA,NA,NA,NA,NA,NA,NA,NA,NA,NA,NA,NA,NA,NA,NA,NA,NA,NA,NA,NA,NA,NA,NA,NA,NA,NA,NA,NA,NA,NA,NA,NA,NA,NA,NA,NA,NA,NA,NA,NA,NA,NA,NA,NA,NA,NA,NA,NA,NA,NA,NA
1979,NA,NA,NA,NA,NA,NA,NA,NA,NA,NA,National,25000,NA,NA,NA,NA,NA,NA,NA,NA,NA,NA,NA,NA,NA,NA,NA,NA,NA,NA,NA,NA,NA,NA,NA,NA,NA,NA,NA,NA,NA,NA,NA,NA,NA,NA,NA,NA,NA,NA,NA,NA,NA,NA,NA,NA,NA,NA,NA,NA,NA,NA,NA,NA,NA,NA,NA,NA,NA,NA,NA,NA,NA,NA,NA,NA,NA,NA,NA,NA,NA,NA,NA
1980,NA,NA,NA,NA,NA,NA,NA,NA,NA,NA,National,26500,NA,NA,NA,NA,NA,NA,NA,NA,NA,NA,NA,NA,NA,NA,NA,NA,NA,NA,NA,NA,NA,NA,NA,NA,NA,NA,NA,NA,NA,NA,NA,NA,NA,NA,NA,NA,NA,NA,NA,NA,NA,NA,NA,NA,NA,NA,NA,NA,NA,NA,NA,NA,NA,NA,NA,NA,NA,NA,NA,NA,NA,NA,NA,NA,NA,NA,NA,NA,NA,NA,NA
1981,NA,NA,NA,NA,NA,NA,NA,NA,NA,NA,National,33750,NA,NA,NA,NA,NA,NA,NA,NA,NA,NA,NA,NA,NA,NA,NA,NA,NA,NA,NA,NA,NA,NA,NA,NA,NA,NA,NA,NA,NA,NA,NA,NA,NA,NA,NA,NA,NA,NA,NA,NA,NA,NA,NA,NA,NA,NA,NA,NA,NA,NA,NA,NA,NA,NA,NA,NA,NA,NA,NA,NA,NA,NA,NA,NA,NA,NA,NA,NA,NA,NA,NA
1982,NA,NA,NA,NA,NA,NA,NA,NA,NA,NA,National,45500,NA,NA,NA,NA,NA,NA,NA,NA,NA,NA,NA,NA,NA,NA,NA,NA,NA,NA,NA,NA,NA,NA,NA,NA,NA,NA,NA,NA,NA,NA,NA,NA,NA,NA,NA,NA,NA,NA,NA,NA,NA,NA,NA,NA,NA,NA,NA,NA,NA,NA,NA,NA,NA,NA,NA,NA,NA,NA,NA,NA,NA,NA,NA,NA,NA,NA,NA,NA,NA,NA,NA
1983,NA,NA,NA,NA,NA,NA,NA,NA,NA,NA,National,50750,NA,NA,NA,NA,NA,NA,NA,NA,NA,NA,NA,NA,NA,NA,NA,NA,NA,NA,NA,NA,NA,NA,NA,NA,NA,NA,NA,NA,NA,NA,NA,NA,NA,NA,NA,NA,NA,NA,NA,NA,NA,NA,NA,NA,NA,NA,NA,NA,NA,NA,NA,NA,NA,NA,NA,NA,NA,NA,NA,NA,NA,NA,NA,NA,NA,NA,NA,NA,NA,NA,NA
1984,NA,NA,NA,NA,NA,NA,NA,NA,NA,NA,National,59000,NA,NA,NA,NA,NA,NA,NA,NA,NA,NA,NA,NA,NA,NA,NA,NA,NA,NA,NA,NA,NA,NA,NA,NA,NA,NA,NA,NA,NA,NA,NA,NA,NA,NA,NA,NA,NA,NA,NA,NA,NA,NA,NA,NA,NA,NA,NA,NA,NA,NA,NA,NA,NA,NA,NA,NA,NA,NA,NA,NA,NA,NA,NA,NA,NA,NA,NA,NA,NA,NA,NA
1985,NA,NA,NA,NA,NA,NA,NA,NA,NA,NA,National,68500,NA,NA,NA,NA,NA,NA,NA,NA,NA,NA,NA,NA,NA,NA,NA,NA,NA,NA,NA,NA,NA,NA,NA,NA,NA,NA,NA,NA,NA,NA,NA,NA,NA,NA,NA,NA,NA,NA,NA,NA,NA,NA,NA,NA,NA,NA,NA,NA,NA,NA,NA,NA,NA,NA,NA,NA,NA,NA,NA,NA,NA,NA,NA,NA,NA,NA,NA,NA,NA,NA,NA
1986,NA,NA,NA,NA,NA,NA,NA,NA,NA,NA,National,77750,NA,NA,NA,NA,NA,NA,NA,NA,NA,NA,NA,NA,NA,NA,NA,NA,NA,NA,NA,NA,NA,NA,NA,NA,NA,NA,NA,NA,NA,NA,NA,NA,NA,NA,NA,NA,NA,NA,NA,NA,NA,NA,NA,NA,NA,NA,NA,NA,NA,NA,NA,NA,NA,NA,NA,NA,NA,NA,NA,NA,NA,NA,NA,NA,NA,NA,NA,NA,NA,NA,NA
1987,NA,NA,NA,NA,NA,NA,NA,NA,NA,NA,National,92750,NA,NA,NA,NA,NA,NA,NA,NA,NA,NA,NA,NA,NA,NA,NA,NA,NA,NA,NA,NA,NA,NA,NA,NA,NA,NA,NA,NA,NA,NA,NA,NA,NA,NA,NA,NA,NA,NA,NA,NA,NA,NA,NA,NA,NA,NA,NA,NA,NA,NA,NA,NA,NA,NA,NA,NA,NA,NA,NA,NA,NA,NA,NA,NA,NA,NA,NA,NA,NA,NA,NA
1988,NA,NA,NA,NA,NA,NA,NA,NA,NA,NA,National,107000,NA,NA,NA,NA,NA,NA,NA,NA,NA,NA,NA,NA,NA,NA,NA,NA,NA,NA,NA,NA,NA,NA,NA,NA,NA,NA,NA,NA,NA,NA,NA,NA,NA,NA,NA,NA,NA,NA,NA,NA,NA,NA,NA,NA,NA,NA,NA,NA,NA,NA,NA,NA,NA,NA,NA,NA,NA,NA,NA,NA,NA,NA,NA,NA,NA,NA,NA,NA,NA,NA,NA
1989,NA,NA,NA,NA,NA,NA,NA,NA,NA,NA,National,116000,NA,NA,NA,NA,NA,NA,NA,NA,NA,NA,NA,NA,NA,NA,NA,NA,NA,NA,NA,NA,NA,NA,NA,NA,NA,NA,NA,NA,NA,NA,NA,NA,NA,NA,NA,NA,NA,NA,NA,NA,NA,NA,NA,NA,NA,NA,NA,NA,NA,NA,NA,NA,NA,NA,NA,NA,NA,NA,NA,NA,NA,NA,NA,NA,NA,NA,NA,NA,NA,NA,NA
